ID,Name,hit0_Radius,hit1_Radius,hit2_Radius,hit3_Radius,knockbackDist,hitStopTime,spEffectId0,spEffectId1,spEffectId2,spEffectId3,spEffectId4,hit0_DmyPoly1,hit1_DmyPoly1,hit2_DmyPoly1,hit3_DmyPoly1,hit0_DmyPoly2,hit1_DmyPoly2,hit2_DmyPoly2,hit3_DmyPoly2,blowingCorrection,atkPhysCorrection,atkMagCorrection,atkFireCorrection,atkThunCorrection,atkStamCorrection,guardAtkRateCorrection,guardBreakCorrection,atkThrowEscapeCorrection,subCategory1,subCategory2,atkPhys,atkMag,atkFire,atkThun,atkStam,guardAtkRate,guardBreakRate,pad6,isEnableCalcDamageForBushesObj,atkThrowEscape,atkObj,guardStaminaCutRate,guardRate,throwTypeId,hit0_hitType,hit1_hitType,hit2_hitType,hit3_hitType,hti0_Priority,hti1_Priority,hti2_Priority,hti3_Priority,dmgLevel,mapHitType,guardCutCancelRate,atkAttribute,spAttribute,atkType,atkMaterial,guardRangeType,defSeMaterial1,hitSourceType,throwFlag,disableGuard,disableStaminaAttack,disableHitSpEffect,IgnoreNotifyMissSwingForAI,repeatHitSfx,isArrowAtk,isGhostAtk,isDisableNoDamage,atkPow_forSfx,atkDir_forSfx,opposeTarget,friendlyTarget,selfTarget,isCheckDoorPenetration,isVsRideAtk,isAddBaseAtk,excludeThreatLvNotify,pad1,atkBehaviorId,atkPow_forSe,atkSuperArmor,decalId1,decalId2,AppearAiSoundId,HitAiSoundId,HitRumbleId,HitRumbleIdByNormal,HitRumbleIdByMiddle,HitRumbleIdByRoot,traceSfxId0,traceDmyIdHead0,traceDmyIdTail0,traceSfxId1,traceDmyIdHead1,traceDmyIdTail1,traceSfxId2,traceDmyIdHead2,traceDmyIdTail2,traceSfxId3,traceDmyIdHead3,traceDmyIdTail3,traceSfxId4,traceDmyIdHead4,traceDmyIdTail4,traceSfxId5,traceDmyIdHead5,traceDmyIdTail5,traceSfxId6,traceDmyIdHead6,traceDmyIdTail6,traceSfxId7,traceDmyIdHead7,traceDmyIdTail7,hit4_Radius,hit5_Radius,hit6_Radius,hit7_Radius,hit8_Radius,hit9_Radius,hit10_Radius,hit11_Radius,hit12_Radius,hit13_Radius,hit14_Radius,hit15_Radius,hit4_DmyPoly1,hit5_DmyPoly1,hit6_DmyPoly1,hit7_DmyPoly1,hit8_DmyPoly1,hit9_DmyPoly1,hit10_DmyPoly1,hit11_DmyPoly1,hit12_DmyPoly1,hit13_DmyPoly1,hit14_DmyPoly1,hit15_DmyPoly1,hit4_DmyPoly2,hit5_DmyPoly2,hit6_DmyPoly2,hit7_DmyPoly2,hit8_DmyPoly2,hit9_DmyPoly2,hit10_DmyPoly2,hit11_DmyPoly2,hit12_DmyPoly2,hit13_DmyPoly2,hit14_DmyPoly2,hit15_DmyPoly2,hit4_hitType,hit5_hitType,hit6_hitType,hit7_hitType,hit8_hitType,hit9_hitType,hit10_hitType,hit11_hitType,hit12_hitType,hit13_hitType,hit14_hitType,hit15_hitType,hti4_Priority,hti5_Priority,hti6_Priority,hti7_Priority,hti8_Priority,hti9_Priority,hti10_Priority,hti11_Priority,hti12_Priority,hti13_Priority,hti14_Priority,hti15_Priority,defSfxMaterial1,defSeMaterial2,defSfxMaterial2,atkDarkCorrection,atkDark,pad5,isDisableParry,isDisableBothHandsAtkBonus,isInvalidatedByNoDamageInAir,pad2,dmgLevel_vsPlayer,statusAilmentAtkPowerCorrectRate,spEffectAtkPowerCorrectRate_byPoint,spEffectAtkPowerCorrectRate_byRate,spEffectAtkPowerCorrectRate_byDmg,atkBehaviorId_2,throwDamageAttribute,statusAilmentAtkPowerCorrectRate_byPoint,overwriteAttackElementCorrectId,decalBaseId1,decalBaseId2,wepRegainHpScale,atkRegainHp,regainableTimeScale,regainableHpRateScale,regainableSlotId,spAttributeVariationValue,parryForwardOffset,atkSuperArmorCorrection,defSfxMaterialVariationValue,spAttributeMixcraft,unknown_2,pad4,ultimateChargeCorrection,atkSa_JustGuard,reviveDamageCorrection,reviveDamage,unknown_4,subCategory3,subCategory4,subCategory5,unknown_5d,pad7_old,
9,Gravitational Missile,0,0,0,0,0,0,-1,-1,-1,-1,-1,-1,-1,-1,-1,-1,-1,-1,-1,0,0,0,0,0,0,0,0,0,110,0,0,0,0,0,0,100,0,0,0,0,0,0,0,0,0,0,0,0,0,0,0,0,0,1,0,3,0,3,6,0,0,0,0,0,0,0,0,0,0,0,0,1,0,0,0,0,0,0,0,0,1,0,0,0,-1,-1,0,0,-1,-1,-1,-1,-1,-1,-1,-1,-1,-1,-1,-1,-1,-1,-1,-1,-1,-1,-1,-1,-1,-1,-1,-1,-1,-1,-1,-1,0,0,0,0,0,0,0,0,0,0,0,0,-1,-1,-1,-1,-1,-1,-1,-1,-1,-1,-1,-1,-1,-1,-1,-1,-1,-1,-1,-1,-1,-1,-1,-1,0,0,0,0,0,0,0,0,0,0,0,0,0,0,0,0,0,0,0,0,0,0,0,0,0,139,139,0,0,0,1,0,0,1,0,100,100,100,100,0,0,100,-1,-1,-1,100,0,1,1,-1,0,0,0,0,0,100,0,0,0,0,0,-1,0,0,0,1,[0|0|0|0]
1720100,,0.3,0.2,0.08,0,1,0,6904,-1,-1,1665,-1,100,100,120,-1,-1,120,130,-1,0,105,105,105,105,120,400,100,100,0,0,0,0,0,0,0,0,0,0,0,0,10,0,0,0,0,0,2,0,0,0,0,0,1,0,0,2,255,2,255,0,255,0,0,0,0,0,0,0,0,0,0,0,0,1,0,0,0,0,0,0,0,0,0,0,-1,-1,2100,2010,-1,-1,-1,-1,-1,-1,-1,-1,-1,-1,-1,-1,-1,-1,-1,-1,-1,-1,-1,-1,-1,-1,-1,-1,-1,-1,-1,-1,0,0,0,0,0,0,0,0,0,0,0,0,-1,-1,-1,-1,-1,-1,-1,-1,-1,-1,-1,-1,-1,-1,-1,-1,-1,-1,-1,-1,-1,-1,-1,-1,0,0,0,0,0,0,0,0,0,0,0,0,0,0,0,0,0,0,0,0,0,0,0,0,255,139,139,105,0,0,0,0,0,0,0,100,100,100,100,0,0,100,-1,0,100,130,0,1,1,-1,0,0,100,0,0,0,0,105,0,105,0,0,0,0,0,0,[0|0|0|0]
1720101,,0.3,0.2,0.08,0,1,0,6904,-1,-1,1665,-1,100,100,120,-1,-1,120,130,-1,0,40,40,40,40,120,400,100,100,0,0,0,0,0,0,0,0,0,0,0,0,10,0,0,0,0,0,2,0,0,0,0,0,1,0,0,2,255,2,255,0,255,0,0,0,0,0,0,0,0,0,0,0,0,1,0,0,0,0,0,0,0,0,0,0,-1,-1,2100,2010,-1,-1,-1,-1,-1,-1,-1,-1,-1,-1,-1,-1,-1,-1,-1,-1,-1,-1,-1,-1,-1,-1,-1,-1,-1,-1,-1,-1,0,0,0,0,0,0,0,0,0,0,0,0,-1,-1,-1,-1,-1,-1,-1,-1,-1,-1,-1,-1,-1,-1,-1,-1,-1,-1,-1,-1,-1,-1,-1,-1,0,0,0,0,0,0,0,0,0,0,0,0,0,0,0,0,0,0,0,0,0,0,0,0,255,139,139,40,0,0,0,0,0,0,0,100,100,100,100,0,0,100,-1,0,100,130,0,1,1,-1,0,0,100,0,0,0,0,40,0,40,0,0,0,0,0,0,[0|0|0|0]
1720105,,0.3,0.2,0.08,0,1.2,0,6906,-1,-1,1665,-1,100,100,120,-1,-1,120,130,-1,0,120,120,120,120,150,400,100,100,100,0,0,0,0,0,0,0,0,0,0,0,10,0,0,0,0,0,2,0,0,0,0,0,2,0,0,2,255,2,255,0,255,0,0,0,0,0,0,0,0,0,0,0,0,1,0,0,0,0,0,0,0,0,0,0,-1,-1,2100,2010,-1,-1,-1,-1,-1,-1,-1,-1,-1,-1,-1,-1,-1,-1,-1,-1,-1,-1,-1,-1,-1,-1,-1,-1,-1,-1,-1,-1,0,0,0,0,0,0,0,0,0,0,0,0,-1,-1,-1,-1,-1,-1,-1,-1,-1,-1,-1,-1,-1,-1,-1,-1,-1,-1,-1,-1,-1,-1,-1,-1,0,0,0,0,0,0,0,0,0,0,0,0,0,0,0,0,0,0,0,0,0,0,0,0,255,139,139,120,0,0,0,0,0,0,0,100,100,100,100,0,0,100,-1,0,100,150,0,1,1,-1,0,0,150,0,0,0,0,120,0,120,0,0,0,0,0,0,[0|0|0|0]
1720106,,0,0,0,0,0.7,0,-1,-1,-1,-1,-1,0,0,0,0,0,0,0,0,0,0,0,27,0,100,100,100,0,0,0,0,0,0,0,0,0,0,0,0,0,10,0,0,0,0,0,0,0,0,0,0,0,0,2,0,3,11,3,6,0,0,0,0,0,0,0,0,0,0,0,0,0,0,1,0,0,0,0,0,0,0,0,0,0,-1,-1,2100,2000,-1,-1,-1,-1,-1,-1,-1,-1,-1,-1,-1,-1,-1,-1,-1,-1,-1,-1,-1,-1,-1,-1,-1,-1,-1,-1,-1,-1,0,0,0,0,0,0,0,0,0,0,0,0,-1,-1,-1,-1,-1,-1,-1,-1,-1,-1,-1,-1,-1,-1,-1,-1,-1,-1,-1,-1,-1,-1,-1,-1,0,0,0,0,0,0,0,0,0,0,0,0,0,0,0,0,0,0,0,0,0,0,0,0,0,139,139,0,0,0,1,1,0,0,0,100,100,100,100,0,0,100,-1,-1,-1,100,0,1,1,-1,5,0,0,0,0,0,0,27,0,27,0,0,0,0,0,0,[0|0|0|0]
1720125,,0.3,0.2,0.08,0,1.15,0,6904,-1,-1,1665,-1,100,100,120,-1,-1,120,130,-1,0,101,101,101,101,150,400,100,100,122,0,0,0,0,0,0,0,0,0,0,0,10,0,0,0,0,0,2,0,0,0,0,0,2,0,0,2,255,2,255,0,255,0,0,0,0,0,0,0,0,0,0,0,0,1,0,0,0,0,0,0,0,0,0,0,-1,-1,2100,2010,-1,-1,-1,-1,-1,-1,-1,-1,-1,-1,-1,-1,-1,-1,-1,-1,-1,-1,-1,-1,-1,-1,-1,-1,-1,-1,-1,-1,0,0,0,0,0,0,0,0,0,0,0,0,-1,-1,-1,-1,-1,-1,-1,-1,-1,-1,-1,-1,-1,-1,-1,-1,-1,-1,-1,-1,-1,-1,-1,-1,0,0,0,0,0,0,0,0,0,0,0,0,0,0,0,0,0,0,0,0,0,0,0,0,255,139,139,101,0,0,0,0,0,0,0,100,100,100,100,0,0,100,-1,0,100,130,0,1,1,-1,0,0,100,0,0,0,0,101,0,101,0,0,0,0,0,0,[0|0|0|0]
1720126,,0.3,0.2,0.08,0,1.15,0,6904,-1,-1,1665,-1,100,100,120,-1,-1,120,130,-1,0,38,38,38,38,150,400,100,100,122,0,0,0,0,0,0,0,0,0,0,0,10,0,0,0,0,0,2,0,0,0,0,0,2,0,0,2,255,2,255,0,255,0,0,0,0,0,0,0,0,0,0,0,0,1,0,0,0,0,0,0,0,0,0,0,-1,-1,2100,2010,-1,-1,-1,-1,-1,-1,-1,-1,-1,-1,-1,-1,-1,-1,-1,-1,-1,-1,-1,-1,-1,-1,-1,-1,-1,-1,-1,-1,0,0,0,0,0,0,0,0,0,0,0,0,-1,-1,-1,-1,-1,-1,-1,-1,-1,-1,-1,-1,-1,-1,-1,-1,-1,-1,-1,-1,-1,-1,-1,-1,0,0,0,0,0,0,0,0,0,0,0,0,0,0,0,0,0,0,0,0,0,0,0,0,255,139,139,38,0,0,0,0,0,0,0,100,100,100,100,0,0,100,-1,0,100,130,0,1,1,-1,0,0,100,0,0,0,0,38,0,38,0,0,0,0,0,0,[0|0|0|0]
1720300,,0.3,0.2,0.08,0,1,0,6904,-1,-1,1665,1667,100,100,120,-1,-1,120,130,-1,0,107,107,107,107,132,400,100,100,0,120,0,0,0,0,0,0,0,0,0,0,10,0,0,0,0,0,2,0,0,0,0,0,1,0,0,2,255,2,255,0,255,0,0,0,0,0,0,0,0,0,0,0,0,1,0,0,0,0,0,0,0,0,0,0,-1,-1,2100,2010,-1,-1,-1,-1,-1,-1,-1,-1,-1,-1,-1,-1,-1,-1,-1,-1,-1,-1,-1,-1,-1,-1,-1,-1,-1,-1,-1,-1,0,0,0,0,0,0,0,0,0,0,0,0,-1,-1,-1,-1,-1,-1,-1,-1,-1,-1,-1,-1,-1,-1,-1,-1,-1,-1,-1,-1,-1,-1,-1,-1,0,0,0,0,0,0,0,0,0,0,0,0,0,0,0,0,0,0,0,0,0,0,0,0,255,139,139,107,0,0,0,0,0,0,0,100,100,100,100,0,0,100,-1,0,100,130,0,1,1,-1,0,0,110,0,0,0,0,107,0,107,0,0,0,0,0,0,[0|0|0|0]
1720301,,0.3,0.2,0.08,0,1,0,6904,-1,-1,1665,1667,100,100,120,-1,-1,120,130,-1,0,41,41,41,41,132,400,100,100,0,120,0,0,0,0,0,0,0,0,0,0,10,0,0,0,0,0,2,0,0,0,0,0,1,0,0,2,255,2,255,0,255,0,0,0,0,0,0,0,0,0,0,0,0,1,0,0,0,0,0,0,0,0,0,0,-1,-1,2100,2010,-1,-1,-1,-1,-1,-1,-1,-1,-1,-1,-1,-1,-1,-1,-1,-1,-1,-1,-1,-1,-1,-1,-1,-1,-1,-1,-1,-1,0,0,0,0,0,0,0,0,0,0,0,0,-1,-1,-1,-1,-1,-1,-1,-1,-1,-1,-1,-1,-1,-1,-1,-1,-1,-1,-1,-1,-1,-1,-1,-1,0,0,0,0,0,0,0,0,0,0,0,0,0,0,0,0,0,0,0,0,0,0,0,0,255,139,139,41,0,0,0,0,0,0,0,100,100,100,100,0,0,100,-1,0,100,130,0,1,1,-1,0,0,110,0,0,0,0,41,0,41,0,0,0,0,0,0,[0|0|0|0]
1720305,,0.3,0.2,0.08,0,1.2,0,6906,-1,-1,1665,1667,100,100,120,-1,-1,120,130,-1,0,122,122,122,122,165,400,100,100,100,120,0,0,0,0,0,0,0,0,0,0,10,0,0,0,0,0,2,0,0,0,0,0,2,0,0,2,255,2,255,0,255,0,0,0,0,0,0,0,0,0,0,0,0,1,0,0,0,0,0,0,0,0,0,0,-1,-1,2100,2010,-1,-1,-1,-1,-1,-1,-1,-1,-1,-1,-1,-1,-1,-1,-1,-1,-1,-1,-1,-1,-1,-1,-1,-1,-1,-1,-1,-1,0,0,0,0,0,0,0,0,0,0,0,0,-1,-1,-1,-1,-1,-1,-1,-1,-1,-1,-1,-1,-1,-1,-1,-1,-1,-1,-1,-1,-1,-1,-1,-1,0,0,0,0,0,0,0,0,0,0,0,0,0,0,0,0,0,0,0,0,0,0,0,0,255,139,139,122,0,0,0,0,0,0,0,100,100,100,100,0,0,100,-1,0,100,150,0,1,1,-1,0,0,160,0,0,0,0,122,0,122,0,0,0,0,0,0,[0|0|0|0]
1720325,,0.3,0.2,0.08,0,1.15,0,6904,-1,-1,1665,1667,100,100,120,-1,-1,120,130,-1,0,103,103,103,103,150,400,100,100,122,120,0,0,0,0,0,0,0,0,0,0,10,0,0,0,0,0,2,0,0,0,0,0,2,0,0,2,255,2,255,0,255,0,0,0,0,0,0,0,0,0,0,0,0,1,0,0,0,0,0,0,0,0,0,0,-1,-1,2100,2010,-1,-1,-1,-1,-1,-1,-1,-1,-1,-1,-1,-1,-1,-1,-1,-1,-1,-1,-1,-1,-1,-1,-1,-1,-1,-1,-1,-1,0,0,0,0,0,0,0,0,0,0,0,0,-1,-1,-1,-1,-1,-1,-1,-1,-1,-1,-1,-1,-1,-1,-1,-1,-1,-1,-1,-1,-1,-1,-1,-1,0,0,0,0,0,0,0,0,0,0,0,0,0,0,0,0,0,0,0,0,0,0,0,0,255,139,139,103,0,0,0,0,0,0,0,100,100,100,100,0,0,100,-1,0,100,130,0,1,1,-1,0,0,110,0,0,0,0,103,0,103,0,0,0,0,0,0,[0|0|0|0]
1720326,,0.3,0.2,0.08,0,1.15,0,6904,-1,-1,1665,1667,100,100,120,-1,-1,120,130,-1,0,39,39,39,39,150,400,100,100,122,120,0,0,0,0,0,0,0,0,0,0,10,0,0,0,0,0,2,0,0,0,0,0,2,0,0,2,255,2,255,0,255,0,0,0,0,0,0,0,0,0,0,0,0,1,0,0,0,0,0,0,0,0,0,0,-1,-1,2100,2010,-1,-1,-1,-1,-1,-1,-1,-1,-1,-1,-1,-1,-1,-1,-1,-1,-1,-1,-1,-1,-1,-1,-1,-1,-1,-1,-1,-1,0,0,0,0,0,0,0,0,0,0,0,0,-1,-1,-1,-1,-1,-1,-1,-1,-1,-1,-1,-1,-1,-1,-1,-1,-1,-1,-1,-1,-1,-1,-1,-1,0,0,0,0,0,0,0,0,0,0,0,0,0,0,0,0,0,0,0,0,0,0,0,0,255,139,139,39,0,0,0,0,0,0,0,100,100,100,100,0,0,100,-1,0,100,130,0,1,1,-1,0,0,110,0,0,0,0,39,0,39,0,0,0,0,0,0,[0|0|0|0]
13710000,Stake,0,0,0,0,1.2,0,-1,-1,-1,-1,-1,0,0,0,0,0,0,0,0,0,0,0,0,100,100,0,0,0,0,0,0,0,0,330,100,100,0,0,0,0,0,0,0,0,0,0,0,0,0,0,0,0,2,1,0,3,12,0,0,0,0,0,0,0,0,0,0,0,0,0,0,1,0,1,0,0,0,0,0,0,1,0,0,10,-1,-1,2030,2130,-1,-1,-1,-1,-1,-1,-1,-1,-1,-1,-1,-1,-1,-1,-1,-1,-1,-1,-1,-1,-1,-1,-1,-1,-1,-1,-1,-1,0,0,0,0,0,0,0,0,0,0,0,0,-1,-1,-1,-1,-1,-1,-1,-1,-1,-1,-1,-1,-1,-1,-1,-1,-1,-1,-1,-1,-1,-1,-1,-1,0,0,0,0,0,0,0,0,0,0,0,0,0,0,0,0,0,0,0,0,0,0,0,0,0,139,139,0,0,0,1,0,0,1,0,100,100,100,100,0,0,100,-1,-1,-1,100,0,1,1,-1,0,0,100,0,0,100,0,219,0,219,0,-1,0,0,0,1,[0|0|0|0]
13710100,Stake_1,0,0,0,0,1.2,0,-1,-1,-1,-1,-1,0,0,0,0,0,0,0,0,0,0,0,0,100,100,0,0,0,0,0,0,0,0,230,80,100,0,0,0,0,0,0,0,0,0,0,0,0,0,0,0,0,3,2,0,3,12,3,6,0,0,0,0,0,0,0,0,0,0,0,0,1,0,1,0,0,0,0,0,0,1,9,0,20,-1,-1,0,0,-1,-1,-1,-1,-1,-1,-1,-1,-1,-1,-1,-1,-1,-1,-1,-1,-1,-1,-1,-1,-1,-1,-1,-1,-1,-1,-1,-1,0,0,0,0,0,0,0,0,0,0,0,0,-1,-1,-1,-1,-1,-1,-1,-1,-1,-1,-1,-1,-1,-1,-1,-1,-1,-1,-1,-1,-1,-1,-1,-1,0,0,0,0,0,0,0,0,0,0,0,0,0,0,0,0,0,0,0,0,0,0,0,0,0,139,139,0,0,0,1,0,0,1,0,100,100,100,100,0,0,100,-1,-1,-1,100,0,1,1,-1,0,0,100,0,0,100,0,219,0,219,0,-1,0,0,0,1,[0|0|0|0]
13710200,Stake_1_1,0,0,0,0,1.2,0,-1,-1,-1,-1,-1,0,0,0,0,0,0,0,0,0,100,100,100,100,100,100,100,100,0,0,0,0,0,85,20,100,0,0,0,0,0,0,0,0,0,0,0,0,0,0,0,0,3,2,0,3,12,3,6,0,0,0,0,0,0,0,0,0,0,0,0,1,0,1,0,0,0,0,0,0,1,9,0,10,-1,-1,0,0,-1,-1,-1,-1,-1,-1,-1,-1,-1,-1,-1,-1,-1,-1,-1,-1,-1,-1,-1,-1,-1,-1,-1,-1,-1,-1,-1,-1,0,0,0,0,0,0,0,0,0,0,0,0,-1,-1,-1,-1,-1,-1,-1,-1,-1,-1,-1,-1,-1,-1,-1,-1,-1,-1,-1,-1,-1,-1,-1,-1,0,0,0,0,0,0,0,0,0,0,0,0,0,0,0,0,0,0,0,0,0,0,0,0,0,139,139,100,0,0,1,0,0,1,0,100,100,100,100,0,0,100,-1,-1,-1,100,0,1,1,-1,0,0,100,0,0,100,0,100,0,100,0,-1,0,0,0,1,[0|0|0|0]
1057,Stake_1_1_1,0,0,0,0,0.5,0,-1,-1,-1,-1,-1,-1,-1,-1,-1,-1,-1,-1,-1,0,50,50,50,50,10,0,0,0,0,0,0,0,0,200,5,100,0,0,0,0,0,0,0,0,0,0,0,0,0,0,0,0,1,2,0,3,12,3,6,0,0,0,0,0,0,0,0,0,0,0,0,1,0,1,0,0,0,0,0,0,1,0,0,5,-1,-1,0,0,-1,-1,-1,-1,-1,-1,-1,-1,-1,-1,-1,-1,-1,-1,-1,-1,-1,-1,-1,-1,-1,-1,-1,-1,-1,-1,-1,-1,0,0,0,0,0,0,0,0,0,0,0,0,-1,-1,-1,-1,-1,-1,-1,-1,-1,-1,-1,-1,-1,-1,-1,-1,-1,-1,-1,-1,-1,-1,-1,-1,0,0,0,0,0,0,0,0,0,0,0,0,0,0,0,0,0,0,0,0,0,0,0,0,0,139,139,50,0,0,1,0,0,1,0,100,100,100,100,0,0,100,-1,-1,-1,100,0,1,1,-1,0,0,50,0,0,100,0,50,0,50,0,-1,0,0,0,1,[0|0|0|0]
13509000,Arrow,0,0,0,0,0.7,0,-1,-1,-1,-1,-1,-1,-1,-1,-1,-1,-1,-1,-1,0,100,100,100,100,100,100,100,100,0,0,0,0,0,210,40,100,0,0,0,0,0,0,0,0,0,0,0,0,0,0,0,0,2,0,0,3,12,0,6,0,0,0,0,0,0,0,0,0,0,0,0,1,0,1,0,0,0,0,0,0,1,0,0,14,-1,-1,0,0,-1,-1,-1,-1,-1,-1,-1,-1,-1,-1,-1,-1,-1,-1,-1,-1,-1,-1,-1,-1,-1,-1,-1,-1,-1,-1,-1,-1,0,0,0,0,0,0,0,0,0,0,0,0,-1,-1,-1,-1,-1,-1,-1,-1,-1,-1,-1,-1,-1,-1,-1,-1,-1,-1,-1,-1,-1,-1,-1,-1,0,0,0,0,0,0,0,0,0,0,0,0,0,0,0,0,0,0,0,0,0,0,0,0,0,139,139,100,0,0,0,0,0,1,0,100,100,100,100,0,0,100,-1,-1,-1,100,0,1,1,-1,0,0,100,0,0,100,0,100,0,100,14,-1,0,0,0,1,[0|0|0|0]
13509001,Arrow_1,0,0,0,0,0.7,0,-1,-1,-1,-1,-1,-1,-1,-1,-1,-1,-1,-1,-1,0,100,100,100,100,100,100,100,100,0,0,0,0,0,210,40,100,0,0,0,0,0,0,0,0,0,0,0,0,0,0,0,0,2,0,0,3,12,0,6,0,0,0,0,0,0,0,0,0,0,0,0,1,0,1,0,0,0,0,0,0,1,0,0,14,-1,-1,0,0,-1,-1,-1,-1,-1,-1,-1,-1,-1,-1,-1,-1,-1,-1,-1,-1,-1,-1,-1,-1,-1,-1,-1,-1,-1,-1,-1,-1,0,0,0,0,0,0,0,0,0,0,0,0,-1,-1,-1,-1,-1,-1,-1,-1,-1,-1,-1,-1,-1,-1,-1,-1,-1,-1,-1,-1,-1,-1,-1,-1,0,0,0,0,0,0,0,0,0,0,0,0,0,0,0,0,0,0,0,0,0,0,0,0,0,139,139,100,0,0,0,0,0,1,0,100,100,100,100,0,0,100,-1,-1,-1,100,0,1,1,-1,0,0,100,0,0,100,0,100,0,100,14,-1,0,0,0,1,[0|0|0|0]
11376010,Old moonlight,0.1,0,0,0,1.47,0.05,-1,-1,-1,-1,-1,18,-1,-1,-1,101,-1,-1,-1,0,100,100,100,100,0,0,0,0,0,0,0,300,0,0,90,100,0,0,0,0,0,0,0,0,0,0,0,0,0,0,0,0,3,0,0,3,10,0,0,0,0,1,0,0,0,0,0,0,0,0,0,1,0,1,0,0,0,0,0,0,1,0,0,27,-1,-1,0,0,-1,-1,-1,-1,-1,-1,-1,-1,-1,-1,-1,-1,-1,-1,-1,-1,-1,-1,-1,-1,-1,-1,-1,-1,-1,-1,-1,-1,0,0,0,0,0,0,0,0,0,0,0,0,-1,-1,-1,-1,-1,-1,-1,-1,-1,-1,-1,-1,-1,-1,-1,-1,-1,-1,-1,-1,-1,-1,-1,-1,0,0,0,0,0,0,0,0,0,0,0,0,0,0,0,0,0,0,0,0,0,0,0,0,0,139,139,100,0,0,1,0,0,1,0,100,100,100,100,0,0,100,-1,-1,-1,100,0,1,1,-1,0,0,0,0,0,100,0,100,0,10,27,-1,0,0,0,1,[0|0|0|0]
11376020,Old moonlight_1,0.1,0,0,0,1.47,0.05,-1,-1,-1,-1,-1,21,-1,-1,-1,102,-1,-1,-1,0,100,100,100,100,0,0,0,0,0,0,0,300,0,0,90,100,0,0,0,0,0,0,0,0,0,0,0,0,0,0,0,0,3,0,0,3,10,0,0,0,0,1,0,0,0,0,0,0,0,0,0,1,0,1,0,0,0,0,0,0,1,0,0,27,-1,-1,0,0,-1,-1,-1,-1,-1,-1,-1,-1,-1,-1,-1,-1,-1,-1,-1,-1,-1,-1,-1,-1,-1,-1,-1,-1,-1,-1,-1,-1,0,0,0,0,0,0,0,0,0,0,0,0,-1,-1,-1,-1,-1,-1,-1,-1,-1,-1,-1,-1,-1,-1,-1,-1,-1,-1,-1,-1,-1,-1,-1,-1,0,0,0,0,0,0,0,0,0,0,0,0,0,0,0,0,0,0,0,0,0,0,0,0,0,139,139,100,0,0,1,0,0,1,0,100,100,100,100,0,0,100,-1,-1,-1,100,0,1,1,-1,0,0,0,0,0,100,0,100,0,10,27,-1,0,0,0,1,[0|0|0|0]
11376100,Old moonlight_1_1,0,0,0,0,0.7,0,-1,-1,-1,-1,-1,-1,-1,-1,-1,-1,-1,-1,-1,0,100,100,100,100,0,0,0,0,110,0,0,500,0,0,120,100,0,0,0,0,0,0,0,0,0,0,0,0,0,0,0,0,3,0,0,3,10,0,6,0,0,0,0,0,0,0,0,0,0,0,0,1,0,1,0,0,0,0,0,0,1,9,0,20,-1,-1,0,0,-1,-1,-1,-1,-1,-1,-1,-1,-1,-1,-1,-1,-1,-1,-1,-1,-1,-1,-1,-1,-1,-1,-1,-1,-1,-1,-1,-1,0,0,0,0,0,0,0,0,0,0,0,0,-1,-1,-1,-1,-1,-1,-1,-1,-1,-1,-1,-1,-1,-1,-1,-1,-1,-1,-1,-1,-1,-1,-1,-1,0,0,0,0,0,0,0,0,0,0,0,0,0,0,0,0,0,0,0,0,0,0,0,0,0,139,139,100,0,0,0,0,0,1,0,100,100,100,100,0,0,100,-1,-1,-1,100,0,1,1,-1,0,0,0,0,0,100,0,100,0,10,20,-1,0,0,0,1,[0|0|0|0]
11376101,Old moonlight_1_1_1,0,0,0,0,1.47,0,-1,-1,-1,-1,-1,-1,-1,-1,-1,-1,-1,-1,-1,0,100,100,100,100,0,0,0,0,110,0,0,500,0,0,120,100,0,0,0,0,0,0,0,0,0,0,0,0,0,0,0,0,3,0,0,3,10,0,6,0,0,0,0,0,0,0,0,0,0,0,0,1,0,1,0,0,0,0,0,0,1,0,0,20,-1,-1,0,0,-1,-1,-1,-1,-1,-1,-1,-1,-1,-1,-1,-1,-1,-1,-1,-1,-1,-1,-1,-1,-1,-1,-1,-1,-1,-1,-1,-1,0,0,0,0,0,0,0,0,0,0,0,0,-1,-1,-1,-1,-1,-1,-1,-1,-1,-1,-1,-1,-1,-1,-1,-1,-1,-1,-1,-1,-1,-1,-1,-1,0,0,0,0,0,0,0,0,0,0,0,0,0,0,0,0,0,0,0,0,0,0,0,0,0,139,139,100,0,0,0,0,0,1,0,100,100,100,100,0,0,100,-1,-1,-1,100,0,1,1,-1,0,0,0,0,0,100,0,100,0,10,20,-1,0,0,0,1,[0|0|0|0]
11376000,Old moonlight_1_1_1_1,0,0,0,0,0.7,0,-1,-1,-1,-1,-1,-1,-1,-1,-1,-1,-1,-1,-1,0,100,100,100,100,0,0,0,0,0,0,0,210,0,0,40,100,0,0,0,0,0,0,0,0,0,0,0,0,0,0,0,0,3,0,0,3,10,0,6,0,0,0,0,0,0,0,0,0,0,0,0,1,0,1,0,0,0,0,0,0,1,9,0,10,-1,-1,0,0,-1,-1,-1,-1,-1,-1,-1,-1,-1,-1,-1,-1,-1,-1,-1,-1,-1,-1,-1,-1,-1,-1,-1,-1,-1,-1,-1,-1,0,0,0,0,0,0,0,0,0,0,0,0,-1,-1,-1,-1,-1,-1,-1,-1,-1,-1,-1,-1,-1,-1,-1,-1,-1,-1,-1,-1,-1,-1,-1,-1,0,0,0,0,0,0,0,0,0,0,0,0,0,0,0,0,0,0,0,0,0,0,0,0,0,139,139,100,0,0,0,0,0,1,0,100,100,100,100,0,0,100,-1,-1,-1,100,0,1,1,-1,0,0,0,0,0,100,0,100,0,10,10,-1,0,0,0,1,[0|0|0|0]
11376001,Old moonlight_1_1_1_1_1,0,0,0,0,0.7,0,-1,-1,-1,-1,-1,-1,-1,-1,-1,-1,-1,-1,-1,0,100,100,100,100,0,0,0,0,0,0,0,210,0,0,40,100,0,0,0,0,0,0,0,0,0,0,0,0,0,0,0,0,2,0,0,3,10,0,6,0,0,0,0,0,0,0,0,0,0,0,0,1,0,1,0,0,0,0,0,0,1,0,0,10,-1,-1,0,0,-1,-1,-1,-1,-1,-1,-1,-1,-1,-1,-1,-1,-1,-1,-1,-1,-1,-1,-1,-1,-1,-1,-1,-1,-1,-1,-1,-1,0,0,0,0,0,0,0,0,0,0,0,0,-1,-1,-1,-1,-1,-1,-1,-1,-1,-1,-1,-1,-1,-1,-1,-1,-1,-1,-1,-1,-1,-1,-1,-1,0,0,0,0,0,0,0,0,0,0,0,0,0,0,0,0,0,0,0,0,0,0,0,0,0,139,139,100,0,0,0,0,0,1,0,100,100,100,100,0,0,100,-1,-1,-1,100,0,1,1,-1,0,0,0,0,0,100,0,100,0,10,10,-1,0,0,0,1,[0|0|0|0]
13730000,lifehunt Scythe,0.55,0,0,0,1.2,0,103731000,-1,-1,-1,-1,18,-1,-1,-1,958,-1,-1,-1,0,100,100,100,100,100,0,0,0,0,0,0,0,0,0,90,100,0,0,0,0,0,0,0,0,0,0,0,0,0,0,0,0,1,0,0,3,13,0,6,0,0,1,0,0,0,0,0,0,0,0,0,1,0,1,0,0,0,0,0,0,1,0,0,30,-1,-1,0,0,-1,-1,-1,-1,-1,-1,-1,-1,-1,-1,-1,-1,-1,-1,-1,-1,-1,-1,-1,-1,-1,-1,-1,-1,-1,-1,-1,-1,0,0,0,0,0,0,0,0,0,0,0,0,-1,-1,-1,-1,-1,-1,-1,-1,-1,-1,-1,-1,-1,-1,-1,-1,-1,-1,-1,-1,-1,-1,-1,-1,0,0,0,0,0,0,0,0,0,0,0,0,0,0,0,0,0,0,0,0,0,0,0,0,0,139,139,100,296,0,1,0,0,1,0,100,100,100,100,0,0,100,-1,-1,-1,100,0,1,1,-1,0,0,0,0,0,100,0,100,0,100,30,-1,0,0,0,1,[0|0|0|0]
13730005,lifehunt Scythe_1,0.55,0,0,0,1.2,0,103731000,-1,-1,-1,-1,19,-1,-1,-1,959,-1,-1,-1,0,100,100,100,100,100,0,0,0,0,0,0,0,0,0,90,100,0,0,0,0,0,0,0,0,0,0,0,0,0,0,0,0,1,0,0,3,13,0,6,0,0,1,0,0,0,0,0,0,0,0,0,1,0,1,0,0,0,0,0,0,1,0,0,30,-1,-1,0,0,-1,-1,-1,-1,-1,-1,-1,-1,-1,-1,-1,-1,-1,-1,-1,-1,-1,-1,-1,-1,-1,-1,-1,-1,-1,-1,-1,-1,0,0,0,0,0,0,0,0,0,0,0,0,-1,-1,-1,-1,-1,-1,-1,-1,-1,-1,-1,-1,-1,-1,-1,-1,-1,-1,-1,-1,-1,-1,-1,-1,0,0,0,0,0,0,0,0,0,0,0,0,0,0,0,0,0,0,0,0,0,0,0,0,0,139,139,100,296,0,1,0,0,1,0,100,100,100,100,0,0,100,-1,-1,-1,100,0,1,1,-1,0,0,0,0,0,100,0,100,0,100,30,-1,0,0,0,1,[0|0|0|0]
13730100,lifehunt Scythe_1_1,0.55,0,0,0,1.2,0,103731100,-1,-1,-1,-1,18,-1,-1,-1,958,-1,-1,-1,0,100,100,100,100,100,0,0,0,0,0,0,0,0,0,95,100,0,0,0,0,0,0,0,0,0,0,0,0,0,0,0,0,1,0,0,3,13,0,6,0,0,1,0,0,0,0,0,0,0,0,0,1,0,1,0,0,0,0,0,0,1,0,0,30,-1,-1,0,0,-1,-1,-1,-1,-1,-1,-1,-1,-1,-1,-1,-1,-1,-1,-1,-1,-1,-1,-1,-1,-1,-1,-1,-1,-1,-1,-1,-1,0,0,0,0,0,0,0,0,0,0,0,0,-1,-1,-1,-1,-1,-1,-1,-1,-1,-1,-1,-1,-1,-1,-1,-1,-1,-1,-1,-1,-1,-1,-1,-1,0,0,0,0,0,0,0,0,0,0,0,0,0,0,0,0,0,0,0,0,0,0,0,0,0,139,139,100,382,0,1,0,0,1,0,100,100,100,100,0,0,100,-1,-1,-1,100,0,1,1,-1,0,0,0,0,0,100,0,100,0,100,30,-1,0,0,0,1,[0|0|0|0]
13730105,lifehunt Scythe_1_1_1,0.55,0,0,0,1.2,0,103731100,-1,-1,-1,-1,19,-1,-1,-1,959,-1,-1,-1,0,100,100,100,100,100,0,0,0,0,0,0,0,0,0,95,100,0,0,0,0,0,0,0,0,0,0,0,0,0,0,0,0,1,0,0,3,13,0,6,0,0,1,0,0,0,0,0,0,0,0,0,1,0,1,0,0,0,0,0,0,1,0,0,30,-1,-1,0,0,-1,-1,-1,-1,-1,-1,-1,-1,-1,-1,-1,-1,-1,-1,-1,-1,-1,-1,-1,-1,-1,-1,-1,-1,-1,-1,-1,-1,0,0,0,0,0,0,0,0,0,0,0,0,-1,-1,-1,-1,-1,-1,-1,-1,-1,-1,-1,-1,-1,-1,-1,-1,-1,-1,-1,-1,-1,-1,-1,-1,0,0,0,0,0,0,0,0,0,0,0,0,0,0,0,0,0,0,0,0,0,0,0,0,0,139,139,100,382,0,1,0,0,1,0,100,100,100,100,0,0,100,-1,-1,-1,100,0,1,1,-1,0,0,0,0,0,100,0,100,0,100,30,-1,0,0,0,1,[0|0|0|0]
13730200,lifehunt Scythe_1_1_1_1,0.55,0,0,0,1.2,0,103731200,-1,-1,-1,-1,18,-1,-1,-1,958,-1,-1,-1,0,100,100,100,100,100,0,0,0,0,0,0,0,0,0,100,100,0,0,0,0,0,0,0,0,0,0,0,0,0,0,0,0,1,0,0,3,13,0,6,0,0,1,0,0,0,0,0,0,0,0,0,1,0,1,0,0,0,0,0,0,1,0,0,30,-1,-1,0,0,-1,-1,-1,-1,-1,-1,-1,-1,-1,-1,-1,-1,-1,-1,-1,-1,-1,-1,-1,-1,-1,-1,-1,-1,-1,-1,-1,-1,0,0,0,0,0,0,0,0,0,0,0,0,-1,-1,-1,-1,-1,-1,-1,-1,-1,-1,-1,-1,-1,-1,-1,-1,-1,-1,-1,-1,-1,-1,-1,-1,0,0,0,0,0,0,0,0,0,0,0,0,0,0,0,0,0,0,0,0,0,0,0,0,0,139,139,100,406,0,1,0,0,1,0,100,100,100,100,0,0,100,-1,-1,-1,100,0,1,1,-1,0,0,0,0,0,100,0,100,0,100,30,-1,0,0,0,1,[0|0|0|0]
13730205,lifehunt Scythe_1_1_1_1_1,0.55,0,0,0,1.2,0,103731200,-1,-1,-1,-1,19,-1,-1,-1,959,-1,-1,-1,0,100,100,100,100,100,0,0,0,0,0,0,0,0,0,100,100,0,0,0,0,0,0,0,0,0,0,0,0,0,0,0,0,1,0,0,3,13,0,6,0,0,1,0,0,0,0,0,0,0,0,0,1,0,1,0,0,0,0,0,0,1,0,0,30,-1,-1,0,0,-1,-1,-1,-1,-1,-1,-1,-1,-1,-1,-1,-1,-1,-1,-1,-1,-1,-1,-1,-1,-1,-1,-1,-1,-1,-1,-1,-1,0,0,0,0,0,0,0,0,0,0,0,0,-1,-1,-1,-1,-1,-1,-1,-1,-1,-1,-1,-1,-1,-1,-1,-1,-1,-1,-1,-1,-1,-1,-1,-1,0,0,0,0,0,0,0,0,0,0,0,0,0,0,0,0,0,0,0,0,0,0,0,0,0,139,139,100,406,0,1,0,0,1,0,100,100,100,100,0,0,100,-1,-1,-1,100,0,1,1,-1,0,0,0,0,0,100,0,100,0,100,30,-1,0,0,0,1,[0|0|0|0]
13730300,lifehunt Scythe_1_1_1_1_1_1,0.55,0,0,0,1.2,0,103731300,-1,-1,-1,-1,18,-1,-1,-1,958,-1,-1,-1,0,100,100,100,100,100,0,0,0,0,0,0,0,0,0,110,100,0,0,0,0,0,0,0,0,0,0,0,0,0,0,0,0,1,0,0,3,13,0,6,0,0,1,0,0,0,0,0,0,0,0,0,1,0,1,0,0,0,0,0,0,1,0,0,30,-1,-1,0,0,-1,-1,-1,-1,-1,-1,-1,-1,-1,-1,-1,-1,-1,-1,-1,-1,-1,-1,-1,-1,-1,-1,-1,-1,-1,-1,-1,-1,0,0,0,0,0,0,0,0,0,0,0,0,-1,-1,-1,-1,-1,-1,-1,-1,-1,-1,-1,-1,-1,-1,-1,-1,-1,-1,-1,-1,-1,-1,-1,-1,0,0,0,0,0,0,0,0,0,0,0,0,0,0,0,0,0,0,0,0,0,0,0,0,0,139,139,100,430,0,1,0,0,1,0,100,100,100,100,0,0,100,-1,-1,-1,100,0,1,1,-1,0,0,0,0,0,100,0,100,0,100,30,-1,0,0,0,1,[0|0|0|0]
13730305,lifehunt Scythe_1_1_1_1_1_1_1,0.55,0,0,0,1.2,0,103731300,-1,-1,-1,-1,19,-1,-1,-1,959,-1,-1,-1,0,100,100,100,100,100,0,0,0,0,0,0,0,0,0,110,100,0,0,0,0,0,0,0,0,0,0,0,0,0,0,0,0,1,0,0,3,13,0,6,0,0,1,0,0,0,0,0,0,0,0,0,1,0,1,0,0,0,0,0,0,1,0,0,30,-1,-1,0,0,-1,-1,-1,-1,-1,-1,-1,-1,-1,-1,-1,-1,-1,-1,-1,-1,-1,-1,-1,-1,-1,-1,-1,-1,-1,-1,-1,-1,0,0,0,0,0,0,0,0,0,0,0,0,-1,-1,-1,-1,-1,-1,-1,-1,-1,-1,-1,-1,-1,-1,-1,-1,-1,-1,-1,-1,-1,-1,-1,-1,0,0,0,0,0,0,0,0,0,0,0,0,0,0,0,0,0,0,0,0,0,0,0,0,0,139,139,100,430,0,1,0,0,1,0,100,100,100,100,0,0,100,-1,-1,-1,100,0,1,1,-1,0,0,0,0,0,100,0,100,0,100,30,-1,0,0,0,1,[0|0|0|0]
13730400,lifehunt Scythe_1_1_1_1_1_1_1_1,0.55,0,0,0,1.2,0,103731400,-1,-1,-1,-1,18,-1,-1,-1,958,-1,-1,-1,0,100,100,100,100,100,0,0,0,0,0,0,0,0,0,115,100,0,0,0,0,0,0,0,0,0,0,0,0,0,0,0,0,1,0,0,3,13,0,6,0,0,1,0,0,0,0,0,0,0,0,0,1,0,1,0,0,0,0,0,0,1,0,0,30,-1,-1,0,0,-1,-1,-1,-1,-1,-1,-1,-1,-1,-1,-1,-1,-1,-1,-1,-1,-1,-1,-1,-1,-1,-1,-1,-1,-1,-1,-1,-1,0,0,0,0,0,0,0,0,0,0,0,0,-1,-1,-1,-1,-1,-1,-1,-1,-1,-1,-1,-1,-1,-1,-1,-1,-1,-1,-1,-1,-1,-1,-1,-1,0,0,0,0,0,0,0,0,0,0,0,0,0,0,0,0,0,0,0,0,0,0,0,0,0,139,139,100,454,0,1,0,0,1,0,100,100,100,100,0,0,100,-1,-1,-1,100,0,1,1,-1,0,0,0,0,0,100,0,100,0,100,30,-1,0,0,0,1,[0|0|0|0]
13730405,lifehunt Scythe_1_1_1_1_1_1_1_1_1,0.55,0,0,0,1.2,0,103731400,-1,-1,-1,-1,19,-1,-1,-1,959,-1,-1,-1,0,100,100,100,100,100,0,0,0,0,0,0,0,0,0,115,100,0,0,0,0,0,0,0,0,0,0,0,0,0,0,0,0,1,0,0,3,13,0,6,0,0,1,0,0,0,0,0,0,0,0,0,1,0,1,0,0,0,0,0,0,1,0,0,30,-1,-1,0,0,-1,-1,-1,-1,-1,-1,-1,-1,-1,-1,-1,-1,-1,-1,-1,-1,-1,-1,-1,-1,-1,-1,-1,-1,-1,-1,-1,-1,0,0,0,0,0,0,0,0,0,0,0,0,-1,-1,-1,-1,-1,-1,-1,-1,-1,-1,-1,-1,-1,-1,-1,-1,-1,-1,-1,-1,-1,-1,-1,-1,0,0,0,0,0,0,0,0,0,0,0,0,0,0,0,0,0,0,0,0,0,0,0,0,0,139,139,100,454,0,1,0,0,1,0,100,100,100,100,0,0,100,-1,-1,-1,100,0,1,1,-1,0,0,0,0,0,100,0,100,0,100,30,-1,0,0,0,1,[0|0|0|0]
12407000,Blackflame Serpent,0,0,0,0,0.5,0,-1,-1,-1,-1,-1,-1,-1,-1,-1,-1,-1,-1,-1,0,100,100,100,100,100,0,0,0,0,0,0,0,265,0,340,100,0,0,0,0,0,0,0,0,0,0,0,0,0,0,0,0,3,1,0,3,11,3,6,0,0,0,0,0,0,0,0,0,0,0,0,1,0,1,0,0,0,0,0,0,1,0,0,20,-1,-1,0,0,-1,-1,-1,-1,-1,-1,-1,-1,-1,-1,-1,-1,-1,-1,-1,-1,-1,-1,-1,-1,-1,-1,-1,-1,-1,-1,-1,-1,0,0,0,0,0,0,0,0,0,0,0,0,-1,-1,-1,-1,-1,-1,-1,-1,-1,-1,-1,-1,-1,-1,-1,-1,-1,-1,-1,-1,-1,-1,-1,-1,0,0,0,0,0,0,0,0,0,0,0,0,0,0,0,0,0,0,0,0,0,0,0,0,0,139,139,100,0,0,1,0,0,1,0,100,100,100,100,0,0,100,-1,-1,-1,100,0,1,1,-1,1,0,0,0,0,100,0,100,0,100,20,-1,0,0,0,1,[0|0|0|0]
12407100,Blackflame Serpent_1,0,0,0,0,0.5,0,-1,-1,-1,-1,-1,-1,-1,-1,-1,-1,-1,-1,-1,0,100,100,100,100,100,0,0,0,0,0,0,0,265,0,340,100,0,0,0,0,0,0,0,0,0,0,0,0,0,0,0,0,3,1,0,3,11,3,6,0,0,0,0,0,0,0,0,0,0,0,0,1,0,0,0,0,0,0,0,0,1,0,0,20,-1,-1,0,0,-1,-1,-1,-1,-1,-1,-1,-1,-1,-1,-1,-1,-1,-1,-1,-1,-1,-1,-1,-1,-1,-1,-1,-1,-1,-1,-1,-1,0,0,0,0,0,0,0,0,0,0,0,0,-1,-1,-1,-1,-1,-1,-1,-1,-1,-1,-1,-1,-1,-1,-1,-1,-1,-1,-1,-1,-1,-1,-1,-1,0,0,0,0,0,0,0,0,0,0,0,0,0,0,0,0,0,0,0,0,0,0,0,0,0,139,139,100,0,0,1,0,0,1,0,100,100,100,100,0,0,100,-1,-1,-1,100,0,1,1,-1,1,0,0,0,0,100,0,100,0,100,20,-1,0,0,0,1,[0|0|0|0]
12407900,Blackflame Serpent_1_1,0,0,0,0,0.5,0,-1,-1,-1,-1,-1,-1,-1,-1,-1,-1,-1,-1,-1,0,100,100,100,100,100,0,0,0,0,0,0,0,265,0,340,100,0,0,0,0,0,0,0,0,0,0,0,0,0,0,0,0,3,1,0,3,11,3,6,0,0,0,0,0,0,0,0,0,0,0,0,1,0,1,0,0,0,0,0,0,1,0,0,20,-1,-1,0,0,-1,-1,-1,-1,-1,-1,-1,-1,-1,-1,-1,-1,-1,-1,-1,-1,-1,-1,-1,-1,-1,-1,-1,-1,-1,-1,-1,-1,0,0,0,0,0,0,0,0,0,0,0,0,-1,-1,-1,-1,-1,-1,-1,-1,-1,-1,-1,-1,-1,-1,-1,-1,-1,-1,-1,-1,-1,-1,-1,-1,0,0,0,0,0,0,0,0,0,0,0,0,0,0,0,0,0,0,0,0,0,0,0,0,0,139,139,100,0,0,1,0,0,1,0,100,100,100,100,0,0,100,-1,-1,-1,100,0,1,1,-1,1,0,0,0,0,100,0,100,0,100,20,-1,0,0,0,1,[0|0|0|0]
402106,_1,0.4,0.1,0,0,0.8,0.08,6906,8981920,-1,1665,-1,100,110,-1,-1,120,120,-1,-1,0,165,165,165,165,200,400,100,100,100,0,0,0,0,0,0,0,0,0,0,0,10,0,0,0,0,2,0,0,0,0,0,0,3,0,0,2,255,2,255,0,255,0,0,0,0,0,0,0,0,0,0,2,1,1,0,0,0,0,0,0,1,0,1,0,-1,-1,2100,2010,-1,-1,-1,-1,-1,-1,-1,-1,-1,-1,-1,-1,-1,-1,-1,-1,-1,-1,-1,-1,-1,-1,-1,-1,-1,-1,-1,-1,0,0,0,0,0,0,0,0,0,0,0,0,-1,-1,-1,-1,-1,-1,-1,-1,-1,-1,-1,-1,-1,-1,-1,-1,-1,-1,-1,-1,-1,-1,-1,-1,0,0,0,0,0,0,0,0,0,0,0,0,0,0,0,0,0,0,0,0,0,0,0,0,255,139,139,165,0,0,1,0,0,1,0,100,100,100,100,0,0,100,-1,0,100,150,0,1,1,-1,0,0,600,0,0,100,0,165,0,165,0,-1,0,0,130,1,[0|0|0|0]
402306,_1,0.4,0.1,0,0,0.7,0.08,6906,8981920,-1,1665,1667,100,110,-1,-1,120,120,-1,-1,0,178,178,178,178,240,500,100,100,100,124,0,0,0,0,0,0,0,0,0,0,10,0,0,0,0,2,0,0,0,0,0,0,3,0,0,2,255,2,255,0,255,0,0,0,0,0,0,0,0,0,0,2,1,1,0,0,0,0,0,0,1,0,1,0,-1,-1,2100,2010,-1,-1,-1,-1,-1,-1,-1,-1,-1,-1,-1,-1,-1,-1,-1,-1,-1,-1,-1,-1,-1,-1,-1,-1,-1,-1,-1,-1,0,0,0,0,0,0,0,0,0,0,0,0,-1,-1,-1,-1,-1,-1,-1,-1,-1,-1,-1,-1,-1,-1,-1,-1,-1,-1,-1,-1,-1,-1,-1,-1,0,0,0,0,0,0,0,0,0,0,0,0,0,0,0,0,0,0,0,0,0,0,0,0,255,139,139,178,0,0,1,0,0,1,0,100,100,100,100,0,0,100,-1,0,100,150,0,1,1,-1,0,0,660,0,0,100,0,178,0,178,0,-1,0,0,130,1,[0|0|0|0]
1010000,Euporia - Attack,0.35,0.2,0,0,0.8,0.08,-1,19893,-1,1665,-1,100,110,-1,-1,110,122,-1,-1,0,100,100,100,100,100,100,100,100,0,0,0,0,0,0,0,0,0,0,0,0,10,0,0,0,0,2,0,0,0,0,0,0,1,0,0,253,255,0,255,0,255,0,0,0,0,0,0,0,0,0,0,0,3,1,0,0,0,0,0,0,0,0,0,0,-1,-1,2100,2010,-1,-1,-1,-1,-1,-1,-1,-1,-1,-1,-1,-1,-1,-1,-1,-1,-1,-1,-1,-1,-1,-1,-1,-1,-1,-1,-1,-1,0,0,0,0,0,0,0,0,0,0,0,0,-1,-1,-1,-1,-1,-1,-1,-1,-1,-1,-1,-1,-1,-1,-1,-1,-1,-1,-1,-1,-1,-1,-1,-1,0,0,0,0,0,0,0,0,0,0,0,0,0,0,0,0,0,0,0,0,0,0,0,0,255,139,139,100,0,0,0,0,0,0,0,100,100,100,100,0,0,100,-1,-1,100,100,0,1,1,-1,0,0,100,0,0,0,0,100,0,100,0,0,0,0,130,0,[0|0|0|0]
1010010,Euporia - Attack,0.35,0.05,0,0,0.55,0.08,-1,19893,-1,1665,-1,120,122,-1,-1,130,130,-1,-1,0,101,101,101,101,100,100,100,100,0,0,0,0,0,0,0,0,0,0,0,0,10,0,0,0,0,2,0,0,0,0,0,0,1,0,0,253,255,0,255,0,255,0,0,0,0,0,0,0,0,0,0,0,4,1,0,0,0,0,0,0,0,0,0,0,-1,-1,2100,2010,-1,-1,-1,-1,-1,-1,-1,-1,-1,-1,-1,-1,-1,-1,-1,-1,-1,-1,-1,-1,-1,-1,-1,-1,-1,-1,-1,-1,0,0,0,0,0,0,0,0,0,0,0,0,-1,-1,-1,-1,-1,-1,-1,-1,-1,-1,-1,-1,-1,-1,-1,-1,-1,-1,-1,-1,-1,-1,-1,-1,0,0,0,0,0,0,0,0,0,0,0,0,0,0,0,0,0,0,0,0,0,0,0,0,255,139,139,101,0,0,0,0,0,0,0,100,100,100,100,0,0,100,-1,-1,100,100,0,1,1,-1,0,0,100,0,0,0,0,101,0,101,0,0,0,0,130,0,[0|0|0|0]
1010020,Euporia - Attack,0.35,0.1,0,0,0.85,0.08,-1,19893,-1,1665,-1,100,110,-1,-1,110,122,-1,-1,0,102,102,102,102,100,100,100,100,0,0,0,0,0,0,0,0,0,0,0,0,10,0,0,0,0,2,0,0,0,0,0,0,1,0,0,253,255,0,255,0,255,0,0,0,0,0,0,0,0,0,0,0,2,1,0,0,0,0,0,0,0,0,0,0,-1,-1,2100,2010,-1,-1,-1,-1,-1,-1,-1,-1,-1,-1,-1,-1,-1,-1,-1,-1,-1,-1,-1,-1,-1,-1,-1,-1,-1,-1,-1,-1,0,0,0,0,0,0,0,0,0,0,0,0,-1,-1,-1,-1,-1,-1,-1,-1,-1,-1,-1,-1,-1,-1,-1,-1,-1,-1,-1,-1,-1,-1,-1,-1,0,0,0,0,0,0,0,0,0,0,0,0,0,0,0,0,0,0,0,0,0,0,0,0,255,139,139,102,0,0,0,0,0,0,0,100,100,100,100,0,0,100,-1,-1,100,105,0,1,1,-1,0,0,100,0,0,0,0,102,0,102,0,0,0,0,130,0,[0|0|0|0]
1010030,Euporia - Attack,0.35,0.1,0,0,0.85,0.08,-1,19893,-1,1665,-1,100,110,-1,-1,110,122,-1,-1,0,103,103,103,103,100,100,100,100,0,0,0,0,0,0,0,0,0,0,0,0,10,0,0,0,0,2,0,0,0,0,0,0,1,0,0,253,255,0,255,0,255,0,0,0,0,0,0,0,0,0,0,0,2,1,0,0,0,0,0,0,0,0,0,0,-1,-1,2100,2010,-1,-1,-1,-1,-1,-1,-1,-1,-1,-1,-1,-1,-1,-1,-1,-1,-1,-1,-1,-1,-1,-1,-1,-1,-1,-1,-1,-1,0,0,0,0,0,0,0,0,0,0,0,0,-1,-1,-1,-1,-1,-1,-1,-1,-1,-1,-1,-1,-1,-1,-1,-1,-1,-1,-1,-1,-1,-1,-1,-1,0,0,0,0,0,0,0,0,0,0,0,0,0,0,0,0,0,0,0,0,0,0,0,0,255,139,139,103,0,0,0,0,0,0,0,100,100,100,100,0,0,100,-1,-1,100,105,0,1,1,-1,0,0,100,0,0,0,0,103,0,103,0,0,0,0,130,0,[0|0|0|0]
1010040,Euporia - Attack,0.35,0.1,0,0,1.2,0.08,-1,19893,-1,1665,-1,100,110,-1,-1,110,122,-1,-1,0,110,110,110,110,100,100,100,100,104,0,0,0,0,0,0,0,0,0,0,0,10,0,0,0,0,2,0,0,0,0,0,0,1,0,0,253,255,0,255,0,255,0,0,0,0,0,0,0,0,0,0,0,0,1,0,0,0,0,0,0,0,0,0,0,-1,-1,2100,2010,-1,-1,-1,-1,-1,-1,-1,-1,-1,-1,-1,-1,-1,-1,-1,-1,-1,-1,-1,-1,-1,-1,-1,-1,-1,-1,-1,-1,0,0,0,0,0,0,0,0,0,0,0,0,-1,-1,-1,-1,-1,-1,-1,-1,-1,-1,-1,-1,-1,-1,-1,-1,-1,-1,-1,-1,-1,-1,-1,-1,0,0,0,0,0,0,0,0,0,0,0,0,0,0,0,0,0,0,0,0,0,0,0,0,255,139,139,110,0,0,0,0,0,0,0,100,100,100,100,0,0,100,-1,-1,100,115,0,1,1,-1,0,0,200,0,0,0,0,110,0,110,0,0,0,0,130,0,[0|0|0|0]
1010100,Euporia - Attack,0.35,0.1,0,0,1.1,0.08,-1,19893,-1,1665,-1,100,110,-1,-1,110,122,-1,-1,0,125,125,125,125,100,120,100,100,0,0,0,0,0,0,0,0,0,0,0,0,10,0,0,0,0,2,0,0,0,0,0,0,2,0,0,253,255,0,255,0,255,0,0,0,0,0,0,0,0,0,0,0,2,1,0,0,0,0,0,0,0,0,0,0,-1,-1,2100,2010,-1,-1,-1,-1,-1,-1,-1,-1,-1,-1,-1,-1,-1,-1,-1,-1,-1,-1,-1,-1,-1,-1,-1,-1,-1,-1,-1,-1,0,0,0,0,0,0,0,0,0,0,0,0,-1,-1,-1,-1,-1,-1,-1,-1,-1,-1,-1,-1,-1,-1,-1,-1,-1,-1,-1,-1,-1,-1,-1,-1,0,0,0,0,0,0,0,0,0,0,0,0,0,0,0,0,0,0,0,0,0,0,0,0,255,139,139,125,0,0,0,0,0,0,0,100,100,100,100,0,0,100,-1,-1,100,130,0,1,1,-1,0,0,200,0,0,0,0,125,0,125,0,0,0,0,130,0,[0|0|0|0]
1010105,Euporia - Attack,0.35,0.1,0,0,1,0.08,-1,19893,-1,1665,-1,100,110,-1,-1,110,122,-1,-1,0,160,160,160,160,200,400,100,100,100,0,0,0,0,0,0,0,0,0,0,0,10,0,0,0,0,2,0,0,0,0,0,0,2,0,0,253,255,0,255,0,255,0,0,0,0,0,0,0,0,0,0,0,3,1,0,0,0,0,0,0,0,0,0,0,-1,-1,2100,2010,-1,-1,-1,-1,-1,-1,-1,-1,-1,-1,-1,-1,-1,-1,-1,-1,-1,-1,-1,-1,-1,-1,-1,-1,-1,-1,-1,-1,0,0,0,0,0,0,0,0,0,0,0,0,-1,-1,-1,-1,-1,-1,-1,-1,-1,-1,-1,-1,-1,-1,-1,-1,-1,-1,-1,-1,-1,-1,-1,-1,0,0,0,0,0,0,0,0,0,0,0,0,0,0,0,0,0,0,0,0,0,0,0,0,255,139,139,160,0,0,0,0,0,0,0,100,100,100,100,0,0,100,-1,-1,100,150,0,1,1,-1,0,0,600,0,0,0,0,160,0,160,0,0,0,0,130,0,[0|0|0|0]
1010110,Euporia - Attack,0.35,0.1,0,0,1.5,0.08,-1,19893,-1,1665,-1,100,110,-1,-1,110,122,-1,-1,0,125,125,125,125,100,120,100,100,0,0,0,0,0,0,0,0,0,0,0,0,10,0,0,0,0,2,0,0,0,0,0,0,2,0,0,253,255,0,255,0,255,0,0,0,0,0,0,0,0,0,0,0,3,1,0,0,0,0,0,0,0,0,0,0,-1,-1,2100,2010,-1,-1,-1,-1,-1,-1,-1,-1,-1,-1,-1,-1,-1,-1,-1,-1,-1,-1,-1,-1,-1,-1,-1,-1,-1,-1,-1,-1,0,0,0,0,0,0,0,0,0,0,0,0,-1,-1,-1,-1,-1,-1,-1,-1,-1,-1,-1,-1,-1,-1,-1,-1,-1,-1,-1,-1,-1,-1,-1,-1,0,0,0,0,0,0,0,0,0,0,0,0,0,0,0,0,0,0,0,0,0,0,0,0,255,139,139,125,0,0,0,0,0,0,0,100,100,100,100,0,0,100,-1,-1,100,130,0,1,1,-1,0,0,200,0,0,0,0,125,0,125,0,0,0,0,130,0,[0|0|0|0]
1010115,Euporia - Attack,0.35,0.1,0,0,1.3,0.08,-1,19893,-1,1665,-1,100,110,-1,-1,110,122,-1,-1,0,160,170,170,170,200,400,100,100,100,0,0,0,0,0,0,0,0,0,0,0,10,0,0,0,0,2,0,0,0,0,0,0,2,0,0,253,255,0,255,0,255,0,0,0,0,0,0,0,0,0,0,0,3,1,0,0,0,0,0,0,0,0,0,0,-1,-1,2100,2010,-1,-1,-1,-1,-1,-1,-1,-1,-1,-1,-1,-1,-1,-1,-1,-1,-1,-1,-1,-1,-1,-1,-1,-1,-1,-1,-1,-1,0,0,0,0,0,0,0,0,0,0,0,0,-1,-1,-1,-1,-1,-1,-1,-1,-1,-1,-1,-1,-1,-1,-1,-1,-1,-1,-1,-1,-1,-1,-1,-1,0,0,0,0,0,0,0,0,0,0,0,0,0,0,0,0,0,0,0,0,0,0,0,0,255,139,139,170,0,0,0,0,0,0,0,100,100,100,100,0,0,100,-1,-1,100,150,0,1,1,-1,0,0,600,0,0,0,0,160,0,160,0,0,0,0,130,0,[0|0|0|0]
1010120,Euporia - Attack,0.35,0.1,0,0,1.5,0.08,-1,19893,-1,1665,-1,100,110,-1,-1,110,122,-1,-1,0,105,105,105,105,120,120,100,100,0,0,0,0,0,0,0,0,0,0,0,0,10,0,0,0,0,2,0,0,0,0,0,0,1,0,0,252,255,2,255,0,255,0,0,0,0,0,0,0,0,0,0,0,0,1,0,0,0,0,0,0,0,0,0,0,-1,-1,2100,2010,-1,-1,-1,-1,-1,-1,-1,-1,-1,-1,-1,-1,-1,-1,-1,-1,-1,-1,-1,-1,-1,-1,-1,-1,-1,-1,-1,-1,0,0,0,0,0,0,0,0,0,0,0,0,-1,-1,-1,-1,-1,-1,-1,-1,-1,-1,-1,-1,-1,-1,-1,-1,-1,-1,-1,-1,-1,-1,-1,-1,0,0,0,0,0,0,0,0,0,0,0,0,0,0,0,0,0,0,0,0,0,0,0,0,255,139,139,105,0,0,0,0,0,0,0,100,100,100,100,0,0,100,-1,-1,100,110,0,1,1,-1,0,0,100,0,0,0,0,105,0,105,0,0,0,0,130,0,[0|0|0|0]
1010125,Euporia - Attack,0.35,0.05,0,0,0.8,0.04,-1,19893,-1,-1,-1,120,122,-1,-1,130,130,-1,-1,0,50,50,50,50,50,400,100,100,0,0,0,0,0,0,0,0,0,0,0,0,10,0,0,0,0,2,0,0,0,0,0,0,1,0,0,253,255,0,255,0,255,0,0,0,0,0,0,0,0,0,0,0,2,1,0,0,0,0,0,0,0,9,0,0,-1,-1,2100,2010,-1,-1,-1,-1,-1,-1,-1,-1,-1,-1,-1,-1,-1,-1,-1,-1,-1,-1,-1,-1,-1,-1,-1,-1,-1,-1,-1,-1,0,0,0,0,0,0,0,0,0,0,0,0,-1,-1,-1,-1,-1,-1,-1,-1,-1,-1,-1,-1,-1,-1,-1,-1,-1,-1,-1,-1,-1,-1,-1,-1,0,0,0,0,0,0,0,0,0,0,0,0,0,0,0,0,0,0,0,0,0,0,0,0,255,139,139,50,0,0,0,0,0,0,0,50,50,100,100,0,0,50,-1,-1,100,30,0,1,1,-1,0,0,50,0,0,0,0,50,0,50,0,0,0,0,130,0,[0|0|0|0]
1010126,Euporia - Attack,0.35,0.25,0,0,1.2,0.04,-1,19893,-1,1665,-1,100,110,-1,-1,110,122,-1,-1,0,115,115,115,115,150,400,100,100,0,0,0,0,0,0,0,0,0,0,0,0,10,0,0,0,0,2,0,0,0,0,0,0,2,0,0,253,255,0,255,0,255,0,0,0,0,0,0,0,0,0,0,0,3,1,0,0,0,0,0,0,0,0,0,0,-1,-1,2100,2010,-1,-1,-1,-1,-1,-1,-1,-1,-1,-1,-1,-1,-1,-1,-1,-1,-1,-1,-1,-1,-1,-1,-1,-1,-1,-1,-1,-1,0,0,0,0,0,0,0,0,0,0,0,0,-1,-1,-1,-1,-1,-1,-1,-1,-1,-1,-1,-1,-1,-1,-1,-1,-1,-1,-1,-1,-1,-1,-1,-1,0,0,0,0,0,0,0,0,0,0,0,0,0,0,0,0,0,0,0,0,0,0,0,0,255,139,139,115,0,0,0,0,0,0,0,100,100,100,100,0,0,100,-1,-1,100,130,0,1,1,-1,0,0,150,0,0,0,0,115,0,115,0,0,0,0,130,0,[0|0|0|0]
1010130,Euporia - Attack,0.35,0.2,0,0,1.2,0.08,-1,19893,-1,1665,-1,120,122,-1,-1,130,130,-1,-1,0,90,90,90,90,110,200,100,100,0,0,0,0,0,0,0,0,0,0,0,0,10,0,0,0,0,2,0,0,0,0,0,0,1,0,0,253,255,0,255,0,255,0,0,0,0,0,0,0,0,0,0,0,2,1,0,0,0,0,0,0,0,0,0,0,-1,-1,2100,2010,-1,-1,-1,-1,-1,-1,-1,-1,-1,-1,-1,-1,-1,-1,-1,-1,-1,-1,-1,-1,-1,-1,-1,-1,-1,-1,-1,-1,0,0,0,0,0,0,0,0,0,0,0,0,-1,-1,-1,-1,-1,-1,-1,-1,-1,-1,-1,-1,-1,-1,-1,-1,-1,-1,-1,-1,-1,-1,-1,-1,0,0,0,0,0,0,0,0,0,0,0,0,0,0,0,0,0,0,0,0,0,0,0,0,255,139,139,80,0,0,0,0,0,0,0,100,100,100,100,0,0,100,-1,-1,100,90,0,1,1,-1,0,0,100,0,0,0,0,90,0,90,0,0,0,0,130,0,[0|0|0|0]
1010140,Euporia - Attack,0.35,0.05,0,0,0.7,0.08,-1,19893,-1,1665,-1,120,122,-1,-1,130,130,-1,-1,0,90,90,90,90,110,200,100,100,0,0,0,0,0,0,0,0,0,0,0,0,10,0,0,0,0,2,0,0,0,0,0,0,1,0,0,252,255,2,255,0,255,0,0,0,0,0,0,0,0,0,0,0,0,1,0,0,0,0,0,0,0,0,0,0,-1,-1,2100,2010,-1,-1,-1,-1,-1,-1,-1,-1,-1,-1,-1,-1,-1,-1,-1,-1,-1,-1,-1,-1,-1,-1,-1,-1,-1,-1,-1,-1,0,0,0,0,0,0,0,0,0,0,0,0,-1,-1,-1,-1,-1,-1,-1,-1,-1,-1,-1,-1,-1,-1,-1,-1,-1,-1,-1,-1,-1,-1,-1,-1,0,0,0,0,0,0,0,0,0,0,0,0,0,0,0,0,0,0,0,0,0,0,0,0,255,139,139,90,0,0,0,0,0,0,0,100,100,100,100,0,0,100,-1,-1,100,90,0,1,1,-1,0,0,100,0,0,0,0,90,0,90,0,0,0,0,130,0,[0|0|0|0]
1010150,Euporia - Attack,0.35,0.1,0,0,0.8,0.08,-1,19893,-1,1665,-1,100,110,-1,-1,110,122,-1,-1,0,107,107,107,107,100,9900,100,100,102,0,0,0,0,0,0,0,0,0,0,0,10,0,0,0,0,2,0,0,0,0,0,0,1,0,0,253,255,0,255,0,255,0,0,0,0,0,0,0,0,0,0,0,3,1,0,0,0,0,0,0,0,0,0,0,-1,-1,2100,2010,-1,-1,-1,-1,-1,-1,-1,-1,-1,-1,-1,-1,-1,-1,-1,-1,-1,-1,-1,-1,-1,-1,-1,-1,-1,-1,-1,-1,0,0,0,0,0,0,0,0,0,0,0,0,-1,-1,-1,-1,-1,-1,-1,-1,-1,-1,-1,-1,-1,-1,-1,-1,-1,-1,-1,-1,-1,-1,-1,-1,0,0,0,0,0,0,0,0,0,0,0,0,0,0,0,0,0,0,0,0,0,0,0,0,255,139,139,107,0,0,0,0,0,0,0,100,100,100,100,0,0,100,-1,-1,100,130,0,1,1,-1,0,0,150,0,0,0,0,107,0,107,0,0,0,0,130,0,[0|0|0|0]
1010155,Euporia - Attack,0.35,0.1,0,0,0.8,0.08,-1,19893,-1,1665,-1,100,110,-1,-1,110,122,-1,-1,0,107,107,107,107,100,9900,100,100,102,0,0,0,0,0,0,0,0,0,0,0,10,0,0,0,0,2,0,0,0,0,0,0,1,0,0,253,255,0,255,0,255,0,0,0,0,0,0,0,0,0,0,0,3,1,0,0,0,0,0,0,0,0,0,0,-1,-1,2100,2010,-1,-1,-1,-1,-1,-1,-1,-1,-1,-1,-1,-1,-1,-1,-1,-1,-1,-1,-1,-1,-1,-1,-1,-1,-1,-1,-1,-1,0,0,0,0,0,0,0,0,0,0,0,0,-1,-1,-1,-1,-1,-1,-1,-1,-1,-1,-1,-1,-1,-1,-1,-1,-1,-1,-1,-1,-1,-1,-1,-1,0,0,0,0,0,0,0,0,0,0,0,0,0,0,0,0,0,0,0,0,0,0,0,0,255,139,139,107,0,0,0,0,0,0,0,100,100,100,100,0,0,100,-1,-1,100,130,0,1,1,-1,0,0,150,0,0,0,0,107,0,107,0,0,0,0,130,0,[0|0|0|0]
1010160,Euporia - Attack,0.35,0.05,0,0,1,0.08,-1,19893,-1,1665,-1,120,122,-1,-1,130,130,-1,-1,0,127,127,127,127,200,9900,100,100,102,0,0,0,0,0,0,0,0,0,0,0,10,0,0,0,0,2,0,0,0,0,0,0,2,0,0,252,255,2,255,0,255,0,0,0,0,0,0,0,0,0,0,0,1,1,0,0,0,0,0,0,0,0,0,0,-1,-1,2100,2010,-1,-1,-1,-1,-1,-1,-1,-1,-1,-1,-1,-1,-1,-1,-1,-1,-1,-1,-1,-1,-1,-1,-1,-1,-1,-1,-1,-1,0,0,0,0,0,0,0,0,0,0,0,0,-1,-1,-1,-1,-1,-1,-1,-1,-1,-1,-1,-1,-1,-1,-1,-1,-1,-1,-1,-1,-1,-1,-1,-1,0,0,0,0,0,0,0,0,0,0,0,0,0,0,0,0,0,0,0,0,0,0,0,0,255,139,139,127,0,0,0,0,0,0,0,100,100,100,100,0,0,100,-1,-1,100,140,0,1,1,-1,0,0,400,0,0,0,0,127,0,127,0,0,0,0,130,0,[0|0|0|0]
1010165,Euporia - Attack,0.35,0.05,0,0,1,0.08,-1,19893,-1,1665,-1,120,122,-1,-1,130,130,-1,-1,0,127,127,127,127,200,9900,100,100,102,0,0,0,0,0,0,0,0,0,0,0,10,0,0,0,0,2,0,0,0,0,0,0,2,0,0,252,255,2,255,0,255,0,0,0,0,0,0,0,0,0,0,0,1,1,0,0,0,0,0,0,0,0,0,0,-1,-1,2100,2010,-1,-1,-1,-1,-1,-1,-1,-1,-1,-1,-1,-1,-1,-1,-1,-1,-1,-1,-1,-1,-1,-1,-1,-1,-1,-1,-1,-1,0,0,0,0,0,0,0,0,0,0,0,0,-1,-1,-1,-1,-1,-1,-1,-1,-1,-1,-1,-1,-1,-1,-1,-1,-1,-1,-1,-1,-1,-1,-1,-1,0,0,0,0,0,0,0,0,0,0,0,0,0,0,0,0,0,0,0,0,0,0,0,0,255,139,139,127,0,0,0,0,0,0,0,100,100,100,100,0,0,100,-1,-1,100,140,0,1,1,-1,0,0,400,0,0,0,0,127,0,127,0,0,0,0,130,0,[0|0|0|0]
1010180,Euporia - Attack,0.4,0.2,0,0,1.1,0.08,-1,19893,-1,1665,-1,100,110,-1,-1,110,122,-1,-1,0,125,125,125,125,110,9900,100,60000,103,0,0,0,0,0,0,0,0,0,0,0,10,0,0,0,0,2,0,0,0,0,0,0,2,0,0,253,255,0,255,0,255,0,0,0,0,0,0,0,0,0,0,0,2,1,0,0,0,0,0,0,0,0,0,0,-1,-1,2100,2010,-1,-1,-1,-1,-1,-1,-1,-1,-1,-1,-1,-1,-1,-1,-1,-1,-1,-1,-1,-1,-1,-1,-1,-1,-1,-1,-1,-1,0,0,0,0,0,0,0,0,0,0,0,0,-1,-1,-1,-1,-1,-1,-1,-1,-1,-1,-1,-1,-1,-1,-1,-1,-1,-1,-1,-1,-1,-1,-1,-1,0,0,0,0,0,0,0,0,0,0,0,0,0,0,0,0,0,0,0,0,0,0,0,0,255,139,139,125,0,0,0,0,0,0,0,100,100,100,100,0,0,100,-1,-1,100,100,0,1,1,-1,0,0,600,0,0,0,0,125,0,125,0,0,0,0,130,0,[0|0|0|0]
1010200,Euporia - Attack,0.35,0.05,0,0,0.5,0.04,-1,19892,-1,-1,-1,120,122,-1,-1,130,130,-1,-1,0,50,50,50,50,50,500,100,100,0,0,0,0,0,0,0,0,0,0,0,0,10,0,0,0,0,2,0,0,0,0,0,0,8,0,0,253,255,0,255,0,255,0,0,0,0,0,0,0,0,0,0,0,2,1,0,0,0,0,0,0,0,9,0,0,-1,-1,2100,2010,-1,-1,-1,-1,-1,-1,-1,-1,-1,-1,-1,-1,-1,-1,-1,-1,-1,-1,-1,-1,-1,-1,-1,-1,-1,-1,-1,-1,0,0,0,0,0,0,0,0,0,0,0,0,-1,-1,-1,-1,-1,-1,-1,-1,-1,-1,-1,-1,-1,-1,-1,-1,-1,-1,-1,-1,-1,-1,-1,-1,0,0,0,0,0,0,0,0,0,0,0,0,0,0,0,0,0,0,0,0,0,0,0,0,255,139,139,50,0,0,0,0,0,0,0,50,50,100,100,0,0,50,-1,-1,100,30,0,1,1,-1,0,0,40,0,0,0,0,50,0,50,0,0,0,0,130,0,[0|0|0|0]
1010201,Euporia - Attack,0.35,0.1,0,0,0.35,0.04,-1,19892,-1,1665,1667,100,110,-1,-1,110,122,-1,-1,0,103,103,103,103,120,500,100,100,0,0,0,0,0,0,0,0,0,0,0,0,10,0,0,0,0,2,0,0,0,0,0,0,1,0,0,253,255,0,255,0,255,0,0,0,0,0,0,0,0,0,0,0,1,1,0,0,0,0,0,0,0,0,0,0,-1,-1,2100,2010,-1,-1,-1,-1,-1,-1,-1,-1,-1,-1,-1,-1,-1,-1,-1,-1,-1,-1,-1,-1,-1,-1,-1,-1,-1,-1,-1,-1,0,0,0,0,0,0,0,0,0,0,0,0,-1,-1,-1,-1,-1,-1,-1,-1,-1,-1,-1,-1,-1,-1,-1,-1,-1,-1,-1,-1,-1,-1,-1,-1,0,0,0,0,0,0,0,0,0,0,0,0,0,0,0,0,0,0,0,0,0,0,0,0,255,139,139,103,0,0,0,0,0,0,0,100,100,100,100,0,0,100,-1,-1,100,100,0,1,1,-1,0,0,70,0,0,0,0,103,0,103,0,0,0,0,130,0,[0|0|0|0]
1010210,Euporia - Attack,0.35,0.05,0,0,0.5,0.04,-1,19892,-1,-1,-1,120,122,-1,-1,130,130,-1,-1,0,50,50,50,50,50,500,100,100,0,0,0,0,0,0,0,0,0,0,0,0,10,0,0,0,0,2,0,0,0,0,0,0,8,0,0,253,255,0,255,0,255,0,0,0,0,0,0,0,0,0,0,0,4,1,0,0,0,0,0,0,0,9,0,0,-1,-1,2100,2010,-1,-1,-1,-1,-1,-1,-1,-1,-1,-1,-1,-1,-1,-1,-1,-1,-1,-1,-1,-1,-1,-1,-1,-1,-1,-1,-1,-1,0,0,0,0,0,0,0,0,0,0,0,0,-1,-1,-1,-1,-1,-1,-1,-1,-1,-1,-1,-1,-1,-1,-1,-1,-1,-1,-1,-1,-1,-1,-1,-1,0,0,0,0,0,0,0,0,0,0,0,0,0,0,0,0,0,0,0,0,0,0,0,0,255,139,139,50,0,0,0,0,0,0,0,50,50,100,100,0,0,50,-1,-1,100,30,0,1,1,-1,0,0,40,0,0,0,0,50,0,50,0,0,0,0,130,0,[0|0|0|0]
1010211,Euporia - Attack,0.35,0.1,0,0,0.5,0.04,-1,19892,-1,1665,1667,100,110,-1,-1,110,122,-1,-1,0,104,104,104,104,120,500,100,100,0,0,0,0,0,0,0,0,0,0,0,0,10,0,0,0,0,2,0,0,0,0,0,0,1,0,0,253,255,0,255,0,255,0,0,0,0,0,0,0,0,0,0,0,4,1,0,0,0,0,0,0,0,0,0,0,-1,-1,2100,2010,-1,-1,-1,-1,-1,-1,-1,-1,-1,-1,-1,-1,-1,-1,-1,-1,-1,-1,-1,-1,-1,-1,-1,-1,-1,-1,-1,-1,0,0,0,0,0,0,0,0,0,0,0,0,-1,-1,-1,-1,-1,-1,-1,-1,-1,-1,-1,-1,-1,-1,-1,-1,-1,-1,-1,-1,-1,-1,-1,-1,0,0,0,0,0,0,0,0,0,0,0,0,0,0,0,0,0,0,0,0,0,0,0,0,255,139,139,104,0,0,0,0,0,0,0,100,100,100,100,0,0,100,-1,-1,100,100,0,1,1,-1,0,0,70,0,0,0,0,104,0,104,0,0,0,0,130,0,[0|0|0|0]
1010220,Euporia - Attack,0.35,0.1,0,0,0.4,0.08,-1,19892,-1,1665,1667,100,110,-1,-1,110,122,-1,-1,0,115,115,115,115,150,500,100,100,0,0,0,0,0,0,0,0,0,0,0,0,10,0,0,0,0,2,0,0,0,0,0,0,1,0,0,253,255,0,255,0,255,0,0,0,0,0,0,0,0,0,0,0,0,1,0,0,0,0,0,0,0,0,0,0,-1,-1,2100,2010,-1,-1,-1,-1,-1,-1,-1,-1,-1,-1,-1,-1,-1,-1,-1,-1,-1,-1,-1,-1,-1,-1,-1,-1,-1,-1,-1,-1,0,0,0,0,0,0,0,0,0,0,0,0,-1,-1,-1,-1,-1,-1,-1,-1,-1,-1,-1,-1,-1,-1,-1,-1,-1,-1,-1,-1,-1,-1,-1,-1,0,0,0,0,0,0,0,0,0,0,0,0,0,0,0,0,0,0,0,0,0,0,0,0,255,139,139,115,0,0,0,0,0,0,0,100,100,100,100,0,0,100,-1,-1,100,105,0,1,1,-1,0,0,130,0,0,0,0,115,0,115,0,0,0,0,130,0,[0|0|0|0]
1010230,Euporia - Attack,0.35,0.1,0,0,0.4,0.03,-1,19892,-1,-1,-1,100,110,-1,-1,110,122,-1,-1,0,50,50,50,50,50,500,100,100,0,0,0,0,0,0,0,0,0,0,0,0,10,0,0,0,0,2,0,0,0,0,0,0,8,0,0,253,255,0,255,0,255,0,0,0,0,0,0,0,0,0,0,0,3,1,0,0,0,0,0,0,0,9,0,0,-1,-1,2100,2010,-1,-1,-1,-1,-1,-1,-1,-1,-1,-1,-1,-1,-1,-1,-1,-1,-1,-1,-1,-1,-1,-1,-1,-1,-1,-1,-1,-1,0,0,0,0,0,0,0,0,0,0,0,0,-1,-1,-1,-1,-1,-1,-1,-1,-1,-1,-1,-1,-1,-1,-1,-1,-1,-1,-1,-1,-1,-1,-1,-1,0,0,0,0,0,0,0,0,0,0,0,0,0,0,0,0,0,0,0,0,0,0,0,0,255,139,139,50,0,0,0,0,0,0,0,50,50,100,100,0,0,50,-1,-1,100,30,0,1,1,-1,0,0,40,0,0,0,0,50,0,50,0,0,0,0,130,0,[0|0|0|0]
1010231,Euporia - Attack,0,0,0,0,0.4,0.03,-1,19892,-1,-1,-1,-1,-1,-1,-1,-1,-1,-1,-1,0,50,50,50,50,100,500,100,100,0,0,0,0,0,0,0,0,0,0,0,0,10,0,0,0,0,2,0,0,0,0,0,0,8,0,0,253,255,0,255,0,255,0,0,0,0,0,0,0,0,0,0,0,2,1,0,0,0,0,0,0,0,0,0,0,-1,-1,2100,2010,-1,-1,-1,-1,-1,-1,-1,-1,-1,-1,-1,-1,-1,-1,-1,-1,-1,-1,-1,-1,-1,-1,-1,-1,-1,-1,-1,-1,0,0,0,0,0,0,0,0,0,0,0,0,-1,-1,-1,-1,-1,-1,-1,-1,-1,-1,-1,-1,-1,-1,-1,-1,-1,-1,-1,-1,-1,-1,-1,-1,0,0,0,0,0,0,0,0,0,0,0,0,0,0,0,0,0,0,0,0,0,0,0,0,255,139,139,50,0,0,0,0,0,0,0,50,50,100,100,0,0,50,-1,-1,100,50,0,1,1,-1,0,0,20,0,0,0,0,50,0,50,0,0,0,0,130,0,[0|0|0|0]
1010232,Euporia - Attack,0.35,0.1,0,0,0.4,0.03,-1,19892,-1,1665,1667,100,110,-1,-1,110,122,-1,-1,0,106,106,106,106,120,500,100,100,0,0,0,0,0,0,0,0,0,0,0,0,10,0,0,0,0,2,0,0,0,0,0,0,1,0,0,253,255,0,255,0,255,0,0,0,0,0,0,0,0,0,0,0,3,1,0,0,0,0,0,0,0,0,0,0,-1,-1,2100,2010,-1,-1,-1,-1,-1,-1,-1,-1,-1,-1,-1,-1,-1,-1,-1,-1,-1,-1,-1,-1,-1,-1,-1,-1,-1,-1,-1,-1,0,0,0,0,0,0,0,0,0,0,0,0,-1,-1,-1,-1,-1,-1,-1,-1,-1,-1,-1,-1,-1,-1,-1,-1,-1,-1,-1,-1,-1,-1,-1,-1,0,0,0,0,0,0,0,0,0,0,0,0,0,0,0,0,0,0,0,0,0,0,0,0,255,139,139,106,0,0,0,0,0,0,0,100,100,100,100,0,0,100,-1,-1,100,105,0,1,1,-1,0,0,70,0,0,0,0,106,0,106,0,0,0,0,130,0,[0|0|0|0]
1010240,Euporia - Attack,0.35,0.1,0,0,0.45,0.03,-1,19892,-1,-1,-1,100,110,-1,-1,110,122,-1,-1,0,50,50,50,50,50,500,100,100,104,0,0,0,0,0,0,0,0,0,0,0,10,0,0,0,0,2,0,0,0,0,0,0,8,0,0,253,255,0,255,0,255,0,0,0,0,0,0,0,0,0,0,0,4,1,0,0,0,0,0,0,0,9,0,0,-1,-1,2100,2010,-1,-1,-1,-1,-1,-1,-1,-1,-1,-1,-1,-1,-1,-1,-1,-1,-1,-1,-1,-1,-1,-1,-1,-1,-1,-1,-1,-1,0,0,0,0,0,0,0,0,0,0,0,0,-1,-1,-1,-1,-1,-1,-1,-1,-1,-1,-1,-1,-1,-1,-1,-1,-1,-1,-1,-1,-1,-1,-1,-1,0,0,0,0,0,0,0,0,0,0,0,0,0,0,0,0,0,0,0,0,0,0,0,0,255,139,139,50,0,0,0,0,0,0,0,50,50,100,100,0,0,50,-1,-1,100,30,0,1,1,-1,0,0,40,0,0,0,0,50,0,50,0,0,0,0,130,0,[0|0|0|0]
1010241,Euporia - Attack,0.4,0.05,0,0,0.4,0.03,-1,19893,-1,-1,-1,120,122,-1,-1,130,130,-1,-1,0,50,50,50,50,50,500,100,100,104,0,0,0,0,0,0,0,0,0,0,0,10,0,0,0,0,2,0,0,0,0,0,0,8,0,0,253,255,0,255,0,255,0,0,0,0,0,0,0,0,0,0,0,4,1,0,0,0,0,0,0,0,9,0,0,-1,-1,2100,2010,-1,-1,-1,-1,-1,-1,-1,-1,-1,-1,-1,-1,-1,-1,-1,-1,-1,-1,-1,-1,-1,-1,-1,-1,-1,-1,-1,-1,0,0,0,0,0,0,0,0,0,0,0,0,-1,-1,-1,-1,-1,-1,-1,-1,-1,-1,-1,-1,-1,-1,-1,-1,-1,-1,-1,-1,-1,-1,-1,-1,0,0,0,0,0,0,0,0,0,0,0,0,0,0,0,0,0,0,0,0,0,0,0,0,255,139,139,50,0,0,0,0,0,0,0,50,50,100,100,0,0,50,-1,-1,100,30,0,1,1,-1,0,0,40,0,0,0,0,50,0,50,0,0,0,0,130,0,[0|0|0|0]
1010242,Euporia - Attack,0.35,0.1,0,0,1.3,0.03,-1,19893,-1,1665,1667,100,110,-1,-1,110,122,-1,-1,0,100,100,100,100,120,500,100,100,104,0,0,0,0,0,0,0,0,0,0,0,10,0,0,0,0,2,0,0,0,0,0,0,2,0,0,253,255,0,255,0,255,0,0,0,0,0,0,0,0,0,0,0,1,1,0,0,0,0,0,0,0,0,0,0,-1,-1,2100,2010,-1,-1,-1,-1,-1,-1,-1,-1,-1,-1,-1,-1,-1,-1,-1,-1,-1,-1,-1,-1,-1,-1,-1,-1,-1,-1,-1,-1,0,0,0,0,0,0,0,0,0,0,0,0,-1,-1,-1,-1,-1,-1,-1,-1,-1,-1,-1,-1,-1,-1,-1,-1,-1,-1,-1,-1,-1,-1,-1,-1,0,0,0,0,0,0,0,0,0,0,0,0,0,0,0,0,0,0,0,0,0,0,0,0,255,139,139,100,0,0,0,0,0,0,0,100,100,100,100,0,0,100,-1,-1,100,115,0,1,1,-1,0,0,140,0,0,0,0,100,0,100,0,0,0,0,130,0,[0|0|0|0]
1010300,Euporia - Attack,0,0,0,0,0.4,0.03,-1,19892,-1,-1,-1,-1,-1,-1,-1,-1,-1,-1,-1,0,50,50,50,50,50,500,100,100,0,0,0,0,0,0,0,0,0,0,0,0,10,0,0,0,0,2,0,0,0,0,0,0,1,0,0,253,255,0,255,0,255,0,0,0,0,0,0,0,0,0,0,0,2,1,0,0,0,0,0,0,0,0,0,0,-1,-1,2100,2010,-1,-1,-1,-1,-1,-1,-1,-1,-1,-1,-1,-1,-1,-1,-1,-1,-1,-1,-1,-1,-1,-1,-1,-1,-1,-1,-1,-1,0,0,0,0,0,0,0,0,0,0,0,0,-1,-1,-1,-1,-1,-1,-1,-1,-1,-1,-1,-1,-1,-1,-1,-1,-1,-1,-1,-1,-1,-1,-1,-1,0,0,0,0,0,0,0,0,0,0,0,0,0,0,0,0,0,0,0,0,0,0,0,0,255,139,139,50,0,0,0,0,0,0,0,50,50,100,100,0,0,50,-1,-1,100,50,0,1,1,-1,0,0,60,0,0,0,0,50,0,50,0,0,0,0,130,0,[0|0|0|0]
1010301,Euporia - Attack,0.5,0.22,0,0,0.8,0.03,-1,19892,-1,-1,-1,120,122,-1,-1,130,130,-1,-1,0,50,50,50,50,50,500,100,100,0,0,0,0,0,0,0,0,0,0,0,0,10,0,0,0,0,2,0,0,0,0,0,0,8,0,0,253,255,0,255,0,255,0,0,0,0,0,0,0,0,0,0,0,4,1,0,0,0,0,0,0,0,9,0,0,-1,-1,2100,2010,-1,-1,-1,-1,-1,-1,-1,-1,-1,-1,-1,-1,-1,-1,-1,-1,-1,-1,-1,-1,-1,-1,-1,-1,-1,-1,-1,-1,0,0,0,0,0,0,0,0,0,0,0,0,-1,-1,-1,-1,-1,-1,-1,-1,-1,-1,-1,-1,-1,-1,-1,-1,-1,-1,-1,-1,-1,-1,-1,-1,0,0,0,0,0,0,0,0,0,0,0,0,0,0,0,0,0,0,0,0,0,0,0,0,255,139,139,50,0,0,0,0,0,0,0,50,50,100,100,0,0,50,-1,-1,100,30,0,1,1,-1,0,0,60,0,0,0,0,50,0,50,0,0,0,0,130,0,[0|0|0|0]
1010302,Euporia - Attack,0.35,0.22,0,0,0.5,0.03,-1,19893,-1,1665,1667,100,110,-1,-1,110,122,-1,-1,0,130,130,130,130,170,500,100,100,0,0,0,0,0,0,0,0,0,0,0,0,10,0,0,0,0,2,0,0,0,0,0,0,2,0,0,253,255,0,255,0,255,0,0,0,0,0,0,0,0,0,0,0,4,1,0,0,0,0,0,0,0,0,0,0,-1,-1,2100,2010,-1,-1,-1,-1,-1,-1,-1,-1,-1,-1,-1,-1,-1,-1,-1,-1,-1,-1,-1,-1,-1,-1,-1,-1,-1,-1,-1,-1,0,0,0,0,0,0,0,0,0,0,0,0,-1,-1,-1,-1,-1,-1,-1,-1,-1,-1,-1,-1,-1,-1,-1,-1,-1,-1,-1,-1,-1,-1,-1,-1,0,0,0,0,0,0,0,0,0,0,0,0,0,0,0,0,0,0,0,0,0,0,0,0,255,139,139,130,0,0,0,0,0,0,0,100,100,100,100,0,0,100,-1,-1,100,130,0,1,1,-1,0,0,160,0,0,0,0,130,0,130,0,0,0,0,130,0,[0|0|0|0]
1010305,Euporia - Attack,0.5,0.22,0,0,0.6,0.03,-1,19892,-1,-1,-1,120,122,-1,-1,130,130,-1,-1,0,50,50,50,50,50,500,100,100,100,0,0,0,0,0,0,0,0,0,0,0,10,0,0,0,0,2,0,0,0,0,0,0,2,0,0,253,255,0,255,0,255,0,0,0,0,0,0,0,0,0,0,0,2,1,0,0,0,0,0,0,0,9,0,0,-1,-1,2100,2010,-1,-1,-1,-1,-1,-1,-1,-1,-1,-1,-1,-1,-1,-1,-1,-1,-1,-1,-1,-1,-1,-1,-1,-1,-1,-1,-1,-1,0,0,0,0,0,0,0,0,0,0,0,0,-1,-1,-1,-1,-1,-1,-1,-1,-1,-1,-1,-1,-1,-1,-1,-1,-1,-1,-1,-1,-1,-1,-1,-1,0,0,0,0,0,0,0,0,0,0,0,0,0,0,0,0,0,0,0,0,0,0,0,0,255,139,139,50,0,0,0,0,0,0,0,50,50,100,100,0,0,50,-1,-1,100,30,0,1,1,-1,0,0,60,0,0,0,0,50,0,50,0,0,0,0,130,0,[0|0|0|0]
1010306,Euporia - Attack,0.5,0.22,0.5,0,0.6,0.03,-1,19892,-1,-1,-1,100,110,80,-1,110,122,-1,-1,0,50,50,50,50,50,500,100,100,100,0,0,0,0,0,0,0,0,0,0,0,10,0,0,0,0,2,0,0,0,0,0,0,8,0,0,253,255,0,255,0,255,0,0,0,0,0,0,0,0,0,0,0,4,1,0,0,0,0,0,0,0,9,0,0,-1,-1,2100,2010,-1,-1,-1,-1,-1,-1,-1,-1,-1,-1,-1,-1,-1,-1,-1,-1,-1,-1,-1,-1,-1,-1,-1,-1,-1,-1,-1,-1,0,0,0,0,0,0,0,0,0,0,0,0,-1,-1,-1,-1,-1,-1,-1,-1,-1,-1,-1,-1,-1,-1,-1,-1,-1,-1,-1,-1,-1,-1,-1,-1,0,0,0,0,0,0,0,0,0,0,0,0,0,0,0,0,0,0,0,0,0,0,0,0,255,139,139,50,0,0,0,0,0,0,0,50,50,100,100,0,0,50,-1,-1,100,30,0,1,1,-1,0,0,60,0,0,0,0,50,0,50,0,0,0,0,130,0,[0|0|0|0]
1010307,Euporia - Attack,0.5,0.22,0,0,0.6,0.03,-1,19893,-1,-1,-1,120,122,-1,-1,130,130,-1,-1,0,50,50,50,50,50,500,100,100,100,0,0,0,0,0,0,0,0,0,0,0,10,0,0,0,0,2,0,0,0,0,0,0,8,0,0,253,255,0,255,0,255,0,0,0,0,0,0,0,0,0,0,0,4,1,0,0,0,0,0,0,0,9,0,0,-1,-1,2100,2010,-1,-1,-1,-1,-1,-1,-1,-1,-1,-1,-1,-1,-1,-1,-1,-1,-1,-1,-1,-1,-1,-1,-1,-1,-1,-1,-1,-1,0,0,0,0,0,0,0,0,0,0,0,0,-1,-1,-1,-1,-1,-1,-1,-1,-1,-1,-1,-1,-1,-1,-1,-1,-1,-1,-1,-1,-1,-1,-1,-1,0,0,0,0,0,0,0,0,0,0,0,0,0,0,0,0,0,0,0,0,0,0,0,0,255,139,139,50,0,0,0,0,0,0,0,50,50,100,100,0,0,50,-1,-1,100,30,0,1,1,-1,0,0,60,0,0,0,0,50,0,50,0,0,0,0,130,0,[0|0|0|0]
1010308,Euporia - Attack,0.35,0.22,0,0,0.55,0.03,-1,19893,-1,1665,1667,100,110,-1,-1,110,122,-1,-1,0,165,165,165,165,240,500,100,100,100,0,0,0,0,0,0,0,0,0,0,0,10,0,0,0,0,2,0,0,0,0,0,0,2,0,0,253,255,0,255,0,255,0,0,0,0,0,0,0,0,0,0,0,4,1,0,0,0,0,0,0,0,0,0,0,-1,-1,2100,2010,-1,-1,-1,-1,-1,-1,-1,-1,-1,-1,-1,-1,-1,-1,-1,-1,-1,-1,-1,-1,-1,-1,-1,-1,-1,-1,-1,-1,0,0,0,0,0,0,0,0,0,0,0,0,-1,-1,-1,-1,-1,-1,-1,-1,-1,-1,-1,-1,-1,-1,-1,-1,-1,-1,-1,-1,-1,-1,-1,-1,0,0,0,0,0,0,0,0,0,0,0,0,0,0,0,0,0,0,0,0,0,0,0,0,255,139,139,165,0,0,0,0,0,0,0,100,100,100,100,0,0,100,-1,-1,100,150,0,1,1,-1,0,0,480,0,0,0,0,165,0,165,0,0,0,0,130,0,[0|0|0|0]
1010310,Euporia - Attack,0.4,0.22,0,0,0,0.03,-1,19892,-1,-1,-1,100,110,-1,-1,110,122,-1,-1,0,50,50,50,50,50,500,100,100,0,0,0,0,0,0,0,0,0,0,0,0,10,0,0,0,0,2,0,0,0,0,0,0,8,0,0,253,255,0,255,0,255,0,0,0,0,0,0,0,0,0,0,0,2,1,0,0,0,0,0,0,0,9,0,0,-1,-1,2100,2010,-1,-1,-1,-1,-1,-1,-1,-1,-1,-1,-1,-1,-1,-1,-1,-1,-1,-1,-1,-1,-1,-1,-1,-1,-1,-1,-1,-1,0,0,0,0,0,0,0,0,0,0,0,0,-1,-1,-1,-1,-1,-1,-1,-1,-1,-1,-1,-1,-1,-1,-1,-1,-1,-1,-1,-1,-1,-1,-1,-1,0,0,0,0,0,0,0,0,0,0,0,0,0,0,0,0,0,0,0,0,0,0,0,0,255,139,139,50,0,0,0,0,0,0,0,50,50,100,100,0,0,50,-1,-1,100,30,0,1,1,-1,0,0,30,0,0,0,0,50,0,50,0,0,0,0,130,0,[0|0|0|0]
1010311,Euporia - Attack,0.4,0.22,0,0,0.4,0.03,-1,19892,-1,-1,-1,120,122,-1,-1,130,130,-1,-1,0,50,50,50,50,50,500,100,100,0,0,0,0,0,0,0,0,0,0,0,0,10,0,0,0,0,2,0,0,0,0,0,0,8,0,0,253,255,0,255,0,255,0,0,0,0,0,0,0,0,0,0,0,3,1,0,0,0,0,0,0,0,9,0,0,-1,-1,2100,2010,-1,-1,-1,-1,-1,-1,-1,-1,-1,-1,-1,-1,-1,-1,-1,-1,-1,-1,-1,-1,-1,-1,-1,-1,-1,-1,-1,-1,0,0,0,0,0,0,0,0,0,0,0,0,-1,-1,-1,-1,-1,-1,-1,-1,-1,-1,-1,-1,-1,-1,-1,-1,-1,-1,-1,-1,-1,-1,-1,-1,0,0,0,0,0,0,0,0,0,0,0,0,0,0,0,0,0,0,0,0,0,0,0,0,255,139,139,50,0,0,0,0,0,0,0,50,50,100,100,0,0,50,-1,-1,100,30,0,1,1,-1,0,0,30,0,0,0,0,50,0,50,0,0,0,0,130,0,[0|0|0|0]
1010312,Euporia - Attack,0.35,0.22,0,0,1.2,0.03,-1,19893,-1,1665,1667,100,110,-1,-1,110,122,-1,-1,0,130,130,130,130,170,500,100,100,0,0,0,0,0,0,0,0,0,0,0,0,10,0,0,0,0,2,0,0,0,0,0,0,2,0,0,253,255,0,255,0,255,0,0,0,0,0,0,0,0,0,0,0,3,1,0,0,0,0,0,0,0,0,0,0,-1,-1,2100,2010,-1,-1,-1,-1,-1,-1,-1,-1,-1,-1,-1,-1,-1,-1,-1,-1,-1,-1,-1,-1,-1,-1,-1,-1,-1,-1,-1,-1,0,0,0,0,0,0,0,0,0,0,0,0,-1,-1,-1,-1,-1,-1,-1,-1,-1,-1,-1,-1,-1,-1,-1,-1,-1,-1,-1,-1,-1,-1,-1,-1,0,0,0,0,0,0,0,0,0,0,0,0,0,0,0,0,0,0,0,0,0,0,0,0,255,139,139,130,0,0,0,0,0,0,0,100,100,100,100,0,0,100,-1,-1,100,130,0,1,1,-1,0,0,160,0,0,0,0,130,0,130,0,0,0,0,130,0,[0|0|0|0]
1010315,Euporia - Attack,0.4,0.22,0,0,0.6,0.03,-1,19892,-1,-1,-1,120,122,-1,-1,130,130,-1,-1,0,50,50,50,50,50,500,100,100,100,0,0,0,0,0,0,0,0,0,0,0,10,0,0,0,0,2,0,0,0,0,0,0,2,0,0,253,255,0,255,0,255,0,0,0,0,0,0,0,0,0,0,0,2,1,0,0,0,0,0,0,0,9,0,0,-1,-1,2100,2010,-1,-1,-1,-1,-1,-1,-1,-1,-1,-1,-1,-1,-1,-1,-1,-1,-1,-1,-1,-1,-1,-1,-1,-1,-1,-1,-1,-1,0,0,0,0,0,0,0,0,0,0,0,0,-1,-1,-1,-1,-1,-1,-1,-1,-1,-1,-1,-1,-1,-1,-1,-1,-1,-1,-1,-1,-1,-1,-1,-1,0,0,0,0,0,0,0,0,0,0,0,0,0,0,0,0,0,0,0,0,0,0,0,0,255,139,139,50,0,0,0,0,0,0,0,50,50,100,100,0,0,50,-1,-1,100,30,0,1,1,-1,0,0,60,0,0,0,0,50,0,50,0,0,0,0,130,0,[0|0|0|0]
1010316,Euporia - Attack,0.5,0.22,0,0,0.6,0.03,-1,19892,-1,-1,-1,100,110,-1,-1,110,122,-1,-1,0,50,50,50,50,50,500,100,100,100,0,0,0,0,0,0,0,0,0,0,0,10,0,0,0,0,2,0,0,0,0,0,0,8,0,0,253,255,0,255,0,255,0,0,0,0,0,0,0,0,0,0,0,3,1,0,0,0,0,0,0,0,9,0,0,-1,-1,2100,2010,-1,-1,-1,-1,-1,-1,-1,-1,-1,-1,-1,-1,-1,-1,-1,-1,-1,-1,-1,-1,-1,-1,-1,-1,-1,-1,-1,-1,0,0,0,0,0,0,0,0,0,0,0,0,-1,-1,-1,-1,-1,-1,-1,-1,-1,-1,-1,-1,-1,-1,-1,-1,-1,-1,-1,-1,-1,-1,-1,-1,0,0,0,0,0,0,0,0,0,0,0,0,0,0,0,0,0,0,0,0,0,0,0,0,255,139,139,50,0,0,0,0,0,0,0,50,50,100,100,0,0,50,-1,-1,100,30,0,1,1,-1,0,0,60,0,0,0,0,50,0,50,0,0,0,0,130,0,[0|0|0|0]
1010317,Euporia - Attack,0.4,0.22,0,0,0.6,0.03,-1,19893,-1,-1,-1,120,122,-1,-1,130,130,-1,-1,0,50,50,50,50,50,500,100,100,100,0,0,0,0,0,0,0,0,0,0,0,10,0,0,0,0,2,0,0,0,0,0,0,8,0,0,253,255,0,255,0,255,0,0,0,0,0,0,0,0,0,0,0,3,1,0,0,0,0,0,0,0,9,0,0,-1,-1,2100,2010,-1,-1,-1,-1,-1,-1,-1,-1,-1,-1,-1,-1,-1,-1,-1,-1,-1,-1,-1,-1,-1,-1,-1,-1,-1,-1,-1,-1,0,0,0,0,0,0,0,0,0,0,0,0,-1,-1,-1,-1,-1,-1,-1,-1,-1,-1,-1,-1,-1,-1,-1,-1,-1,-1,-1,-1,-1,-1,-1,-1,0,0,0,0,0,0,0,0,0,0,0,0,0,0,0,0,0,0,0,0,0,0,0,0,255,139,139,50,0,0,0,0,0,0,0,50,50,100,100,0,0,50,-1,-1,100,30,0,1,1,-1,0,0,60,0,0,0,0,50,0,50,0,0,0,0,130,0,[0|0|0|0]
1010318,Euporia - Attack,0.35,0.22,0,0,0.8,0.03,-1,19893,-1,1665,1667,100,110,-1,-1,110,122,-1,-1,0,165,165,165,165,240,500,100,100,100,0,0,0,0,0,0,0,0,0,0,0,10,0,0,0,0,2,0,0,0,0,0,0,2,0,0,253,255,0,255,0,255,0,0,0,0,0,0,0,0,0,0,0,3,1,0,0,0,0,0,0,0,0,0,0,-1,-1,2100,2010,-1,-1,-1,-1,-1,-1,-1,-1,-1,-1,-1,-1,-1,-1,-1,-1,-1,-1,-1,-1,-1,-1,-1,-1,-1,-1,-1,-1,0,0,0,0,0,0,0,0,0,0,0,0,-1,-1,-1,-1,-1,-1,-1,-1,-1,-1,-1,-1,-1,-1,-1,-1,-1,-1,-1,-1,-1,-1,-1,-1,0,0,0,0,0,0,0,0,0,0,0,0,0,0,0,0,0,0,0,0,0,0,0,0,255,139,139,165,0,0,0,0,0,0,0,100,100,100,100,0,0,100,-1,-1,100,150,0,1,1,-1,0,0,480,0,0,0,0,165,0,165,0,0,0,0,130,0,[0|0|0|0]
1010320,Euporia - Attack,0.35,0.05,0,0,0.7,0.04,-1,19892,-1,-1,-1,100,110,-1,-1,110,122,-1,-1,0,50,50,50,50,50,500,100,100,0,0,0,0,0,0,0,0,0,0,0,0,10,0,0,0,0,2,0,0,0,0,0,0,1,0,0,253,255,0,255,0,255,0,0,0,0,0,0,0,0,0,0,0,4,1,0,0,0,0,0,0,0,9,0,0,-1,-1,2100,2010,-1,-1,-1,-1,-1,-1,-1,-1,-1,-1,-1,-1,-1,-1,-1,-1,-1,-1,-1,-1,-1,-1,-1,-1,-1,-1,-1,-1,0,0,0,0,0,0,0,0,0,0,0,0,-1,-1,-1,-1,-1,-1,-1,-1,-1,-1,-1,-1,-1,-1,-1,-1,-1,-1,-1,-1,-1,-1,-1,-1,0,0,0,0,0,0,0,0,0,0,0,0,0,0,0,0,0,0,0,0,0,0,0,0,255,139,139,50,0,0,0,0,0,0,0,50,50,100,100,0,0,50,-1,-1,100,30,0,1,1,-1,0,0,40,0,0,0,0,50,0,50,0,0,0,0,130,0,[0|0|0|0]
1010321,Euporia - Attack,0.35,0.1,0,0,0.9,0.04,-1,19892,-1,1665,1667,100,110,-1,-1,110,122,-1,-1,0,110,110,110,110,140,500,100,100,0,0,0,0,0,0,0,0,0,0,0,0,10,0,0,0,0,2,0,0,0,0,0,0,1,0,0,253,255,0,255,0,255,0,0,0,0,0,0,0,0,0,0,0,2,1,0,0,0,0,0,0,0,0,0,0,-1,-1,2100,2010,-1,-1,-1,-1,-1,-1,-1,-1,-1,-1,-1,-1,-1,-1,-1,-1,-1,-1,-1,-1,-1,-1,-1,-1,-1,-1,-1,-1,0,0,0,0,0,0,0,0,0,0,0,0,-1,-1,-1,-1,-1,-1,-1,-1,-1,-1,-1,-1,-1,-1,-1,-1,-1,-1,-1,-1,-1,-1,-1,-1,0,0,0,0,0,0,0,0,0,0,0,0,0,0,0,0,0,0,0,0,0,0,0,0,255,139,139,110,0,0,0,0,0,0,0,100,100,100,100,0,0,100,-1,-1,100,110,0,1,1,-1,0,0,70,0,0,0,0,110,0,110,0,0,0,0,130,0,[0|0|0|0]
1010325,Euporia - Attack,0.35,0.1,0,0,1,0.04,-1,19892,-1,-1,-1,120,122,-1,-1,130,130,-1,-1,0,50,50,50,50,50,500,100,100,0,0,0,0,0,0,0,0,0,0,0,0,10,0,0,0,0,2,0,0,0,0,0,0,1,0,0,253,255,0,255,0,255,0,0,0,0,0,0,0,0,0,0,0,0,1,0,0,0,0,0,0,0,9,0,0,-1,-1,2100,2010,-1,-1,-1,-1,-1,-1,-1,-1,-1,-1,-1,-1,-1,-1,-1,-1,-1,-1,-1,-1,-1,-1,-1,-1,-1,-1,-1,-1,0,0,0,0,0,0,0,0,0,0,0,0,-1,-1,-1,-1,-1,-1,-1,-1,-1,-1,-1,-1,-1,-1,-1,-1,-1,-1,-1,-1,-1,-1,-1,-1,0,0,0,0,0,0,0,0,0,0,0,0,0,0,0,0,0,0,0,0,0,0,0,0,255,139,139,50,0,0,0,0,0,0,0,50,50,100,100,0,0,50,-1,-1,100,30,0,1,1,-1,0,0,55,0,0,0,0,50,0,50,0,0,0,0,130,0,[0|0|0|0]
1010326,Euporia - Attack,0.35,0.1,0,0,0.6,0.04,-1,19893,-1,1665,1667,100,110,-1,-1,110,122,-1,-1,0,125,125,125,125,180,500,100,100,0,0,0,0,0,0,0,0,0,0,0,0,10,0,0,0,0,2,0,0,0,0,0,0,2,0,0,253,255,0,255,0,255,0,0,0,0,0,0,0,0,0,0,0,4,1,0,0,0,0,0,0,0,0,0,0,-1,-1,2100,2010,-1,-1,-1,-1,-1,-1,-1,-1,-1,-1,-1,-1,-1,-1,-1,-1,-1,-1,-1,-1,-1,-1,-1,-1,-1,-1,-1,-1,0,0,0,0,0,0,0,0,0,0,0,0,-1,-1,-1,-1,-1,-1,-1,-1,-1,-1,-1,-1,-1,-1,-1,-1,-1,-1,-1,-1,-1,-1,-1,-1,0,0,0,0,0,0,0,0,0,0,0,0,0,0,0,0,0,0,0,0,0,0,0,0,255,139,139,125,0,0,0,0,0,0,0,100,100,100,100,0,0,100,-1,-1,100,130,0,1,1,-1,0,0,165,0,0,0,0,125,0,125,0,0,0,0,130,0,[0|0|0|0]
1010330,Euporia - Attack,0.35,0.05,0,0,0.2,0.04,-1,19892,-1,-1,-1,120,122,-1,-1,130,130,-1,-1,0,50,50,50,50,50,500,100,100,0,0,0,0,0,0,0,0,0,0,0,0,10,0,0,0,0,2,0,0,0,0,0,0,1,0,0,253,255,0,255,0,255,0,0,0,0,0,0,0,0,0,0,0,0,1,0,0,0,0,0,0,0,9,0,0,-1,-1,2100,2010,-1,-1,-1,-1,-1,-1,-1,-1,-1,-1,-1,-1,-1,-1,-1,-1,-1,-1,-1,-1,-1,-1,-1,-1,-1,-1,-1,-1,0,0,0,0,0,0,0,0,0,0,0,0,-1,-1,-1,-1,-1,-1,-1,-1,-1,-1,-1,-1,-1,-1,-1,-1,-1,-1,-1,-1,-1,-1,-1,-1,0,0,0,0,0,0,0,0,0,0,0,0,0,0,0,0,0,0,0,0,0,0,0,0,255,139,139,50,0,0,0,0,0,0,0,50,50,100,100,0,0,50,-1,-1,100,30,0,1,1,-1,0,0,40,0,0,0,0,50,0,50,0,0,0,0,130,0,[0|0|0|0]
1010331,Euporia - Attack,0.35,0.1,0,0,0.4,0.04,-1,19892,-1,1665,1667,100,110,-1,-1,110,122,-1,-1,0,95,95,95,95,130,500,100,100,0,0,0,0,0,0,0,0,0,0,0,0,10,0,0,0,0,2,0,0,0,0,0,0,1,0,0,253,255,0,255,0,255,0,0,0,0,0,0,0,0,0,0,0,2,1,0,0,0,0,0,0,0,0,0,0,-1,-1,2100,2010,-1,-1,-1,-1,-1,-1,-1,-1,-1,-1,-1,-1,-1,-1,-1,-1,-1,-1,-1,-1,-1,-1,-1,-1,-1,-1,-1,-1,0,0,0,0,0,0,0,0,0,0,0,0,-1,-1,-1,-1,-1,-1,-1,-1,-1,-1,-1,-1,-1,-1,-1,-1,-1,-1,-1,-1,-1,-1,-1,-1,0,0,0,0,0,0,0,0,0,0,0,0,0,0,0,0,0,0,0,0,0,0,0,0,255,139,139,95,0,0,0,0,0,0,0,100,100,100,100,0,0,100,-1,-1,100,90,0,1,1,-1,0,0,70,0,0,0,0,95,0,95,0,0,0,0,130,0,[0|0|0|0]
1010340,Euporia - Attack,0.35,0.05,0,0,0.55,0.08,-1,19892,-1,1665,1667,120,122,-1,-1,130,130,-1,-1,0,105,105,105,105,200,500,100,100,0,0,0,0,0,0,0,0,0,0,0,0,10,0,0,0,0,2,0,0,0,0,0,0,1,0,0,252,255,2,255,0,255,0,0,0,0,0,0,0,0,0,0,0,0,1,0,0,0,0,0,0,0,0,0,0,-1,-1,2100,2010,-1,-1,-1,-1,-1,-1,-1,-1,-1,-1,-1,-1,-1,-1,-1,-1,-1,-1,-1,-1,-1,-1,-1,-1,-1,-1,-1,-1,0,0,0,0,0,0,0,0,0,0,0,0,-1,-1,-1,-1,-1,-1,-1,-1,-1,-1,-1,-1,-1,-1,-1,-1,-1,-1,-1,-1,-1,-1,-1,-1,0,0,0,0,0,0,0,0,0,0,0,0,0,0,0,0,0,0,0,0,0,0,0,0,255,139,139,105,0,0,0,0,0,0,0,100,100,100,100,0,0,100,-1,-1,100,90,0,1,1,-1,0,0,130,0,0,0,0,105,0,105,0,0,0,0,130,0,[0|0|0|0]
1010350,Euporia - Attack,0.35,0.1,0,0,0.5,0.04,-1,19892,-1,-1,-1,120,122,-1,-1,130,130,-1,-1,0,50,50,50,50,50,9900,100,100,102,0,0,0,0,0,0,0,0,0,0,0,10,0,0,0,0,2,0,0,0,0,0,0,1,0,0,253,255,0,255,0,255,0,0,0,0,0,0,0,0,0,0,0,2,1,0,0,0,0,0,0,0,9,0,0,-1,-1,2100,2010,-1,-1,-1,-1,-1,-1,-1,-1,-1,-1,-1,-1,-1,-1,-1,-1,-1,-1,-1,-1,-1,-1,-1,-1,-1,-1,-1,-1,0,0,0,0,0,0,0,0,0,0,0,0,-1,-1,-1,-1,-1,-1,-1,-1,-1,-1,-1,-1,-1,-1,-1,-1,-1,-1,-1,-1,-1,-1,-1,-1,0,0,0,0,0,0,0,0,0,0,0,0,0,0,0,0,0,0,0,0,0,0,0,0,255,139,139,50,0,0,0,0,0,0,0,50,50,100,100,0,0,50,-1,-1,100,30,0,1,1,-1,0,0,65,0,0,0,0,50,0,50,0,0,0,0,130,0,[0|0|0|0]
1010351,Euporia - Attack,0.35,0.1,0,0,0.6,0.04,-1,19892,-1,1665,1667,100,110,-1,-1,110,122,-1,-1,0,112,112,112,112,120,9900,100,100,102,0,0,0,0,0,0,0,0,0,0,0,10,0,0,0,0,2,0,0,0,0,0,0,1,0,0,253,255,0,255,0,255,0,0,0,0,0,0,0,0,0,0,0,3,1,0,0,0,0,0,0,0,0,0,0,-1,-1,2100,2010,-1,-1,-1,-1,-1,-1,-1,-1,-1,-1,-1,-1,-1,-1,-1,-1,-1,-1,-1,-1,-1,-1,-1,-1,-1,-1,-1,-1,0,0,0,0,0,0,0,0,0,0,0,0,-1,-1,-1,-1,-1,-1,-1,-1,-1,-1,-1,-1,-1,-1,-1,-1,-1,-1,-1,-1,-1,-1,-1,-1,0,0,0,0,0,0,0,0,0,0,0,0,0,0,0,0,0,0,0,0,0,0,0,0,255,139,139,112,0,0,0,0,0,0,0,100,100,100,100,0,0,100,-1,-1,100,130,0,1,1,-1,0,0,100,0,0,0,0,112,0,112,0,0,0,0,130,0,[0|0|0|0]
1010355,Euporia - Attack,0.35,0.1,0,0,0.6,0.08,-1,19892,-1,1665,1667,100,110,-1,-1,110,122,-1,-1,0,112,112,112,112,120,9900,100,100,102,0,0,0,0,0,0,0,0,0,0,0,10,0,0,0,0,2,0,0,0,0,0,0,1,0,0,253,255,0,255,0,255,0,0,0,0,0,0,0,0,0,0,0,3,1,0,0,0,0,0,0,0,0,0,0,-1,-1,2100,2010,-1,-1,-1,-1,-1,-1,-1,-1,-1,-1,-1,-1,-1,-1,-1,-1,-1,-1,-1,-1,-1,-1,-1,-1,-1,-1,-1,-1,0,0,0,0,0,0,0,0,0,0,0,0,-1,-1,-1,-1,-1,-1,-1,-1,-1,-1,-1,-1,-1,-1,-1,-1,-1,-1,-1,-1,-1,-1,-1,-1,0,0,0,0,0,0,0,0,0,0,0,0,0,0,0,0,0,0,0,0,0,0,0,0,255,139,139,112,0,0,0,0,0,0,0,100,100,100,100,0,0,100,-1,-1,100,130,0,1,1,-1,0,0,100,0,0,0,0,112,0,112,0,0,0,0,130,0,[0|0|0|0]
1010360,Euporia - Attack,0.35,0.05,0,0,1,0.08,-1,19892,-1,1665,1667,120,122,-1,-1,130,130,-1,-1,0,150,150,150,150,300,9900,100,100,102,0,0,0,0,0,0,0,0,0,0,0,10,0,0,0,0,2,0,0,0,0,0,0,2,0,0,252,255,2,255,0,255,0,0,0,0,0,0,0,0,0,0,0,1,1,0,0,0,0,0,0,0,0,0,0,-1,-1,2100,2010,-1,-1,-1,-1,-1,-1,-1,-1,-1,-1,-1,-1,-1,-1,-1,-1,-1,-1,-1,-1,-1,-1,-1,-1,-1,-1,-1,-1,0,0,0,0,0,0,0,0,0,0,0,0,-1,-1,-1,-1,-1,-1,-1,-1,-1,-1,-1,-1,-1,-1,-1,-1,-1,-1,-1,-1,-1,-1,-1,-1,0,0,0,0,0,0,0,0,0,0,0,0,0,0,0,0,0,0,0,0,0,0,0,0,255,139,139,150,0,0,0,0,0,0,0,100,100,100,100,0,0,100,-1,-1,100,200,0,1,1,-1,0,0,400,0,0,0,0,150,0,150,0,0,0,0,130,0,[0|0|0|0]
1010365,Euporia - Attack,0.35,0.05,0,0,1,0.08,-1,19892,-1,1665,1667,120,122,-1,-1,130,130,-1,-1,0,150,150,150,150,300,9900,100,100,102,0,0,0,0,0,0,0,0,0,0,0,10,0,0,0,0,2,0,0,0,0,0,0,2,0,0,252,255,2,255,0,255,0,0,0,0,0,0,0,0,0,0,0,1,1,0,0,0,0,0,0,0,0,0,0,-1,-1,2100,2010,-1,-1,-1,-1,-1,-1,-1,-1,-1,-1,-1,-1,-1,-1,-1,-1,-1,-1,-1,-1,-1,-1,-1,-1,-1,-1,-1,-1,0,0,0,0,0,0,0,0,0,0,0,0,-1,-1,-1,-1,-1,-1,-1,-1,-1,-1,-1,-1,-1,-1,-1,-1,-1,-1,-1,-1,-1,-1,-1,-1,0,0,0,0,0,0,0,0,0,0,0,0,0,0,0,0,0,0,0,0,0,0,0,0,255,139,139,150,0,0,0,0,0,0,0,100,100,100,100,0,0,100,-1,-1,100,200,0,1,1,-1,0,0,400,0,0,0,0,150,0,150,0,0,0,0,130,0,[0|0|0|0]
1010380,Euporia - Attack,0.4,0.2,0,0,0.8,0.04,-1,19892,-1,-1,-1,120,122,-1,-1,130,130,-1,-1,0,50,50,50,50,50,9900,100,60000,103,0,0,0,0,0,0,0,0,0,0,0,10,0,0,0,0,2,0,0,0,0,0,0,1,0,0,253,255,0,255,0,255,0,0,0,0,0,0,0,0,0,0,0,0,1,0,0,0,0,0,0,0,9,0,0,-1,-1,2100,2010,-1,-1,-1,-1,-1,-1,-1,-1,-1,-1,-1,-1,-1,-1,-1,-1,-1,-1,-1,-1,-1,-1,-1,-1,-1,-1,-1,-1,0,0,0,0,0,0,0,0,0,0,0,0,-1,-1,-1,-1,-1,-1,-1,-1,-1,-1,-1,-1,-1,-1,-1,-1,-1,-1,-1,-1,-1,-1,-1,-1,0,0,0,0,0,0,0,0,0,0,0,0,0,0,0,0,0,0,0,0,0,0,0,0,255,139,139,50,0,0,0,0,0,0,0,50,50,100,100,0,0,50,-1,-1,100,30,0,1,1,-1,0,0,110,0,0,0,0,50,0,50,0,0,0,0,130,0,[0|0|0|0]
1010381,Euporia - Attack,0.4,0.2,0,0,1.1,0.04,-1,19893,-1,1665,1667,100,110,-1,-1,110,122,-1,-1,0,130,130,130,130,100,9900,100,60000,103,0,0,0,0,0,0,0,0,0,0,0,10,0,0,0,0,2,0,0,0,0,0,0,2,0,0,253,255,0,255,0,255,0,0,0,0,0,0,0,0,0,0,0,2,1,0,0,0,0,0,0,0,0,0,0,-1,-1,2100,2010,-1,-1,-1,-1,-1,-1,-1,-1,-1,-1,-1,-1,-1,-1,-1,-1,-1,-1,-1,-1,-1,-1,-1,-1,-1,-1,-1,-1,0,0,0,0,0,0,0,0,0,0,0,0,-1,-1,-1,-1,-1,-1,-1,-1,-1,-1,-1,-1,-1,-1,-1,-1,-1,-1,-1,-1,-1,-1,-1,-1,0,0,0,0,0,0,0,0,0,0,0,0,0,0,0,0,0,0,0,0,0,0,0,0,255,139,139,130,0,0,0,0,0,0,0,100,100,100,100,0,0,100,-1,-1,100,100,0,1,1,-1,0,0,550,0,0,0,0,130,0,130,0,0,0,0,130,0,[0|0|0|0]
1010400,Euporia - Attack,0.35,0.1,0,0,0.9,0.08,-1,19893,-1,-1,1667,100,110,-1,-1,110,122,-1,-1,0,100,100,100,100,100,100,100,100,0,0,0,0,0,0,0,0,0,0,0,0,10,0,0,0,0,2,0,0,0,0,0,0,1,0,0,253,255,0,255,0,255,0,0,0,0,0,0,0,0,0,0,0,4,1,0,0,0,0,0,0,0,0,0,0,-1,-1,2100,2010,-1,-1,-1,-1,-1,-1,-1,-1,-1,-1,-1,-1,-1,-1,-1,-1,-1,-1,-1,-1,-1,-1,-1,-1,-1,-1,-1,-1,0,0,0,0,0,0,0,0,0,0,0,0,-1,-1,-1,-1,-1,-1,-1,-1,-1,-1,-1,-1,-1,-1,-1,-1,-1,-1,-1,-1,-1,-1,-1,-1,0,0,0,0,0,0,0,0,0,0,0,0,0,0,0,0,0,0,0,0,0,0,0,0,255,139,139,100,0,0,0,0,0,0,0,100,100,100,100,0,0,100,-1,-1,100,100,0,1,1,-1,0,0,100,0,0,0,0,100,0,100,0,0,0,0,130,0,[0|0|0|0]
1010410,Euporia - Attack,0.35,0.05,0,0,0.9,0.08,-1,19893,-1,-1,1667,120,110,-1,-1,130,122,-1,-1,0,101,101,101,101,100,100,100,100,0,0,0,0,0,0,0,0,0,0,0,0,10,0,0,0,0,2,0,0,0,0,0,0,1,0,0,253,255,0,255,0,255,0,0,0,0,0,0,0,0,0,0,0,3,1,0,0,0,0,0,0,0,0,0,0,-1,-1,2100,2010,-1,-1,-1,-1,-1,-1,-1,-1,-1,-1,-1,-1,-1,-1,-1,-1,-1,-1,-1,-1,-1,-1,-1,-1,-1,-1,-1,-1,0,0,0,0,0,0,0,0,0,0,0,0,-1,-1,-1,-1,-1,-1,-1,-1,-1,-1,-1,-1,-1,-1,-1,-1,-1,-1,-1,-1,-1,-1,-1,-1,0,0,0,0,0,0,0,0,0,0,0,0,0,0,0,0,0,0,0,0,0,0,0,0,255,139,139,101,0,0,0,0,0,0,0,100,100,100,100,0,0,100,-1,-1,100,100,0,1,1,-1,0,0,100,0,0,0,0,101,0,101,0,0,0,0,130,0,[0|0|0|0]
1010420,Euporia - Attack,0.35,0.1,0,0,0.9,0.08,-1,19893,-1,-1,1667,100,110,-1,-1,110,122,-1,-1,0,102,102,102,102,100,100,100,100,0,0,0,0,0,0,0,0,0,0,0,0,10,0,0,0,0,2,0,0,0,0,0,0,1,0,0,253,255,0,255,0,255,0,0,0,0,0,0,0,0,0,0,0,4,1,0,0,0,0,0,0,0,0,0,0,-1,-1,2100,2010,-1,-1,-1,-1,-1,-1,-1,-1,-1,-1,-1,-1,-1,-1,-1,-1,-1,-1,-1,-1,-1,-1,-1,-1,-1,-1,-1,-1,0,0,0,0,0,0,0,0,0,0,0,0,-1,-1,-1,-1,-1,-1,-1,-1,-1,-1,-1,-1,-1,-1,-1,-1,-1,-1,-1,-1,-1,-1,-1,-1,0,0,0,0,0,0,0,0,0,0,0,0,0,0,0,0,0,0,0,0,0,0,0,0,255,139,139,102,0,0,0,0,0,0,0,100,100,100,100,0,0,100,-1,-1,100,105,0,1,1,-1,0,0,100,0,0,0,0,102,0,102,0,0,0,0,130,0,[0|0|0|0]
1010430,Euporia - Attack,0.35,0.1,0,0,1.1,0.08,-1,19893,-1,-1,1667,100,110,-1,-1,110,122,-1,-1,0,103,103,103,103,100,100,100,100,0,0,0,0,0,0,0,0,0,0,0,0,10,0,0,0,0,2,0,0,0,0,0,0,1,0,0,253,255,0,255,0,255,0,0,0,0,0,0,0,0,0,0,0,3,1,0,0,0,0,0,0,0,0,0,0,-1,-1,2100,2010,-1,-1,-1,-1,-1,-1,-1,-1,-1,-1,-1,-1,-1,-1,-1,-1,-1,-1,-1,-1,-1,-1,-1,-1,-1,-1,-1,-1,0,0,0,0,0,0,0,0,0,0,0,0,-1,-1,-1,-1,-1,-1,-1,-1,-1,-1,-1,-1,-1,-1,-1,-1,-1,-1,-1,-1,-1,-1,-1,-1,0,0,0,0,0,0,0,0,0,0,0,0,0,0,0,0,0,0,0,0,0,0,0,0,255,139,139,103,0,0,0,0,0,0,0,100,100,100,100,0,0,100,-1,-1,100,105,0,1,1,-1,0,0,100,0,0,0,0,103,0,103,0,0,0,0,130,0,[0|0|0|0]
1010440,Euporia - Attack,0.35,0.1,0,0,1,0.08,-1,19893,-1,-1,1667,100,110,-1,-1,110,122,-1,-1,0,110,110,110,110,100,100,100,100,104,0,0,0,0,0,0,0,0,0,0,0,10,0,0,0,0,2,0,0,0,0,0,0,1,0,0,253,255,0,255,0,255,0,0,0,0,0,0,0,0,0,0,0,2,1,0,0,0,0,0,0,0,0,0,0,-1,-1,2100,2010,-1,-1,-1,-1,-1,-1,-1,-1,-1,-1,-1,-1,-1,-1,-1,-1,-1,-1,-1,-1,-1,-1,-1,-1,-1,-1,-1,-1,0,0,0,0,0,0,0,0,0,0,0,0,-1,-1,-1,-1,-1,-1,-1,-1,-1,-1,-1,-1,-1,-1,-1,-1,-1,-1,-1,-1,-1,-1,-1,-1,0,0,0,0,0,0,0,0,0,0,0,0,0,0,0,0,0,0,0,0,0,0,0,0,255,139,139,110,0,0,0,0,0,0,0,100,100,100,100,0,0,100,-1,-1,100,115,0,1,1,-1,0,0,200,0,0,0,0,110,0,110,0,0,0,0,130,0,[0|0|0|0]
1010460,Euporia - Attack,0,0,0,0,0,0,-1,-1,-1,-1,-1,-1,-1,-1,-1,-1,-1,-1,-1,0,0,0,0,0,0,100,100,100,0,0,0,0,0,0,0,0,0,0,0,0,0,0,0,0,0,0,0,0,0,0,0,0,0,0,0,3,0,0,255,0,255,0,0,0,0,0,0,0,0,0,0,0,0,1,0,0,0,0,0,0,0,0,0,0,-1,-1,2100,2010,-1,-1,-1,-1,-1,-1,-1,-1,-1,-1,-1,-1,-1,-1,-1,-1,-1,-1,-1,-1,-1,-1,-1,-1,-1,-1,-1,-1,0,0,0,0,0,0,0,0,0,0,0,0,-1,-1,-1,-1,-1,-1,-1,-1,-1,-1,-1,-1,-1,-1,-1,-1,-1,-1,-1,-1,-1,-1,-1,-1,0,0,0,0,0,0,0,0,0,0,0,0,0,0,0,0,0,0,0,0,0,0,0,0,255,139,139,0,0,0,1,0,0,0,0,100,100,100,100,0,0,100,-1,-1,-1,0,0,1,1,-1,0,0,0,0,0,0,0,0,0,0,0,0,0,0,130,0,[0|0|0|0]
1010470,Euporia - Attack,0,0,0,0,0,0,-1,-1,-1,-1,-1,-1,-1,-1,-1,-1,-1,-1,-1,0,0,0,0,0,0,100,100,100,0,0,0,0,0,0,0,0,0,0,0,0,0,0,0,0,0,0,0,0,0,0,0,0,0,0,0,3,0,0,255,0,255,0,0,0,0,0,0,0,0,0,0,0,0,1,0,0,0,0,0,0,0,0,0,0,-1,-1,2100,2010,-1,-1,-1,-1,-1,-1,-1,-1,-1,-1,-1,-1,-1,-1,-1,-1,-1,-1,-1,-1,-1,-1,-1,-1,-1,-1,-1,-1,0,0,0,0,0,0,0,0,0,0,0,0,-1,-1,-1,-1,-1,-1,-1,-1,-1,-1,-1,-1,-1,-1,-1,-1,-1,-1,-1,-1,-1,-1,-1,-1,0,0,0,0,0,0,0,0,0,0,0,0,0,0,0,0,0,0,0,0,0,0,0,0,255,139,139,0,0,0,1,0,0,0,0,100,100,100,100,0,0,100,-1,-1,-1,0,0,1,1,-1,0,0,0,0,0,0,0,0,0,0,0,0,0,0,130,0,[0|0|0|0]
1010480,Euporia - Attack,0,0,0,0,0,0,-1,-1,-1,-1,-1,-1,-1,-1,-1,-1,-1,-1,-1,0,0,0,0,0,0,100,0,100,0,0,0,0,0,0,0,0,0,0,0,0,0,0,-50,0,0,0,0,0,0,0,0,0,0,0,0,3,0,0,255,0,255,0,0,0,0,0,0,0,0,0,0,0,0,1,0,0,0,0,0,0,0,0,0,0,-1,-1,2100,2010,-1,-1,-1,-1,-1,-1,-1,-1,-1,-1,-1,-1,-1,-1,-1,-1,-1,-1,-1,-1,-1,-1,-1,-1,-1,-1,-1,-1,0,0,0,0,0,0,0,0,0,0,0,0,-1,-1,-1,-1,-1,-1,-1,-1,-1,-1,-1,-1,-1,-1,-1,-1,-1,-1,-1,-1,-1,-1,-1,-1,0,0,0,0,0,0,0,0,0,0,0,0,0,0,0,0,0,0,0,0,0,0,0,0,255,139,139,0,0,0,1,0,0,0,0,100,100,100,100,0,0,100,-1,-1,-1,0,0,1,1,-1,0,0,0,0,0,0,0,0,0,0,0,0,0,0,130,0,[0|0|0|0]
1010500,Euporia - Attack,0.4,0,0,0,0,0,-1,350610,20382301,1665,1667,100,-1,-1,-1,110,-1,-1,-1,0,230,230,230,230,100,9900,100,100,0,0,0,0,0,0,0,0,0,0,0,0,10,0,0,0,0,0,0,0,0,0,0,0,0,0,0,2,255,2,6,0,255,0,2,0,0,0,0,0,0,0,0,0,0,1,0,0,0,0,0,0,0,0,0,0,-1,-1,2100,2010,-1,-1,-1,-1,-1,-1,-1,-1,-1,-1,-1,-1,-1,-1,-1,-1,-1,-1,-1,-1,-1,-1,-1,-1,-1,-1,-1,-1,0,0,0,0,0,0,0,0,0,0,0,0,-1,-1,-1,-1,-1,-1,-1,-1,-1,-1,-1,-1,-1,-1,-1,-1,-1,-1,-1,-1,-1,-1,-1,-1,0,0,0,0,0,0,0,0,0,0,0,0,0,0,0,0,0,0,0,0,0,0,0,0,255,139,139,230,0,0,1,1,0,0,0,100,100,100,100,0,1,100,-1,-1,100,1000,0,1,1,-1,0,0,0,0,0,0,0,230,0,230,0,0,0,0,130,0,[0|0|0|0]
1010505,,0.4,0,0,0,0,0,-1,-1,-1,-1,-1,100,-1,-1,-1,110,-1,-1,-1,0,200,200,200,200,100,9900,100,100,0,0,0,0,0,0,0,0,0,0,0,0,10,0,0,0,0,0,0,0,0,0,0,0,0,0,0,2,255,2,6,0,255,0,2,0,0,0,0,0,0,0,0,0,0,1,0,0,0,0,0,0,0,0,0,0,-1,-1,2100,2010,-1,-1,-1,-1,-1,-1,-1,-1,-1,-1,-1,-1,-1,-1,-1,-1,-1,-1,-1,-1,-1,-1,-1,-1,-1,-1,-1,-1,0,0,0,0,0,0,0,0,0,0,0,0,-1,-1,-1,-1,-1,-1,-1,-1,-1,-1,-1,-1,-1,-1,-1,-1,-1,-1,-1,-1,-1,-1,-1,-1,0,0,0,0,0,0,0,0,0,0,0,0,0,0,0,0,0,0,0,0,0,0,0,0,255,139,139,200,0,0,1,1,0,0,0,100,100,100,100,0,1,100,-1,-1,100,1000,0,1,1,-1,0,0,0,0,0,0,0,200,0,200,0,0,0,0,130,0,[0|0|0|0]
1010509,Euporia - Attack,0.35,0,0,0,0.6,0.08,-1,-1,-1,1665,1667,100,-1,-1,-1,110,-1,-1,-1,0,100,100,100,100,100,100,100,100,0,0,0,0,0,0,0,0,0,0,0,0,10,0,0,0,0,0,0,0,0,0,0,0,1,0,0,2,255,2,255,0,255,0,0,0,0,0,0,0,0,0,0,0,0,1,0,0,0,0,0,0,0,0,0,0,-1,-1,2100,2010,-1,-1,-1,-1,-1,-1,-1,-1,-1,-1,-1,-1,-1,-1,-1,-1,-1,-1,-1,-1,-1,-1,-1,-1,-1,-1,-1,-1,0,0,0,0,0,0,0,0,0,0,0,0,-1,-1,-1,-1,-1,-1,-1,-1,-1,-1,-1,-1,-1,-1,-1,-1,-1,-1,-1,-1,-1,-1,-1,-1,0,0,0,0,0,0,0,0,0,0,0,0,0,0,0,0,0,0,0,0,0,0,0,0,255,139,139,100,0,0,1,1,0,0,0,100,100,100,100,0,0,100,-1,-1,100,0,0,1,1,-1,0,0,100,0,0,0,0,100,0,100,0,0,0,0,130,0,[0|0|0|0]
1010510,Euporia - Attack,0.4,0,0,0,0,0,-1,350610,20382301,1665,1667,100,-1,-1,-1,110,-1,-1,-1,0,345,345,345,345,100,9900,100,100,0,0,0,0,0,0,0,0,0,0,0,0,10,0,0,1,0,0,0,0,0,0,0,0,0,0,0,2,255,2,6,0,255,0,2,0,0,0,0,0,0,0,0,0,0,1,0,0,0,0,0,0,0,0,0,0,-1,-1,2100,2010,-1,-1,-1,-1,-1,-1,-1,-1,-1,-1,-1,-1,-1,-1,-1,-1,-1,-1,-1,-1,-1,-1,-1,-1,-1,-1,-1,-1,0,0,0,0,0,0,0,0,0,0,0,0,-1,-1,-1,-1,-1,-1,-1,-1,-1,-1,-1,-1,-1,-1,-1,-1,-1,-1,-1,-1,-1,-1,-1,-1,0,0,0,0,0,0,0,0,0,0,0,0,0,0,0,0,0,0,0,0,0,0,0,0,255,139,139,345,0,0,1,1,0,0,0,100,100,100,100,0,0,100,-1,-1,100,1000,0,1,1,-1,0,0,0,0,0,0,0,345,0,345,0,0,0,0,130,0,[0|0|0|0]
1010515,,0.4,0,0,0,0,0,-1,-1,-1,-1,-1,100,-1,-1,-1,110,-1,-1,-1,0,250,250,250,250,100,9900,100,100,0,0,0,0,0,0,0,0,0,0,0,0,10,0,0,0,0,0,0,0,0,0,0,0,0,0,0,2,255,2,6,0,255,0,2,0,0,0,0,0,0,0,0,0,0,1,0,0,0,0,0,0,0,0,0,0,-1,-1,2100,2010,-1,-1,-1,-1,-1,-1,-1,-1,-1,-1,-1,-1,-1,-1,-1,-1,-1,-1,-1,-1,-1,-1,-1,-1,-1,-1,-1,-1,0,0,0,0,0,0,0,0,0,0,0,0,-1,-1,-1,-1,-1,-1,-1,-1,-1,-1,-1,-1,-1,-1,-1,-1,-1,-1,-1,-1,-1,-1,-1,-1,0,0,0,0,0,0,0,0,0,0,0,0,0,0,0,0,0,0,0,0,0,0,0,0,255,139,139,250,0,0,1,1,0,0,0,100,100,100,100,0,0,100,-1,-1,100,1000,0,1,1,-1,0,0,0,0,0,0,0,250,0,250,0,0,0,0,130,0,[0|0|0|0]
1010516,,0.4,0,0,0,0,0,-1,-1,-1,-1,-1,100,-1,-1,-1,110,-1,-1,-1,0,60,60,60,60,100,9900,100,100,0,0,0,0,0,0,0,0,0,0,0,0,10,0,0,0,0,0,0,0,0,0,0,0,0,0,0,2,255,2,6,0,255,0,2,0,0,0,0,0,0,0,0,0,0,1,0,0,0,0,0,0,0,0,0,0,-1,-1,2100,2010,-1,-1,-1,-1,-1,-1,-1,-1,-1,-1,-1,-1,-1,-1,-1,-1,-1,-1,-1,-1,-1,-1,-1,-1,-1,-1,-1,-1,0,0,0,0,0,0,0,0,0,0,0,0,-1,-1,-1,-1,-1,-1,-1,-1,-1,-1,-1,-1,-1,-1,-1,-1,-1,-1,-1,-1,-1,-1,-1,-1,0,0,0,0,0,0,0,0,0,0,0,0,0,0,0,0,0,0,0,0,0,0,0,0,255,139,139,60,0,0,1,1,0,0,0,100,100,100,100,0,0,100,-1,-1,100,0,0,1,1,-1,0,0,0,0,0,0,0,60,0,60,0,0,0,0,130,0,[0|0|0|0]
1010520,,0.4,0,0,0,0,0,-1,350610,20382301,-1,-1,100,-1,-1,-1,110,-1,-1,-1,0,240,240,240,240,100,9900,100,100,0,0,0,0,0,0,0,0,0,0,0,0,10,0,0,0,0,0,0,0,0,0,0,0,0,0,0,2,255,2,6,0,255,0,2,0,0,0,0,0,0,0,0,0,0,1,0,0,0,0,0,0,0,0,0,0,-1,-1,2100,2010,-1,-1,-1,-1,-1,-1,-1,-1,-1,-1,-1,-1,-1,-1,-1,-1,-1,-1,-1,-1,-1,-1,-1,-1,-1,-1,-1,-1,0,0,0,0,0,0,0,0,0,0,0,0,-1,-1,-1,-1,-1,-1,-1,-1,-1,-1,-1,-1,-1,-1,-1,-1,-1,-1,-1,-1,-1,-1,-1,-1,0,0,0,0,0,0,0,0,0,0,0,0,0,0,0,0,0,0,0,0,0,0,0,0,255,139,139,240,0,0,1,1,0,0,0,100,100,100,100,0,0,100,-1,-1,100,1000,0,1,1,-1,0,0,0,0,0,0,0,240,0,240,0,0,0,0,130,0,[0|0|0|0]
1010530,Euporia - Attack,0.4,0,0,0,0,0,-1,350610,20382301,1665,1667,100,-1,-1,-1,110,-1,-1,-1,0,460,460,460,460,100,9900,100,100,0,0,0,0,0,0,0,0,0,0,0,0,10,0,0,0,0,0,0,0,0,0,0,0,0,0,0,2,255,2,6,0,255,0,2,0,0,0,0,0,0,0,0,0,0,1,0,0,0,0,0,0,0,0,0,0,-1,-1,0,0,-1,-1,-1,-1,-1,-1,-1,-1,-1,-1,-1,-1,-1,-1,-1,-1,-1,-1,-1,-1,-1,-1,-1,-1,-1,-1,-1,-1,0,0,0,0,0,0,0,0,0,0,0,0,-1,-1,-1,-1,-1,-1,-1,-1,-1,-1,-1,-1,-1,-1,-1,-1,-1,-1,-1,-1,-1,-1,-1,-1,0,0,0,0,0,0,0,0,0,0,0,0,0,0,0,0,0,0,0,0,0,0,0,0,255,139,139,460,0,0,1,1,0,0,0,100,100,100,100,0,0,100,-1,-1,100,1000,0,1,1,-1,0,0,0,0,0,0,0,460,0,460,0,0,0,0,130,0,[0|0|0|0]
1010540,,0.4,0,0,0,0,0,-1,350610,20382301,-1,-1,100,-1,-1,-1,110,-1,-1,-1,0,400,400,400,400,100,9900,100,100,0,0,0,0,0,0,0,0,0,0,0,0,10,0,0,0,0,0,0,0,0,0,0,0,0,0,0,2,255,2,6,0,255,0,2,0,0,0,0,0,0,0,0,0,0,1,0,0,0,0,0,0,0,0,0,0,-1,-1,2100,2010,-1,-1,-1,-1,-1,-1,-1,-1,-1,-1,-1,-1,-1,-1,-1,-1,-1,-1,-1,-1,-1,-1,-1,-1,-1,-1,-1,-1,0,0,0,0,0,0,0,0,0,0,0,0,-1,-1,-1,-1,-1,-1,-1,-1,-1,-1,-1,-1,-1,-1,-1,-1,-1,-1,-1,-1,-1,-1,-1,-1,0,0,0,0,0,0,0,0,0,0,0,0,0,0,0,0,0,0,0,0,0,0,0,0,255,139,139,400,0,0,1,1,0,0,0,100,100,100,100,0,0,100,-1,-1,100,1000,0,1,1,-1,0,0,0,0,0,0,0,400,0,400,0,0,0,0,130,0,[0|0|0|0]
1010550,Euporia - Attack,0.4,0,0,0,0,0,-1,350610,20382301,1665,1667,100,-1,-1,-1,110,-1,-1,-1,0,460,460,460,460,100,9900,100,100,0,0,0,0,0,0,0,0,0,0,0,0,10,0,0,0,0,0,0,0,0,0,0,0,0,0,0,2,255,2,6,0,255,0,2,0,0,0,0,0,0,0,0,0,0,1,0,0,0,0,0,0,0,0,0,0,-1,-1,2100,2010,-1,-1,-1,-1,-1,-1,-1,-1,-1,-1,-1,-1,-1,-1,-1,-1,-1,-1,-1,-1,-1,-1,-1,-1,-1,-1,-1,-1,0,0,0,0,0,0,0,0,0,0,0,0,-1,-1,-1,-1,-1,-1,-1,-1,-1,-1,-1,-1,-1,-1,-1,-1,-1,-1,-1,-1,-1,-1,-1,-1,0,0,0,0,0,0,0,0,0,0,0,0,0,0,0,0,0,0,0,0,0,0,0,0,255,139,139,460,0,0,1,1,0,0,0,100,100,100,100,0,0,100,-1,-1,100,1000,0,1,1,-1,0,0,0,0,0,0,0,460,0,460,0,0,0,0,130,0,[0|0|0|0]
1010560,Euporia - Attack,0.4,0,0,0,0,0,-1,-1,-1,-1,-1,100,-1,-1,-1,110,-1,-1,-1,0,132,132,132,132,100,9900,100,100,0,0,0,0,0,0,0,0,0,0,0,0,10,0,0,0,0,0,0,0,0,0,0,0,0,0,0,2,255,2,6,0,255,0,2,0,0,0,0,0,0,0,0,0,0,1,0,0,0,0,0,0,0,0,0,0,-1,-1,2100,2010,-1,-1,-1,-1,-1,-1,-1,-1,-1,-1,-1,-1,-1,-1,-1,-1,-1,-1,-1,-1,-1,-1,-1,-1,-1,-1,-1,-1,0,0,0,0,0,0,0,0,0,0,0,0,-1,-1,-1,-1,-1,-1,-1,-1,-1,-1,-1,-1,-1,-1,-1,-1,-1,-1,-1,-1,-1,-1,-1,-1,0,0,0,0,0,0,0,0,0,0,0,0,0,0,0,0,0,0,0,0,0,0,0,0,255,139,139,132,0,0,1,1,0,0,0,100,100,100,100,0,0,100,-1,-1,100,1000,0,1,1,-1,0,0,0,0,0,0,0,132,0,132,0,0,0,0,130,0,[0|0|0|0]
1010561,Euporia - Attack,0.4,0,0,0,0,0,-1,350610,20382301,1665,1667,100,-1,-1,-1,110,-1,-1,-1,0,331,331,331,331,100,9900,100,100,0,0,0,0,0,0,0,0,0,0,0,0,10,0,0,0,0,0,0,0,0,0,0,0,0,0,0,2,255,2,6,0,255,0,2,0,0,0,0,0,0,0,0,0,0,1,0,0,0,0,0,0,0,0,0,0,-1,-1,2100,2010,-1,-1,-1,-1,-1,-1,-1,-1,-1,-1,-1,-1,-1,-1,-1,-1,-1,-1,-1,-1,-1,-1,-1,-1,-1,-1,-1,-1,0,0,0,0,0,0,0,0,0,0,0,0,-1,-1,-1,-1,-1,-1,-1,-1,-1,-1,-1,-1,-1,-1,-1,-1,-1,-1,-1,-1,-1,-1,-1,-1,0,0,0,0,0,0,0,0,0,0,0,0,0,0,0,0,0,0,0,0,0,0,0,0,255,139,139,331,0,0,1,1,0,0,0,100,100,100,100,0,0,100,-1,-1,100,0,0,1,1,-1,0,0,0,0,0,0,0,331,0,331,0,0,0,0,130,0,[0|0|0|0]
1010590,Euporia - Attack,0.7,0,0,0,0,0,-1,-1,-1,-1,-1,94,-1,-1,-1,95,-1,-1,-1,0,0,0,0,0,0,9900,100,100,0,0,0,0,0,0,0,0,0,0,0,0,0,0,0,0,0,0,0,0,0,0,0,0,0,2,0,2,0,2,6,0,255,1,1,0,0,0,0,0,0,0,0,0,0,1,0,0,0,0,0,0,0,0,0,0,-1,-1,2100,2010,-1,-1,-1,-1,-1,-1,-1,-1,-1,-1,-1,-1,-1,-1,-1,-1,-1,-1,-1,-1,-1,-1,-1,-1,-1,-1,-1,-1,0,0,0,0,0,0,0,0,0,0,0,0,-1,-1,-1,-1,-1,-1,-1,-1,-1,-1,-1,-1,-1,-1,-1,-1,-1,-1,-1,-1,-1,-1,-1,-1,0,0,0,0,0,0,0,0,0,0,0,0,0,0,0,0,0,0,0,0,0,0,0,0,255,139,139,0,0,0,1,1,0,0,0,0,0,0,0,0,0,100,-1,-1,-1,0,0,1,1,-1,0,0,0,0,0,0,0,0,0,0,0,0,0,0,130,0,[0|0|0|0]
1010591,Euporia - Attack,0.55,0,0,0,0,0,-1,-1,-1,-1,-1,131,-1,-1,-1,-1,-1,-1,-1,0,0,0,0,0,0,100,0,100,0,0,0,0,0,0,0,0,0,0,0,0,0,0,0,0,0,0,0,0,0,0,0,0,0,0,0,3,0,0,255,0,255,1,0,0,0,0,0,0,0,0,0,0,0,1,0,0,0,0,0,0,0,0,0,0,-1,-1,2100,2010,-1,-1,-1,-1,-1,-1,-1,-1,-1,-1,-1,-1,-1,-1,-1,-1,-1,-1,-1,-1,-1,-1,-1,-1,-1,-1,-1,-1,0,0,0,0,0,0,0,0,0,0,0,0,-1,-1,-1,-1,-1,-1,-1,-1,-1,-1,-1,-1,-1,-1,-1,-1,-1,-1,-1,-1,-1,-1,-1,-1,0,0,0,0,0,0,0,0,0,0,0,0,0,0,0,0,0,0,0,0,0,0,0,0,255,139,139,0,0,0,1,0,0,0,0,100,100,100,100,0,0,100,-1,-1,-1,0,0,1,1,-1,0,0,0,0,0,0,0,0,0,0,0,0,0,0,130,0,[0|0|0|0]
1010600,Euporia - Attack,0.5,0.2,0,0,0.4,0.08,-1,19893,-1,1665,1667,120,122,-1,-1,130,130,-1,-1,0,110,110,110,110,120,100,120,100,101,0,0,0,0,0,0,0,0,0,0,0,10,0,0,0,0,2,0,0,0,0,0,0,1,0,0,253,255,0,255,0,255,0,0,0,0,0,0,0,0,0,0,0,1,1,0,0,0,0,0,0,0,0,0,0,-1,-1,2100,2010,-1,-1,-1,-1,-1,-1,-1,-1,-1,-1,-1,-1,-1,-1,-1,-1,-1,-1,-1,-1,-1,-1,-1,-1,-1,-1,-1,-1,0,0,0,0,0,0,0,0,0,0,0,0,-1,-1,-1,-1,-1,-1,-1,-1,-1,-1,-1,-1,-1,-1,-1,-1,-1,-1,-1,-1,-1,-1,-1,-1,0,0,0,0,0,0,0,0,0,0,0,0,0,0,0,0,0,0,0,0,0,0,0,0,255,139,139,110,0,0,0,1,0,0,0,100,100,100,100,0,0,100,-1,-1,100,100,0,1,1,-1,0,0,100,0,0,0,0,110,0,110,0,0,0,0,130,0,[0|0|0|0]
1010605,Euporia - Attack,0.5,0.2,0,0,0.4,0.08,-1,19893,-1,1665,1667,100,122,-1,-1,110,130,-1,-1,0,110,110,110,110,120,100,120,100,101,0,0,0,0,0,0,0,0,0,0,0,10,0,0,0,0,2,0,0,0,0,0,0,1,0,0,253,255,0,255,0,255,0,0,0,0,0,0,0,0,0,0,0,2,1,0,0,0,0,0,0,0,0,0,0,-1,-1,2100,2010,-1,-1,-1,-1,-1,-1,-1,-1,-1,-1,-1,-1,-1,-1,-1,-1,-1,-1,-1,-1,-1,-1,-1,-1,-1,-1,-1,-1,0,0,0,0,0,0,0,0,0,0,0,0,-1,-1,-1,-1,-1,-1,-1,-1,-1,-1,-1,-1,-1,-1,-1,-1,-1,-1,-1,-1,-1,-1,-1,-1,0,0,0,0,0,0,0,0,0,0,0,0,0,0,0,0,0,0,0,0,0,0,0,0,255,139,139,110,0,0,0,1,0,0,0,100,100,100,100,0,0,100,-1,-1,100,100,0,1,1,-1,0,0,100,0,0,0,0,110,0,110,0,0,0,0,130,0,[0|0|0|0]
1010610,Euporia - Attack,0.5,0.2,0,0,0.8,0.08,-1,19893,-1,1665,1667,100,122,-1,-1,110,130,-1,-1,0,110,110,110,110,120,100,120,100,101,104,0,0,0,0,0,0,0,0,0,0,10,0,0,0,0,2,0,0,0,0,0,0,1,0,0,253,255,0,255,0,255,0,0,0,0,0,0,0,0,0,0,0,1,1,0,0,0,0,0,0,0,0,0,0,-1,-1,2100,2010,-1,-1,-1,-1,-1,-1,-1,-1,-1,-1,-1,-1,-1,-1,-1,-1,-1,-1,-1,-1,-1,-1,-1,-1,-1,-1,-1,-1,0,0,0,0,0,0,0,0,0,0,0,0,-1,-1,-1,-1,-1,-1,-1,-1,-1,-1,-1,-1,-1,-1,-1,-1,-1,-1,-1,-1,-1,-1,-1,-1,0,0,0,0,0,0,0,0,0,0,0,0,0,0,0,0,0,0,0,0,0,0,0,0,255,139,139,110,0,0,0,1,0,0,0,100,100,100,100,0,0,100,-1,-1,100,100,0,1,1,-1,0,0,200,0,0,0,0,110,0,110,0,0,0,0,130,0,[0|0|0|0]
1010630,Euporia - Attack,0.4,0.4,0.15,0.15,0.1,0.03,-1,19893,-1,-1,-1,100,120,122,122,110,130,110,130,0,50,50,50,50,50,9900,100,100,101,0,0,0,0,0,0,0,0,0,0,0,10,0,0,0,0,0,2,2,0,0,0,0,8,0,0,253,255,0,255,0,255,0,0,0,0,0,0,0,0,0,0,0,0,1,0,0,0,0,0,0,0,0,0,0,-1,-1,2100,2010,-1,-1,-1,-1,-1,-1,-1,-1,-1,-1,-1,-1,-1,-1,-1,-1,-1,-1,-1,-1,-1,-1,-1,-1,-1,-1,-1,-1,0,0,0,0,0,0,0,0,0,0,0,0,-1,-1,-1,-1,-1,-1,-1,-1,-1,-1,-1,-1,-1,-1,-1,-1,-1,-1,-1,-1,-1,-1,-1,-1,0,0,0,0,0,0,0,0,0,0,0,0,0,0,0,0,0,0,0,0,0,0,0,0,255,139,139,50,0,0,0,1,0,0,0,30,30,100,100,0,0,30,-1,-1,100,30,0,1,1,-1,0,0,30,0,0,0,0,50,0,50,0,0,0,0,130,0,[0|0|0|0]
1010632,Euporia - Attack,0.5,0.15,0,0,0.6,0.08,-1,19893,-1,1665,1667,100,122,-1,-1,110,110,-1,-1,0,135,135,135,135,170,200,150,100,101,0,0,0,0,0,0,0,0,0,0,0,10,0,0,0,0,2,0,0,0,0,0,0,2,0,0,253,255,0,255,0,255,0,0,0,0,0,0,0,0,0,0,0,2,1,0,0,0,0,0,0,0,0,0,0,-1,-1,2100,2010,-1,-1,-1,-1,-1,-1,-1,-1,-1,-1,-1,-1,-1,-1,-1,-1,-1,-1,-1,-1,-1,-1,-1,-1,-1,-1,-1,-1,0,0,0,0,0,0,0,0,0,0,0,0,-1,-1,-1,-1,-1,-1,-1,-1,-1,-1,-1,-1,-1,-1,-1,-1,-1,-1,-1,-1,-1,-1,-1,-1,0,0,0,0,0,0,0,0,0,0,0,0,0,0,0,0,0,0,0,0,0,0,0,0,255,139,139,135,0,0,0,1,0,0,0,100,100,100,100,0,0,100,-1,-1,100,130,0,1,1,-1,0,0,200,0,0,0,0,135,0,135,0,0,0,0,130,0,[0|0|0|0]
1010635,Euporia - Attack,0.5,0.15,0,0,1,0.08,-1,19893,-1,1665,1667,100,122,-1,-1,110,110,-1,-1,0,170,170,170,170,240,400,150,100,101,100,0,0,0,0,0,0,0,0,0,0,10,0,0,0,0,2,0,0,0,0,0,0,2,0,0,253,255,0,255,0,255,0,0,0,0,0,0,0,0,0,0,0,2,1,0,0,0,0,0,0,0,0,0,0,-1,-1,2100,2010,-1,-1,-1,-1,-1,-1,-1,-1,-1,-1,-1,-1,-1,-1,-1,-1,-1,-1,-1,-1,-1,-1,-1,-1,-1,-1,-1,-1,0,0,0,0,0,0,0,0,0,0,0,0,-1,-1,-1,-1,-1,-1,-1,-1,-1,-1,-1,-1,-1,-1,-1,-1,-1,-1,-1,-1,-1,-1,-1,-1,0,0,0,0,0,0,0,0,0,0,0,0,0,0,0,0,0,0,0,0,0,0,0,0,255,139,139,170,0,0,0,1,0,0,0,100,100,100,100,0,0,100,-1,-1,100,180,0,1,1,-1,0,0,600,0,0,0,0,170,0,170,0,0,0,0,130,0,[0|0|0|0]
1010650,Euporia - Attack,0.5,0.15,0,0,1.5,0.08,-1,19893,-1,1665,1667,100,122,-1,-1,110,110,-1,-1,0,110,110,110,110,120,200,120,100,101,102,0,0,0,0,0,0,0,0,0,0,10,0,0,0,0,2,0,0,0,0,0,0,2,0,0,253,255,0,255,0,255,0,0,0,0,0,0,0,0,0,0,0,1,1,0,0,0,0,0,0,0,0,0,0,-1,-1,2100,2010,-1,-1,-1,-1,-1,-1,-1,-1,-1,-1,-1,-1,-1,-1,-1,-1,-1,-1,-1,-1,-1,-1,-1,-1,-1,-1,-1,-1,0,0,0,0,0,0,0,0,0,0,0,0,-1,-1,-1,-1,-1,-1,-1,-1,-1,-1,-1,-1,-1,-1,-1,-1,-1,-1,-1,-1,-1,-1,-1,-1,0,0,0,0,0,0,0,0,0,0,0,0,0,0,0,0,0,0,0,0,0,0,0,0,255,139,139,110,0,0,0,1,0,0,0,100,100,100,100,0,0,100,-1,-1,100,100,0,1,1,-1,0,0,150,0,0,0,0,110,0,110,0,0,0,0,130,0,[0|0|0|0]
1010660,Euporia - Attack,0.5,0.15,0,0,1.5,0.08,-1,19893,-1,1665,1667,100,122,-1,-1,110,110,-1,-1,0,140,140,140,140,180,400,150,100,101,102,0,0,0,0,0,0,0,0,0,0,10,0,0,0,0,2,0,0,0,0,0,0,2,0,0,253,255,0,255,0,255,0,0,0,0,0,0,0,0,0,0,0,2,1,0,0,0,0,0,0,0,0,0,0,-1,-1,2100,2010,-1,-1,-1,-1,-1,-1,-1,-1,-1,-1,-1,-1,-1,-1,-1,-1,-1,-1,-1,-1,-1,-1,-1,-1,-1,-1,-1,-1,0,0,0,0,0,0,0,0,0,0,0,0,-1,-1,-1,-1,-1,-1,-1,-1,-1,-1,-1,-1,-1,-1,-1,-1,-1,-1,-1,-1,-1,-1,-1,-1,0,0,0,0,0,0,0,0,0,0,0,0,0,0,0,0,0,0,0,0,0,0,0,0,255,139,139,140,0,0,0,1,0,0,0,100,100,100,100,0,0,100,-1,-1,100,130,0,1,1,-1,0,0,200,0,0,0,0,140,0,140,0,0,0,0,130,0,[0|0|0|0]
1010700,Euporia - Attack,0.5,0.15,0,0,0.4,0.08,-1,19893,-1,1665,1667,120,122,-1,-1,130,130,-1,-1,0,110,110,110,110,120,100,120,100,101,0,0,0,0,0,0,0,0,0,0,0,10,0,0,0,0,2,0,0,0,0,0,0,1,0,0,253,255,0,255,0,255,0,0,0,0,0,0,0,0,0,0,0,1,1,0,0,0,0,0,0,0,0,0,0,-1,-1,2100,2010,-1,-1,-1,-1,-1,-1,-1,-1,-1,-1,-1,-1,-1,-1,-1,-1,-1,-1,-1,-1,-1,-1,-1,-1,-1,-1,-1,-1,0,0,0,0,0,0,0,0,0,0,0,0,-1,-1,-1,-1,-1,-1,-1,-1,-1,-1,-1,-1,-1,-1,-1,-1,-1,-1,-1,-1,-1,-1,-1,-1,0,0,0,0,0,0,0,0,0,0,0,0,0,0,0,0,0,0,0,0,0,0,0,0,255,139,139,110,0,0,0,1,0,0,0,100,100,100,100,0,0,100,-1,-1,100,100,0,1,1,-1,0,0,100,0,0,0,0,110,0,110,0,0,0,0,130,0,[0|0|0|0]
1010705,Euporia - Attack,0.5,0.15,0,0,0.4,0.08,-1,19893,-1,1665,1667,100,122,-1,-1,110,110,-1,-1,0,110,110,110,110,120,100,120,100,101,0,0,0,0,0,0,0,0,0,0,0,10,0,0,0,0,2,0,0,0,0,0,0,1,0,0,253,255,0,255,0,255,0,0,0,0,0,0,0,0,0,0,0,2,1,0,0,0,0,0,0,0,0,0,0,-1,-1,2100,2010,-1,-1,-1,-1,-1,-1,-1,-1,-1,-1,-1,-1,-1,-1,-1,-1,-1,-1,-1,-1,-1,-1,-1,-1,-1,-1,-1,-1,0,0,0,0,0,0,0,0,0,0,0,0,-1,-1,-1,-1,-1,-1,-1,-1,-1,-1,-1,-1,-1,-1,-1,-1,-1,-1,-1,-1,-1,-1,-1,-1,0,0,0,0,0,0,0,0,0,0,0,0,0,0,0,0,0,0,0,0,0,0,0,0,255,139,139,110,0,0,0,1,0,0,0,100,100,100,100,0,0,100,-1,-1,100,100,0,1,1,-1,0,0,100,0,0,0,0,110,0,110,0,0,0,0,130,0,[0|0|0|0]
1010710,Euporia - Attack,0.5,0.15,0,0,0.8,0.08,-1,19893,-1,1665,1667,120,122,-1,-1,130,130,-1,-1,0,110,110,110,110,120,100,120,100,101,104,0,0,0,0,0,0,0,0,0,0,10,0,0,0,0,2,0,0,0,0,0,0,1,0,0,253,255,0,255,0,255,0,0,0,0,0,0,0,0,0,0,0,1,1,0,0,0,0,0,0,0,0,0,0,-1,-1,2100,2010,-1,-1,-1,-1,-1,-1,-1,-1,-1,-1,-1,-1,-1,-1,-1,-1,-1,-1,-1,-1,-1,-1,-1,-1,-1,-1,-1,-1,0,0,0,0,0,0,0,0,0,0,0,0,-1,-1,-1,-1,-1,-1,-1,-1,-1,-1,-1,-1,-1,-1,-1,-1,-1,-1,-1,-1,-1,-1,-1,-1,0,0,0,0,0,0,0,0,0,0,0,0,0,0,0,0,0,0,0,0,0,0,0,0,255,139,139,110,0,0,0,1,0,0,0,100,100,100,100,0,0,100,-1,-1,100,100,0,1,1,-1,0,0,100,0,0,0,0,110,0,110,0,0,0,0,130,0,[0|0|0|0]
1010730,Euporia - Attack,0.4,0.4,0.15,0.15,0.1,0.03,-1,19893,-1,-1,-1,100,120,122,122,110,130,110,130,0,50,50,50,50,50,9900,100,100,101,0,0,0,0,0,0,0,0,0,0,0,10,0,0,0,0,0,2,2,0,0,0,0,8,0,0,253,255,0,255,0,255,0,0,0,0,0,0,0,0,0,0,0,0,1,0,0,0,0,0,0,0,0,0,0,-1,-1,2100,2010,-1,-1,-1,-1,-1,-1,-1,-1,-1,-1,-1,-1,-1,-1,-1,-1,-1,-1,-1,-1,-1,-1,-1,-1,-1,-1,-1,-1,0,0,0,0,0,0,0,0,0,0,0,0,-1,-1,-1,-1,-1,-1,-1,-1,-1,-1,-1,-1,-1,-1,-1,-1,-1,-1,-1,-1,-1,-1,-1,-1,0,0,0,0,0,0,0,0,0,0,0,0,0,0,0,0,0,0,0,0,0,0,0,0,255,139,139,50,0,0,0,1,0,0,0,30,30,100,100,0,0,30,-1,-1,100,30,0,1,1,-1,0,0,30,0,0,0,0,50,0,50,0,0,0,0,130,0,[0|0|0|0]
1010732,Euporia - Attack,0.5,0.15,0,0,0.6,0.08,-1,19893,-1,1665,1667,100,122,-1,-1,110,110,-1,-1,0,135,135,135,135,170,200,150,100,101,0,0,0,0,0,0,0,0,0,0,0,10,0,0,0,0,2,0,0,0,0,0,0,2,0,0,253,255,0,255,0,255,0,0,0,0,0,0,0,0,0,0,0,2,1,0,0,0,0,0,0,0,0,0,0,-1,-1,2100,2010,-1,-1,-1,-1,-1,-1,-1,-1,-1,-1,-1,-1,-1,-1,-1,-1,-1,-1,-1,-1,-1,-1,-1,-1,-1,-1,-1,-1,0,0,0,0,0,0,0,0,0,0,0,0,-1,-1,-1,-1,-1,-1,-1,-1,-1,-1,-1,-1,-1,-1,-1,-1,-1,-1,-1,-1,-1,-1,-1,-1,0,0,0,0,0,0,0,0,0,0,0,0,0,0,0,0,0,0,0,0,0,0,0,0,255,139,139,135,0,0,0,1,0,0,0,100,100,100,100,0,0,100,-1,-1,100,130,0,1,1,-1,0,0,200,0,0,0,0,135,0,135,0,0,0,0,130,0,[0|0|0|0]
1010735,Euporia - Attack,0.5,0.15,0,0,1,0.08,-1,19893,-1,1665,1667,100,122,-1,-1,110,110,-1,-1,0,170,170,170,170,240,400,150,100,101,100,0,0,0,0,0,0,0,0,0,0,10,0,0,0,0,2,0,0,0,0,0,0,2,0,0,253,255,0,255,0,255,0,0,0,0,0,0,0,0,0,0,0,2,1,0,0,0,0,0,0,0,0,0,0,-1,-1,2100,2010,-1,-1,-1,-1,-1,-1,-1,-1,-1,-1,-1,-1,-1,-1,-1,-1,-1,-1,-1,-1,-1,-1,-1,-1,-1,-1,-1,-1,0,0,0,0,0,0,0,0,0,0,0,0,-1,-1,-1,-1,-1,-1,-1,-1,-1,-1,-1,-1,-1,-1,-1,-1,-1,-1,-1,-1,-1,-1,-1,-1,0,0,0,0,0,0,0,0,0,0,0,0,0,0,0,0,0,0,0,0,0,0,0,0,255,139,139,170,0,0,0,1,0,0,0,100,100,100,100,0,0,100,-1,-1,100,180,0,1,1,-1,0,0,600,0,0,0,0,170,0,170,0,0,0,0,130,0,[0|0|0|0]
1010750,Euporia - Attack,0.5,0.15,0,0,1.5,0.08,-1,19893,-1,1665,1667,120,122,-1,-1,130,130,-1,-1,0,110,110,110,110,120,200,120,100,101,102,0,0,0,0,0,0,0,0,0,0,10,0,0,0,0,2,0,0,0,0,0,0,2,0,0,253,255,0,255,0,255,0,0,0,0,0,0,0,0,0,0,0,1,1,0,0,0,0,0,0,0,0,0,0,-1,-1,2100,2010,-1,-1,-1,-1,-1,-1,-1,-1,-1,-1,-1,-1,-1,-1,-1,-1,-1,-1,-1,-1,-1,-1,-1,-1,-1,-1,-1,-1,0,0,0,0,0,0,0,0,0,0,0,0,-1,-1,-1,-1,-1,-1,-1,-1,-1,-1,-1,-1,-1,-1,-1,-1,-1,-1,-1,-1,-1,-1,-1,-1,0,0,0,0,0,0,0,0,0,0,0,0,0,0,0,0,0,0,0,0,0,0,0,0,255,139,139,110,0,0,0,1,0,0,0,100,100,100,100,0,0,100,-1,-1,100,100,0,1,1,-1,0,0,150,0,0,0,0,110,0,110,0,0,0,0,130,0,[0|0|0|0]
1010760,Euporia - Attack,0.5,0.15,0,0,1.5,0.08,-1,19893,-1,1665,1667,100,122,-1,-1,110,110,-1,-1,0,140,140,140,140,180,400,150,100,101,102,0,0,0,0,0,0,0,0,0,0,10,0,0,0,0,2,0,0,0,0,0,0,2,0,0,253,255,0,255,0,255,0,0,0,0,0,0,0,0,0,0,0,2,1,0,0,0,0,0,0,0,0,0,0,-1,-1,2100,2010,-1,-1,-1,-1,-1,-1,-1,-1,-1,-1,-1,-1,-1,-1,-1,-1,-1,-1,-1,-1,-1,-1,-1,-1,-1,-1,-1,-1,0,0,0,0,0,0,0,0,0,0,0,0,-1,-1,-1,-1,-1,-1,-1,-1,-1,-1,-1,-1,-1,-1,-1,-1,-1,-1,-1,-1,-1,-1,-1,-1,0,0,0,0,0,0,0,0,0,0,0,0,0,0,0,0,0,0,0,0,0,0,0,0,255,139,139,140,0,0,0,1,0,0,0,100,100,100,100,0,0,100,-1,-1,100,130,0,1,1,-1,0,0,200,0,0,0,0,140,0,140,0,0,0,0,130,0,[0|0|0|0]
1010800,Euporia - Attack,0.4,0.15,0,0,0.8,0.04,-1,19892,-1,1665,-1,100,122,-1,-1,110,110,-1,-1,0,92,92,92,92,90,100,100,100,0,0,0,0,0,0,0,0,0,0,0,0,10,0,0,0,0,2,0,0,0,0,0,0,1,0,0,253,255,0,255,0,255,0,0,0,0,0,0,0,0,0,0,0,4,1,0,0,0,0,0,0,0,9,0,0,-1,-1,2100,2010,-1,-1,-1,-1,-1,-1,-1,-1,-1,-1,-1,-1,-1,-1,-1,-1,-1,-1,-1,-1,-1,-1,-1,-1,-1,-1,-1,-1,0,0,0,0,0,0,0,0,0,0,0,0,-1,-1,-1,-1,-1,-1,-1,-1,-1,-1,-1,-1,-1,-1,-1,-1,-1,-1,-1,-1,-1,-1,-1,-1,0,0,0,0,0,0,0,0,0,0,0,0,0,0,0,0,0,0,0,0,0,0,0,0,255,139,139,92,0,0,0,0,0,0,0,65,90,100,100,0,0,100,-1,-1,100,100,0,1,1,-1,0,0,60,0,0,0,0,92,0,92,0,0,0,0,130,0,[0|0|0|0]
1010805,Euporia - Attack,0.4,0.15,0,0,0.75,0.04,-1,19892,-1,-1,1667,100,122,-1,-1,110,110,-1,-1,0,92,92,92,92,90,100,100,100,0,0,0,0,0,0,0,0,0,0,0,0,10,0,0,0,0,2,0,0,0,0,0,0,1,0,0,253,255,0,255,0,255,0,0,0,0,0,0,0,0,0,0,0,4,1,0,0,0,0,0,0,0,0,0,0,-1,-1,2100,2010,-1,-1,-1,-1,-1,-1,-1,-1,-1,-1,-1,-1,-1,-1,-1,-1,-1,-1,-1,-1,-1,-1,-1,-1,-1,-1,-1,-1,0,0,0,0,0,0,0,0,0,0,0,0,-1,-1,-1,-1,-1,-1,-1,-1,-1,-1,-1,-1,-1,-1,-1,-1,-1,-1,-1,-1,-1,-1,-1,-1,0,0,0,0,0,0,0,0,0,0,0,0,0,0,0,0,0,0,0,0,0,0,0,0,255,139,139,92,0,0,0,0,0,0,0,65,90,100,100,0,0,100,-1,-1,100,100,0,1,1,-1,0,0,60,0,0,0,0,92,0,92,0,0,0,0,130,0,[0|0|0|0]
1010810,Euporia - Attack,0.4,0.15,0,0,0.75,0.04,-1,19892,-1,1665,-1,100,122,-1,-1,110,110,-1,-1,0,94,94,94,94,90,100,100,100,0,0,0,0,0,0,0,0,0,0,0,0,10,0,0,0,0,2,0,0,0,0,0,0,1,0,0,253,255,0,255,0,255,0,0,0,0,0,0,0,0,0,0,0,3,1,0,0,0,0,0,0,0,9,0,0,-1,-1,2100,2010,-1,-1,-1,-1,-1,-1,-1,-1,-1,-1,-1,-1,-1,-1,-1,-1,-1,-1,-1,-1,-1,-1,-1,-1,-1,-1,-1,-1,0,0,0,0,0,0,0,0,0,0,0,0,-1,-1,-1,-1,-1,-1,-1,-1,-1,-1,-1,-1,-1,-1,-1,-1,-1,-1,-1,-1,-1,-1,-1,-1,0,0,0,0,0,0,0,0,0,0,0,0,0,0,0,0,0,0,0,0,0,0,0,0,255,139,139,94,0,0,0,0,0,0,0,65,90,100,100,0,0,100,-1,-1,100,100,0,1,1,-1,0,0,60,0,0,0,0,94,0,94,0,0,0,0,130,0,[0|0|0|0]
1010815,Euporia - Attack,0.4,0.15,0,0,0.8,0.04,-1,19892,-1,-1,1667,100,122,-1,-1,110,110,-1,-1,0,94,94,94,94,90,100,100,100,0,0,0,0,0,0,0,0,0,0,0,0,10,0,0,0,0,2,0,0,0,0,0,0,1,0,0,253,255,0,255,0,255,0,0,0,0,0,0,0,0,0,0,0,3,1,0,0,0,0,0,0,0,0,0,0,-1,-1,2100,2010,-1,-1,-1,-1,-1,-1,-1,-1,-1,-1,-1,-1,-1,-1,-1,-1,-1,-1,-1,-1,-1,-1,-1,-1,-1,-1,-1,-1,0,0,0,0,0,0,0,0,0,0,0,0,-1,-1,-1,-1,-1,-1,-1,-1,-1,-1,-1,-1,-1,-1,-1,-1,-1,-1,-1,-1,-1,-1,-1,-1,0,0,0,0,0,0,0,0,0,0,0,0,0,0,0,0,0,0,0,0,0,0,0,0,255,139,139,94,0,0,0,0,0,0,0,65,90,100,100,0,0,100,-1,-1,100,100,0,1,1,-1,0,0,60,0,0,0,0,94,0,94,0,0,0,0,130,0,[0|0|0|0]
1010820,Euporia - Attack,0.4,0.15,0,0,0.75,0.04,-1,19892,-1,1665,-1,100,122,-1,-1,110,110,-1,-1,0,100,100,100,100,90,100,100,100,104,0,0,0,0,0,0,0,0,0,0,0,10,0,0,0,0,2,0,0,0,0,0,0,1,0,0,253,255,0,255,0,255,0,0,0,0,0,0,0,0,0,0,0,0,1,0,0,0,0,0,0,0,9,0,0,-1,-1,2100,2010,-1,-1,-1,-1,-1,-1,-1,-1,-1,-1,-1,-1,-1,-1,-1,-1,-1,-1,-1,-1,-1,-1,-1,-1,-1,-1,-1,-1,0,0,0,0,0,0,0,0,0,0,0,0,-1,-1,-1,-1,-1,-1,-1,-1,-1,-1,-1,-1,-1,-1,-1,-1,-1,-1,-1,-1,-1,-1,-1,-1,0,0,0,0,0,0,0,0,0,0,0,0,0,0,0,0,0,0,0,0,0,0,0,0,255,139,139,100,0,0,0,0,0,0,0,65,90,100,100,0,0,100,-1,-1,100,105,0,1,1,-1,0,0,120,0,0,0,0,100,0,100,0,0,0,0,130,0,[0|0|0|0]
1010825,Euporia - Attack,0.4,0.15,0,0,0.9,0.04,-1,19892,-1,-1,1667,100,122,-1,-1,110,110,-1,-1,0,100,100,100,100,90,100,100,100,104,0,0,0,0,0,0,0,0,0,0,0,10,0,0,0,0,2,0,0,0,0,0,0,2,0,0,253,255,0,255,0,255,0,0,0,0,0,0,0,0,0,0,0,2,1,0,0,0,0,0,0,0,0,0,0,-1,-1,2100,2010,-1,-1,-1,-1,-1,-1,-1,-1,-1,-1,-1,-1,-1,-1,-1,-1,-1,-1,-1,-1,-1,-1,-1,-1,-1,-1,-1,-1,0,0,0,0,0,0,0,0,0,0,0,0,-1,-1,-1,-1,-1,-1,-1,-1,-1,-1,-1,-1,-1,-1,-1,-1,-1,-1,-1,-1,-1,-1,-1,-1,0,0,0,0,0,0,0,0,0,0,0,0,0,0,0,0,0,0,0,0,0,0,0,0,255,139,139,100,0,0,0,0,0,0,0,65,90,100,100,0,0,100,-1,-1,100,105,0,1,1,-1,0,0,120,0,0,0,0,100,0,100,0,0,0,0,130,0,[0|0|0|0]
1010860,Euporia - Attack,0.4,0.15,0,0,1.4,0.04,-1,19892,-1,1665,-1,100,122,-1,-1,110,110,-1,-1,0,100,100,100,100,110,120,100,100,0,0,0,0,0,0,0,0,0,0,0,0,10,0,0,0,0,2,0,0,0,0,0,0,2,0,0,253,255,0,255,0,255,0,0,0,0,0,0,0,0,0,0,0,3,1,0,0,0,0,0,0,0,9,0,0,-1,-1,2100,2010,-1,-1,-1,-1,-1,-1,-1,-1,-1,-1,-1,-1,-1,-1,-1,-1,-1,-1,-1,-1,-1,-1,-1,-1,-1,-1,-1,-1,0,0,0,0,0,0,0,0,0,0,0,0,-1,-1,-1,-1,-1,-1,-1,-1,-1,-1,-1,-1,-1,-1,-1,-1,-1,-1,-1,-1,-1,-1,-1,-1,0,0,0,0,0,0,0,0,0,0,0,0,0,0,0,0,0,0,0,0,0,0,0,0,255,139,139,100,0,0,0,0,0,0,0,65,90,100,100,0,0,100,-1,-1,100,110,0,1,1,-1,0,0,60,0,0,0,0,100,0,100,0,0,0,0,130,0,[0|0|0|0]
1010865,Euporia - Attack,0.4,0.15,0,0,1.4,0.04,-1,19892,-1,-1,1667,100,122,-1,-1,110,110,-1,-1,0,95,95,95,95,100,120,100,100,0,0,0,0,0,0,0,0,0,0,0,0,10,0,0,0,0,2,0,0,0,0,0,0,1,0,0,252,255,2,255,0,255,0,0,0,0,0,0,0,0,0,0,0,0,1,0,0,0,0,0,0,0,0,0,0,-1,-1,2100,2010,-1,-1,-1,-1,-1,-1,-1,-1,-1,-1,-1,-1,-1,-1,-1,-1,-1,-1,-1,-1,-1,-1,-1,-1,-1,-1,-1,-1,0,0,0,0,0,0,0,0,0,0,0,0,-1,-1,-1,-1,-1,-1,-1,-1,-1,-1,-1,-1,-1,-1,-1,-1,-1,-1,-1,-1,-1,-1,-1,-1,0,0,0,0,0,0,0,0,0,0,0,0,0,0,0,0,0,0,0,0,0,0,0,0,255,139,139,95,0,0,0,0,0,0,0,65,90,100,100,0,0,100,-1,-1,100,110,0,1,1,-1,0,0,60,0,0,0,0,95,0,95,0,0,0,0,130,0,[0|0|0|0]
1010870,Euporia - Attack,0.4,0.15,0,0,0.4,0.04,-1,19892,-1,1665,-1,100,122,-1,-1,110,110,-1,-1,0,85,85,85,85,100,200,100,100,0,0,0,0,0,0,0,0,0,0,0,0,10,0,0,0,0,2,0,0,0,0,0,0,1,0,0,253,255,0,255,0,255,0,0,0,0,0,0,0,0,0,0,0,3,1,0,0,0,0,0,0,0,9,0,0,-1,-1,2100,2010,-1,-1,-1,-1,-1,-1,-1,-1,-1,-1,-1,-1,-1,-1,-1,-1,-1,-1,-1,-1,-1,-1,-1,-1,-1,-1,-1,-1,0,0,0,0,0,0,0,0,0,0,0,0,-1,-1,-1,-1,-1,-1,-1,-1,-1,-1,-1,-1,-1,-1,-1,-1,-1,-1,-1,-1,-1,-1,-1,-1,0,0,0,0,0,0,0,0,0,0,0,0,0,0,0,0,0,0,0,0,0,0,0,0,255,139,139,85,0,0,0,0,0,0,0,65,90,100,100,0,0,100,-1,-1,100,90,0,1,1,-1,0,0,60,0,0,0,0,85,0,85,0,0,0,0,130,0,[0|0|0|0]
1010875,Euporia - Attack,0.4,0.15,0,0,1,0.04,-1,19892,-1,-1,1667,100,122,-1,-1,110,110,-1,-1,0,85,85,85,85,100,200,100,100,0,0,0,0,0,0,0,0,0,0,0,0,10,0,0,0,0,2,0,0,0,0,0,0,1,0,0,253,255,0,255,0,255,0,0,0,0,0,0,0,0,0,0,0,2,1,0,0,0,0,0,0,0,0,0,0,-1,-1,2100,2010,-1,-1,-1,-1,-1,-1,-1,-1,-1,-1,-1,-1,-1,-1,-1,-1,-1,-1,-1,-1,-1,-1,-1,-1,-1,-1,-1,-1,0,0,0,0,0,0,0,0,0,0,0,0,-1,-1,-1,-1,-1,-1,-1,-1,-1,-1,-1,-1,-1,-1,-1,-1,-1,-1,-1,-1,-1,-1,-1,-1,0,0,0,0,0,0,0,0,0,0,0,0,0,0,0,0,0,0,0,0,0,0,0,0,255,139,139,85,0,0,0,0,0,0,0,65,90,100,100,0,0,100,-1,-1,100,90,0,1,1,-1,0,0,60,0,0,0,0,85,0,85,0,0,0,0,130,0,[0|0|0|0]
1010880,Euporia - Attack,0.4,0.15,0,0,0.5,0.04,-1,19892,-1,1665,-1,100,122,-1,-1,110,110,-1,-1,0,85,85,85,85,100,200,100,100,0,0,0,0,0,0,0,0,0,0,0,0,10,0,0,0,0,2,0,0,0,0,0,0,1,0,0,252,255,2,255,0,255,0,0,0,0,0,0,0,0,0,0,0,0,1,0,0,0,0,0,0,0,9,0,0,-1,-1,2100,2010,-1,-1,-1,-1,-1,-1,-1,-1,-1,-1,-1,-1,-1,-1,-1,-1,-1,-1,-1,-1,-1,-1,-1,-1,-1,-1,-1,-1,0,0,0,0,0,0,0,0,0,0,0,0,-1,-1,-1,-1,-1,-1,-1,-1,-1,-1,-1,-1,-1,-1,-1,-1,-1,-1,-1,-1,-1,-1,-1,-1,0,0,0,0,0,0,0,0,0,0,0,0,0,0,0,0,0,0,0,0,0,0,0,0,255,139,139,85,0,0,0,0,0,0,0,65,90,100,100,0,0,100,-1,-1,100,90,0,1,1,-1,0,0,60,0,0,0,0,85,0,85,0,0,0,0,130,0,[0|0|0|0]
1010885,Euporia - Attack,0.4,0.15,0,0,0.5,0.04,-1,19892,-1,-1,1667,100,122,-1,-1,110,110,-1,-1,0,85,85,85,85,100,200,100,100,0,0,0,0,0,0,0,0,0,0,0,0,10,0,0,0,0,2,0,0,0,0,0,0,1,0,0,252,255,2,255,0,255,0,0,0,0,0,0,0,0,0,0,0,0,1,0,0,0,0,0,0,0,0,0,0,-1,-1,2100,2010,-1,-1,-1,-1,-1,-1,-1,-1,-1,-1,-1,-1,-1,-1,-1,-1,-1,-1,-1,-1,-1,-1,-1,-1,-1,-1,-1,-1,0,0,0,0,0,0,0,0,0,0,0,0,-1,-1,-1,-1,-1,-1,-1,-1,-1,-1,-1,-1,-1,-1,-1,-1,-1,-1,-1,-1,-1,-1,-1,-1,0,0,0,0,0,0,0,0,0,0,0,0,0,0,0,0,0,0,0,0,0,0,0,0,255,139,139,85,0,0,0,0,0,0,0,65,90,100,100,0,0,100,-1,-1,100,90,0,1,1,-1,0,0,60,0,0,0,0,85,0,85,0,0,0,0,130,0,[0|0|0|0]
1010890,Euporia - Attack,0.4,0.15,0,0,0.5,0.03,-1,19890,-1,-1,-1,100,122,-1,-1,110,110,-1,-1,0,50,50,50,50,50,9900,100,100,102,0,0,0,0,0,0,0,0,0,0,0,10,0,0,0,0,2,0,0,0,0,0,0,1,0,0,253,255,0,255,0,255,0,0,0,0,0,0,0,0,0,0,0,0,1,0,0,0,0,0,0,0,9,0,0,-1,-1,2100,2010,-1,-1,-1,-1,-1,-1,-1,-1,-1,-1,-1,-1,-1,-1,-1,-1,-1,-1,-1,-1,-1,-1,-1,-1,-1,-1,-1,-1,0,0,0,0,0,0,0,0,0,0,0,0,-1,-1,-1,-1,-1,-1,-1,-1,-1,-1,-1,-1,-1,-1,-1,-1,-1,-1,-1,-1,-1,-1,-1,-1,0,0,0,0,0,0,0,0,0,0,0,0,0,0,0,0,0,0,0,0,0,0,0,0,255,139,139,50,0,0,0,0,0,0,0,40,50,100,100,0,0,100,-1,-1,100,50,0,1,1,-1,0,0,50,0,0,0,0,50,0,50,0,0,0,0,130,0,[0|0|0|0]
1010891,Euporia - Attack,0.4,0.15,0,0,0.7,0.03,-1,19890,-1,1665,-1,100,122,-1,-1,110,110,-1,-1,0,105,105,105,105,110,9900,100,100,102,0,0,0,0,0,0,0,0,0,0,0,10,0,0,0,0,2,0,0,0,0,0,0,2,0,0,253,255,0,255,0,255,0,0,0,0,0,0,0,0,0,0,0,2,1,0,0,0,0,0,0,0,0,0,0,-1,-1,2100,2010,-1,-1,-1,-1,-1,-1,-1,-1,-1,-1,-1,-1,-1,-1,-1,-1,-1,-1,-1,-1,-1,-1,-1,-1,-1,-1,-1,-1,0,0,0,0,0,0,0,0,0,0,0,0,-1,-1,-1,-1,-1,-1,-1,-1,-1,-1,-1,-1,-1,-1,-1,-1,-1,-1,-1,-1,-1,-1,-1,-1,0,0,0,0,0,0,0,0,0,0,0,0,0,0,0,0,0,0,0,0,0,0,0,0,255,139,139,105,0,0,0,0,0,0,0,40,90,100,100,0,0,100,-1,-1,100,130,0,1,1,-1,0,0,100,0,0,0,0,105,0,105,0,0,0,0,130,0,[0|0|0|0]
1010895,Euporia - Attack,0.4,0.15,0,0,0.5,0.03,-1,19890,-1,-1,-1,100,122,-1,-1,110,110,-1,-1,0,50,50,50,50,50,9900,100,100,102,0,0,0,0,0,0,0,0,0,0,0,10,0,0,0,0,2,0,0,0,0,0,0,1,0,0,253,255,0,255,0,255,0,0,0,0,0,0,0,0,0,0,0,0,1,0,0,0,0,0,0,0,9,0,0,-1,-1,2100,2010,-1,-1,-1,-1,-1,-1,-1,-1,-1,-1,-1,-1,-1,-1,-1,-1,-1,-1,-1,-1,-1,-1,-1,-1,-1,-1,-1,-1,0,0,0,0,0,0,0,0,0,0,0,0,-1,-1,-1,-1,-1,-1,-1,-1,-1,-1,-1,-1,-1,-1,-1,-1,-1,-1,-1,-1,-1,-1,-1,-1,0,0,0,0,0,0,0,0,0,0,0,0,0,0,0,0,0,0,0,0,0,0,0,0,255,139,139,50,0,0,0,0,0,0,0,40,50,100,100,0,0,100,-1,-1,100,50,0,1,1,-1,0,0,50,0,0,0,0,50,0,50,0,0,0,0,130,0,[0|0|0|0]
1010896,Euporia - Attack,0.4,0.15,0,0,0.7,0.03,-1,19890,-1,-1,1667,100,122,-1,-1,110,110,-1,-1,0,105,105,105,105,110,9900,100,100,102,0,0,0,0,0,0,0,0,0,0,0,10,0,0,0,0,2,0,0,0,0,0,0,2,0,0,253,255,0,255,0,255,0,0,0,0,0,0,0,0,0,0,0,2,1,0,0,0,0,0,0,0,0,0,0,-1,-1,2100,2010,-1,-1,-1,-1,-1,-1,-1,-1,-1,-1,-1,-1,-1,-1,-1,-1,-1,-1,-1,-1,-1,-1,-1,-1,-1,-1,-1,-1,0,0,0,0,0,0,0,0,0,0,0,0,-1,-1,-1,-1,-1,-1,-1,-1,-1,-1,-1,-1,-1,-1,-1,-1,-1,-1,-1,-1,-1,-1,-1,-1,0,0,0,0,0,0,0,0,0,0,0,0,0,0,0,0,0,0,0,0,0,0,0,0,255,139,139,105,0,0,0,0,0,0,0,40,90,100,100,0,0,100,-1,-1,100,130,0,1,1,-1,0,0,100,0,0,0,0,105,0,105,0,0,0,0,130,0,[0|0|0|0]
1010897,Euporia - Scorching Radiance,5,0,0,0,0,0,-1,-1,-1,-1,-1,90,-1,-1,-1,-1,-1,-1,-1,0,100,100,100,100,100,0,0,0,0,0,0,0,0,0,0,100,0,0,0,0,0,0,0,0,0,0,0,0,0,0,0,0,0,2,0,254,254,254,6,0,0,1,0,0,1,0,1,0,0,0,0,0,0,1,0,0,0,0,0,0,0,0,0,0,-1,-1,-1,-1,-1,-1,-1,-1,99999999,99999999,99999999,99999999,99999999,99999999,99999999,99999999,99999999,99999999,99999999,99999999,99999999,99999999,99999999,99999999,99999999,99999999,99999999,99999999,99999999,99999999,99999999,99999999,0,0,0,0,0,0,0,0,0,0,0,0,-1,-1,-1,-1,-1,-1,-1,-1,-1,-1,-1,-1,-1,-1,-1,-1,-1,-1,-1,-1,-1,-1,-1,-1,0,0,0,0,0,0,0,0,0,0,0,0,0,0,0,0,0,0,0,0,0,0,0,0,0,0,0,100,0,0,1,1,0,0,0,0,0,0,0,0,0,0,-1,-1,-1,0,0,1,1,-1,0,0,0,0,0,100,0,100,0,100,0,-1,0,0,0,1,[0|0|0|0]
1500306,_1,0.5,0.35,0.15,0,1.2,0.07,6901,-1,-1,-1,-1,130,130,120,-1,-1,120,110,-1,0,40,40,40,40,40,100,100,100,0,0,0,0,0,0,0,0,0,0,0,0,10,0,0,0,0,0,2,0,0,0,0,0,3,0,0,253,255,0,255,0,255,0,0,0,0,0,0,0,0,0,0,0,4,1,0,0,0,0,0,0,1,9,0,0,-1,-1,2100,2010,-1,-1,-1,-1,-1,-1,-1,-1,-1,-1,-1,-1,-1,-1,-1,-1,-1,-1,-1,-1,-1,-1,-1,-1,-1,-1,-1,-1,0,0,0,0,0,0,0,0,0,0,0,0,-1,-1,-1,-1,-1,-1,-1,-1,-1,-1,-1,-1,-1,-1,-1,-1,-1,-1,-1,-1,-1,-1,-1,-1,0,0,0,0,0,0,0,0,0,0,0,0,0,0,0,0,0,0,0,0,0,0,0,0,255,139,139,40,0,0,1,0,0,1,0,100,100,100,100,0,0,100,-1,0,100,150,0,1,1,-1,0,0,40,0,0,100,0,40,0,40,0,-1,0,0,130,1,[0|0|0|0]
1500307,_1_1,0.5,0.35,0.15,0,1.2,0.07,6900,-1,-1,-1,-1,130,130,120,-1,-1,120,110,-1,0,10,10,10,10,10,100,100,100,0,0,0,0,0,0,0,0,0,0,0,0,10,0,0,0,0,0,2,0,0,0,0,0,8,0,0,253,255,0,255,0,255,0,0,0,0,0,0,0,0,0,0,0,4,1,0,0,0,0,0,0,1,9,0,0,-1,-1,2100,2010,-1,-1,-1,-1,-1,-1,-1,-1,-1,-1,-1,-1,-1,-1,-1,-1,-1,-1,-1,-1,-1,-1,-1,-1,-1,-1,-1,-1,0,0,0,0,0,0,0,0,0,0,0,0,-1,-1,-1,-1,-1,-1,-1,-1,-1,-1,-1,-1,-1,-1,-1,-1,-1,-1,-1,-1,-1,-1,-1,-1,0,0,0,0,0,0,0,0,0,0,0,0,0,0,0,0,0,0,0,0,0,0,0,0,255,139,139,10,0,0,1,0,0,1,0,100,100,100,100,0,0,100,-1,0,100,150,0,1,1,-1,0,0,0,0,0,100,0,10,0,10,0,-1,0,0,130,1,[0|0|0|0]
2050700,Aqua,0.45,0.1,0,0,0.65,0.05,6900,-1,-1,-1,-1,140,120,-1,-1,120,-1,-1,-1,0,80,100,100,100,100,100,100,100,112,0,0,0,0,0,0,0,0,0,0,0,20,0,0,0,0,2,0,0,0,0,0,0,1,0,0,0,10,0,0,0,255,0,0,0,0,0,0,0,0,0,0,0,4,1,0,0,0,0,0,0,1,9,0,0,-1,-1,0,0,-1,-1,-1,-1,-1,-1,-1,-1,-1,-1,-1,-1,-1,-1,-1,-1,-1,-1,-1,-1,-1,-1,-1,-1,-1,-1,-1,-1,0,0,0,0,0,0,0,0,0,0,0,0,-1,-1,-1,-1,-1,-1,-1,-1,-1,-1,-1,-1,-1,-1,-1,-1,-1,-1,-1,-1,-1,-1,-1,-1,0,0,0,0,0,0,0,0,0,0,0,0,0,0,0,0,0,0,0,0,0,0,0,0,255,139,139,100,0,0,0,1,0,1,0,100,100,100,100,0,0,100,-1,0,100,100,0,1,1,-1,0,0,100,0,0,100,0,100,0,100,0,-1,0,0,130,1,[0|0|0|0]
2050705,Aqua no fp,0.45,0.1,0,0,0.65,0.05,-1,-1,-1,-1,-1,140,120,-1,-1,120,-1,-1,-1,0,30,40,30,30,30,100,100,100,112,0,0,0,0,0,0,0,0,0,0,0,20,0,0,0,0,2,0,0,0,0,0,0,1,0,0,0,10,0,0,0,255,0,0,0,0,0,0,0,0,0,0,0,4,1,0,0,0,0,0,0,1,9,0,0,-1,-1,0,0,-1,-1,-1,-1,-1,-1,-1,-1,-1,-1,-1,-1,-1,-1,-1,-1,-1,-1,-1,-1,-1,-1,-1,-1,-1,-1,-1,-1,0,0,0,0,0,0,0,0,0,0,0,0,-1,-1,-1,-1,-1,-1,-1,-1,-1,-1,-1,-1,-1,-1,-1,-1,-1,-1,-1,-1,-1,-1,-1,-1,0,0,0,0,0,0,0,0,0,0,0,0,0,0,0,0,0,0,0,0,0,0,0,0,255,139,139,30,0,0,0,1,0,1,0,100,100,100,100,0,0,100,-1,0,100,100,0,1,1,-1,0,0,30,0,0,100,0,30,0,30,0,-1,0,0,130,1,[0|0|0|0]
2050710,Aqua_1,0.45,0.1,0,0,0.8,0.05,6900,-1,-1,-1,-1,140,120,-1,-1,120,-1,-1,-1,0,80,100,100,100,100,100,100,100,112,0,0,0,0,0,0,0,0,0,0,0,20,0,0,0,0,2,0,0,0,0,0,0,8,0,0,0,10,0,0,0,255,0,0,0,0,0,0,0,0,0,0,0,3,1,0,0,0,0,0,0,1,9,0,0,-1,-1,0,0,-1,-1,-1,-1,-1,-1,-1,-1,-1,-1,-1,-1,-1,-1,-1,-1,-1,-1,-1,-1,-1,-1,-1,-1,-1,-1,-1,-1,0,0,0,0,0,0,0,0,0,0,0,0,-1,-1,-1,-1,-1,-1,-1,-1,-1,-1,-1,-1,-1,-1,-1,-1,-1,-1,-1,-1,-1,-1,-1,-1,0,0,0,0,0,0,0,0,0,0,0,0,0,0,0,0,0,0,0,0,0,0,0,0,255,139,139,100,0,0,0,1,0,1,0,100,100,100,100,0,0,100,-1,0,100,100,0,1,1,-1,0,0,100,0,0,100,0,100,0,100,0,-1,0,0,130,1,[0|0|0|0]
2050715,Aqua no fp,0.45,0.1,0,0,0.8,0.05,-1,-1,-1,-1,-1,140,120,-1,-1,120,-1,-1,-1,0,30,40,30,30,30,100,100,100,112,0,0,0,0,0,0,0,0,0,0,0,20,0,0,0,0,2,0,0,0,0,0,0,8,0,0,0,10,0,0,0,255,0,0,0,0,0,0,0,0,0,0,0,3,1,0,0,0,0,0,0,1,9,0,0,-1,-1,0,0,-1,-1,-1,-1,-1,-1,-1,-1,-1,-1,-1,-1,-1,-1,-1,-1,-1,-1,-1,-1,-1,-1,-1,-1,-1,-1,-1,-1,0,0,0,0,0,0,0,0,0,0,0,0,-1,-1,-1,-1,-1,-1,-1,-1,-1,-1,-1,-1,-1,-1,-1,-1,-1,-1,-1,-1,-1,-1,-1,-1,0,0,0,0,0,0,0,0,0,0,0,0,0,0,0,0,0,0,0,0,0,0,0,0,255,139,139,30,0,0,0,1,0,1,0,100,100,100,100,0,0,100,-1,0,100,100,0,1,1,-1,0,0,30,0,0,100,0,30,0,30,0,-1,0,0,130,1,[0|0|0|0]
2050720,Aqua_1_1,0.45,0.1,0,0,0.9,0.05,6900,-1,-1,-1,-1,140,120,-1,-1,120,-1,-1,-1,0,80,100,100,100,100,100,100,100,112,0,0,0,0,0,0,0,0,0,0,0,20,0,0,0,0,2,0,0,0,0,0,0,1,0,0,0,10,0,0,0,255,0,0,0,0,0,0,0,0,0,0,0,4,1,0,0,0,0,0,0,1,9,0,0,-1,-1,0,0,-1,-1,-1,-1,-1,-1,-1,-1,-1,-1,-1,-1,-1,-1,-1,-1,-1,-1,-1,-1,-1,-1,-1,-1,-1,-1,-1,-1,0,0,0,0,0,0,0,0,0,0,0,0,-1,-1,-1,-1,-1,-1,-1,-1,-1,-1,-1,-1,-1,-1,-1,-1,-1,-1,-1,-1,-1,-1,-1,-1,0,0,0,0,0,0,0,0,0,0,0,0,0,0,0,0,0,0,0,0,0,0,0,0,255,139,139,100,0,0,0,1,0,1,0,100,100,100,100,0,0,100,-1,0,100,100,0,1,1,-1,0,0,100,0,0,100,0,100,0,100,0,-1,0,0,130,1,[0|0|0|0]
2050725,Aqua no fp,0.45,0.1,0,0,0.9,0.05,-1,-1,-1,-1,-1,140,120,-1,-1,120,-1,-1,-1,0,80,120,100,100,100,100,100,100,112,0,0,0,0,0,0,0,0,0,0,0,20,0,0,0,0,2,0,0,0,0,0,0,1,0,0,0,10,0,0,0,255,0,0,0,0,0,0,0,0,0,0,0,4,1,0,0,0,0,0,0,1,9,0,0,-1,-1,0,0,-1,-1,-1,-1,-1,-1,-1,-1,-1,-1,-1,-1,-1,-1,-1,-1,-1,-1,-1,-1,-1,-1,-1,-1,-1,-1,-1,-1,0,0,0,0,0,0,0,0,0,0,0,0,-1,-1,-1,-1,-1,-1,-1,-1,-1,-1,-1,-1,-1,-1,-1,-1,-1,-1,-1,-1,-1,-1,-1,-1,0,0,0,0,0,0,0,0,0,0,0,0,0,0,0,0,0,0,0,0,0,0,0,0,255,139,139,100,0,0,0,1,0,1,0,100,100,100,100,0,0,100,-1,0,100,100,0,1,1,-1,0,0,100,0,0,100,0,100,0,100,0,-1,0,0,130,1,[0|0|0|0]
2050730,Aqua_1_1_1,0.45,0.1,0,0,1.2,0.05,6901,-1,-1,-1,-1,140,120,-1,-1,120,-1,-1,-1,0,130,145,100,100,140,100,100,100,112,0,0,0,0,0,0,0,0,0,0,0,20,0,0,0,0,2,0,0,0,0,0,0,2,0,0,2,10,2,0,0,255,0,0,0,0,0,0,0,0,0,0,0,0,1,0,0,0,0,0,0,1,9,0,0,-1,-1,0,0,-1,-1,-1,-1,-1,-1,-1,-1,-1,-1,-1,-1,-1,-1,-1,-1,-1,-1,-1,-1,-1,-1,-1,-1,-1,-1,-1,-1,0,0,0,0,0,0,0,0,0,0,0,0,-1,-1,-1,-1,-1,-1,-1,-1,-1,-1,-1,-1,-1,-1,-1,-1,-1,-1,-1,-1,-1,-1,-1,-1,0,0,0,0,0,0,0,0,0,0,0,0,0,0,0,0,0,0,0,0,0,0,0,0,255,139,139,100,0,0,0,1,0,1,0,100,100,100,100,0,0,100,-1,0,100,100,0,1,1,-1,0,0,200,0,0,100,0,100,0,100,0,-1,0,0,130,1,[0|0|0|0]
2050735,Aqua_1_1_1_1,0.45,0.1,0,0,0.8,0.05,-1,-1,-1,-1,-1,140,120,-1,-1,120,-1,-1,-1,0,30,40,30,30,30,100,100,100,112,0,0,0,0,0,0,0,0,0,0,0,20,0,0,0,0,2,0,0,0,0,0,0,2,0,0,2,10,2,0,0,255,0,0,0,0,0,0,0,0,0,0,0,0,1,0,0,0,0,0,0,1,9,0,0,-1,-1,0,0,-1,-1,-1,-1,-1,-1,-1,-1,-1,-1,-1,-1,-1,-1,-1,-1,-1,-1,-1,-1,-1,-1,-1,-1,-1,-1,-1,-1,0,0,0,0,0,0,0,0,0,0,0,0,-1,-1,-1,-1,-1,-1,-1,-1,-1,-1,-1,-1,-1,-1,-1,-1,-1,-1,-1,-1,-1,-1,-1,-1,0,0,0,0,0,0,0,0,0,0,0,0,0,0,0,0,0,0,0,0,0,0,0,0,255,139,139,30,0,0,0,1,0,1,0,100,100,100,100,0,0,100,-1,0,100,100,0,1,1,-1,0,0,30,0,0,100,0,30,0,30,0,-1,0,0,130,1,[0|0|0|0]
2050740,Aqua_1_1_1_1,0.45,0.1,0,0,1.5,0.05,6903,-1,-1,-1,-1,140,120,-1,-1,120,-1,-1,-1,0,130,145,100,100,140,100,100,100,112,0,0,0,0,0,0,0,0,0,0,0,20,0,0,0,0,2,0,0,0,0,0,0,2,0,0,2,10,2,0,0,255,0,0,0,0,0,0,0,0,0,0,0,3,1,0,0,0,0,0,0,1,9,0,0,-1,-1,0,0,-1,-1,-1,-1,-1,-1,-1,-1,-1,-1,-1,-1,-1,-1,-1,-1,-1,-1,-1,-1,-1,-1,-1,-1,-1,-1,-1,-1,0,0,0,0,0,0,0,0,0,0,0,0,-1,-1,-1,-1,-1,-1,-1,-1,-1,-1,-1,-1,-1,-1,-1,-1,-1,-1,-1,-1,-1,-1,-1,-1,0,0,0,0,0,0,0,0,0,0,0,0,0,0,0,0,0,0,0,0,0,0,0,0,255,139,139,100,0,0,0,1,0,1,0,100,100,100,100,0,0,100,-1,0,100,100,0,1,1,-1,0,0,200,0,0,100,0,100,0,100,0,-1,0,0,130,1,[0|0|0|0]
2050745,Aqua_1_1_1_1_1,0.45,0.1,0,0,0.8,0.05,-1,-1,-1,-1,-1,140,120,-1,-1,120,-1,-1,-1,0,30,40,30,30,30,100,100,100,112,0,0,0,0,0,0,0,0,0,0,0,20,0,0,0,0,2,0,0,0,0,0,0,2,0,0,2,10,2,0,0,255,0,0,0,0,0,0,0,0,0,0,0,3,1,0,0,0,0,0,0,1,9,0,0,-1,-1,0,0,-1,-1,-1,-1,-1,-1,-1,-1,-1,-1,-1,-1,-1,-1,-1,-1,-1,-1,-1,-1,-1,-1,-1,-1,-1,-1,-1,-1,0,0,0,0,0,0,0,0,0,0,0,0,-1,-1,-1,-1,-1,-1,-1,-1,-1,-1,-1,-1,-1,-1,-1,-1,-1,-1,-1,-1,-1,-1,-1,-1,0,0,0,0,0,0,0,0,0,0,0,0,0,0,0,0,0,0,0,0,0,0,0,0,255,139,139,30,0,0,0,1,0,1,0,100,100,100,100,0,0,100,-1,0,100,100,0,1,1,-1,0,0,30,0,0,100,0,30,0,30,0,-1,0,0,130,1,[0|0|0|0]
2050750,Aqua_1_1_1_1_1,0.45,0.1,0,0,1.5,0.05,6901,-1,-1,-1,-1,140,120,-1,-1,120,-1,-1,-1,0,80,130,100,100,100,100,100,100,112,0,0,0,0,0,0,0,0,0,0,0,20,0,0,0,0,2,0,0,0,0,0,0,1,0,0,0,10,0,0,0,255,0,0,0,0,0,0,0,0,0,0,0,4,1,0,0,0,0,0,0,1,9,0,0,-1,-1,0,0,-1,-1,-1,-1,-1,-1,-1,-1,-1,-1,-1,-1,-1,-1,-1,-1,-1,-1,-1,-1,-1,-1,-1,-1,-1,-1,-1,-1,0,0,0,0,0,0,0,0,0,0,0,0,-1,-1,-1,-1,-1,-1,-1,-1,-1,-1,-1,-1,-1,-1,-1,-1,-1,-1,-1,-1,-1,-1,-1,-1,0,0,0,0,0,0,0,0,0,0,0,0,0,0,0,0,0,0,0,0,0,0,0,0,255,139,139,100,0,0,0,1,0,1,0,100,100,100,100,0,0,100,-1,0,100,100,0,1,1,-1,0,0,100,0,0,100,0,100,0,100,0,-1,0,0,130,1,[0|0|0|0]
2050755,Aqua_1_1_1_1_1_1,0.45,0.1,0,0,0.8,0.05,-1,-1,-1,-1,-1,140,120,-1,-1,120,-1,-1,-1,0,30,40,30,30,30,100,100,100,112,0,0,0,0,0,0,0,0,0,0,0,20,0,0,0,0,2,0,0,0,0,0,0,1,0,0,0,10,0,0,0,255,0,0,0,0,0,0,0,0,0,0,0,4,1,0,0,0,0,0,0,1,9,0,0,-1,-1,0,0,-1,-1,-1,-1,-1,-1,-1,-1,-1,-1,-1,-1,-1,-1,-1,-1,-1,-1,-1,-1,-1,-1,-1,-1,-1,-1,-1,-1,0,0,0,0,0,0,0,0,0,0,0,0,-1,-1,-1,-1,-1,-1,-1,-1,-1,-1,-1,-1,-1,-1,-1,-1,-1,-1,-1,-1,-1,-1,-1,-1,0,0,0,0,0,0,0,0,0,0,0,0,0,0,0,0,0,0,0,0,0,0,0,0,255,139,139,30,0,0,0,1,0,1,0,100,100,100,100,0,0,100,-1,0,100,100,0,1,1,-1,0,0,30,0,0,100,0,30,0,30,0,-1,0,0,130,1,[0|0|0|0]
2050760,Aqua_1_1_1_1_1_1,0.45,0.1,0,0,1.5,0.05,6901,-1,-1,-1,-1,140,120,-1,-1,120,-1,-1,-1,0,80,130,100,100,100,100,100,100,112,0,0,0,0,0,0,0,0,0,0,0,20,0,0,0,0,2,0,0,0,0,0,0,1,0,0,0,10,0,0,0,255,0,0,0,0,0,0,0,0,0,0,0,3,1,0,0,0,0,0,0,1,9,0,0,-1,-1,0,0,-1,-1,-1,-1,-1,-1,-1,-1,-1,-1,-1,-1,-1,-1,-1,-1,-1,-1,-1,-1,-1,-1,-1,-1,-1,-1,-1,-1,0,0,0,0,0,0,0,0,0,0,0,0,-1,-1,-1,-1,-1,-1,-1,-1,-1,-1,-1,-1,-1,-1,-1,-1,-1,-1,-1,-1,-1,-1,-1,-1,0,0,0,0,0,0,0,0,0,0,0,0,0,0,0,0,0,0,0,0,0,0,0,0,255,139,139,100,0,0,0,1,0,1,0,100,100,100,100,0,0,100,-1,0,100,100,0,1,1,-1,0,0,100,0,0,100,0,100,0,100,0,-1,0,0,130,1,[0|0|0|0]
2050765,Aqua_1_1_1_1_1_1_1,0.45,0.1,0,0,0.8,0.05,-1,-1,-1,-1,-1,140,120,-1,-1,120,-1,-1,-1,0,30,40,30,30,30,100,100,100,112,0,0,0,0,0,0,0,0,0,0,0,20,0,0,0,0,2,0,0,0,0,0,0,1,0,0,0,10,0,0,0,255,0,0,0,0,0,0,0,0,0,0,0,3,1,0,0,0,0,0,0,1,9,0,0,-1,-1,0,0,-1,-1,-1,-1,-1,-1,-1,-1,-1,-1,-1,-1,-1,-1,-1,-1,-1,-1,-1,-1,-1,-1,-1,-1,-1,-1,-1,-1,0,0,0,0,0,0,0,0,0,0,0,0,-1,-1,-1,-1,-1,-1,-1,-1,-1,-1,-1,-1,-1,-1,-1,-1,-1,-1,-1,-1,-1,-1,-1,-1,0,0,0,0,0,0,0,0,0,0,0,0,0,0,0,0,0,0,0,0,0,0,0,0,255,139,139,30,0,0,0,1,0,1,0,100,100,100,100,0,0,100,-1,0,100,100,0,1,1,-1,0,0,30,0,0,100,0,30,0,30,0,-1,0,0,130,1,[0|0|0|0]
2050770,Aqua_1_1_1_1_1_1_1,0.45,0.1,0,0,1.5,0.05,6901,-1,-1,-1,-1,140,120,-1,-1,120,-1,-1,-1,0,70,130,80,80,100,100,100,100,112,0,0,0,0,0,0,0,0,0,0,0,20,0,0,0,0,2,0,0,0,0,0,0,1,0,0,2,10,2,0,0,255,0,0,0,0,0,0,0,0,0,0,0,0,1,0,0,0,0,0,0,1,9,0,0,-1,-1,0,0,-1,-1,-1,-1,-1,-1,-1,-1,-1,-1,-1,-1,-1,-1,-1,-1,-1,-1,-1,-1,-1,-1,-1,-1,-1,-1,-1,-1,0,0,0,0,0,0,0,0,0,0,0,0,-1,-1,-1,-1,-1,-1,-1,-1,-1,-1,-1,-1,-1,-1,-1,-1,-1,-1,-1,-1,-1,-1,-1,-1,0,0,0,0,0,0,0,0,0,0,0,0,0,0,0,0,0,0,0,0,0,0,0,0,255,139,139,80,0,0,0,1,0,1,0,100,100,100,100,0,0,100,-1,0,100,100,0,1,1,-1,0,0,100,0,0,100,0,100,0,100,0,-1,0,0,130,1,[0|0|0|0]
2050775,Aqua_1_1_1_1_1_1_1_1,0.45,0.1,0,0,1.5,0.05,-1,-1,-1,-1,-1,140,120,-1,-1,120,-1,-1,-1,0,30,40,30,30,30,100,100,100,112,0,0,0,0,0,0,0,0,0,0,0,20,0,0,0,0,2,0,0,0,0,0,0,1,0,0,2,10,2,0,0,255,0,0,0,0,0,0,0,0,0,0,0,0,1,0,0,0,0,0,0,1,9,0,0,-1,-1,0,0,-1,-1,-1,-1,-1,-1,-1,-1,-1,-1,-1,-1,-1,-1,-1,-1,-1,-1,-1,-1,-1,-1,-1,-1,-1,-1,-1,-1,0,0,0,0,0,0,0,0,0,0,0,0,-1,-1,-1,-1,-1,-1,-1,-1,-1,-1,-1,-1,-1,-1,-1,-1,-1,-1,-1,-1,-1,-1,-1,-1,0,0,0,0,0,0,0,0,0,0,0,0,0,0,0,0,0,0,0,0,0,0,0,0,255,139,139,30,0,0,0,1,0,1,0,100,100,100,100,0,0,100,-1,0,100,100,0,1,1,-1,0,0,30,0,0,100,0,30,0,30,0,-1,0,0,130,1,[0|0|0|0]
2050780,Aqua_1_1_1_1_1_1_1_1,0.45,0.1,0,0,1.5,0.05,6901,-1,-1,-1,-1,140,120,-1,-1,120,-1,-1,-1,0,70,130,80,80,100,100,100,100,112,0,0,0,0,0,0,0,0,0,0,0,20,0,0,0,0,2,0,0,0,0,0,0,1,0,0,0,10,0,0,0,255,0,0,0,0,0,0,0,0,0,0,0,3,1,0,0,0,0,0,0,1,9,0,0,-1,-1,0,0,-1,-1,-1,-1,-1,-1,-1,-1,-1,-1,-1,-1,-1,-1,-1,-1,-1,-1,-1,-1,-1,-1,-1,-1,-1,-1,-1,-1,0,0,0,0,0,0,0,0,0,0,0,0,-1,-1,-1,-1,-1,-1,-1,-1,-1,-1,-1,-1,-1,-1,-1,-1,-1,-1,-1,-1,-1,-1,-1,-1,0,0,0,0,0,0,0,0,0,0,0,0,0,0,0,0,0,0,0,0,0,0,0,0,255,139,139,80,0,0,0,1,0,1,0,100,100,100,100,0,0,100,-1,0,100,100,0,1,1,-1,0,0,100,0,0,100,0,100,0,100,0,-1,0,0,130,1,[0|0|0|0]
2050785,Aqua_1_1_1_1_1_1_1_1_1,0.45,0.1,0,0,0.8,0.05,-1,-1,-1,-1,-1,140,120,-1,-1,120,-1,-1,-1,0,30,40,30,30,30,100,100,100,112,0,0,0,0,0,0,0,0,0,0,0,20,0,0,0,0,2,0,0,0,0,0,0,1,0,0,0,10,0,0,0,255,0,0,0,0,0,0,0,0,0,0,0,3,1,0,0,0,0,0,0,1,9,0,0,-1,-1,0,0,-1,-1,-1,-1,-1,-1,-1,-1,-1,-1,-1,-1,-1,-1,-1,-1,-1,-1,-1,-1,-1,-1,-1,-1,-1,-1,-1,-1,0,0,0,0,0,0,0,0,0,0,0,0,-1,-1,-1,-1,-1,-1,-1,-1,-1,-1,-1,-1,-1,-1,-1,-1,-1,-1,-1,-1,-1,-1,-1,-1,0,0,0,0,0,0,0,0,0,0,0,0,0,0,0,0,0,0,0,0,0,0,0,0,255,139,139,30,0,0,0,1,0,1,0,100,100,100,100,0,0,100,-1,0,100,100,0,1,1,-1,0,0,30,0,0,100,0,30,0,30,0,-1,0,0,130,1,[0|0|0|0]
2210100,Claws of Night - Bullet,0.4,0,0,0,0.8,0,-1,-1,-1,-1,-1,6,0,-1,-1,940,0,-1,-1,0,105,105,105,105,59,400,90,100,0,0,0,0,0,0,0,0,0,0,0,0,10,0,0,0,0,0,0,0,0,0,0,0,1,1,0,253,255,0,255,0,255,0,0,0,0,0,0,0,0,0,0,0,0,1,0,0,0,0,0,0,0,0,0,0,-1,-1,2100,2010,-1,-1,-1,-1,-1,-1,-1,-1,-1,-1,-1,-1,-1,-1,-1,-1,-1,-1,-1,-1,-1,-1,-1,-1,-1,-1,-1,-1,0,0,0,0,0,0,0,0,0,0,0,0,-1,-1,-1,-1,-1,-1,-1,-1,-1,-1,-1,-1,-1,-1,-1,-1,-1,-1,-1,-1,-1,-1,-1,-1,0,0,0,0,0,0,0,0,0,0,0,0,0,0,0,0,0,0,0,0,0,0,0,0,255,139,139,105,0,0,0,0,0,0,1,50,100,100,100,0,0,100,-1,0,100,130,0,1,1,-1,0,0,100,0,0,0,0,105,0,105,0,0,0,0,130,0,[0|0|0|0]
2210101,Claws of Night - Bullet,0.35,0.1,0,0,0.8,0,-1,-1,-1,-1,-1,120,120,-1,-1,100,-1,-1,-1,0,50,50,50,50,59,400,90,100,0,0,0,0,0,0,0,0,0,0,0,0,10,0,0,0,0,2,0,0,0,0,0,0,1,1,0,253,255,0,255,0,255,0,0,0,0,0,0,0,0,0,0,0,0,1,0,0,0,0,0,0,0,0,0,0,-1,-1,2100,2010,-1,-1,-1,-1,-1,-1,-1,-1,-1,-1,-1,-1,-1,-1,-1,-1,-1,-1,-1,-1,-1,-1,-1,-1,-1,-1,-1,-1,0,0,0,0,0,0,0,0,0,0,0,0,-1,-1,-1,-1,-1,-1,-1,-1,-1,-1,-1,-1,-1,-1,-1,-1,-1,-1,-1,-1,-1,-1,-1,-1,0,0,0,0,0,0,0,0,0,0,0,0,0,0,0,0,0,0,0,0,0,0,0,0,255,139,139,50,0,0,0,0,0,0,1,50,100,100,100,0,0,100,-1,0,100,130,0,1,1,-1,0,0,100,0,0,0,0,50,0,50,0,0,0,0,130,0,[0|0|0|0]
2210105,Claws of Night - Bullet,0.4,0,0,0,1,0,-1,-1,-1,-1,-1,6,0,-1,-1,940,0,-1,-1,0,125,125,125,125,66,400,90,100,100,0,0,0,0,0,0,0,0,0,0,0,10,0,0,0,0,0,0,0,0,0,0,0,1,1,0,253,255,0,255,0,255,0,0,0,0,0,0,0,0,0,0,0,0,1,0,0,0,0,0,0,0,0,0,0,-1,-1,2100,2010,-1,-1,-1,-1,-1,-1,-1,-1,-1,-1,-1,-1,-1,-1,-1,-1,-1,-1,-1,-1,-1,-1,-1,-1,-1,-1,-1,-1,0,0,0,0,0,0,0,0,0,0,0,0,-1,-1,-1,-1,-1,-1,-1,-1,-1,-1,-1,-1,-1,-1,-1,-1,-1,-1,-1,-1,-1,-1,-1,-1,0,0,0,0,0,0,0,0,0,0,0,0,0,0,0,0,0,0,0,0,0,0,0,0,255,139,139,125,0,0,0,0,0,0,3,50,100,100,100,0,0,100,-1,0,100,150,0,1,1,-1,0,0,150,0,0,0,0,125,0,125,0,0,0,0,130,0,[0|0|0|0]
2210106,Claws of Night - Bullet,0.35,0.1,0,0,1,0,-1,-1,-1,-1,-1,120,120,-1,-1,100,-1,-1,-1,0,60,60,60,60,66,400,90,100,100,0,0,0,0,0,0,0,0,0,0,0,10,0,0,0,0,2,0,0,0,0,0,0,1,1,0,253,255,0,255,0,255,0,0,0,0,0,0,0,0,0,0,0,0,1,0,0,0,0,0,0,0,0,0,0,-1,-1,2100,2010,-1,-1,-1,-1,-1,-1,-1,-1,-1,-1,-1,-1,-1,-1,-1,-1,-1,-1,-1,-1,-1,-1,-1,-1,-1,-1,-1,-1,0,0,0,0,0,0,0,0,0,0,0,0,-1,-1,-1,-1,-1,-1,-1,-1,-1,-1,-1,-1,-1,-1,-1,-1,-1,-1,-1,-1,-1,-1,-1,-1,0,0,0,0,0,0,0,0,0,0,0,0,0,0,0,0,0,0,0,0,0,0,0,0,255,139,139,60,0,0,0,0,0,0,3,50,100,100,100,0,0,100,-1,0,100,150,0,1,1,-1,0,0,150,0,0,0,0,60,0,60,0,0,0,0,130,0,[0|0|0|0]
2210110,Claws of Night - Bullet,0.4,0.2,0,0,0.8,0,-1,-1,-1,-1,-1,1,1,-1,-1,-1,-1,-1,-1,0,107,107,107,107,62,400,90,100,0,0,0,0,0,0,0,0,0,0,0,0,10,0,0,0,0,2,0,0,0,0,0,0,1,1,0,253,255,0,255,0,255,0,0,0,0,0,0,0,0,0,0,0,0,1,0,0,0,0,0,0,0,0,0,0,-1,-1,2100,2010,-1,-1,-1,-1,-1,-1,-1,-1,-1,-1,-1,-1,-1,-1,-1,-1,-1,-1,-1,-1,-1,-1,-1,-1,-1,-1,-1,-1,0,0,0,0,0,0,0,0,0,0,0,0,-1,-1,-1,-1,-1,-1,-1,-1,-1,-1,-1,-1,-1,-1,-1,-1,-1,-1,-1,-1,-1,-1,-1,-1,0,0,0,0,0,0,0,0,0,0,0,0,0,0,0,0,0,0,0,0,0,0,0,0,255,139,139,107,0,0,0,0,0,0,1,50,100,100,100,0,0,100,-1,0,100,130,0,1,1,-1,0,0,100,0,0,0,0,107,0,107,0,0,0,0,130,0,[0|0|0|0]
2210111,Claws of Night - Bullet,0.35,0.1,0,0,0.8,0,-1,-1,-1,-1,-1,120,120,-1,-1,100,-1,-1,-1,0,51,51,51,51,62,400,90,100,0,0,0,0,0,0,0,0,0,0,0,0,10,0,0,0,0,2,0,0,0,0,0,0,1,1,0,253,255,0,255,0,255,0,0,0,0,0,0,0,0,0,0,0,0,1,0,0,0,0,0,0,0,0,0,0,-1,-1,2100,2010,-1,-1,-1,-1,-1,-1,-1,-1,-1,-1,-1,-1,-1,-1,-1,-1,-1,-1,-1,-1,-1,-1,-1,-1,-1,-1,-1,-1,0,0,0,0,0,0,0,0,0,0,0,0,-1,-1,-1,-1,-1,-1,-1,-1,-1,-1,-1,-1,-1,-1,-1,-1,-1,-1,-1,-1,-1,-1,-1,-1,0,0,0,0,0,0,0,0,0,0,0,0,0,0,0,0,0,0,0,0,0,0,0,0,255,139,139,51,0,0,0,0,0,0,1,50,100,100,100,0,0,100,-1,0,100,130,0,1,1,-1,0,0,100,0,0,0,0,51,0,51,0,0,0,0,130,0,[0|0|0|0]
2210115,Claws of Night - Bullet,0.4,0.2,0,0,1,0,-1,-1,-1,-1,-1,1,1,-1,-1,-1,-1,-1,-1,0,127,127,127,127,69,400,90,100,100,0,0,0,0,0,0,0,0,0,0,0,10,0,0,0,0,2,0,0,0,0,0,0,1,1,0,253,255,0,255,0,255,0,0,0,0,0,0,0,0,0,0,0,0,1,0,0,0,0,0,0,0,0,0,0,-1,-1,2100,2010,-1,-1,-1,-1,-1,-1,-1,-1,-1,-1,-1,-1,-1,-1,-1,-1,-1,-1,-1,-1,-1,-1,-1,-1,-1,-1,-1,-1,0,0,0,0,0,0,0,0,0,0,0,0,-1,-1,-1,-1,-1,-1,-1,-1,-1,-1,-1,-1,-1,-1,-1,-1,-1,-1,-1,-1,-1,-1,-1,-1,0,0,0,0,0,0,0,0,0,0,0,0,0,0,0,0,0,0,0,0,0,0,0,0,255,139,139,127,0,0,0,0,0,0,3,50,100,100,100,0,0,100,-1,0,100,150,0,1,1,-1,0,0,150,0,0,0,0,127,0,127,0,0,0,0,130,0,[0|0|0|0]
2210116,Claws of Night - Bullet,0.35,0.1,0,0,1,0,-1,-1,-1,-1,-1,120,120,-1,-1,100,-1,-1,-1,0,61,61,61,61,69,400,90,100,100,0,0,0,0,0,0,0,0,0,0,0,10,0,0,0,0,2,0,0,0,0,0,0,1,1,0,253,255,0,255,0,255,0,0,0,0,0,0,0,0,0,0,0,0,1,0,0,0,0,0,0,0,0,0,0,-1,-1,2100,2010,-1,-1,-1,-1,-1,-1,-1,-1,-1,-1,-1,-1,-1,-1,-1,-1,-1,-1,-1,-1,-1,-1,-1,-1,-1,-1,-1,-1,0,0,0,0,0,0,0,0,0,0,0,0,-1,-1,-1,-1,-1,-1,-1,-1,-1,-1,-1,-1,-1,-1,-1,-1,-1,-1,-1,-1,-1,-1,-1,-1,0,0,0,0,0,0,0,0,0,0,0,0,0,0,0,0,0,0,0,0,0,0,0,0,255,139,139,61,0,0,0,0,0,0,3,50,100,100,100,0,0,100,-1,0,100,150,0,1,1,-1,0,0,150,0,0,0,0,61,0,61,0,0,0,0,130,0,[0|0|0|0]
2210125,Claws of Night - Bullet,0.5,0,0,0,1.2,0,-1,-1,-1,-1,-1,5,0,-1,-1,930,0,-1,-1,0,103,103,103,103,51,400,90,100,122,0,0,0,0,0,0,0,0,0,0,0,10,0,0,0,0,0,0,0,0,0,0,0,1,1,0,253,255,0,255,0,255,0,0,0,0,0,0,0,0,0,0,0,0,1,0,0,0,0,0,0,0,0,0,0,-1,-1,2100,2010,-1,-1,-1,-1,-1,-1,-1,-1,-1,-1,-1,-1,-1,-1,-1,-1,-1,-1,-1,-1,-1,-1,-1,-1,-1,-1,-1,-1,0,0,0,0,0,0,0,0,0,0,0,0,-1,-1,-1,-1,-1,-1,-1,-1,-1,-1,-1,-1,-1,-1,-1,-1,-1,-1,-1,-1,-1,-1,-1,-1,0,0,0,0,0,0,0,0,0,0,0,0,0,0,0,0,0,0,0,0,0,0,0,0,255,139,139,103,0,0,0,0,0,0,1,50,100,100,100,0,0,100,-1,0,100,130,0,1,1,-1,0,0,100,0,0,0,0,103,0,103,0,0,0,0,130,0,[0|0|0|0]
2210126,Claws of Night - Bullet,0.35,0.1,0,0,1.2,0,-1,-1,-1,-1,-1,120,120,-1,-1,100,-1,-1,-1,0,52,52,52,52,51,400,90,100,122,0,0,0,0,0,0,0,0,0,0,0,10,0,0,0,0,2,0,0,0,0,0,0,1,1,0,253,255,0,255,0,255,0,0,0,0,0,0,0,0,0,0,0,0,1,0,0,0,0,0,0,0,0,0,0,-1,-1,2100,2010,-1,-1,-1,-1,-1,-1,-1,-1,-1,-1,-1,-1,-1,-1,-1,-1,-1,-1,-1,-1,-1,-1,-1,-1,-1,-1,-1,-1,0,0,0,0,0,0,0,0,0,0,0,0,-1,-1,-1,-1,-1,-1,-1,-1,-1,-1,-1,-1,-1,-1,-1,-1,-1,-1,-1,-1,-1,-1,-1,-1,0,0,0,0,0,0,0,0,0,0,0,0,0,0,0,0,0,0,0,0,0,0,0,0,255,139,139,52,0,0,0,0,0,0,1,50,100,100,100,0,0,100,-1,0,100,130,0,1,1,-1,0,0,100,0,0,0,0,52,0,52,0,0,0,0,130,0,[0|0|0|0]
2210160,Claws of Night - Bullet,0.5,0,0,0,0.9,0,-1,-1,-1,-1,-1,5,0,-1,-1,930,0,-1,-1,0,106,106,106,106,51,400,90,100,102,0,0,0,0,0,0,0,0,0,0,0,10,0,0,0,0,0,0,0,0,0,0,0,1,1,0,253,255,0,255,0,255,0,0,0,0,0,0,0,0,0,0,0,0,1,0,0,0,0,0,0,0,0,0,0,-1,-1,2100,2010,-1,-1,-1,-1,-1,-1,-1,-1,-1,-1,-1,-1,-1,-1,-1,-1,-1,-1,-1,-1,-1,-1,-1,-1,-1,-1,-1,-1,0,0,0,0,0,0,0,0,0,0,0,0,-1,-1,-1,-1,-1,-1,-1,-1,-1,-1,-1,-1,-1,-1,-1,-1,-1,-1,-1,-1,-1,-1,-1,-1,0,0,0,0,0,0,0,0,0,0,0,0,0,0,0,0,0,0,0,0,0,0,0,0,255,139,139,106,0,0,0,0,0,0,1,50,100,100,100,0,0,100,-1,0,100,140,0,1,1,-1,0,0,100,0,0,0,0,106,0,106,0,0,0,0,130,0,[0|0|0|0]
2210161,Claws of Night - Bullet,0.35,0.1,0,0,0.9,0,-1,-1,-1,-1,-1,120,120,-1,-1,100,-1,-1,-1,0,51,51,51,51,51,400,90,100,102,0,0,0,0,0,0,0,0,0,0,0,10,0,0,0,0,2,0,0,0,0,0,0,1,1,0,253,255,0,255,0,255,0,0,0,0,0,0,0,0,0,0,0,0,1,0,0,0,0,0,0,0,0,0,0,-1,-1,2100,2010,-1,-1,-1,-1,-1,-1,-1,-1,-1,-1,-1,-1,-1,-1,-1,-1,-1,-1,-1,-1,-1,-1,-1,-1,-1,-1,-1,-1,0,0,0,0,0,0,0,0,0,0,0,0,-1,-1,-1,-1,-1,-1,-1,-1,-1,-1,-1,-1,-1,-1,-1,-1,-1,-1,-1,-1,-1,-1,-1,-1,0,0,0,0,0,0,0,0,0,0,0,0,0,0,0,0,0,0,0,0,0,0,0,0,255,139,139,51,0,0,0,0,0,0,1,50,100,100,100,0,0,100,-1,0,100,140,0,1,1,-1,0,0,100,0,0,0,0,51,0,51,0,0,0,0,130,0,[0|0|0|0]
2210180,Claws of Night - Bullet,0.5,0,0,0,1.4,0,-1,-1,-1,-1,-1,5,0,-1,-1,930,0,-1,-1,0,115,115,115,115,62,400,90,60000,103,0,0,0,0,0,0,0,0,0,0,0,10,0,0,0,0,0,0,0,0,0,0,0,1,1,0,253,255,0,255,0,255,0,0,0,0,0,0,0,0,0,0,0,0,1,0,0,0,0,0,0,0,0,0,0,-1,-1,2100,2010,-1,-1,-1,-1,-1,-1,-1,-1,-1,-1,-1,-1,-1,-1,-1,-1,-1,-1,-1,-1,-1,-1,-1,-1,-1,-1,-1,-1,0,0,0,0,0,0,0,0,0,0,0,0,-1,-1,-1,-1,-1,-1,-1,-1,-1,-1,-1,-1,-1,-1,-1,-1,-1,-1,-1,-1,-1,-1,-1,-1,0,0,0,0,0,0,0,0,0,0,0,0,0,0,0,0,0,0,0,0,0,0,0,0,255,139,139,115,0,0,0,0,0,0,1,75,100,100,100,0,0,100,-1,0,100,100,0,1,1,-1,0,0,150,0,0,0,0,115,0,115,0,0,0,0,130,0,[0|0|0|0]
2210181,Claws of Night - Bullet,0.35,0.1,0,0,1.4,0,-1,-1,-1,-1,-1,120,120,-1,-1,100,-1,-1,-1,0,62,62,62,62,62,400,90,60000,103,0,0,0,0,0,0,0,0,0,0,0,10,0,0,0,0,2,0,0,0,0,0,0,1,1,0,253,255,0,255,0,255,0,0,0,0,0,0,0,0,0,0,0,0,1,0,0,0,0,0,0,0,0,0,0,-1,-1,2100,2010,-1,-1,-1,-1,-1,-1,-1,-1,-1,-1,-1,-1,-1,-1,-1,-1,-1,-1,-1,-1,-1,-1,-1,-1,-1,-1,-1,-1,0,0,0,0,0,0,0,0,0,0,0,0,-1,-1,-1,-1,-1,-1,-1,-1,-1,-1,-1,-1,-1,-1,-1,-1,-1,-1,-1,-1,-1,-1,-1,-1,0,0,0,0,0,0,0,0,0,0,0,0,0,0,0,0,0,0,0,0,0,0,0,0,255,139,139,62,0,0,0,0,0,0,1,75,100,100,100,0,0,100,-1,0,100,100,0,1,1,-1,0,0,150,0,0,0,0,62,0,62,0,0,0,0,130,0,[0|0|0|0]
2210300,Claws of Night - Bullet,0.4,0.2,0,0,0.4,0,-1,-1,-1,-1,-1,1,1,-1,-1,-1,-1,-1,-1,0,68,68,68,68,51,400,90,100,0,0,0,0,0,0,0,0,0,0,0,0,20,0,0,0,0,2,0,0,0,0,0,0,1,1,0,253,255,0,255,0,255,0,0,0,0,0,0,0,0,0,0,0,0,1,0,0,0,0,0,0,0,0,0,0,-1,-1,2100,2010,-1,-1,-1,-1,-1,-1,-1,-1,-1,-1,-1,-1,-1,-1,-1,-1,-1,-1,-1,-1,-1,-1,-1,-1,-1,-1,-1,-1,0,0,0,0,0,0,0,0,0,0,0,0,-1,-1,-1,-1,-1,-1,-1,-1,-1,-1,-1,-1,-1,-1,-1,-1,-1,-1,-1,-1,-1,-1,-1,-1,0,0,0,0,0,0,0,0,0,0,0,0,0,0,0,0,0,0,0,0,0,0,0,0,255,139,139,68,0,0,0,1,0,0,1,40,100,100,100,0,0,100,-1,0,100,130,0,1,1,-1,0,0,55,0,0,0,0,68,0,68,0,0,0,0,130,0,[0|0|0|0]
2210301,Claws of Night - Bullet,0.35,0.1,0,0,0.4,0,-1,-1,-1,-1,-1,10120,10120,-1,-1,10100,-1,-1,-1,0,41,41,41,41,51,400,90,100,0,0,0,0,0,0,0,0,0,0,0,0,20,0,0,0,0,2,0,0,0,0,0,0,1,1,0,253,255,0,255,0,255,0,0,0,0,0,0,0,0,0,0,0,0,1,0,0,0,0,0,0,0,0,0,0,-1,-1,2100,2010,-1,-1,-1,-1,-1,-1,-1,-1,-1,-1,-1,-1,-1,-1,-1,-1,-1,-1,-1,-1,-1,-1,-1,-1,-1,-1,-1,-1,0,0,0,0,0,0,0,0,0,0,0,0,-1,-1,-1,-1,-1,-1,-1,-1,-1,-1,-1,-1,-1,-1,-1,-1,-1,-1,-1,-1,-1,-1,-1,-1,0,0,0,0,0,0,0,0,0,0,0,0,0,0,0,0,0,0,0,0,0,0,0,0,255,139,139,41,0,0,0,1,0,0,1,40,100,100,100,0,0,100,-1,0,100,130,0,1,1,-1,0,0,55,0,0,0,0,41,0,41,0,0,0,0,130,0,[0|0|0|0]
2210303,Claws of Night - Bullet,0.4,0,0,0,0.4,0,-1,-1,-1,-1,-1,6,0,-1,-1,940,-1,-1,-1,0,68,68,68,68,51,400,90,100,0,0,0,0,0,0,0,0,0,0,0,0,20,0,0,0,0,0,0,0,0,0,0,0,1,1,0,253,255,0,255,0,255,0,0,0,0,0,0,0,0,0,0,0,0,1,0,0,0,0,0,0,0,9,0,0,-1,-1,2100,2010,-1,-1,-1,-1,-1,-1,-1,-1,-1,-1,-1,-1,-1,-1,-1,-1,-1,-1,-1,-1,-1,-1,-1,-1,-1,-1,-1,-1,0,0,0,0,0,0,0,0,0,0,0,0,-1,-1,-1,-1,-1,-1,-1,-1,-1,-1,-1,-1,-1,-1,-1,-1,-1,-1,-1,-1,-1,-1,-1,-1,0,0,0,0,0,0,0,0,0,0,0,0,0,0,0,0,0,0,0,0,0,0,0,0,255,139,139,68,0,0,0,1,0,0,1,40,100,100,100,0,0,100,-1,0,100,130,0,1,1,-1,0,0,55,0,0,0,0,68,0,68,0,0,0,0,130,0,[0|0|0|0]
2210304,Claws of Night - Bullet,0.35,0.1,0,0,0.4,0,-1,-1,-1,-1,-1,11120,11120,-1,-1,11100,-1,-1,-1,0,41,41,41,41,51,400,90,100,0,0,0,0,0,0,0,0,0,0,0,0,20,0,0,0,0,2,0,0,0,0,0,0,1,1,0,253,255,0,255,0,255,0,0,0,0,0,0,0,0,0,0,0,0,1,0,0,0,0,0,0,0,9,0,0,-1,-1,2100,2010,-1,-1,-1,-1,-1,-1,-1,-1,-1,-1,-1,-1,-1,-1,-1,-1,-1,-1,-1,-1,-1,-1,-1,-1,-1,-1,-1,-1,0,0,0,0,0,0,0,0,0,0,0,0,-1,-1,-1,-1,-1,-1,-1,-1,-1,-1,-1,-1,-1,-1,-1,-1,-1,-1,-1,-1,-1,-1,-1,-1,0,0,0,0,0,0,0,0,0,0,0,0,0,0,0,0,0,0,0,0,0,0,0,0,255,139,139,41,0,0,0,1,0,0,1,40,100,100,100,0,0,100,-1,0,100,130,0,1,1,-1,0,0,55,0,0,0,0,41,0,41,0,0,0,0,130,0,[0|0|0|0]
2210305,Claws of Night - Bullet,0.4,0.2,0,0,0.5,0,-1,-1,-1,-1,-1,1,1,-1,-1,-1,-1,-1,-1,0,74,74,74,74,51,400,90,100,100,0,0,0,0,0,0,0,0,0,0,0,20,0,0,0,0,2,0,0,0,0,0,0,1,1,0,253,255,0,255,0,255,0,0,0,0,0,0,0,0,0,0,0,0,1,0,0,0,0,0,0,0,0,0,0,-1,-1,2100,2010,-1,-1,-1,-1,-1,-1,-1,-1,-1,-1,-1,-1,-1,-1,-1,-1,-1,-1,-1,-1,-1,-1,-1,-1,-1,-1,-1,-1,0,0,0,0,0,0,0,0,0,0,0,0,-1,-1,-1,-1,-1,-1,-1,-1,-1,-1,-1,-1,-1,-1,-1,-1,-1,-1,-1,-1,-1,-1,-1,-1,0,0,0,0,0,0,0,0,0,0,0,0,0,0,0,0,0,0,0,0,0,0,0,0,255,139,139,74,0,0,0,1,0,0,3,40,100,100,100,0,0,100,-1,0,100,150,0,1,1,-1,0,0,80,0,0,0,0,74,0,74,0,0,0,0,130,0,[0|0|0|0]
2210306,Claws of Night - Bullet,0.35,0.1,0,0,0.5,0,-1,-1,-1,-1,-1,10120,10120,-1,-1,10100,-1,-1,-1,0,55,55,55,55,51,400,90,100,100,0,0,0,0,0,0,0,0,0,0,0,20,0,0,0,0,2,0,0,0,0,0,0,1,1,0,253,255,0,255,0,255,0,0,0,0,0,0,0,0,0,0,0,0,1,0,0,0,0,0,0,0,0,0,0,-1,-1,2100,2010,-1,-1,-1,-1,-1,-1,-1,-1,-1,-1,-1,-1,-1,-1,-1,-1,-1,-1,-1,-1,-1,-1,-1,-1,-1,-1,-1,-1,0,0,0,0,0,0,0,0,0,0,0,0,-1,-1,-1,-1,-1,-1,-1,-1,-1,-1,-1,-1,-1,-1,-1,-1,-1,-1,-1,-1,-1,-1,-1,-1,0,0,0,0,0,0,0,0,0,0,0,0,0,0,0,0,0,0,0,0,0,0,0,0,255,139,139,55,0,0,0,1,0,0,3,40,100,100,100,0,0,100,-1,0,100,150,0,1,1,-1,0,0,80,0,0,0,0,55,0,55,0,0,0,0,130,0,[0|0|0|0]
2210308,Claws of Night - Bullet,0.4,0,0,0,0.5,0,-1,-1,-1,-1,-1,6,0,-1,-1,940,-1,-1,-1,0,74,74,74,74,51,400,90,100,100,0,0,0,0,0,0,0,0,0,0,0,20,0,0,0,0,0,0,0,0,0,0,0,1,1,0,253,255,0,255,0,255,0,0,0,0,0,0,0,0,0,0,0,0,1,0,0,0,0,0,0,0,9,0,0,-1,-1,2100,2010,-1,-1,-1,-1,-1,-1,-1,-1,-1,-1,-1,-1,-1,-1,-1,-1,-1,-1,-1,-1,-1,-1,-1,-1,-1,-1,-1,-1,0,0,0,0,0,0,0,0,0,0,0,0,-1,-1,-1,-1,-1,-1,-1,-1,-1,-1,-1,-1,-1,-1,-1,-1,-1,-1,-1,-1,-1,-1,-1,-1,0,0,0,0,0,0,0,0,0,0,0,0,0,0,0,0,0,0,0,0,0,0,0,0,255,139,139,74,0,0,0,1,0,0,3,40,100,100,100,0,0,100,-1,0,100,150,0,1,1,-1,0,0,80,0,0,0,0,74,0,74,0,0,0,0,130,0,[0|0|0|0]
2210309,Claws of Night - Bullet,0.35,0.1,0,0,0.5,0,-1,-1,-1,-1,-1,11120,11120,-1,-1,11100,-1,-1,-1,0,55,55,55,55,51,400,90,100,100,0,0,0,0,0,0,0,0,0,0,0,20,0,0,0,0,2,0,0,0,0,0,0,1,1,0,253,255,0,255,0,255,0,0,0,0,0,0,0,0,0,0,0,0,1,0,0,0,0,0,0,0,9,0,0,-1,-1,2100,2010,-1,-1,-1,-1,-1,-1,-1,-1,-1,-1,-1,-1,-1,-1,-1,-1,-1,-1,-1,-1,-1,-1,-1,-1,-1,-1,-1,-1,0,0,0,0,0,0,0,0,0,0,0,0,-1,-1,-1,-1,-1,-1,-1,-1,-1,-1,-1,-1,-1,-1,-1,-1,-1,-1,-1,-1,-1,-1,-1,-1,0,0,0,0,0,0,0,0,0,0,0,0,0,0,0,0,0,0,0,0,0,0,0,0,255,139,139,55,0,0,0,1,0,0,3,40,100,100,100,0,0,100,-1,0,100,150,0,1,1,-1,0,0,80,0,0,0,0,55,0,55,0,0,0,0,130,0,[0|0|0|0]
2210310,Claws of Night - Bullet,0.4,0.2,0,0,0.4,0,-1,-1,-1,-1,-1,1,1,-1,-1,-1,-1,-1,-1,0,69,69,69,69,55,400,90,100,0,0,0,0,0,0,0,0,0,0,0,0,20,0,0,0,0,2,0,0,0,0,0,0,1,1,0,253,255,0,255,0,255,0,0,0,0,0,0,0,0,0,0,0,0,1,0,0,0,0,0,0,0,9,0,0,-1,-1,2100,2010,-1,-1,-1,-1,-1,-1,-1,-1,-1,-1,-1,-1,-1,-1,-1,-1,-1,-1,-1,-1,-1,-1,-1,-1,-1,-1,-1,-1,0,0,0,0,0,0,0,0,0,0,0,0,-1,-1,-1,-1,-1,-1,-1,-1,-1,-1,-1,-1,-1,-1,-1,-1,-1,-1,-1,-1,-1,-1,-1,-1,0,0,0,0,0,0,0,0,0,0,0,0,0,0,0,0,0,0,0,0,0,0,0,0,255,139,139,69,0,0,0,1,0,0,1,40,100,100,100,0,0,100,-1,0,100,130,0,1,1,-1,0,0,55,0,0,0,0,69,0,69,0,0,0,0,130,0,[0|0|0|0]
2210311,Claws of Night - Bullet,0.35,0.1,0,0,0.4,0,-1,-1,-1,-1,-1,10120,10120,-1,-1,10100,-1,-1,-1,0,41,41,41,41,55,400,90,100,0,0,0,0,0,0,0,0,0,0,0,0,20,0,0,0,0,2,0,0,0,0,0,0,1,1,0,253,255,0,255,0,255,0,0,0,0,0,0,0,0,0,0,0,0,1,0,0,0,0,0,0,0,9,0,0,-1,-1,2100,2010,-1,-1,-1,-1,-1,-1,-1,-1,-1,-1,-1,-1,-1,-1,-1,-1,-1,-1,-1,-1,-1,-1,-1,-1,-1,-1,-1,-1,0,0,0,0,0,0,0,0,0,0,0,0,-1,-1,-1,-1,-1,-1,-1,-1,-1,-1,-1,-1,-1,-1,-1,-1,-1,-1,-1,-1,-1,-1,-1,-1,0,0,0,0,0,0,0,0,0,0,0,0,0,0,0,0,0,0,0,0,0,0,0,0,255,139,139,41,0,0,0,1,0,0,1,40,100,100,100,0,0,100,-1,0,100,130,0,1,1,-1,0,0,55,0,0,0,0,41,0,41,0,0,0,0,130,0,[0|0|0|0]
2210313,Claws of Night - Bullet,0.4,0.2,0,0,0.4,0,-1,-1,-1,-1,-1,2,2,-1,-1,-1,-1,-1,-1,0,69,69,69,69,55,400,90,100,0,0,0,0,0,0,0,0,0,0,0,0,20,0,0,0,0,2,0,0,0,0,0,0,1,1,0,253,255,0,255,0,255,0,0,0,0,0,0,0,0,0,0,0,0,1,0,0,0,0,0,0,0,0,0,0,-1,-1,2100,2010,-1,-1,-1,-1,-1,-1,-1,-1,-1,-1,-1,-1,-1,-1,-1,-1,-1,-1,-1,-1,-1,-1,-1,-1,-1,-1,-1,-1,0,0,0,0,0,0,0,0,0,0,0,0,-1,-1,-1,-1,-1,-1,-1,-1,-1,-1,-1,-1,-1,-1,-1,-1,-1,-1,-1,-1,-1,-1,-1,-1,0,0,0,0,0,0,0,0,0,0,0,0,0,0,0,0,0,0,0,0,0,0,0,0,255,139,139,69,0,0,0,1,0,0,1,40,100,100,100,0,0,100,-1,0,100,130,0,1,1,-1,0,0,55,0,0,0,0,69,0,69,0,0,0,0,130,0,[0|0|0|0]
2210314,Claws of Night - Bullet,0.35,0.1,0,0,0.4,0,-1,-1,-1,-1,-1,11120,11120,-1,-1,11100,-1,-1,-1,0,41,41,41,41,55,400,90,100,0,0,0,0,0,0,0,0,0,0,0,0,20,0,0,0,0,2,0,0,0,0,0,0,1,1,0,253,255,0,255,0,255,0,0,0,0,0,0,0,0,0,0,0,0,1,0,0,0,0,0,0,0,0,0,0,-1,-1,2100,2010,-1,-1,-1,-1,-1,-1,-1,-1,-1,-1,-1,-1,-1,-1,-1,-1,-1,-1,-1,-1,-1,-1,-1,-1,-1,-1,-1,-1,0,0,0,0,0,0,0,0,0,0,0,0,-1,-1,-1,-1,-1,-1,-1,-1,-1,-1,-1,-1,-1,-1,-1,-1,-1,-1,-1,-1,-1,-1,-1,-1,0,0,0,0,0,0,0,0,0,0,0,0,0,0,0,0,0,0,0,0,0,0,0,0,255,139,139,41,0,0,0,1,0,0,1,40,100,100,100,0,0,100,-1,0,100,130,0,1,1,-1,0,0,55,0,0,0,0,41,0,41,0,0,0,0,130,0,[0|0|0|0]
2210315,Claws of Night - Bullet,0.4,0.2,0,0,0.7,0,-1,-1,-1,-1,-1,1,1,-1,-1,-1,-1,-1,-1,0,76,76,76,76,55,400,90,100,100,0,0,0,0,0,0,0,0,0,0,0,20,0,0,0,0,2,0,0,0,0,0,0,1,1,0,253,255,0,255,0,255,0,0,0,0,0,0,0,0,0,0,0,0,1,0,0,0,0,0,0,0,9,0,0,-1,-1,2100,2010,-1,-1,-1,-1,-1,-1,-1,-1,-1,-1,-1,-1,-1,-1,-1,-1,-1,-1,-1,-1,-1,-1,-1,-1,-1,-1,-1,-1,0,0,0,0,0,0,0,0,0,0,0,0,-1,-1,-1,-1,-1,-1,-1,-1,-1,-1,-1,-1,-1,-1,-1,-1,-1,-1,-1,-1,-1,-1,-1,-1,0,0,0,0,0,0,0,0,0,0,0,0,0,0,0,0,0,0,0,0,0,0,0,0,255,139,139,76,0,0,0,1,0,0,3,40,100,100,100,0,0,100,-1,0,100,150,0,1,1,-1,0,0,80,0,0,0,0,76,0,76,0,0,0,0,130,0,[0|0|0|0]
2210316,Claws of Night - Bullet,0.35,0.1,0,0,0.7,0,-1,-1,-1,-1,-1,10120,10120,-1,-1,10100,-1,-1,-1,0,57,57,57,57,55,400,90,100,100,0,0,0,0,0,0,0,0,0,0,0,20,0,0,0,0,2,0,0,0,0,0,0,1,1,0,253,255,0,255,0,255,0,0,0,0,0,0,0,0,0,0,0,0,1,0,0,0,0,0,0,0,9,0,0,-1,-1,2100,2010,-1,-1,-1,-1,-1,-1,-1,-1,-1,-1,-1,-1,-1,-1,-1,-1,-1,-1,-1,-1,-1,-1,-1,-1,-1,-1,-1,-1,0,0,0,0,0,0,0,0,0,0,0,0,-1,-1,-1,-1,-1,-1,-1,-1,-1,-1,-1,-1,-1,-1,-1,-1,-1,-1,-1,-1,-1,-1,-1,-1,0,0,0,0,0,0,0,0,0,0,0,0,0,0,0,0,0,0,0,0,0,0,0,0,255,139,139,57,0,0,0,1,0,0,3,40,100,100,100,0,0,100,-1,0,100,150,0,1,1,-1,0,0,80,0,0,0,0,57,0,57,0,0,0,0,130,0,[0|0|0|0]
2210318,Claws of Night - Bullet,0.4,0.2,0,0,0.7,0,-1,-1,-1,-1,-1,2,2,-1,-1,-1,-1,-1,-1,0,76,76,76,76,55,400,90,100,100,0,0,0,0,0,0,0,0,0,0,0,20,0,0,0,0,2,0,0,0,0,0,0,1,1,0,253,255,0,255,0,255,0,0,0,0,0,0,0,0,0,0,0,0,1,0,0,0,0,0,0,0,0,0,0,-1,-1,2100,2010,-1,-1,-1,-1,-1,-1,-1,-1,-1,-1,-1,-1,-1,-1,-1,-1,-1,-1,-1,-1,-1,-1,-1,-1,-1,-1,-1,-1,0,0,0,0,0,0,0,0,0,0,0,0,-1,-1,-1,-1,-1,-1,-1,-1,-1,-1,-1,-1,-1,-1,-1,-1,-1,-1,-1,-1,-1,-1,-1,-1,0,0,0,0,0,0,0,0,0,0,0,0,0,0,0,0,0,0,0,0,0,0,0,0,255,139,139,76,0,0,0,1,0,0,3,40,100,100,100,0,0,100,-1,0,100,150,0,1,1,-1,0,0,80,0,0,0,0,76,0,76,0,0,0,0,130,0,[0|0|0|0]
2210319,Claws of Night - Bullet,0.35,0.1,0,0,0.7,0,-1,-1,-1,-1,-1,11120,11120,-1,-1,11100,-1,-1,-1,0,57,57,57,57,55,400,90,100,100,0,0,0,0,0,0,0,0,0,0,0,20,0,0,0,0,2,0,0,0,0,0,0,1,1,0,253,255,0,255,0,255,0,0,0,0,0,0,0,0,0,0,0,0,1,0,0,0,0,0,0,0,0,0,0,-1,-1,2100,2010,-1,-1,-1,-1,-1,-1,-1,-1,-1,-1,-1,-1,-1,-1,-1,-1,-1,-1,-1,-1,-1,-1,-1,-1,-1,-1,-1,-1,0,0,0,0,0,0,0,0,0,0,0,0,-1,-1,-1,-1,-1,-1,-1,-1,-1,-1,-1,-1,-1,-1,-1,-1,-1,-1,-1,-1,-1,-1,-1,-1,0,0,0,0,0,0,0,0,0,0,0,0,0,0,0,0,0,0,0,0,0,0,0,0,255,139,139,57,0,0,0,1,0,0,3,40,100,100,100,0,0,100,-1,0,100,150,0,1,1,-1,0,0,80,0,0,0,0,57,0,57,0,0,0,0,130,0,[0|0|0|0]
2210325,Claws of Night - Bullet,0.4,0,0,0,0.8,0,-1,-1,-1,-1,-1,5,0,-1,-1,930,-1,-1,-1,0,66,66,66,66,44,400,90,100,122,0,0,0,0,0,0,0,0,0,0,0,10,0,0,0,0,0,0,0,0,0,0,0,1,1,0,253,255,0,255,0,255,0,0,0,0,0,0,0,0,0,0,0,0,1,0,0,0,0,0,0,0,0,0,0,-1,-1,2100,2010,-1,-1,-1,-1,-1,-1,-1,-1,-1,-1,-1,-1,-1,-1,-1,-1,-1,-1,-1,-1,-1,-1,-1,-1,-1,-1,-1,-1,0,0,0,0,0,0,0,0,0,0,0,0,-1,-1,-1,-1,-1,-1,-1,-1,-1,-1,-1,-1,-1,-1,-1,-1,-1,-1,-1,-1,-1,-1,-1,-1,0,0,0,0,0,0,0,0,0,0,0,0,0,0,0,0,0,0,0,0,0,0,0,0,255,139,139,66,0,0,0,1,0,0,1,40,100,100,100,0,0,100,-1,0,100,130,0,1,1,-1,0,0,55,0,0,0,0,66,0,66,0,0,0,0,130,0,[0|0|0|0]
2210326,Claws of Night - Bullet,0.35,0.1,0,0,0.8,0,-1,-1,-1,-1,-1,10120,10120,-1,-1,10100,-1,-1,-1,0,37,37,37,37,44,400,90,100,122,0,0,0,0,0,0,0,0,0,0,0,10,0,0,0,0,2,0,0,0,0,0,0,1,1,0,253,255,0,255,0,255,0,0,0,0,0,0,0,0,0,0,0,0,1,0,0,0,0,0,0,0,0,0,0,-1,-1,2100,2010,-1,-1,-1,-1,-1,-1,-1,-1,-1,-1,-1,-1,-1,-1,-1,-1,-1,-1,-1,-1,-1,-1,-1,-1,-1,-1,-1,-1,0,0,0,0,0,0,0,0,0,0,0,0,-1,-1,-1,-1,-1,-1,-1,-1,-1,-1,-1,-1,-1,-1,-1,-1,-1,-1,-1,-1,-1,-1,-1,-1,0,0,0,0,0,0,0,0,0,0,0,0,0,0,0,0,0,0,0,0,0,0,0,0,255,139,139,37,0,0,0,1,0,0,1,40,100,100,100,0,0,100,-1,0,100,130,0,1,1,-1,0,0,55,0,0,0,0,37,0,37,0,0,0,0,130,0,[0|0|0|0]
2210328,Claws of Night - Bullet,0.4,0,0,0,0.8,0,-1,-1,-1,-1,-1,6,0,-1,-1,940,-1,-1,-1,0,66,66,66,66,44,400,90,100,122,0,0,0,0,0,0,0,0,0,0,0,10,0,0,0,0,0,0,0,0,0,0,0,1,1,0,253,255,0,255,0,255,0,0,0,0,0,0,0,0,0,0,0,0,1,0,0,0,0,0,0,0,9,0,0,-1,-1,2100,2010,-1,-1,-1,-1,-1,-1,-1,-1,-1,-1,-1,-1,-1,-1,-1,-1,-1,-1,-1,-1,-1,-1,-1,-1,-1,-1,-1,-1,0,0,0,0,0,0,0,0,0,0,0,0,-1,-1,-1,-1,-1,-1,-1,-1,-1,-1,-1,-1,-1,-1,-1,-1,-1,-1,-1,-1,-1,-1,-1,-1,0,0,0,0,0,0,0,0,0,0,0,0,0,0,0,0,0,0,0,0,0,0,0,0,255,139,139,66,0,0,0,1,0,0,1,40,100,100,100,0,0,100,-1,0,100,130,0,1,1,-1,0,0,55,0,0,0,0,66,0,66,0,0,0,0,130,0,[0|0|0|0]
2210329,Claws of Night - Bullet,0.35,0.1,0,0,0.8,0,-1,-1,-1,-1,-1,11120,11120,-1,-1,11100,-1,-1,-1,0,37,37,37,37,44,400,90,100,122,0,0,0,0,0,0,0,0,0,0,0,10,0,0,0,0,2,0,0,0,0,0,0,1,1,0,253,255,0,255,0,255,0,0,0,0,0,0,0,0,0,0,0,0,1,0,0,0,0,0,0,0,9,0,0,-1,-1,2100,2010,-1,-1,-1,-1,-1,-1,-1,-1,-1,-1,-1,-1,-1,-1,-1,-1,-1,-1,-1,-1,-1,-1,-1,-1,-1,-1,-1,-1,0,0,0,0,0,0,0,0,0,0,0,0,-1,-1,-1,-1,-1,-1,-1,-1,-1,-1,-1,-1,-1,-1,-1,-1,-1,-1,-1,-1,-1,-1,-1,-1,0,0,0,0,0,0,0,0,0,0,0,0,0,0,0,0,0,0,0,0,0,0,0,0,255,139,139,37,0,0,0,1,0,0,1,40,100,100,100,0,0,100,-1,0,100,130,0,1,1,-1,0,0,55,0,0,0,0,37,0,37,0,0,0,0,130,0,[0|0|0|0]
2210360,Claws of Night - Bullet,0.5,0,0,0,0.7,0,-1,-1,-1,-1,-1,5,0,-1,-1,930,-1,-1,-1,0,70,70,70,70,44,400,90,100,102,0,0,0,0,0,0,0,0,0,0,0,20,0,0,0,0,0,0,0,0,0,0,0,1,1,0,253,255,0,255,0,255,0,0,0,0,0,0,0,0,0,0,0,0,1,0,0,0,0,0,0,0,0,0,0,-1,-1,2100,2010,-1,-1,-1,-1,-1,-1,-1,-1,-1,-1,-1,-1,-1,-1,-1,-1,-1,-1,-1,-1,-1,-1,-1,-1,-1,-1,-1,-1,0,0,0,0,0,0,0,0,0,0,0,0,-1,-1,-1,-1,-1,-1,-1,-1,-1,-1,-1,-1,-1,-1,-1,-1,-1,-1,-1,-1,-1,-1,-1,-1,0,0,0,0,0,0,0,0,0,0,0,0,0,0,0,0,0,0,0,0,0,0,0,0,255,139,139,70,0,0,0,1,0,0,1,40,100,100,100,0,0,100,-1,0,100,140,0,1,1,-1,0,0,55,0,0,0,0,70,0,70,0,0,0,0,130,0,[0|0|0|0]
2210361,Claws of Night - Bullet,0.35,0.1,0,0,0.7,0,-1,-1,-1,-1,-1,10120,10120,-1,-1,10100,-1,-1,-1,0,44,44,44,44,44,400,90,100,102,0,0,0,0,0,0,0,0,0,0,0,20,0,0,0,0,2,0,0,0,0,0,0,1,1,0,253,255,0,255,0,255,0,0,0,0,0,0,0,0,0,0,0,0,1,0,0,0,0,0,0,0,0,0,0,-1,-1,2100,2010,-1,-1,-1,-1,-1,-1,-1,-1,-1,-1,-1,-1,-1,-1,-1,-1,-1,-1,-1,-1,-1,-1,-1,-1,-1,-1,-1,-1,0,0,0,0,0,0,0,0,0,0,0,0,-1,-1,-1,-1,-1,-1,-1,-1,-1,-1,-1,-1,-1,-1,-1,-1,-1,-1,-1,-1,-1,-1,-1,-1,0,0,0,0,0,0,0,0,0,0,0,0,0,0,0,0,0,0,0,0,0,0,0,0,255,139,139,44,0,0,0,1,0,0,1,40,100,100,100,0,0,100,-1,0,100,140,0,1,1,-1,0,0,55,0,0,0,0,44,0,44,0,0,0,0,130,0,[0|0|0|0]
2210363,Claws of Night - Bullet,0.5,0,0,0,0.7,0,-1,-1,-1,-1,-1,6,0,-1,-1,940,-1,-1,-1,0,70,70,70,70,44,400,90,100,102,0,0,0,0,0,0,0,0,0,0,0,20,0,0,0,0,0,0,0,0,0,0,0,1,1,0,253,255,0,255,0,255,0,0,0,0,0,0,0,0,0,0,0,0,1,0,0,0,0,0,0,0,9,0,0,-1,-1,2100,2010,-1,-1,-1,-1,-1,-1,-1,-1,-1,-1,-1,-1,-1,-1,-1,-1,-1,-1,-1,-1,-1,-1,-1,-1,-1,-1,-1,-1,0,0,0,0,0,0,0,0,0,0,0,0,-1,-1,-1,-1,-1,-1,-1,-1,-1,-1,-1,-1,-1,-1,-1,-1,-1,-1,-1,-1,-1,-1,-1,-1,0,0,0,0,0,0,0,0,0,0,0,0,0,0,0,0,0,0,0,0,0,0,0,0,255,139,139,70,0,0,0,1,0,0,1,40,100,100,100,0,0,100,-1,0,100,140,0,1,1,-1,0,0,55,0,0,0,0,70,0,70,0,0,0,0,130,0,[0|0|0|0]
2210364,Claws of Night - Bullet,0.35,0.1,0,0,0.7,0,-1,-1,-1,-1,-1,11120,11120,-1,-1,11100,-1,-1,-1,0,44,44,44,44,44,400,90,100,102,0,0,0,0,0,0,0,0,0,0,0,20,0,0,0,0,2,0,0,0,0,0,0,1,1,0,253,255,0,255,0,255,0,0,0,0,0,0,0,0,0,0,0,0,1,0,0,0,0,0,0,0,9,0,0,-1,-1,2100,2010,-1,-1,-1,-1,-1,-1,-1,-1,-1,-1,-1,-1,-1,-1,-1,-1,-1,-1,-1,-1,-1,-1,-1,-1,-1,-1,-1,-1,0,0,0,0,0,0,0,0,0,0,0,0,-1,-1,-1,-1,-1,-1,-1,-1,-1,-1,-1,-1,-1,-1,-1,-1,-1,-1,-1,-1,-1,-1,-1,-1,0,0,0,0,0,0,0,0,0,0,0,0,0,0,0,0,0,0,0,0,0,0,0,0,255,139,139,44,0,0,0,1,0,0,1,40,100,100,100,0,0,100,-1,0,100,140,0,1,1,-1,0,0,55,0,0,0,0,44,0,44,0,0,0,0,130,0,[0|0|0|0]
2210380,Claws of Night - Bullet,0.4,0.2,0,0,0.8,0,-1,-1,-1,-1,-1,1,1,-1,-1,-1,-1,-1,-1,0,71,71,71,71,33,400,90,60000,103,0,0,0,0,0,0,0,0,0,0,0,10,0,0,0,0,2,0,0,0,0,0,0,1,1,0,253,255,0,255,0,255,0,0,0,0,0,0,0,0,0,0,0,0,1,0,0,0,0,0,0,0,0,0,0,-1,-1,2100,2010,-1,-1,-1,-1,-1,-1,-1,-1,-1,-1,-1,-1,-1,-1,-1,-1,-1,-1,-1,-1,-1,-1,-1,-1,-1,-1,-1,-1,0,0,0,0,0,0,0,0,0,0,0,0,-1,-1,-1,-1,-1,-1,-1,-1,-1,-1,-1,-1,-1,-1,-1,-1,-1,-1,-1,-1,-1,-1,-1,-1,0,0,0,0,0,0,0,0,0,0,0,0,0,0,0,0,0,0,0,0,0,0,0,0,255,139,139,71,0,0,0,1,0,0,1,40,100,100,100,0,0,100,-1,0,100,100,0,1,1,-1,0,0,80,0,0,0,0,71,0,71,0,0,0,0,130,0,[0|0|0|0]
2210381,Claws of Night - Bullet,0.4,0.2,0,0,0.8,0,-1,-1,-1,-1,-1,2,2,-1,-1,-1,-1,-1,-1,0,71,71,71,71,33,400,90,60000,103,0,0,0,0,0,0,0,0,0,0,0,10,0,0,0,0,2,0,0,0,0,0,0,1,1,0,253,255,0,255,0,255,0,0,0,0,0,0,0,0,0,0,0,0,1,0,0,0,0,0,0,0,9,0,0,-1,-1,2100,2010,-1,-1,-1,-1,-1,-1,-1,-1,-1,-1,-1,-1,-1,-1,-1,-1,-1,-1,-1,-1,-1,-1,-1,-1,-1,-1,-1,-1,0,0,0,0,0,0,0,0,0,0,0,0,-1,-1,-1,-1,-1,-1,-1,-1,-1,-1,-1,-1,-1,-1,-1,-1,-1,-1,-1,-1,-1,-1,-1,-1,0,0,0,0,0,0,0,0,0,0,0,0,0,0,0,0,0,0,0,0,0,0,0,0,255,139,139,71,0,0,0,1,0,0,1,40,100,100,100,0,0,100,-1,0,100,100,0,1,1,-1,0,0,80,0,0,0,0,71,0,71,0,0,0,0,130,0,[0|0|0|0]
2210383,Claws of Night - Bullet,0.35,0.1,0,0,0.8,0,-1,-1,-1,-1,-1,11120,11120,-1,-1,11100,-1,-1,-1,0,41,41,41,41,33,400,90,60000,103,0,0,0,0,0,0,0,0,0,0,0,10,0,0,0,0,2,0,0,0,0,0,0,1,1,0,253,255,0,255,0,255,0,0,0,0,0,0,0,0,0,0,0,0,1,0,0,0,0,0,0,0,9,0,0,-1,-1,2100,2010,-1,-1,-1,-1,-1,-1,-1,-1,-1,-1,-1,-1,-1,-1,-1,-1,-1,-1,-1,-1,-1,-1,-1,-1,-1,-1,-1,-1,0,0,0,0,0,0,0,0,0,0,0,0,-1,-1,-1,-1,-1,-1,-1,-1,-1,-1,-1,-1,-1,-1,-1,-1,-1,-1,-1,-1,-1,-1,-1,-1,0,0,0,0,0,0,0,0,0,0,0,0,0,0,0,0,0,0,0,0,0,0,0,0,255,139,139,41,0,0,0,1,0,0,1,40,100,100,100,0,0,100,-1,0,100,100,0,1,1,-1,0,0,80,0,0,0,0,41,0,41,0,0,0,0,130,0,[0|0|0|0]
2210632,Claws of Night - Bullet,0.55,0.2,0,0,0.6,0,-1,-1,-1,-1,-1,1,1,-1,-1,-1,-1,-1,-1,0,105,105,105,105,59,400,90,100,0,101,0,0,0,0,0,0,0,0,0,0,10,0,0,0,0,2,0,0,0,0,0,0,1,1,0,253,255,0,255,0,255,0,0,0,0,0,0,0,0,0,0,0,0,1,0,0,0,0,0,0,0,0,0,0,-1,-1,2100,2010,-1,-1,-1,-1,-1,-1,-1,-1,-1,-1,-1,-1,-1,-1,-1,-1,-1,-1,-1,-1,-1,-1,-1,-1,-1,-1,-1,-1,0,0,0,0,0,0,0,0,0,0,0,0,-1,-1,-1,-1,-1,-1,-1,-1,-1,-1,-1,-1,-1,-1,-1,-1,-1,-1,-1,-1,-1,-1,-1,-1,0,0,0,0,0,0,0,0,0,0,0,0,0,0,0,0,0,0,0,0,0,0,0,0,255,139,139,105,0,0,0,1,0,0,1,50,100,100,100,0,0,100,-1,0,100,130,0,1,1,-1,0,0,100,0,0,0,0,105,0,105,0,0,0,0,130,0,[0|0|0|0]
2210633,Claws of Night - Bullet,0.35,0.1,0,0,0.6,0,-1,-1,-1,-1,-1,120,120,-1,-1,100,-1,-1,-1,0,59,59,59,59,59,400,90,100,0,101,0,0,0,0,0,0,0,0,0,0,10,0,0,0,0,2,0,0,0,0,0,0,1,1,0,253,255,0,255,0,255,0,0,0,0,0,0,0,0,0,0,0,0,1,0,0,0,0,0,0,0,0,0,0,-1,-1,2100,2010,-1,-1,-1,-1,-1,-1,-1,-1,-1,-1,-1,-1,-1,-1,-1,-1,-1,-1,-1,-1,-1,-1,-1,-1,-1,-1,-1,-1,0,0,0,0,0,0,0,0,0,0,0,0,-1,-1,-1,-1,-1,-1,-1,-1,-1,-1,-1,-1,-1,-1,-1,-1,-1,-1,-1,-1,-1,-1,-1,-1,0,0,0,0,0,0,0,0,0,0,0,0,0,0,0,0,0,0,0,0,0,0,0,0,255,139,139,59,0,0,0,1,0,0,1,50,100,100,100,0,0,100,-1,0,100,130,0,1,1,-1,0,0,100,0,0,0,0,59,0,59,0,0,0,0,130,0,[0|0|0|0]
2210635,Claws of Night - Bullet,0.55,0.2,0,0,0.7,0,-1,-1,-1,-1,-1,1,1,-1,-1,-1,-1,-1,-1,0,125,125,125,125,66,400,90,100,100,101,0,0,0,0,0,0,0,0,0,0,10,0,0,0,0,2,0,0,0,0,0,0,2,1,0,253,255,0,255,0,255,0,0,0,0,0,0,0,0,0,0,0,0,1,0,0,0,0,0,0,0,0,0,0,-1,-1,2100,2010,-1,-1,-1,-1,-1,-1,-1,-1,-1,-1,-1,-1,-1,-1,-1,-1,-1,-1,-1,-1,-1,-1,-1,-1,-1,-1,-1,-1,0,0,0,0,0,0,0,0,0,0,0,0,-1,-1,-1,-1,-1,-1,-1,-1,-1,-1,-1,-1,-1,-1,-1,-1,-1,-1,-1,-1,-1,-1,-1,-1,0,0,0,0,0,0,0,0,0,0,0,0,0,0,0,0,0,0,0,0,0,0,0,0,255,139,139,125,0,0,0,1,0,0,3,50,100,100,100,0,0,100,-1,0,100,180,0,1,1,-1,0,0,150,0,0,0,0,125,0,125,0,0,0,0,130,0,[0|0|0|0]
2210636,Claws of Night - Bullet,0.35,0.1,0,0,0.7,0,-1,-1,-1,-1,-1,120,120,-1,-1,100,-1,-1,-1,0,66,66,66,66,66,400,90,100,100,101,0,0,0,0,0,0,0,0,0,0,10,0,0,0,0,2,0,0,0,0,0,0,2,1,0,253,255,0,255,0,255,0,0,0,0,0,0,0,0,0,0,0,0,1,0,0,0,0,0,0,0,0,0,0,-1,-1,2100,2010,-1,-1,-1,-1,-1,-1,-1,-1,-1,-1,-1,-1,-1,-1,-1,-1,-1,-1,-1,-1,-1,-1,-1,-1,-1,-1,-1,-1,0,0,0,0,0,0,0,0,0,0,0,0,-1,-1,-1,-1,-1,-1,-1,-1,-1,-1,-1,-1,-1,-1,-1,-1,-1,-1,-1,-1,-1,-1,-1,-1,0,0,0,0,0,0,0,0,0,0,0,0,0,0,0,0,0,0,0,0,0,0,0,0,255,139,139,66,0,0,0,1,0,0,3,50,100,100,100,0,0,100,-1,0,100,180,0,1,1,-1,0,0,150,0,0,0,0,66,0,66,0,0,0,0,130,0,[0|0|0|0]
2310735,[AoW] Lothric,0.45,0.1,0,0,1.2,0,-1,-1,-1,-1,-1,100,120,-1,-1,120,-1,-1,-1,0,140,140,140,140,100,100,100,100,112,0,0,0,0,0,0,0,0,0,0,0,10,0,0,0,0,2,0,0,0,0,0,0,2,0,0,253,13,0,0,0,255,0,0,0,0,0,0,0,0,0,0,2,0,1,0,0,0,0,0,0,1,9,1,0,-1,-1,2100,2010,-1,-1,-1,-1,-1,-1,-1,-1,-1,-1,-1,-1,-1,-1,-1,-1,-1,-1,-1,-1,-1,-1,-1,-1,-1,-1,-1,-1,0,0,0,0,0,0,0,0,0,0,0,0,-1,-1,-1,-1,-1,-1,-1,-1,-1,-1,-1,-1,-1,-1,-1,-1,-1,-1,-1,-1,-1,-1,-1,-1,0,0,0,0,0,0,0,0,0,0,0,0,0,0,0,0,0,0,0,0,0,0,0,0,255,139,139,140,0,0,0,1,0,1,0,0,50,50,50,0,0,100,-1,0,100,200,0,1,1,-1,0,0,50,0,0,100,0,140,0,140,0,-1,0,0,130,1,[0|0|0|0]
2310736,Twin Princes,0.2,0,0,0,0,0,-1,-1,-1,-1,-1,-1,-1,-1,-1,-1,-1,-1,-1,0,100,100,100,100,100,100,100,100,0,0,0,0,0,0,25,100,0,0,0,0,10,0,0,0,0,0,0,0,0,0,0,0,1,1,0,3,13,3,0,0,255,0,0,0,0,0,0,0,0,0,0,0,0,1,0,0,0,0,1,0,1,0,0,1,-1,-1,2100,2000,-1,-1,-1,-1,-1,-1,-1,-1,-1,-1,-1,-1,-1,-1,-1,-1,-1,-1,-1,-1,-1,-1,-1,-1,-1,-1,-1,-1,0,0,0,0,0,0,0,0,0,0,0,0,-1,-1,-1,-1,-1,-1,-1,-1,-1,-1,-1,-1,-1,-1,-1,-1,-1,-1,-1,-1,-1,-1,-1,-1,0,0,0,0,0,0,0,0,0,0,0,0,0,0,0,0,0,0,0,0,0,0,0,0,255,139,139,100,55,0,1,1,0,1,0,0,0,100,100,0,0,0,-1,-1,-1,100,0,1,1,-1,0,0,50,0,0,100,0,100,0,100,2,-1,0,0,0,1,[0|0|0|0]
2310737,[AoW] Lothric Twin Prince,0.45,0.1,0,0,1.2,0,-1,-1,-1,-1,-1,100,120,-1,-1,120,-1,-1,-1,0,120,120,120,120,100,100,100,100,112,0,0,0,0,0,0,0,0,0,0,0,10,0,0,0,0,2,0,0,0,0,0,0,2,0,0,253,13,0,0,0,255,0,0,0,0,0,0,0,0,0,0,2,0,1,0,0,0,0,0,0,1,9,1,0,-1,-1,2100,2010,-1,-1,-1,-1,-1,-1,-1,-1,-1,-1,-1,-1,-1,-1,-1,-1,-1,-1,-1,-1,-1,-1,-1,-1,-1,-1,-1,-1,0,0,0,0,0,0,0,0,0,0,0,0,-1,-1,-1,-1,-1,-1,-1,-1,-1,-1,-1,-1,-1,-1,-1,-1,-1,-1,-1,-1,-1,-1,-1,-1,0,0,0,0,0,0,0,0,0,0,0,0,0,0,0,0,0,0,0,0,0,0,0,0,255,139,139,120,0,0,0,1,0,1,0,0,50,50,50,0,0,100,-1,0,100,200,0,1,1,-1,0,0,50,0,0,100,0,120,0,120,0,-1,0,0,130,1,[0|0|0|0]
2330700,_1_1_1_1_1_1_1_1_1_1_1_1_1_1_1_1_1_1_1_1_1_1_1_1_1,0.4,0.15,0,0,0.3,0.05,6902,-1,-1,-1,-1,140,120,-1,-1,120,-1,-1,-1,0,75,75,75,75,75,100,100,100,112,0,0,0,0,0,0,0,0,0,0,0,20,0,0,0,0,2,0,0,0,0,0,0,2,0,0,3,11,0,0,0,255,0,0,0,0,0,0,0,0,0,0,0,4,1,0,0,0,0,0,0,1,9,0,0,-1,-1,2100,2130,-1,-1,-1,-1,-1,-1,-1,-1,-1,-1,-1,-1,-1,-1,-1,-1,-1,-1,-1,-1,-1,-1,-1,-1,-1,-1,-1,-1,0,0,0,0,0,0,0,0,0,0,0,0,-1,-1,-1,-1,-1,-1,-1,-1,-1,-1,-1,-1,-1,-1,-1,-1,-1,-1,-1,-1,-1,-1,-1,-1,0,0,0,0,0,0,0,0,0,0,0,0,0,0,0,0,0,0,0,0,0,0,0,0,255,139,139,75,0,0,0,1,0,1,0,100,100,100,100,0,0,100,-1,0,100,100,0,1,1,-1,0,0,65,0,0,0,0,75,0,75,0,0,0,0,130,0,[0|0|0|0]
2330701,_1_1_1_1_1_1_1_1_1_1_1_1_1_1_1_1_1_1_1_1_1_1_1_1_1_1,0.4,0.15,0,0,0.6,0.05,6902,-1,-1,-1,-1,140,120,-1,-1,120,-1,-1,-1,0,75,75,75,75,75,100,100,100,112,0,0,0,0,0,0,0,0,0,0,0,20,0,0,0,0,2,0,0,0,0,0,0,2,0,0,3,11,0,0,0,255,0,0,0,0,0,0,0,0,0,0,0,3,1,0,0,0,0,0,0,1,0,0,0,-1,-1,0,0,-1,-1,-1,-1,-1,-1,-1,-1,-1,-1,-1,-1,-1,-1,-1,-1,-1,-1,-1,-1,-1,-1,-1,-1,-1,-1,-1,-1,0,0,0,0,0,0,0,0,0,0,0,0,-1,-1,-1,-1,-1,-1,-1,-1,-1,-1,-1,-1,-1,-1,-1,-1,-1,-1,-1,-1,-1,-1,-1,-1,0,0,0,0,0,0,0,0,0,0,0,0,0,0,0,0,0,0,0,0,0,0,0,0,255,139,139,75,0,0,0,1,0,1,0,100,100,100,100,0,0,100,-1,0,100,100,0,1,1,-1,0,0,65,0,0,100,0,75,0,75,0,-1,0,0,130,1,[0|0|0|0]
2330705,_1_1_1_1_1_1_1_1_1_1_1_1_1_1_1_1_1_1_1_1_1_1_1_1_1_1_1,0.4,0.15,0,0,0.3,0.05,6902,-1,-1,-1,-1,100,120,-1,-1,120,-1,-1,-1,0,70,70,70,70,75,100,100,100,112,0,0,0,0,0,0,0,0,0,0,0,20,0,0,0,0,2,0,0,0,0,0,0,1,0,0,3,255,0,0,0,255,0,0,0,0,0,0,0,0,0,0,0,4,1,0,0,0,0,0,0,1,9,0,0,-1,-1,0,0,-1,-1,-1,-1,-1,-1,-1,-1,-1,-1,-1,-1,-1,-1,-1,-1,-1,-1,-1,-1,-1,-1,-1,-1,-1,-1,-1,-1,0,0,0,0,0,0,0,0,0,0,0,0,-1,-1,-1,-1,-1,-1,-1,-1,-1,-1,-1,-1,-1,-1,-1,-1,-1,-1,-1,-1,-1,-1,-1,-1,0,0,0,0,0,0,0,0,0,0,0,0,0,0,0,0,0,0,0,0,0,0,0,0,255,139,139,70,0,0,0,1,0,1,0,100,100,100,100,0,0,100,-1,0,100,100,0,1,1,-1,0,0,65,0,0,100,0,70,0,70,0,-1,0,0,130,1,[0|0|0|0]
2330706,_1_1_1_1_1_1_1_1_1_1_1_1_1_1_1_1_1_1_1_1_1_1_1_1_1_1_1_1,0.4,0.15,0,0,0.6,0.05,6902,-1,-1,-1,-1,100,120,-1,-1,120,-1,-1,-1,0,70,70,70,70,75,100,100,100,112,0,0,0,0,0,0,0,0,0,0,0,20,0,0,0,0,2,0,0,0,0,0,0,1,0,0,3,255,0,0,0,255,0,0,0,0,0,0,0,0,0,0,0,3,1,0,0,0,0,0,0,1,0,0,0,-1,-1,0,0,-1,-1,-1,-1,-1,-1,-1,-1,-1,-1,-1,-1,-1,-1,-1,-1,-1,-1,-1,-1,-1,-1,-1,-1,-1,-1,-1,-1,0,0,0,0,0,0,0,0,0,0,0,0,-1,-1,-1,-1,-1,-1,-1,-1,-1,-1,-1,-1,-1,-1,-1,-1,-1,-1,-1,-1,-1,-1,-1,-1,0,0,0,0,0,0,0,0,0,0,0,0,0,0,0,0,0,0,0,0,0,0,0,0,255,139,139,70,0,0,0,1,0,1,0,100,100,100,100,0,0,100,-1,0,100,100,0,1,1,-1,0,0,65,0,0,100,0,70,0,70,0,-1,0,0,130,1,[0|0|0|0]
2330710,_1_1_1_1_1_1_1_1_1_1_1_1_1_1_1_1_1_1_1_1_1_1_1_1_1_1_1_1_1,0.4,0.15,0,0,0.3,0.05,6903,-1,-1,-1,-1,140,120,-1,-1,120,-1,-1,-1,0,75,75,75,75,75,100,100,100,112,0,0,0,0,0,0,0,0,0,0,0,20,0,0,0,0,2,0,0,0,0,0,0,2,0,0,3,11,0,0,0,255,0,0,0,0,0,0,0,0,0,0,0,4,1,0,0,0,0,0,0,1,9,0,0,-1,-1,0,0,-1,-1,-1,-1,-1,-1,-1,-1,-1,-1,-1,-1,-1,-1,-1,-1,-1,-1,-1,-1,-1,-1,-1,-1,-1,-1,-1,-1,0,0,0,0,0,0,0,0,0,0,0,0,-1,-1,-1,-1,-1,-1,-1,-1,-1,-1,-1,-1,-1,-1,-1,-1,-1,-1,-1,-1,-1,-1,-1,-1,0,0,0,0,0,0,0,0,0,0,0,0,0,0,0,0,0,0,0,0,0,0,0,0,255,139,139,75,0,0,0,1,0,1,0,100,100,100,100,0,0,100,-1,0,100,100,0,1,1,-1,0,0,65,0,0,100,0,75,0,75,0,-1,0,0,130,1,[0|0|0|0]
2330711,_1_1_1_1_1_1_1_1_1_1_1_1_1_1_1_1_1_1_1_1_1_1_1_1_1_1_1_1_1_1,0.4,0.15,0,0,0.6,0.05,6903,-1,-1,-1,-1,140,120,-1,-1,120,-1,-1,-1,0,75,75,75,75,75,100,100,100,112,0,0,0,0,0,0,0,0,0,0,0,20,0,0,0,0,2,0,0,0,0,0,0,2,0,0,3,11,0,0,0,255,0,0,0,0,0,0,0,0,0,0,0,3,1,0,0,0,0,0,0,1,0,0,0,-1,-1,0,0,-1,-1,-1,-1,-1,-1,-1,-1,-1,-1,-1,-1,-1,-1,-1,-1,-1,-1,-1,-1,-1,-1,-1,-1,-1,-1,-1,-1,0,0,0,0,0,0,0,0,0,0,0,0,-1,-1,-1,-1,-1,-1,-1,-1,-1,-1,-1,-1,-1,-1,-1,-1,-1,-1,-1,-1,-1,-1,-1,-1,0,0,0,0,0,0,0,0,0,0,0,0,0,0,0,0,0,0,0,0,0,0,0,0,255,139,139,75,0,0,0,1,0,1,0,100,100,100,100,0,0,100,-1,0,100,100,0,1,1,-1,0,0,65,0,0,100,0,75,0,75,0,-1,0,0,130,1,[0|0|0|0]
2330715,_1_1_1_1_1_1_1_1_1_1_1_1_1_1_1_1_1_1_1_1_1_1_1_1_1_1_1_1_1_1_1,0.4,0.15,0,0,0.3,0.05,6903,-1,-1,-1,-1,100,120,-1,-1,120,-1,-1,-1,0,70,70,70,70,75,100,100,100,112,0,0,0,0,0,0,0,0,0,0,0,20,0,0,0,0,2,0,0,0,0,0,0,1,0,0,3,255,0,0,0,255,0,0,0,0,0,0,0,0,0,0,0,4,1,0,0,0,0,0,0,1,9,0,0,-1,-1,0,0,-1,-1,-1,-1,-1,-1,-1,-1,-1,-1,-1,-1,-1,-1,-1,-1,-1,-1,-1,-1,-1,-1,-1,-1,-1,-1,-1,-1,0,0,0,0,0,0,0,0,0,0,0,0,-1,-1,-1,-1,-1,-1,-1,-1,-1,-1,-1,-1,-1,-1,-1,-1,-1,-1,-1,-1,-1,-1,-1,-1,0,0,0,0,0,0,0,0,0,0,0,0,0,0,0,0,0,0,0,0,0,0,0,0,255,139,139,70,0,0,0,1,0,1,0,100,100,100,100,0,0,100,-1,0,100,100,0,1,1,-1,0,0,65,0,0,100,0,70,0,70,0,-1,0,0,130,1,[0|0|0|0]
2330716,_1_1_1_1_1_1_1_1_1_1_1_1_1_1_1_1_1_1_1_1_1_1_1_1_1_1_1_1_1_1_1_1,0.4,0.15,0,0,0.6,0.05,6903,-1,-1,-1,-1,100,120,-1,-1,120,-1,-1,-1,0,70,70,70,70,75,100,100,100,112,0,0,0,0,0,0,0,0,0,0,0,20,0,0,0,0,2,0,0,0,0,0,0,1,0,0,3,255,0,0,0,255,0,0,0,0,0,0,0,0,0,0,0,3,1,0,0,0,0,0,0,1,0,0,0,-1,-1,0,0,-1,-1,-1,-1,-1,-1,-1,-1,-1,-1,-1,-1,-1,-1,-1,-1,-1,-1,-1,-1,-1,-1,-1,-1,-1,-1,-1,-1,0,0,0,0,0,0,0,0,0,0,0,0,-1,-1,-1,-1,-1,-1,-1,-1,-1,-1,-1,-1,-1,-1,-1,-1,-1,-1,-1,-1,-1,-1,-1,-1,0,0,0,0,0,0,0,0,0,0,0,0,0,0,0,0,0,0,0,0,0,0,0,0,255,139,139,70,0,0,0,1,0,1,0,100,100,100,100,0,0,100,-1,0,100,100,0,1,1,-1,0,0,65,0,0,100,0,70,0,70,0,-1,0,0,130,1,[0|0|0|0]
2330720,_1_1_1_1_1_1_1_1_1_1_1_1_1_1_1_1_1_1_1_1_1_1_1_1_1_1_1_1_1_1_1_1_1,0.4,0.15,0,0,0.3,0.05,6902,-1,-1,-1,-1,140,120,-1,-1,120,-1,-1,-1,0,135,135,135,135,120,100,100,100,112,0,0,0,0,0,0,0,0,0,0,0,20,0,0,0,0,2,0,0,0,0,0,0,2,0,0,3,255,0,0,0,255,0,0,0,0,0,0,0,0,0,0,0,4,1,0,0,0,0,0,0,1,9,0,0,-1,-1,0,0,-1,-1,-1,-1,-1,-1,-1,-1,-1,-1,-1,-1,-1,-1,-1,-1,-1,-1,-1,-1,-1,-1,-1,-1,-1,-1,-1,-1,0,0,0,0,0,0,0,0,0,0,0,0,-1,-1,-1,-1,-1,-1,-1,-1,-1,-1,-1,-1,-1,-1,-1,-1,-1,-1,-1,-1,-1,-1,-1,-1,0,0,0,0,0,0,0,0,0,0,0,0,0,0,0,0,0,0,0,0,0,0,0,0,255,139,139,135,0,0,0,1,0,1,0,100,100,100,100,0,0,100,-1,0,100,100,0,1,1,-1,0,0,130,0,0,100,0,135,0,135,0,-1,0,0,130,1,[0|0|0|0]
2330721,_1_1_1_1_1_1_1_1_1_1_1_1_1_1_1_1_1_1_1_1_1_1_1_1_1_1_1_1_1_1_1_1_1_1,0.4,0.15,0,0,0.6,0.05,6902,-1,-1,-1,-1,140,120,-1,-1,120,-1,-1,-1,0,135,135,135,135,120,100,100,100,112,0,0,0,0,0,0,0,0,0,0,0,20,0,0,0,0,2,0,0,0,0,0,0,2,0,0,3,11,0,0,0,255,0,0,0,0,0,0,0,0,0,0,0,4,1,0,0,0,0,0,0,1,0,0,0,-1,-1,0,0,-1,-1,-1,-1,-1,-1,-1,-1,-1,-1,-1,-1,-1,-1,-1,-1,-1,-1,-1,-1,-1,-1,-1,-1,-1,-1,-1,-1,0,0,0,0,0,0,0,0,0,0,0,0,-1,-1,-1,-1,-1,-1,-1,-1,-1,-1,-1,-1,-1,-1,-1,-1,-1,-1,-1,-1,-1,-1,-1,-1,0,0,0,0,0,0,0,0,0,0,0,0,0,0,0,0,0,0,0,0,0,0,0,0,255,139,139,135,0,0,0,1,0,1,0,100,100,100,100,0,0,100,-1,0,100,100,0,1,1,-1,0,0,130,0,0,100,0,135,0,135,0,-1,0,0,130,1,[0|0|0|0]
2330725,_1_1_1_1_1_1_1_1_1_1_1_1_1_1_1_1_1_1_1_1_1_1_1_1_1_1_1_1_1_1_1_1_1_1_1,0.4,0.15,0,0,0.3,0.05,6902,-1,-1,-1,-1,100,120,-1,-1,120,-1,-1,-1,0,135,135,135,135,120,100,100,100,112,0,0,0,0,0,0,0,0,0,0,0,20,0,0,0,0,2,0,0,0,0,0,0,1,0,0,3,255,0,0,0,255,0,0,0,0,0,0,0,0,0,0,0,4,1,0,0,0,0,0,0,1,9,0,0,-1,-1,0,0,-1,-1,-1,-1,-1,-1,-1,-1,-1,-1,-1,-1,-1,-1,-1,-1,-1,-1,-1,-1,-1,-1,-1,-1,-1,-1,-1,-1,0,0,0,0,0,0,0,0,0,0,0,0,-1,-1,-1,-1,-1,-1,-1,-1,-1,-1,-1,-1,-1,-1,-1,-1,-1,-1,-1,-1,-1,-1,-1,-1,0,0,0,0,0,0,0,0,0,0,0,0,0,0,0,0,0,0,0,0,0,0,0,0,255,139,139,135,0,0,0,1,0,1,0,100,100,100,100,0,0,100,-1,0,100,100,0,1,1,-1,0,0,130,0,0,100,0,135,0,135,0,-1,0,0,130,1,[0|0|0|0]
2330726,_1_1_1_1_1_1_1_1_1_1_1_1_1_1_1_1_1_1_1_1_1_1_1_1_1_1_1_1_1_1_1_1_1_1_1_1,0.4,0.15,0,0,0.6,0.05,6902,-1,-1,-1,-1,100,120,-1,-1,120,-1,-1,-1,0,135,135,135,135,120,100,100,100,112,0,0,0,0,0,0,0,0,0,0,0,20,0,0,0,0,2,0,0,0,0,0,0,1,0,0,3,255,0,0,0,255,0,0,0,0,0,0,0,0,0,0,0,4,1,0,0,0,0,0,0,1,0,0,0,-1,-1,0,0,-1,-1,-1,-1,-1,-1,-1,-1,-1,-1,-1,-1,-1,-1,-1,-1,-1,-1,-1,-1,-1,-1,-1,-1,-1,-1,-1,-1,0,0,0,0,0,0,0,0,0,0,0,0,-1,-1,-1,-1,-1,-1,-1,-1,-1,-1,-1,-1,-1,-1,-1,-1,-1,-1,-1,-1,-1,-1,-1,-1,0,0,0,0,0,0,0,0,0,0,0,0,0,0,0,0,0,0,0,0,0,0,0,0,255,139,139,135,0,0,0,1,0,1,0,100,100,100,100,0,0,100,-1,0,100,100,0,1,1,-1,0,0,130,0,0,100,0,135,0,135,0,-1,0,0,130,1,[0|0|0|0]
2330730,_1_1_1_1_1_1_1_1_1_1_1_1_1_1_1_1_1_1_1_1_1_1_1_1_1_1_1_1_1_1_1_1_1_1_1_1_1,0.4,0.15,0,0,2,0.05,6903,-1,-1,-1,-1,140,120,-1,-1,120,-1,-1,-1,0,135,135,135,135,120,100,100,100,112,0,0,0,0,0,0,0,0,0,0,0,20,0,0,0,0,2,0,0,0,0,0,0,2,0,0,3,11,0,0,0,255,0,0,0,0,0,0,0,0,0,0,0,0,1,0,0,0,0,0,0,1,0,0,0,-1,-1,0,0,-1,-1,-1,-1,-1,-1,-1,-1,-1,-1,-1,-1,-1,-1,-1,-1,-1,-1,-1,-1,-1,-1,-1,-1,-1,-1,-1,-1,0,0,0,0,0,0,0,0,0,0,0,0,-1,-1,-1,-1,-1,-1,-1,-1,-1,-1,-1,-1,-1,-1,-1,-1,-1,-1,-1,-1,-1,-1,-1,-1,0,0,0,0,0,0,0,0,0,0,0,0,0,0,0,0,0,0,0,0,0,0,0,0,255,139,139,135,0,0,0,1,0,1,0,100,100,100,100,0,0,100,-1,0,100,100,0,1,1,-1,0,0,130,0,0,100,0,135,0,135,0,-1,0,0,130,1,[0|0|0|0]
2330731,_1_1_1_1_1_1_1_1_1_1_1_1_1_1_1_1_1_1_1_1_1_1_1_1_1_1_1_1_1_1_1_1_1_1_1_1_1_1,0.4,0.15,0,0,2,0.05,6902,-1,-1,-1,-1,140,120,-1,-1,120,-1,-1,-1,0,105,105,105,105,150,100,100,100,112,0,0,0,0,0,0,0,0,0,0,0,20,0,0,0,0,2,0,0,0,0,0,0,2,0,0,3,255,0,0,0,255,0,0,0,0,0,0,0,0,0,0,0,0,1,0,0,0,0,0,0,1,0,0,0,-1,-1,0,0,-1,-1,-1,-1,-1,-1,-1,-1,-1,-1,-1,-1,-1,-1,-1,-1,-1,-1,-1,-1,-1,-1,-1,-1,-1,-1,-1,-1,0,0,0,0,0,0,0,0,0,0,0,0,-1,-1,-1,-1,-1,-1,-1,-1,-1,-1,-1,-1,-1,-1,-1,-1,-1,-1,-1,-1,-1,-1,-1,-1,0,0,0,0,0,0,0,0,0,0,0,0,0,0,0,0,0,0,0,0,0,0,0,0,255,139,139,105,0,0,0,1,0,1,0,100,100,100,100,0,0,100,-1,0,100,100,0,1,1,-1,0,0,150,0,0,100,0,105,0,105,0,-1,0,0,130,1,[0|0|0|0]
2330735,_1_1_1_1_1_1_1_1_1_1_1_1_1_1_1_1_1_1_1_1_1_1_1_1_1_1_1_1_1_1_1_1_1_1_1_1_1_1_1,0.4,0.15,0,0,1,0.05,6903,-1,-1,-1,-1,100,120,-1,-1,120,-1,-1,-1,0,135,135,135,135,120,100,100,100,112,0,0,0,0,0,0,0,0,0,0,0,20,0,0,0,0,2,0,0,0,0,0,0,1,0,0,3,255,0,0,0,255,0,0,0,0,0,0,0,0,0,0,0,0,1,0,0,0,0,0,0,1,0,0,0,-1,-1,0,0,-1,-1,-1,-1,-1,-1,-1,-1,-1,-1,-1,-1,-1,-1,-1,-1,-1,-1,-1,-1,-1,-1,-1,-1,-1,-1,-1,-1,0,0,0,0,0,0,0,0,0,0,0,0,-1,-1,-1,-1,-1,-1,-1,-1,-1,-1,-1,-1,-1,-1,-1,-1,-1,-1,-1,-1,-1,-1,-1,-1,0,0,0,0,0,0,0,0,0,0,0,0,0,0,0,0,0,0,0,0,0,0,0,0,255,139,139,135,0,0,0,1,0,1,0,100,100,100,100,0,0,100,-1,0,100,100,0,1,1,-1,0,0,130,0,0,100,0,135,0,135,0,-1,0,0,130,1,[0|0|0|0]
2330736,_1_1_1_1_1_1_1_1_1_1_1_1_1_1_1_1_1_1_1_1_1_1_1_1_1_1_1_1_1_1_1_1_1_1_1_1_1_1_1_1,0.4,0.15,0,0,1,0.05,6902,-1,-1,-1,-1,100,120,-1,-1,120,-1,-1,-1,0,105,105,105,105,150,100,100,100,112,0,0,0,0,0,0,0,0,0,0,0,20,0,0,0,0,2,0,0,0,0,0,0,1,0,0,3,255,0,0,0,255,0,0,0,0,0,0,0,0,0,0,0,0,1,0,0,0,0,0,0,1,0,0,0,-1,-1,0,0,-1,-1,-1,-1,-1,-1,-1,-1,-1,-1,-1,-1,-1,-1,-1,-1,-1,-1,-1,-1,-1,-1,-1,-1,-1,-1,-1,-1,0,0,0,0,0,0,0,0,0,0,0,0,-1,-1,-1,-1,-1,-1,-1,-1,-1,-1,-1,-1,-1,-1,-1,-1,-1,-1,-1,-1,-1,-1,-1,-1,0,0,0,0,0,0,0,0,0,0,0,0,0,0,0,0,0,0,0,0,0,0,0,0,255,139,139,105,0,0,0,1,0,1,0,100,100,100,100,0,0,100,-1,0,100,100,0,1,1,-1,0,0,150,0,0,100,0,105,0,105,0,-1,0,0,130,1,[0|0|0|0]
2330740,_1_1_1_1_1_1_1_1_1_1_1_1_1_1_1_1_1_1_1_1_1_1_1_1_1_1_1_1_1_1_1_1_1_1_1_1_1_1_1_1_1,0.4,0.15,0,0,1.5,0.05,6902,-1,-1,-1,-1,140,120,-1,-1,120,-1,-1,-1,0,120,120,120,120,150,100,100,100,112,0,0,0,0,0,0,0,0,0,0,0,20,0,0,0,0,2,0,0,0,0,0,0,3,0,0,3,11,0,0,0,255,0,0,0,0,0,0,0,0,0,0,0,1,1,0,0,0,0,0,0,1,0,0,0,-1,-1,0,0,-1,-1,-1,-1,-1,-1,-1,-1,-1,-1,-1,-1,-1,-1,-1,-1,-1,-1,-1,-1,-1,-1,-1,-1,-1,-1,-1,-1,0,0,0,0,0,0,0,0,0,0,0,0,-1,-1,-1,-1,-1,-1,-1,-1,-1,-1,-1,-1,-1,-1,-1,-1,-1,-1,-1,-1,-1,-1,-1,-1,0,0,0,0,0,0,0,0,0,0,0,0,0,0,0,0,0,0,0,0,0,0,0,0,255,139,139,120,0,0,0,1,0,1,0,100,100,100,100,0,0,100,-1,0,100,100,0,1,1,-1,0,0,165,0,0,100,0,120,0,120,0,-1,0,0,130,1,[0|0|0|0]
2330745,_1_1_1_1_1_1_1_1_1_1_1_1_1_1_1_1_1_1_1_1_1_1_1_1_1_1_1_1_1_1_1_1_1_1_1_1_1_1_1_1_1_1,0.4,0.15,0,0,1,0.05,6902,-1,-1,-1,-1,100,120,-1,-1,120,-1,-1,-1,0,155,155,155,155,150,100,100,100,112,0,0,0,0,0,0,0,0,0,0,0,20,0,0,0,0,2,0,0,0,0,0,0,1,0,0,3,255,0,0,0,255,0,0,0,0,0,0,0,0,0,0,0,1,1,0,0,0,0,0,0,1,0,0,0,-1,-1,0,0,-1,-1,-1,-1,-1,-1,-1,-1,-1,-1,-1,-1,-1,-1,-1,-1,-1,-1,-1,-1,-1,-1,-1,-1,-1,-1,-1,-1,0,0,0,0,0,0,0,0,0,0,0,0,-1,-1,-1,-1,-1,-1,-1,-1,-1,-1,-1,-1,-1,-1,-1,-1,-1,-1,-1,-1,-1,-1,-1,-1,0,0,0,0,0,0,0,0,0,0,0,0,0,0,0,0,0,0,0,0,0,0,0,0,255,139,139,155,0,0,0,1,0,1,0,100,100,100,100,0,0,100,-1,0,100,100,0,1,1,-1,0,0,165,0,0,100,0,155,0,155,0,-1,0,0,130,1,[0|0|0|0]
2390620,Gotthard,0.45,0.2,0,0,0.6,0,-1,6903,-1,-1,-1,10100,10120,-1,-1,10120,-1,-1,-1,0,87,87,87,87,80,100,100,100,0,0,0,0,0,0,0,0,0,0,0,0,20,0,0,0,0,2,0,0,0,0,0,0,2,0,0,3,254,3,255,0,0,0,0,0,0,0,0,0,0,0,0,0,4,1,0,0,0,0,0,0,1,0,0,0,-1,-1,2100,2000,-1,-1,-1,-1,-1,-1,-1,-1,-1,-1,-1,-1,-1,-1,-1,-1,-1,-1,-1,-1,-1,-1,-1,-1,-1,-1,-1,-1,0,0,0,0,0,0,0,0,0,0,0,0,-1,-1,-1,-1,-1,-1,-1,-1,-1,-1,-1,-1,-1,-1,-1,-1,-1,-1,-1,-1,-1,-1,-1,-1,0,0,0,0,0,0,0,0,0,0,0,0,0,0,0,0,0,0,0,0,0,0,0,0,0,139,139,87,0,0,0,1,0,1,0,65,80,80,100,0,0,70,-1,0,100,100,0,1,1,-1,0,0,80,0,0,100,0,87,0,87,0,-1,0,125,130,1,[0|0|0|0]
2390621,Gotthard,0.45,0.2,0,0,0.6,0.05,-1,6903,-1,-1,-1,11100,11120,-1,-1,11120,-1,-1,-1,0,87,87,87,87,80,100,100,100,0,0,0,0,0,0,0,0,0,0,0,0,20,0,0,0,0,2,0,0,0,0,0,0,1,0,0,3,254,3,255,0,0,0,0,0,0,0,0,0,0,0,0,0,4,1,0,0,0,0,0,0,1,9,0,0,-1,-1,2100,2000,-1,-1,-1,-1,-1,-1,-1,-1,-1,-1,-1,-1,-1,-1,-1,-1,-1,-1,-1,-1,-1,-1,-1,-1,-1,-1,-1,-1,0,0,0,0,0,0,0,0,0,0,0,0,-1,-1,-1,-1,-1,-1,-1,-1,-1,-1,-1,-1,-1,-1,-1,-1,-1,-1,-1,-1,-1,-1,-1,-1,0,0,0,0,0,0,0,0,0,0,0,0,0,0,0,0,0,0,0,0,0,0,0,0,0,139,139,87,0,0,0,1,0,1,0,65,80,80,100,0,0,70,-1,0,100,100,0,1,1,-1,0,0,80,0,0,100,0,87,0,87,0,-1,0,125,130,1,[0|0|0|0]
2390630,Gotthard,0.45,0.2,0,0,0.6,0.05,-1,6903,-1,-1,-1,10100,10120,-1,-1,10120,-1,-1,-1,0,87,87,87,87,80,100,100,100,0,0,0,0,0,0,0,0,0,0,0,0,20,0,0,0,0,2,0,0,0,0,0,0,1,0,0,2,254,2,255,0,0,0,0,0,0,0,0,0,0,0,0,0,3,1,0,0,0,0,0,0,1,9,0,0,-1,-1,2100,2000,-1,-1,-1,-1,-1,-1,-1,-1,-1,-1,-1,-1,-1,-1,-1,-1,-1,-1,-1,-1,-1,-1,-1,-1,-1,-1,-1,-1,0,0,0,0,0,0,0,0,0,0,0,0,-1,-1,-1,-1,-1,-1,-1,-1,-1,-1,-1,-1,-1,-1,-1,-1,-1,-1,-1,-1,-1,-1,-1,-1,0,0,0,0,0,0,0,0,0,0,0,0,0,0,0,0,0,0,0,0,0,0,0,0,0,139,139,87,0,0,0,1,0,1,0,65,80,80,100,0,0,70,-1,0,100,100,0,1,1,-1,0,0,80,0,0,100,0,87,0,87,0,-1,0,125,130,1,[0|0|0|0]
2390631,Gotthard,0.45,0.2,0,0,0.6,0,-1,6903,-1,-1,-1,11100,11120,-1,-1,11120,-1,-1,-1,0,87,87,87,87,80,100,100,100,0,0,0,0,0,0,0,0,0,0,0,0,20,0,0,0,0,2,0,0,0,0,0,0,1,0,0,2,254,2,255,0,0,0,0,0,0,0,0,0,0,0,0,0,3,1,0,0,0,0,0,0,1,0,0,0,-1,-1,2100,2000,-1,-1,-1,-1,-1,-1,-1,-1,-1,-1,-1,-1,-1,-1,-1,-1,-1,-1,-1,-1,-1,-1,-1,-1,-1,-1,-1,-1,0,0,0,0,0,0,0,0,0,0,0,0,-1,-1,-1,-1,-1,-1,-1,-1,-1,-1,-1,-1,-1,-1,-1,-1,-1,-1,-1,-1,-1,-1,-1,-1,0,0,0,0,0,0,0,0,0,0,0,0,0,0,0,0,0,0,0,0,0,0,0,0,0,139,139,87,0,0,0,1,0,1,0,65,80,80,100,0,0,70,-1,0,100,100,0,1,1,-1,0,0,80,0,0,100,0,87,0,87,0,-1,0,125,130,1,[0|0|0|0]
2390640,Gotthard,0.45,0.2,0,0,0.6,0,-1,6903,-1,-1,-1,10100,10120,-1,-1,10120,-1,-1,-1,0,87,87,87,87,80,100,100,100,0,0,0,0,0,0,0,0,0,0,0,0,20,0,0,0,0,2,0,0,0,0,0,0,1,0,0,0,254,0,255,0,0,0,0,0,0,0,0,0,0,0,0,0,3,1,0,0,0,0,0,0,1,9,0,0,-1,-1,2100,2000,-1,-1,-1,-1,-1,-1,-1,-1,-1,-1,-1,-1,-1,-1,-1,-1,-1,-1,-1,-1,-1,-1,-1,-1,-1,-1,-1,-1,0,0,0,0,0,0,0,0,0,0,0,0,-1,-1,-1,-1,-1,-1,-1,-1,-1,-1,-1,-1,-1,-1,-1,-1,-1,-1,-1,-1,-1,-1,-1,-1,0,0,0,0,0,0,0,0,0,0,0,0,0,0,0,0,0,0,0,0,0,0,0,0,0,139,139,87,0,0,0,1,0,1,0,65,80,80,100,0,0,70,-1,0,100,100,0,1,1,-1,0,0,80,0,0,100,0,87,0,87,0,-1,104,125,130,1,[0|0|0|0]
2390641,Gotthard,0.45,0.2,0,0,0.6,0.05,-1,6903,-1,-1,-1,11100,11120,-1,-1,11120,-1,-1,-1,0,87,87,87,87,80,100,100,100,0,0,0,0,0,0,0,0,0,0,0,0,20,0,0,0,0,2,0,0,0,0,0,0,1,0,0,0,254,0,255,0,0,0,0,0,0,0,0,0,0,0,0,0,4,1,0,0,0,0,0,0,1,0,0,0,-1,-1,2100,2000,-1,-1,-1,-1,-1,-1,-1,-1,-1,-1,-1,-1,-1,-1,-1,-1,-1,-1,-1,-1,-1,-1,-1,-1,-1,-1,-1,-1,0,0,0,0,0,0,0,0,0,0,0,0,-1,-1,-1,-1,-1,-1,-1,-1,-1,-1,-1,-1,-1,-1,-1,-1,-1,-1,-1,-1,-1,-1,-1,-1,0,0,0,0,0,0,0,0,0,0,0,0,0,0,0,0,0,0,0,0,0,0,0,0,0,139,139,87,0,0,0,1,0,1,0,65,80,80,100,0,0,70,-1,0,100,100,0,1,1,-1,0,0,80,0,0,100,0,87,0,87,0,-1,104,125,130,1,[0|0|0|0]
2390740,Gotthard,0.45,0.2,0,0,0,0,-1,6903,-1,-1,-1,10100,10120,-1,-1,10120,-1,-1,-1,0,70,70,70,70,60,100,100,100,112,0,0,0,0,0,0,0,0,0,0,0,20,0,0,0,0,2,0,0,0,0,0,0,1,0,0,0,254,0,255,0,0,0,0,0,0,0,0,0,0,0,0,0,4,1,0,0,0,0,0,0,1,9,0,0,-1,-1,2100,2000,-1,-1,-1,-1,-1,-1,-1,-1,-1,-1,-1,-1,-1,-1,-1,-1,-1,-1,-1,-1,-1,-1,-1,-1,-1,-1,-1,-1,0,0,0,0,0,0,0,0,0,0,0,0,-1,-1,-1,-1,-1,-1,-1,-1,-1,-1,-1,-1,-1,-1,-1,-1,-1,-1,-1,-1,-1,-1,-1,-1,0,0,0,0,0,0,0,0,0,0,0,0,0,0,0,0,0,0,0,0,0,0,0,0,0,139,139,70,0,0,0,1,0,1,0,65,80,80,100,0,0,70,-1,0,100,100,0,1,1,-1,0,0,10,0,0,100,0,70,0,70,0,-1,0,125,130,1,[0|0|0|0]
2390741,Gotthard,0.45,0.2,0,0,0,0.05,-1,6903,-1,-1,-1,11100,11120,-1,-1,11120,-1,-1,-1,0,70,70,70,70,60,100,100,100,112,0,0,0,0,0,0,0,0,0,0,0,20,0,0,0,0,2,0,0,0,0,0,0,1,0,0,0,254,0,255,0,0,0,0,0,0,0,0,0,0,0,0,0,4,1,0,0,0,0,0,0,1,9,0,0,-1,-1,2100,2000,-1,-1,-1,-1,-1,-1,-1,-1,-1,-1,-1,-1,-1,-1,-1,-1,-1,-1,-1,-1,-1,-1,-1,-1,-1,-1,-1,-1,0,0,0,0,0,0,0,0,0,0,0,0,-1,-1,-1,-1,-1,-1,-1,-1,-1,-1,-1,-1,-1,-1,-1,-1,-1,-1,-1,-1,-1,-1,-1,-1,0,0,0,0,0,0,0,0,0,0,0,0,0,0,0,0,0,0,0,0,0,0,0,0,0,139,139,70,0,0,0,1,0,1,0,65,80,80,100,0,0,70,-1,0,100,100,0,1,1,-1,0,0,10,0,0,100,0,70,0,70,0,-1,0,125,130,1,[0|0|0|0]
2390742,Gotthard,0.45,0.2,0,0,1.3,0.05,-1,6903,-1,-1,-1,10100,10120,-1,-1,10120,-1,-1,-1,0,60,60,60,60,40,100,100,100,112,0,0,0,0,0,0,0,0,0,0,0,20,0,0,0,0,2,0,0,0,0,0,0,2,0,0,0,254,0,255,0,0,0,0,0,0,0,0,0,0,0,0,0,4,1,0,0,0,0,0,0,1,9,0,0,-1,-1,2100,2000,-1,-1,-1,-1,-1,-1,-1,-1,-1,-1,-1,-1,-1,-1,-1,-1,-1,-1,-1,-1,-1,-1,-1,-1,-1,-1,-1,-1,0,0,0,0,0,0,0,0,0,0,0,0,-1,-1,-1,-1,-1,-1,-1,-1,-1,-1,-1,-1,-1,-1,-1,-1,-1,-1,-1,-1,-1,-1,-1,-1,0,0,0,0,0,0,0,0,0,0,0,0,0,0,0,0,0,0,0,0,0,0,0,0,0,139,139,60,0,0,0,1,0,1,0,50,80,80,100,0,0,60,-1,0,100,100,0,1,1,-1,0,0,45,0,0,100,0,60,0,60,0,-1,0,125,130,1,[0|0|0|0]
2390743,Gotthard,0.45,0.2,0,0,1.3,0,-1,6903,-1,-1,-1,11100,11120,-1,-1,11120,-1,-1,-1,0,60,60,60,60,40,100,100,100,112,0,0,0,0,0,0,0,0,0,0,0,20,0,0,0,0,2,0,0,0,0,0,0,2,0,0,0,254,0,255,0,0,0,0,0,0,0,0,0,0,0,0,0,4,1,0,0,0,0,0,0,1,9,0,0,-1,-1,2100,2000,-1,-1,-1,-1,-1,-1,-1,-1,-1,-1,-1,-1,-1,-1,-1,-1,-1,-1,-1,-1,-1,-1,-1,-1,-1,-1,-1,-1,0,0,0,0,0,0,0,0,0,0,0,0,-1,-1,-1,-1,-1,-1,-1,-1,-1,-1,-1,-1,-1,-1,-1,-1,-1,-1,-1,-1,-1,-1,-1,-1,0,0,0,0,0,0,0,0,0,0,0,0,0,0,0,0,0,0,0,0,0,0,0,0,0,139,139,60,0,0,0,1,0,1,0,50,80,80,100,0,0,60,-1,0,100,100,0,1,1,-1,0,0,45,0,0,100,0,60,0,60,0,-1,0,125,130,1,[0|0|0|0]
2390744,Gotthard,0.45,0.2,0,0,1.3,0.05,-1,6903,-1,-1,-1,10100,10120,-1,-1,10120,-1,-1,-1,0,50,50,50,50,50,100,100,100,112,0,0,0,0,0,0,0,0,0,0,0,20,0,0,0,0,2,0,0,0,0,0,0,2,0,0,0,254,0,255,0,0,0,0,0,0,0,0,0,0,0,0,0,1,1,0,0,0,0,0,0,1,9,0,0,-1,-1,2100,2000,-1,-1,-1,-1,-1,-1,-1,-1,-1,-1,-1,-1,-1,-1,-1,-1,-1,-1,-1,-1,-1,-1,-1,-1,-1,-1,-1,-1,0,0,0,0,0,0,0,0,0,0,0,0,-1,-1,-1,-1,-1,-1,-1,-1,-1,-1,-1,-1,-1,-1,-1,-1,-1,-1,-1,-1,-1,-1,-1,-1,0,0,0,0,0,0,0,0,0,0,0,0,0,0,0,0,0,0,0,0,0,0,0,0,0,139,139,50,0,0,0,1,0,1,0,50,80,80,100,0,0,60,-1,0,100,100,0,1,1,-1,0,0,45,0,0,100,0,50,0,50,0,-1,0,125,130,1,[0|0|0|0]
2390745,Gotthard,0.45,0.2,0,0,1.3,0,-1,6903,-1,-1,-1,11100,11120,-1,-1,11120,-1,-1,-1,0,50,50,50,50,50,100,100,100,112,0,0,0,0,0,0,0,0,0,0,0,20,0,0,0,0,2,0,0,0,0,0,0,2,0,0,0,254,0,255,0,0,0,0,0,0,0,0,0,0,0,0,0,1,1,0,0,0,0,0,0,1,9,0,0,-1,-1,2100,2000,-1,-1,-1,-1,-1,-1,-1,-1,-1,-1,-1,-1,-1,-1,-1,-1,-1,-1,-1,-1,-1,-1,-1,-1,-1,-1,-1,-1,0,0,0,0,0,0,0,0,0,0,0,0,-1,-1,-1,-1,-1,-1,-1,-1,-1,-1,-1,-1,-1,-1,-1,-1,-1,-1,-1,-1,-1,-1,-1,-1,0,0,0,0,0,0,0,0,0,0,0,0,0,0,0,0,0,0,0,0,0,0,0,0,0,139,139,50,0,0,0,1,0,1,0,50,80,80,100,0,0,60,-1,0,100,100,0,1,1,-1,0,0,60,0,0,100,0,50,0,50,0,-1,0,125,130,1,[0|0|0|0]
2390746,Gotthard,0.45,0.2,0,0,1.3,0.05,-1,6903,-1,-1,-1,10100,10120,-1,-1,10120,-1,-1,-1,0,60,60,60,60,40,100,100,100,112,0,0,0,0,0,0,0,0,0,0,0,20,0,0,0,0,2,0,0,0,0,0,0,2,0,0,2,254,0,255,0,0,0,0,0,0,0,0,0,0,0,0,0,1,1,0,0,0,0,0,0,1,0,0,0,-1,-1,2100,2000,-1,-1,-1,-1,-1,-1,-1,-1,-1,-1,-1,-1,-1,-1,-1,-1,-1,-1,-1,-1,-1,-1,-1,-1,-1,-1,-1,-1,0,0,0,0,0,0,0,0,0,0,0,0,-1,-1,-1,-1,-1,-1,-1,-1,-1,-1,-1,-1,-1,-1,-1,-1,-1,-1,-1,-1,-1,-1,-1,-1,0,0,0,0,0,0,0,0,0,0,0,0,0,0,0,0,0,0,0,0,0,0,0,0,0,139,139,60,0,0,0,1,0,1,0,60,80,80,100,0,0,70,-1,0,100,100,0,1,1,-1,0,0,45,0,0,100,0,60,0,60,0,-1,0,125,130,1,[0|0|0|0]
2390747,Gotthard,0.45,0.2,0,0,1.3,0,-1,6903,-1,-1,-1,11100,11120,-1,-1,11120,-1,-1,-1,0,60,60,60,60,40,100,100,100,112,0,0,0,0,0,0,0,0,0,0,0,20,0,0,0,0,2,0,0,0,0,0,0,2,0,0,2,254,0,255,0,0,0,0,0,0,0,0,0,0,0,0,0,1,1,0,0,0,0,0,0,1,0,0,0,-1,-1,2100,2000,-1,-1,-1,-1,-1,-1,-1,-1,-1,-1,-1,-1,-1,-1,-1,-1,-1,-1,-1,-1,-1,-1,-1,-1,-1,-1,-1,-1,0,0,0,0,0,0,0,0,0,0,0,0,-1,-1,-1,-1,-1,-1,-1,-1,-1,-1,-1,-1,-1,-1,-1,-1,-1,-1,-1,-1,-1,-1,-1,-1,0,0,0,0,0,0,0,0,0,0,0,0,0,0,0,0,0,0,0,0,0,0,0,0,0,139,139,60,0,0,0,1,0,1,0,60,80,80,100,0,0,70,-1,0,100,100,0,1,1,-1,0,0,45,0,0,100,0,60,0,60,0,-1,0,125,130,1,[0|0|0|0]
2390750,Gotthard,0.45,0.2,0,0,1,0,-1,6904,-1,-1,-1,10100,10120,-1,-1,10120,-1,-1,-1,0,85,85,85,85,80,100,100,100,0,0,0,0,0,0,0,0,0,0,0,0,20,0,0,0,0,2,0,0,0,0,0,0,2,0,0,3,254,3,255,0,0,0,0,0,0,0,0,0,0,0,0,0,4,1,0,0,0,0,0,0,1,9,0,0,-1,-1,2100,2000,-1,-1,-1,-1,-1,-1,-1,-1,-1,-1,-1,-1,-1,-1,-1,-1,-1,-1,-1,-1,-1,-1,-1,-1,-1,-1,-1,-1,0,0,0,0,0,0,0,0,0,0,0,0,-1,-1,-1,-1,-1,-1,-1,-1,-1,-1,-1,-1,-1,-1,-1,-1,-1,-1,-1,-1,-1,-1,-1,-1,0,0,0,0,0,0,0,0,0,0,0,0,0,0,0,0,0,0,0,0,0,0,0,0,0,139,139,85,0,0,0,1,0,1,0,60,80,80,100,0,0,70,-1,0,100,100,0,1,1,-1,0,0,80,0,0,100,0,85,0,85,0,-1,127,125,130,1,[0|0|0|0]
2390751,Gotthard,0.45,0.2,0,0,0.6,0.05,-1,6903,-1,-1,-1,11100,11120,-1,-1,10120,-1,-1,-1,0,85,85,85,85,80,100,100,100,0,0,0,0,0,0,0,0,0,0,0,0,20,0,0,0,0,2,0,0,0,0,0,0,2,0,0,3,254,3,255,0,0,0,0,0,0,0,0,0,0,0,0,0,4,1,0,0,0,0,0,0,1,0,0,0,-1,-1,2100,2000,-1,-1,-1,-1,-1,-1,-1,-1,-1,-1,-1,-1,-1,-1,-1,-1,-1,-1,-1,-1,-1,-1,-1,-1,-1,-1,-1,-1,0,0,0,0,0,0,0,0,0,0,0,0,-1,-1,-1,-1,-1,-1,-1,-1,-1,-1,-1,-1,-1,-1,-1,-1,-1,-1,-1,-1,-1,-1,-1,-1,0,0,0,0,0,0,0,0,0,0,0,0,0,0,0,0,0,0,0,0,0,0,0,0,0,139,139,85,0,0,0,1,0,1,0,60,80,80,100,0,0,70,-1,0,100,100,0,1,1,-1,0,0,80,0,0,100,0,85,0,85,0,-1,127,125,130,1,[0|0|0|0]
2390760,Gotthard,0.45,0.2,0,0,0.5,0.05,-1,6904,-1,-1,-1,10100,10120,-1,-1,10120,-1,-1,-1,0,85,85,85,85,80,100,100,100,0,0,0,0,0,0,0,0,0,0,0,0,20,0,0,0,0,2,0,0,0,0,0,0,1,0,0,2,254,2,255,0,0,0,0,0,0,0,0,0,0,0,0,0,4,1,0,0,0,0,0,0,1,9,0,0,-1,-1,2100,2000,-1,-1,-1,-1,-1,-1,-1,-1,-1,-1,-1,-1,-1,-1,-1,-1,-1,-1,-1,-1,-1,-1,-1,-1,-1,-1,-1,-1,0,0,0,0,0,0,0,0,0,0,0,0,-1,-1,-1,-1,-1,-1,-1,-1,-1,-1,-1,-1,-1,-1,-1,-1,-1,-1,-1,-1,-1,-1,-1,-1,0,0,0,0,0,0,0,0,0,0,0,0,0,0,0,0,0,0,0,0,0,0,0,0,0,139,139,85,0,0,0,1,0,1,0,60,80,80,100,0,0,70,-1,0,100,100,0,1,1,-1,0,0,70,0,0,100,0,85,0,85,0,-1,128,125,130,1,[0|0|0|0]
2390761,Gotthard,0.45,0.2,0,0,0.8,0,-1,6903,-1,-1,-1,11100,11120,-1,-1,11120,-1,-1,-1,0,80,80,80,80,80,100,100,100,0,0,0,0,0,0,0,0,0,0,0,0,20,0,0,0,0,2,0,0,0,0,0,0,1,0,0,2,254,2,255,0,0,0,0,0,0,0,0,0,0,0,0,0,3,1,0,0,0,0,0,0,1,0,0,0,-1,-1,2100,2000,-1,-1,-1,-1,-1,-1,-1,-1,-1,-1,-1,-1,-1,-1,-1,-1,-1,-1,-1,-1,-1,-1,-1,-1,-1,-1,-1,-1,0,0,0,0,0,0,0,0,0,0,0,0,-1,-1,-1,-1,-1,-1,-1,-1,-1,-1,-1,-1,-1,-1,-1,-1,-1,-1,-1,-1,-1,-1,-1,-1,0,0,0,0,0,0,0,0,0,0,0,0,0,0,0,0,0,0,0,0,0,0,0,0,0,139,139,80,0,0,0,1,0,1,0,60,80,80,100,0,0,70,-1,0,100,100,0,1,1,-1,0,0,70,0,0,100,0,80,0,80,0,-1,128,125,130,1,[0|0|0|0]
2390770,Farron revive,50,0,0,0,0,0,8981915,-1,-1,-1,-1,90,-1,-1,-1,-1,-1,-1,-1,0,0,0,0,0,0,0,0,0,0,0,0,0,0,0,0,0,0,0,0,0,0,0,0,0,0,0,0,0,0,0,0,0,0,0,0,254,254,2,255,0,0,0,0,0,0,0,0,0,0,0,0,0,3,0,1,1,0,0,0,0,1,0,0,0,-1,-1,2100,2000,-1,-1,-1,-1,-1,-1,-1,-1,-1,-1,-1,-1,-1,-1,-1,-1,-1,-1,-1,-1,-1,-1,-1,-1,-1,-1,-1,-1,0,0,0,0,0,0,0,0,0,0,0,0,-1,-1,-1,-1,-1,-1,-1,-1,-1,-1,-1,-1,-1,-1,-1,-1,-1,-1,-1,-1,-1,-1,-1,-1,0,0,0,0,0,0,0,0,0,0,0,0,0,0,0,0,0,0,0,0,0,0,0,0,0,139,139,0,0,0,0,0,0,1,0,0,0,0,0,0,0,0,-1,0,100,100,0,1,1,-1,0,0,0,0,0,100,0,0,0,0,0,-1,0,0,0,1,[0|0|0|0]
2519700,Gael,0.4,0.2,0.6,0,1.3,0.11,6904,-1,-1,-1,-1,100,120,120,-1,120,-1,-1,-1,0,65,65,65,65,100,100,100,100,112,0,0,0,0,0,0,0,0,0,0,0,20,0,0,0,0,2,0,0,0,0,0,0,3,0,0,1,0,1,255,0,255,0,0,0,0,0,0,0,0,0,0,0,1,1,0,0,0,0,0,0,1,9,0,0,-1,-1,2100,2010,-1,-1,-1,-1,-1,-1,-1,-1,-1,-1,-1,-1,-1,-1,-1,-1,-1,-1,-1,-1,-1,-1,-1,-1,-1,-1,-1,-1,0,0,0,0,0,0,0,0,0,0,0,0,-1,-1,-1,-1,-1,-1,-1,-1,-1,-1,-1,-1,-1,-1,-1,-1,-1,-1,-1,-1,-1,-1,-1,-1,0,0,0,0,0,0,0,0,0,0,0,0,0,0,0,0,0,0,0,0,0,0,0,0,255,139,139,65,0,0,0,1,0,1,0,100,100,100,100,0,0,100,-1,0,100,100,0,1,1,-1,0,0,50,0,0,100,0,65,0,65,0,-1,0,0,130,1,[0|0|0|0]
2519710,Gael_1,0.5,0.2,0,0,1.3,0.11,6904,-1,-1,-1,-1,100,120,-1,-1,120,-1,-1,-1,0,110,110,110,110,150,100,100,100,112,0,0,0,0,0,0,0,0,0,0,0,20,0,0,0,0,2,0,0,0,0,0,0,3,0,0,1,0,1,255,0,255,0,0,0,0,0,0,0,0,0,0,0,3,1,0,0,0,0,0,0,1,0,0,0,-1,-1,2100,2010,-1,-1,-1,-1,-1,-1,-1,-1,-1,-1,-1,-1,-1,-1,-1,-1,-1,-1,-1,-1,-1,-1,-1,-1,-1,-1,-1,-1,0,0,0,0,0,0,0,0,0,0,0,0,-1,-1,-1,-1,-1,-1,-1,-1,-1,-1,-1,-1,-1,-1,-1,-1,-1,-1,-1,-1,-1,-1,-1,-1,0,0,0,0,0,0,0,0,0,0,0,0,0,0,0,0,0,0,0,0,0,0,0,0,255,139,139,110,0,0,0,1,0,1,0,100,100,100,100,0,0,100,-1,0,100,100,0,1,1,-1,0,0,130,0,0,100,0,110,0,110,0,-1,0,0,130,1,[0|0|0|0]
2519720,Gael_1_1,0.7,0,0,0,1.3,0.11,6904,-1,-1,-1,-1,8,-1,-1,-1,-1,-1,-1,-1,0,0,0,0,0,0,100,100,100,112,0,0,0,0,0,0,0,0,0,0,0,20,0,0,0,0,2,0,0,0,0,0,0,0,0,0,1,0,1,255,0,255,0,0,0,0,0,0,0,0,0,0,0,0,0,0,0,0,0,0,0,1,0,0,0,-1,-1,2100,2010,-1,-1,-1,-1,-1,-1,-1,-1,-1,-1,-1,-1,-1,-1,-1,-1,-1,-1,-1,-1,-1,-1,-1,-1,-1,-1,-1,-1,0,0,0,0,0,0,0,0,0,0,0,0,-1,-1,-1,-1,-1,-1,-1,-1,-1,-1,-1,-1,-1,-1,-1,-1,-1,-1,-1,-1,-1,-1,-1,-1,0,0,0,0,0,0,0,0,0,0,0,0,0,0,0,0,0,0,0,0,0,0,0,0,255,139,139,0,0,0,0,1,0,1,0,100,100,100,100,0,0,100,-1,0,100,100,0,1,1,-1,0,0,0,0,0,100,0,0,0,0,0,-1,0,0,130,1,[0|0|0|0]
2519721,Gael_1_1_1,0.3,0.2,0.6,0,1.6,0.11,6904,-1,-1,-1,-1,100,120,120,-1,120,-1,-1,-1,0,155,155,155,155,200,100,100,100,112,0,0,0,0,0,0,0,0,0,0,0,20,0,0,0,0,2,0,0,0,0,0,0,3,0,0,2,0,2,255,0,255,0,0,0,0,0,0,0,0,0,0,0,0,1,0,0,0,0,0,0,1,0,0,0,-1,-1,2100,2010,-1,-1,-1,-1,-1,-1,-1,-1,-1,-1,-1,-1,-1,-1,-1,-1,-1,-1,-1,-1,-1,-1,-1,-1,-1,-1,-1,-1,0,0,0,0,0,0,0,0,0,0,0,0,-1,-1,-1,-1,-1,-1,-1,-1,-1,-1,-1,-1,-1,-1,-1,-1,-1,-1,-1,-1,-1,-1,-1,-1,0,0,0,0,0,0,0,0,0,0,0,0,0,0,0,0,0,0,0,0,0,0,0,0,255,139,139,155,0,0,0,1,0,1,0,100,100,100,100,0,0,100,-1,0,100,100,0,1,1,-1,0,0,180,0,0,100,0,155,0,155,0,-1,0,0,130,1,[0|0|0|0]
2604725,[AoW] Lorian,0.3,0.2,0,0,1.3,0,-1,-1,-1,-1,-1,120,-1,-1,-1,-1,-1,-1,-1,0,50,0,70,0,200,140,100,100,112,0,0,0,0,0,0,0,0,0,0,0,10,0,0,0,0,2,0,0,0,0,0,0,0,0,0,253,11,0,0,0,255,0,0,0,0,0,0,0,0,0,0,2,4,0,0,0,0,0,0,0,1,9,1,0,-1,-1,2100,2010,-1,-1,-1,-1,-1,-1,-1,-1,-1,-1,-1,-1,-1,-1,-1,-1,-1,-1,-1,-1,-1,-1,-1,-1,-1,-1,-1,-1,0,0,0,0,0,0,0,0,0,0,0,0,-1,-1,-1,-1,-1,-1,-1,-1,-1,-1,-1,-1,-1,-1,-1,-1,-1,-1,-1,-1,-1,-1,-1,-1,0,0,0,0,0,0,0,0,0,0,0,0,0,0,0,0,0,0,0,0,0,0,0,0,255,139,139,0,0,0,0,1,0,1,0,0,50,50,50,0,0,100,-1,0,100,200,0,1,1,-1,0,0,50,0,0,100,0,100,0,100,0,-1,0,0,130,1,[0|0|0|0]
2604726,[AoW] Lorian_1,0.3,0.2,0,0,1.3,0,-1,-1,-1,-1,-1,120,-1,-1,-1,-1,-1,-1,-1,0,50,0,70,0,200,140,100,100,112,0,0,0,0,0,0,0,0,0,0,0,10,0,0,0,0,2,0,0,0,0,0,0,2,0,0,253,11,0,0,0,255,0,0,0,0,0,0,0,0,0,0,2,4,1,0,0,0,0,0,0,1,9,1,0,-1,-1,2100,2010,-1,-1,-1,-1,-1,-1,-1,-1,-1,-1,-1,-1,-1,-1,-1,-1,-1,-1,-1,-1,-1,-1,-1,-1,-1,-1,-1,-1,0,0,0,0,0,0,0,0,0,0,0,0,-1,-1,-1,-1,-1,-1,-1,-1,-1,-1,-1,-1,-1,-1,-1,-1,-1,-1,-1,-1,-1,-1,-1,-1,0,0,0,0,0,0,0,0,0,0,0,0,0,0,0,0,0,0,0,0,0,0,0,0,255,139,139,0,0,0,0,1,0,1,0,0,50,50,50,0,0,100,-1,0,100,200,0,1,1,-1,0,0,50,0,0,100,0,100,0,100,0,-1,0,0,130,1,[0|0|0|0]
2604727,[AoW] Lorian Twin prince,0.3,0.2,0,0,1.3,0,-1,-1,-1,-1,-1,120,-1,-1,-1,-1,-1,-1,-1,0,155,0,155,0,200,140,100,100,112,0,0,0,0,0,0,0,0,0,0,0,10,0,0,0,0,2,0,0,0,0,0,0,0,0,0,253,11,0,0,0,255,0,0,0,0,0,0,0,0,0,0,2,4,0,0,0,0,0,0,0,1,9,1,0,-1,-1,2100,2010,-1,-1,-1,-1,-1,-1,-1,-1,-1,-1,-1,-1,-1,-1,-1,-1,-1,-1,-1,-1,-1,-1,-1,-1,-1,-1,-1,-1,0,0,0,0,0,0,0,0,0,0,0,0,-1,-1,-1,-1,-1,-1,-1,-1,-1,-1,-1,-1,-1,-1,-1,-1,-1,-1,-1,-1,-1,-1,-1,-1,0,0,0,0,0,0,0,0,0,0,0,0,0,0,0,0,0,0,0,0,0,0,0,0,255,139,139,0,0,0,0,1,0,1,0,0,50,50,50,0,0,100,-1,0,100,200,0,1,1,-1,0,0,50,0,0,100,0,100,0,100,0,-1,0,0,130,1,[0|0|0|0]
2604728,[AoW] Lorian Twince prince,0.3,0.2,0,0,1.3,0,-1,-1,-1,-1,-1,120,-1,-1,-1,-1,-1,-1,-1,0,155,0,155,0,200,140,100,100,112,0,0,0,0,0,0,0,0,0,0,0,10,0,0,0,0,2,0,0,0,0,0,0,2,0,0,253,11,0,0,0,255,0,0,0,0,0,0,0,0,0,0,2,4,1,0,0,0,0,0,0,1,9,1,0,-1,-1,2100,2010,-1,-1,-1,-1,-1,-1,-1,-1,-1,-1,-1,-1,-1,-1,-1,-1,-1,-1,-1,-1,-1,-1,-1,-1,-1,-1,-1,-1,0,0,0,0,0,0,0,0,0,0,0,0,-1,-1,-1,-1,-1,-1,-1,-1,-1,-1,-1,-1,-1,-1,-1,-1,-1,-1,-1,-1,-1,-1,-1,-1,0,0,0,0,0,0,0,0,0,0,0,0,0,0,0,0,0,0,0,0,0,0,0,0,255,139,139,0,0,0,0,1,0,1,0,0,50,50,50,0,0,100,-1,0,100,200,0,1,1,-1,0,0,50,0,0,100,0,130,0,130,0,-1,0,0,130,1,[0|0|0|0]
2615620,RKPG,0.5,0.1,0.5,0.1,0.3,0,6904,-1,-1,-1,-1,10100,10120,11100,11120,10110,-1,11110,-1,0,112,112,100,112,160,100,100,100,0,0,0,0,0,0,0,100,0,0,0,0,0,0,0,0,0,2,0,2,0,0,0,0,3,0,0,2,0,2,0,0,0,0,0,0,0,0,0,0,0,0,0,0,0,1,0,0,0,0,0,0,1,0,0,0,-1,-1,2130,2030,-1,-1,-1,-1,-1,-1,-1,-1,-1,-1,-1,-1,-1,-1,-1,-1,-1,-1,-1,-1,-1,-1,-1,-1,-1,-1,-1,-1,0,0,0,0,0,0,0,0,0,0,0,0,-1,-1,-1,-1,-1,-1,-1,-1,-1,-1,-1,-1,-1,-1,-1,-1,-1,-1,-1,-1,-1,-1,-1,-1,0,0,0,0,0,0,0,0,0,0,0,0,0,0,0,0,0,0,0,0,0,0,0,0,0,139,139,112,0,0,0,1,0,1,0,100,100,100,100,0,0,100,-1,-1,-1,100,0,1,1,-1,0,0,160,0,0,100,0,112,0,112,0,-1,125,0,130,1,[0|0|0|0]
2615622,RKPG,0.3,0,0,0,1,0.05,-1,-1,-1,-1,-1,131,-1,-1,-1,120,-1,-1,-1,0,0,0,0,0,0,0,0,100,0,0,0,0,0,0,0,100,0,0,0,0,0,0,0,0,0,0,0,0,0,0,0,0,3,0,0,2,0,2,0,0,0,1,0,0,0,0,0,0,0,0,0,0,0,1,0,0,0,0,0,0,1,9,0,0,-1,-1,2130,2030,-1,-1,-1,-1,-1,-1,-1,-1,-1,-1,-1,-1,-1,-1,-1,-1,-1,-1,-1,-1,-1,-1,-1,-1,-1,-1,-1,-1,0,0,0,0,0,0,0,0,0,0,0,0,-1,-1,-1,-1,-1,-1,-1,-1,-1,-1,-1,-1,-1,-1,-1,-1,-1,-1,-1,-1,-1,-1,-1,-1,0,0,0,0,0,0,0,0,0,0,0,0,0,0,0,0,0,0,0,0,0,0,0,0,0,139,139,0,0,0,0,1,0,1,0,100,100,100,100,0,0,100,-1,-1,-1,100,0,1,1,-1,0,0,0,0,0,100,0,0,0,0,0,-1,125,0,130,1,[0|0|0|0]
2615630,RKPG,0.5,0.1,0,0,0.5,0,-1,6904,-1,-1,-1,10100,10120,-1,-1,10110,-1,-1,-1,0,66,66,100,66,80,100,100,100,0,0,0,0,0,0,0,100,0,0,0,0,0,0,0,0,0,2,0,0,0,0,0,0,3,0,0,3,11,3,0,0,0,0,0,0,0,0,0,0,0,0,0,0,4,1,0,0,0,0,0,0,1,0,0,0,-1,-1,2130,2030,-1,-1,-1,-1,-1,-1,-1,-1,-1,-1,-1,-1,-1,-1,-1,-1,-1,-1,-1,-1,-1,-1,-1,-1,-1,-1,-1,-1,0,0,0,0,0,0,0,0,0,0,0,0,-1,-1,-1,-1,-1,-1,-1,-1,-1,-1,-1,-1,-1,-1,-1,-1,-1,-1,-1,-1,-1,-1,-1,-1,0,0,0,0,0,0,0,0,0,0,0,0,0,0,0,0,0,0,0,0,0,0,0,0,0,139,139,66,0,0,0,1,0,1,0,100,100,100,100,0,0,100,-1,-1,-1,100,0,1,1,-1,0,0,80,0,0,100,0,66,0,66,0,-1,125,0,130,1,[0|0|0|0]
2615631,RKPG,0.5,0.1,0,0,0.8,0.05,-1,6903,-1,-1,-1,11100,11120,-1,-1,11110,-1,-1,-1,0,66,66,100,66,80,100,100,100,0,0,0,0,0,0,0,100,0,0,0,0,0,0,0,0,0,2,0,0,0,0,0,0,3,0,0,3,11,3,0,0,0,0,0,0,0,0,0,0,0,0,0,0,4,1,0,0,0,0,0,0,1,9,0,0,-1,-1,2130,2030,-1,-1,-1,-1,-1,-1,-1,-1,-1,-1,-1,-1,-1,-1,-1,-1,-1,-1,-1,-1,-1,-1,-1,-1,-1,-1,-1,-1,0,0,0,0,0,0,0,0,0,0,0,0,-1,-1,-1,-1,-1,-1,-1,-1,-1,-1,-1,-1,-1,-1,-1,-1,-1,-1,-1,-1,-1,-1,-1,-1,0,0,0,0,0,0,0,0,0,0,0,0,0,0,0,0,0,0,0,0,0,0,0,0,0,139,139,66,0,0,0,1,0,1,0,100,100,100,100,0,0,100,-1,-1,-1,100,0,1,1,-1,0,0,80,0,0,100,0,66,0,66,0,-1,125,0,130,1,[0|0|0|0]
2615640,RKPG,0.5,0.1,0,0,0.3,0,-1,6904,-1,-1,-1,10100,10120,-1,-1,10120,-1,-1,-1,0,59,59,100,59,80,100,100,100,0,0,0,0,0,0,0,100,0,0,0,0,0,0,0,0,0,2,0,0,0,0,0,0,3,0,0,3,11,3,0,0,0,0,0,0,0,0,0,0,0,0,0,0,4,1,0,0,0,0,0,0,1,9,0,0,-1,-1,2130,2030,-1,-1,-1,-1,-1,-1,-1,-1,-1,-1,-1,-1,-1,-1,-1,-1,-1,-1,-1,-1,-1,-1,-1,-1,-1,-1,-1,-1,0,0,0,0,0,0,0,0,0,0,0,0,-1,-1,-1,-1,-1,-1,-1,-1,-1,-1,-1,-1,-1,-1,-1,-1,-1,-1,-1,-1,-1,-1,-1,-1,0,0,0,0,0,0,0,0,0,0,0,0,0,0,0,0,0,0,0,0,0,0,0,0,0,139,139,59,0,0,0,1,0,1,0,100,100,100,100,0,0,100,-1,-1,-1,100,0,1,1,-1,0,0,80,0,0,100,0,59,0,59,0,-1,125,104,130,1,[0|0|0|0]
2615641,RKPG,0.5,0.1,0,0,0.8,0.05,-1,6903,-1,-1,-1,11100,11120,-1,-1,11120,-1,-1,-1,0,59,59,100,59,80,100,100,100,0,0,0,0,0,0,0,100,0,0,0,0,0,0,0,0,0,2,0,0,0,0,0,0,3,0,0,3,11,3,0,0,0,0,0,0,0,0,0,0,0,0,0,0,4,1,0,0,0,0,0,0,1,0,0,0,-1,-1,2130,2030,-1,-1,-1,-1,-1,-1,-1,-1,-1,-1,-1,-1,-1,-1,-1,-1,-1,-1,-1,-1,-1,-1,-1,-1,-1,-1,-1,-1,0,0,0,0,0,0,0,0,0,0,0,0,-1,-1,-1,-1,-1,-1,-1,-1,-1,-1,-1,-1,-1,-1,-1,-1,-1,-1,-1,-1,-1,-1,-1,-1,0,0,0,0,0,0,0,0,0,0,0,0,0,0,0,0,0,0,0,0,0,0,0,0,0,139,139,59,0,0,0,1,0,1,0,100,100,100,100,0,0,100,-1,-1,-1,100,0,1,1,-1,0,0,80,0,0,100,0,59,0,59,0,-1,125,104,130,1,[0|0|0|0]
2615642,RKPG,0.5,0.1,0,0,0.3,0,-1,6904,-1,-1,-1,10100,10120,-1,-1,-1,-1,-1,-1,0,64,64,100,64,80,100,100,100,0,0,0,0,0,0,0,100,0,0,0,0,0,0,0,0,0,2,0,0,0,0,0,0,3,0,0,3,11,3,0,0,0,0,0,0,0,0,0,0,0,0,0,0,1,1,0,0,0,0,0,0,1,9,0,0,-1,-1,2130,2030,-1,-1,-1,-1,-1,-1,-1,-1,-1,-1,-1,-1,-1,-1,-1,-1,-1,-1,-1,-1,-1,-1,-1,-1,-1,-1,-1,-1,0,0,0,0,0,0,0,0,0,0,0,0,-1,-1,-1,-1,-1,-1,-1,-1,-1,-1,-1,-1,-1,-1,-1,-1,-1,-1,-1,-1,-1,-1,-1,-1,0,0,0,0,0,0,0,0,0,0,0,0,0,0,0,0,0,0,0,0,0,0,0,0,0,139,139,64,0,0,0,1,0,1,0,100,100,100,100,0,0,100,-1,-1,-1,100,0,1,1,-1,0,0,80,0,0,100,0,64,0,64,0,-1,125,104,130,1,[0|0|0|0]
2615643,RKPG,0.5,0.1,0,0,0.8,0.05,-1,6903,-1,-1,-1,11100,11120,-1,-1,-1,-1,-1,-1,0,64,64,100,64,80,100,100,100,0,0,0,0,0,0,0,100,0,0,0,0,0,0,0,0,0,2,0,0,0,0,0,0,3,0,0,3,11,3,0,0,0,0,0,0,0,0,0,0,0,0,0,0,1,1,0,0,0,0,0,0,1,9,0,0,-1,-1,2130,2030,-1,-1,-1,-1,-1,-1,-1,-1,-1,-1,-1,-1,-1,-1,-1,-1,-1,-1,-1,-1,-1,-1,-1,-1,-1,-1,-1,-1,0,0,0,0,0,0,0,0,0,0,0,0,-1,-1,-1,-1,-1,-1,-1,-1,-1,-1,-1,-1,-1,-1,-1,-1,-1,-1,-1,-1,-1,-1,-1,-1,0,0,0,0,0,0,0,0,0,0,0,0,0,0,0,0,0,0,0,0,0,0,0,0,0,139,139,64,0,0,0,1,0,1,0,100,100,100,100,0,0,100,-1,-1,-1,100,0,1,1,-1,0,0,80,0,0,100,0,64,0,64,0,-1,125,104,130,1,[0|0|0|0]
2615700,RKPG,0.4,0.25,0,0,0.7,0.08,-1,6904,-1,-1,-1,100,120,-1,-1,120,-1,-1,-1,0,60,60,100,60,60,100,100,100,112,0,0,0,0,0,0,100,0,0,0,0,0,0,0,0,0,2,0,0,0,0,0,0,3,0,0,0,11,0,0,0,0,0,0,0,0,0,0,0,0,0,0,0,3,1,0,0,0,0,0,0,1,0,0,0,-1,-1,2130,2030,-1,-1,-1,-1,-1,-1,-1,-1,-1,-1,-1,-1,-1,-1,-1,-1,-1,-1,-1,-1,-1,-1,-1,-1,-1,-1,-1,-1,0,0,0,0,0,0,0,0,0,0,0,0,-1,-1,-1,-1,-1,-1,-1,-1,-1,-1,-1,-1,-1,-1,-1,-1,-1,-1,-1,-1,-1,-1,-1,-1,0,0,0,0,0,0,0,0,0,0,0,0,0,0,0,0,0,0,0,0,0,0,0,0,0,139,139,60,0,0,1,1,0,1,0,100,100,100,100,0,0,100,-1,-1,-1,100,0,1,1,-1,0,0,150,0,0,100,0,60,0,60,0,-1,0,0,130,1,[0|0|0|0]
2615701,RKPG,1.75,0,0,0,1,0.05,-1,-1,-1,-1,-1,90,-1,-1,-1,-1,-1,-1,-1,0,0,0,0,0,0,100,100,100,112,0,0,0,0,0,0,100,0,0,0,0,0,0,0,0,0,0,0,0,0,0,0,0,3,2,0,2,0,2,0,0,0,0,0,0,0,0,0,0,0,0,0,0,3,1,0,0,0,0,0,0,1,9,0,0,-1,-1,2130,2030,-1,-1,-1,-1,-1,-1,-1,-1,-1,-1,-1,-1,-1,-1,-1,-1,-1,-1,-1,-1,-1,-1,-1,-1,-1,-1,-1,-1,0,0,0,0,0,0,0,0,0,0,0,0,-1,-1,-1,-1,-1,-1,-1,-1,-1,-1,-1,-1,-1,-1,-1,-1,-1,-1,-1,-1,-1,-1,-1,-1,0,0,0,0,0,0,0,0,0,0,0,0,0,0,0,0,0,0,0,0,0,0,0,0,0,139,139,0,0,0,0,1,0,1,0,0,0,0,0,0,0,100,-1,-1,-1,100,0,1,1,-1,0,0,0,0,0,100,0,0,0,0,0,-1,0,0,130,1,[0|0|0|0]
2615702,RKPG,0.4,0.25,0,0,0.7,0.08,-1,-1,-1,-1,-1,100,120,-1,-1,120,-1,-1,-1,0,0,0,0,0,0,100,100,100,112,0,0,0,0,0,0,100,0,0,0,0,0,0,0,0,0,2,0,0,0,0,0,0,3,1,0,3,0,3,0,0,0,0,0,0,0,0,0,0,0,0,0,0,3,0,0,0,0,0,0,0,1,9,0,0,-1,-1,2130,2030,-1,-1,-1,-1,-1,-1,-1,-1,-1,-1,-1,-1,-1,-1,-1,-1,-1,-1,-1,-1,-1,-1,-1,-1,-1,-1,-1,-1,0,0,0,0,0,0,0,0,0,0,0,0,-1,-1,-1,-1,-1,-1,-1,-1,-1,-1,-1,-1,-1,-1,-1,-1,-1,-1,-1,-1,-1,-1,-1,-1,0,0,0,0,0,0,0,0,0,0,0,0,0,0,0,0,0,0,0,0,0,0,0,0,0,139,139,0,0,0,1,1,0,1,0,0,0,0,0,0,0,100,-1,-1,-1,100,0,1,1,-1,0,0,0,0,0,100,0,0,0,0,0,-1,0,0,130,1,[0|0|0|0]
2615703,RKPG,0.4,0.25,0,0,0.7,0.08,-1,-1,-1,-1,-1,100,120,-1,-1,120,-1,-1,-1,0,100,85,100,85,100,100,100,100,112,0,0,0,0,0,0,100,0,0,0,0,0,0,0,0,0,2,0,0,0,0,0,0,3,1,0,3,11,3,0,0,0,0,0,0,0,0,0,0,0,0,0,0,3,1,0,0,0,0,0,0,1,9,0,0,-1,-1,2130,2030,-1,-1,-1,-1,-1,-1,-1,-1,-1,-1,-1,-1,-1,-1,-1,-1,-1,-1,-1,-1,-1,-1,-1,-1,-1,-1,-1,-1,0,0,0,0,0,0,0,0,0,0,0,0,-1,-1,-1,-1,-1,-1,-1,-1,-1,-1,-1,-1,-1,-1,-1,-1,-1,-1,-1,-1,-1,-1,-1,-1,0,0,0,0,0,0,0,0,0,0,0,0,0,0,0,0,0,0,0,0,0,0,0,0,0,139,139,85,0,0,1,1,0,1,0,0,0,0,0,0,0,100,-1,-1,-1,100,0,1,1,-1,0,0,80,0,0,100,0,100,0,100,0,-1,0,0,130,1,[0|0|0|0]
2615710,RKPG,0.45,0.45,0,0,1.7,0.08,-1,6906,-1,-1,-1,10100,11100,-1,-1,10120,11120,-1,-1,0,120,85,500,85,100,100,100,100,112,0,0,0,0,0,0,100,0,0,0,0,0,0,0,0,0,0,0,0,0,0,0,0,3,1,0,2,11,2,0,0,0,0,0,0,0,0,0,0,0,0,0,0,0,1,0,0,0,0,0,0,1,0,0,0,-1,-1,2130,2030,-1,-1,-1,-1,-1,-1,-1,-1,-1,-1,-1,-1,-1,-1,-1,-1,-1,-1,-1,-1,-1,-1,-1,-1,-1,-1,-1,-1,0,0,0,0,0,0,0,0,0,0,0,0,-1,-1,-1,-1,-1,-1,-1,-1,-1,-1,-1,-1,-1,-1,-1,-1,-1,-1,-1,-1,-1,-1,-1,-1,0,0,0,0,0,0,0,0,0,0,0,0,0,0,0,0,0,0,0,0,0,0,0,0,0,139,139,85,0,0,1,1,0,1,0,0,0,0,0,0,0,100,-1,-1,-1,100,0,1,1,-1,0,0,80,0,0,100,0,100,0,100,0,-1,0,0,130,1,[0|0|0|0]
2615711,RKPG,0.3,0,0,0,1,0.05,-1,-1,-1,-1,-1,131,-1,-1,-1,230,-1,-1,-1,0,0,0,0,0,0,0,0,100,112,0,0,0,0,0,0,100,0,0,0,0,0,0,0,0,0,0,0,0,0,0,0,0,3,2,0,3,0,3,0,0,0,0,0,0,0,0,0,0,0,0,0,0,0,1,0,0,0,0,0,0,1,9,0,0,-1,-1,2130,2030,-1,-1,-1,-1,-1,-1,-1,-1,-1,-1,-1,-1,-1,-1,-1,-1,-1,-1,-1,-1,-1,-1,-1,-1,-1,-1,-1,-1,0,0,0,0,0,0,0,0,0,0,0,0,-1,-1,-1,-1,-1,-1,-1,-1,-1,-1,-1,-1,-1,-1,-1,-1,-1,-1,-1,-1,-1,-1,-1,-1,0,0,0,0,0,0,0,0,0,0,0,0,0,0,0,0,0,0,0,0,0,0,0,0,0,139,139,0,0,0,1,1,0,1,0,0,0,0,0,0,0,100,-1,-1,-1,100,0,1,1,-1,0,0,0,0,0,100,0,0,0,0,0,-1,0,0,130,1,[0|0|0|0]
2615720,RKPG,0.45,0.45,0,0,1.5,0.08,-1,-1,-1,-1,-1,10100,11100,-1,-1,10120,11120,-1,-1,0,120,90,250,90,100,100,100,100,0,0,0,0,0,0,0,100,0,0,0,0,0,0,0,0,0,0,0,0,0,0,0,0,6,0,0,3,11,3,0,0,0,0,0,0,0,0,0,0,0,0,0,0,0,1,0,0,0,0,0,0,1,0,0,0,-1,-1,2130,2030,-1,-1,-1,-1,-1,-1,-1,-1,-1,-1,-1,-1,-1,-1,-1,-1,-1,-1,-1,-1,-1,-1,-1,-1,-1,-1,-1,-1,0,0,0,0,0,0,0,0,0,0,0,0,-1,-1,-1,-1,-1,-1,-1,-1,-1,-1,-1,-1,-1,-1,-1,-1,-1,-1,-1,-1,-1,-1,-1,-1,0,0,0,0,0,0,0,0,0,0,0,0,0,0,0,0,0,0,0,0,0,0,0,0,0,139,139,90,0,0,1,1,0,1,0,100,100,100,100,0,0,100,-1,-1,-1,100,0,1,1,-1,0,0,150,0,0,100,0,100,0,100,0,-1,125,0,130,1,[0|0|0|0]
2615730,RKPG,2.2,0,0,0,1.5,0.08,-1,-1,-1,-1,-1,100,-1,-1,-1,-1,-1,-1,-1,0,100,100,200,100,175,100,100,100,0,0,0,0,0,0,0,100,0,0,0,0,0,0,0,0,0,0,0,0,0,0,0,0,7,0,0,3,11,0,0,0,0,0,0,0,0,0,0,0,0,0,0,0,1,1,0,0,0,0,0,0,1,0,0,0,-1,-1,2130,2030,-1,-1,-1,-1,-1,-1,-1,-1,-1,-1,-1,-1,-1,-1,-1,-1,-1,-1,-1,-1,-1,-1,-1,-1,-1,-1,-1,-1,0,0,0,0,0,0,0,0,0,0,0,0,-1,-1,-1,-1,-1,-1,-1,-1,-1,-1,-1,-1,-1,-1,-1,-1,-1,-1,-1,-1,-1,-1,-1,-1,0,0,0,0,0,0,0,0,0,0,0,0,0,0,0,0,0,0,0,0,0,0,0,0,0,139,139,100,0,0,1,1,0,1,0,100,100,100,100,0,0,100,-1,-1,-1,100,0,1,1,-1,0,0,150,0,0,100,0,150,0,150,0,-1,125,0,130,1,[0|0|0|0]
2615731,RKPG,0.3,0,0,0,1,0.05,-1,-1,-1,-1,-1,131,-1,-1,-1,230,-1,-1,-1,0,0,0,0,0,0,0,0,100,0,0,0,0,0,0,0,100,0,0,0,0,0,0,0,0,0,0,0,0,0,0,0,0,3,2,0,2,0,2,0,0,0,0,0,0,0,0,0,0,0,0,0,0,1,1,0,0,0,0,0,0,1,9,0,0,-1,-1,2130,2030,-1,-1,-1,-1,-1,-1,-1,-1,-1,-1,-1,-1,-1,-1,-1,-1,-1,-1,-1,-1,-1,-1,-1,-1,-1,-1,-1,-1,0,0,0,0,0,0,0,0,0,0,0,0,-1,-1,-1,-1,-1,-1,-1,-1,-1,-1,-1,-1,-1,-1,-1,-1,-1,-1,-1,-1,-1,-1,-1,-1,0,0,0,0,0,0,0,0,0,0,0,0,0,0,0,0,0,0,0,0,0,0,0,0,0,139,139,0,0,0,0,1,0,1,0,100,100,100,100,0,0,100,-1,-1,-1,100,0,1,1,-1,0,0,0,0,0,100,0,0,0,0,0,-1,125,0,130,1,[0|0|0|0]
2615732,RKPG,1.5,1.5,0,0,1,0.05,-1,-1,-1,-1,-1,10120,11120,-1,-1,-1,-1,-1,-1,0,0,0,0,0,0,0,0,100,0,0,0,0,0,0,0,100,0,0,0,0,0,0,0,0,0,0,0,0,0,0,0,0,3,1,0,2,0,2,0,0,0,0,0,0,0,0,0,0,0,0,0,0,1,0,0,0,0,0,0,0,1,9,0,0,-1,-1,2130,2030,-1,-1,-1,-1,-1,-1,-1,-1,-1,-1,-1,-1,-1,-1,-1,-1,-1,-1,-1,-1,-1,-1,-1,-1,-1,-1,-1,-1,0,0,0,0,0,0,0,0,0,0,0,0,-1,-1,-1,-1,-1,-1,-1,-1,-1,-1,-1,-1,-1,-1,-1,-1,-1,-1,-1,-1,-1,-1,-1,-1,0,0,0,0,0,0,0,0,0,0,0,0,0,0,0,0,0,0,0,0,0,0,0,0,0,139,139,0,0,0,0,1,0,1,0,100,100,100,100,0,0,100,-1,-1,-1,100,0,1,1,-1,0,0,0,0,0,100,0,0,0,0,0,-1,125,0,130,1,[0|0|0|0]
2615750,RKPG,0.5,0.1,0,0,1,0,-1,6904,-1,-1,-1,10100,10120,-1,-1,10110,-1,-1,-1,0,59,59,100,59,75,100,100,100,0,0,0,0,0,0,0,100,0,0,0,0,0,0,0,0,0,2,0,0,0,0,0,0,3,0,0,3,11,3,0,0,0,0,0,0,0,0,0,0,0,0,0,0,4,1,0,0,0,0,0,0,1,0,0,0,-1,-1,2130,2030,-1,-1,-1,-1,-1,-1,-1,-1,-1,-1,-1,-1,-1,-1,-1,-1,-1,-1,-1,-1,-1,-1,-1,-1,-1,-1,-1,-1,0,0,0,0,0,0,0,0,0,0,0,0,-1,-1,-1,-1,-1,-1,-1,-1,-1,-1,-1,-1,-1,-1,-1,-1,-1,-1,-1,-1,-1,-1,-1,-1,0,0,0,0,0,0,0,0,0,0,0,0,0,0,0,0,0,0,0,0,0,0,0,0,0,139,139,59,0,0,0,1,0,1,0,100,100,100,100,0,0,100,-1,-1,-1,100,0,1,1,-1,0,0,80,0,0,100,0,59,0,59,0,-1,125,127,130,1,[0|0|0|0]
2615751,RKPG,0.5,0.1,0,0,0.6,0.05,-1,6903,-1,-1,-1,11100,11120,-1,-1,11110,-1,-1,-1,0,59,59,100,59,75,100,100,100,0,0,0,0,0,0,0,100,0,0,0,0,0,0,0,0,0,2,0,0,0,0,0,0,3,0,0,3,11,3,0,0,0,0,0,0,0,0,0,0,0,0,0,0,4,1,0,0,0,0,0,0,1,9,0,0,-1,-1,2130,2030,-1,-1,-1,-1,-1,-1,-1,-1,-1,-1,-1,-1,-1,-1,-1,-1,-1,-1,-1,-1,-1,-1,-1,-1,-1,-1,-1,-1,0,0,0,0,0,0,0,0,0,0,0,0,-1,-1,-1,-1,-1,-1,-1,-1,-1,-1,-1,-1,-1,-1,-1,-1,-1,-1,-1,-1,-1,-1,-1,-1,0,0,0,0,0,0,0,0,0,0,0,0,0,0,0,0,0,0,0,0,0,0,0,0,0,139,139,59,0,0,0,1,0,1,0,100,100,100,100,0,0,100,-1,-1,-1,100,0,1,1,-1,0,0,80,0,0,100,0,59,0,59,0,-1,125,127,130,1,[0|0|0|0]
2615760,RKPG,0.5,0.1,0,0,0.5,0,-1,6904,-1,-1,-1,10100,10120,-1,-1,10110,-1,-1,-1,0,55,55,100,55,75,100,100,100,0,0,0,0,0,0,0,100,0,0,0,0,0,0,0,0,0,2,0,0,0,0,0,0,3,0,0,3,11,3,0,0,0,0,0,0,0,0,0,0,0,0,0,0,1,1,0,0,0,0,0,0,1,9,0,0,-1,-1,2130,2030,-1,-1,-1,-1,-1,-1,-1,-1,-1,-1,-1,-1,-1,-1,-1,-1,-1,-1,-1,-1,-1,-1,-1,-1,-1,-1,-1,-1,0,0,0,0,0,0,0,0,0,0,0,0,-1,-1,-1,-1,-1,-1,-1,-1,-1,-1,-1,-1,-1,-1,-1,-1,-1,-1,-1,-1,-1,-1,-1,-1,0,0,0,0,0,0,0,0,0,0,0,0,0,0,0,0,0,0,0,0,0,0,0,0,0,139,139,55,0,0,0,1,0,1,0,100,100,100,100,0,0,100,-1,-1,-1,100,0,1,1,-1,0,0,70,0,0,100,0,55,0,55,0,-1,125,128,130,1,[0|0|0|0]
2615761,RKPG,0.5,0.1,0,0,0.6,0.08,-1,6903,-1,-1,-1,11100,11120,-1,-1,11110,-1,-1,-1,0,55,55,100,55,75,100,100,100,0,0,0,0,0,0,0,100,0,0,0,0,0,0,0,0,0,2,0,0,0,0,0,0,3,0,0,3,11,3,0,0,0,0,0,0,0,0,0,0,0,0,0,0,1,1,0,0,0,0,0,0,1,0,0,0,-1,-1,2130,2030,-1,-1,-1,-1,-1,-1,-1,-1,-1,-1,-1,-1,-1,-1,-1,-1,-1,-1,-1,-1,-1,-1,-1,-1,-1,-1,-1,-1,0,0,0,0,0,0,0,0,0,0,0,0,-1,-1,-1,-1,-1,-1,-1,-1,-1,-1,-1,-1,-1,-1,-1,-1,-1,-1,-1,-1,-1,-1,-1,-1,0,0,0,0,0,0,0,0,0,0,0,0,0,0,0,0,0,0,0,0,0,0,0,0,0,139,139,55,0,0,0,1,0,1,0,100,100,100,100,0,0,100,-1,-1,-1,100,0,1,1,-1,0,0,70,0,0,100,0,55,0,55,0,-1,125,128,130,1,[0|0|0|0]
2620620,Farron,0.3,0.2,0,0,1.15,0.11,6904,-1,-1,-1,-1,10100,10120,-1,-1,10120,-1,-1,-1,0,100,100,100,100,100,100,100,100,0,0,0,0,0,0,0,0,0,0,0,0,80,0,0,0,0,2,0,0,0,0,0,0,3,0,0,3,255,0,0,0,255,0,0,0,0,0,0,0,0,0,0,0,4,1,0,0,0,0,0,0,1,0,0,0,-1,-1,0,0,-1,-1,-1,-1,-1,-1,-1,-1,-1,-1,-1,-1,-1,-1,-1,-1,-1,-1,-1,-1,-1,-1,-1,-1,-1,-1,-1,-1,0,0,0,0,0,0,0,0,0,0,0,0,-1,-1,-1,-1,-1,-1,-1,-1,-1,-1,-1,-1,-1,-1,-1,-1,-1,-1,-1,-1,-1,-1,-1,-1,0,0,0,0,0,0,0,0,0,0,0,0,0,0,0,0,0,0,0,0,0,0,0,0,255,139,139,100,0,0,0,1,0,1,0,100,100,100,100,0,0,100,-1,0,100,100,0,1,1,-1,0,0,100,0,0,100,0,100,0,100,0,-1,0,125,130,1,[0|0|0|0]
2620621,_1,0.35,0.1,0,0,0.5,0.08,6903,-1,-1,-1,-1,11100,11120,-1,-1,11120,-1,-1,-1,0,30,30,30,30,30,100,100,100,0,0,0,0,0,0,0,0,0,0,0,0,80,0,0,0,0,2,0,0,0,0,0,0,2,0,0,3,255,0,0,0,255,0,0,0,0,0,0,0,0,0,0,0,4,1,0,0,0,0,0,0,1,9,0,0,-1,-1,0,0,-1,-1,-1,-1,-1,-1,-1,-1,-1,-1,-1,-1,-1,-1,-1,-1,-1,-1,-1,-1,-1,-1,-1,-1,-1,-1,-1,-1,0,0,0,0,0,0,0,0,0,0,0,0,-1,-1,-1,-1,-1,-1,-1,-1,-1,-1,-1,-1,-1,-1,-1,-1,-1,-1,-1,-1,-1,-1,-1,-1,0,0,0,0,0,0,0,0,0,0,0,0,0,0,0,0,0,0,0,0,0,0,0,0,255,139,139,30,0,0,0,1,0,1,0,100,100,100,100,0,0,100,-1,0,100,100,0,1,1,-1,0,0,30,0,0,100,0,30,0,30,0,-1,0,125,130,1,[0|0|0|0]
2620622,_1_1,0.3,0.2,0,0,0.5,0.08,6903,-1,-1,-1,-1,10100,10120,-1,-1,10120,-1,-1,-1,0,0,0,0,0,0,100,100,100,0,0,0,0,0,0,0,0,0,0,0,0,80,0,0,0,0,2,0,0,0,0,0,0,1,0,0,3,255,0,0,0,255,0,0,0,0,0,0,0,0,0,0,0,0,1,0,0,0,0,0,0,1,9,0,0,-1,-1,0,0,-1,-1,-1,-1,-1,-1,-1,-1,-1,-1,-1,-1,-1,-1,-1,-1,-1,-1,-1,-1,-1,-1,-1,-1,-1,-1,-1,-1,0,0,0,0,0,0,0,0,0,0,0,0,-1,-1,-1,-1,-1,-1,-1,-1,-1,-1,-1,-1,-1,-1,-1,-1,-1,-1,-1,-1,-1,-1,-1,-1,0,0,0,0,0,0,0,0,0,0,0,0,0,0,0,0,0,0,0,0,0,0,0,0,255,139,139,0,0,0,0,1,0,1,0,100,100,100,100,0,0,100,-1,0,100,100,0,1,1,-1,0,0,0,0,0,100,0,0,0,0,0,-1,0,125,130,1,[0|0|0|0]
2620630,_1_1_1,0.3,0.2,0,0,1.15,0,6904,-1,-1,-1,-1,10100,10120,-1,-1,10120,-1,-1,-1,0,100,100,100,100,100,100,100,100,0,0,0,0,0,0,0,0,0,0,0,0,80,0,0,0,0,2,0,0,0,0,0,0,2,0,0,3,255,0,0,0,255,0,0,0,0,0,0,0,0,0,0,0,3,1,0,0,0,0,0,0,1,0,0,0,-1,-1,0,0,-1,-1,-1,-1,-1,-1,-1,-1,-1,-1,-1,-1,-1,-1,-1,-1,-1,-1,-1,-1,-1,-1,-1,-1,-1,-1,-1,-1,0,0,0,0,0,0,0,0,0,0,0,0,-1,-1,-1,-1,-1,-1,-1,-1,-1,-1,-1,-1,-1,-1,-1,-1,-1,-1,-1,-1,-1,-1,-1,-1,0,0,0,0,0,0,0,0,0,0,0,0,0,0,0,0,0,0,0,0,0,0,0,0,255,139,139,100,0,0,0,1,0,1,0,100,100,100,100,0,0,100,-1,0,100,100,0,1,1,-1,0,0,100,0,0,100,0,100,0,100,0,-1,0,125,130,1,[0|0|0|0]
2620631,_1_1_1_1,0.35,0.1,0,0,0.45,0.08,6903,-1,-1,-1,-1,11100,11120,-1,-1,11120,-1,-1,-1,0,30,30,30,30,30,100,100,100,0,0,0,0,0,0,0,0,0,0,0,0,80,0,0,0,0,2,0,0,0,0,0,0,2,0,0,3,255,0,0,0,255,0,0,0,0,0,0,0,0,0,0,0,0,1,0,0,0,0,0,0,1,9,0,0,-1,-1,0,0,-1,-1,-1,-1,-1,-1,-1,-1,-1,-1,-1,-1,-1,-1,-1,-1,-1,-1,-1,-1,-1,-1,-1,-1,-1,-1,-1,-1,0,0,0,0,0,0,0,0,0,0,0,0,-1,-1,-1,-1,-1,-1,-1,-1,-1,-1,-1,-1,-1,-1,-1,-1,-1,-1,-1,-1,-1,-1,-1,-1,0,0,0,0,0,0,0,0,0,0,0,0,0,0,0,0,0,0,0,0,0,0,0,0,255,139,139,30,0,0,0,1,0,1,0,100,100,100,100,0,0,100,-1,0,100,100,0,1,1,-1,0,0,30,0,0,100,0,30,0,30,0,-1,0,125,130,1,[0|0|0|0]
2620640,_1_1_1_1_1,0.3,0.2,0,0,1.15,0.11,6904,-1,-1,-1,-1,10100,10120,-1,-1,10120,-1,-1,-1,0,100,100,100,100,100,100,100,100,0,0,0,0,0,0,0,0,0,0,0,0,80,0,0,0,0,2,0,0,0,0,0,0,2,0,0,3,255,0,0,0,255,0,0,0,0,0,0,0,0,0,0,0,3,1,0,0,0,0,0,0,1,0,0,0,-1,-1,0,0,-1,-1,-1,-1,-1,-1,-1,-1,-1,-1,-1,-1,-1,-1,-1,-1,-1,-1,-1,-1,-1,-1,-1,-1,-1,-1,-1,-1,0,0,0,0,0,0,0,0,0,0,0,0,-1,-1,-1,-1,-1,-1,-1,-1,-1,-1,-1,-1,-1,-1,-1,-1,-1,-1,-1,-1,-1,-1,-1,-1,0,0,0,0,0,0,0,0,0,0,0,0,0,0,0,0,0,0,0,0,0,0,0,0,255,139,139,100,0,0,0,1,0,1,0,100,100,100,100,0,0,100,-1,0,100,100,0,1,1,-1,0,0,100,0,0,100,0,100,0,100,0,-1,104,125,130,1,[0|0|0|0]
2620641,_1_1_1_1_1_1,0.35,0.1,0,0,0.45,0.08,6903,-1,-1,-1,-1,11100,11120,-1,-1,11120,-1,-1,-1,0,30,30,30,30,30,100,100,100,0,0,0,0,0,0,0,0,0,0,0,0,80,0,0,0,0,2,0,0,0,0,0,0,2,0,0,3,255,0,0,0,255,0,0,0,0,0,0,0,0,0,0,0,1,1,0,0,0,0,0,0,1,9,0,0,-1,-1,0,0,-1,-1,-1,-1,-1,-1,-1,-1,-1,-1,-1,-1,-1,-1,-1,-1,-1,-1,-1,-1,-1,-1,-1,-1,-1,-1,-1,-1,0,0,0,0,0,0,0,0,0,0,0,0,-1,-1,-1,-1,-1,-1,-1,-1,-1,-1,-1,-1,-1,-1,-1,-1,-1,-1,-1,-1,-1,-1,-1,-1,0,0,0,0,0,0,0,0,0,0,0,0,0,0,0,0,0,0,0,0,0,0,0,0,255,139,139,30,0,0,0,1,0,1,0,100,100,100,100,0,0,100,-1,0,100,100,0,1,1,-1,0,0,30,0,0,100,0,30,0,30,0,-1,104,125,130,1,[0|0|0|0]
2620701,_1_1_1_1_1_1_1,0.3,0.2,0,0,1.3,0.11,-1,-1,-1,-1,-1,100,120,-1,-1,120,-1,-1,-1,0,185,185,185,185,500,100,100,100,112,0,0,0,0,0,0,0,0,0,0,0,80,0,0,0,0,2,0,0,0,0,0,0,9,0,0,3,255,0,0,0,255,0,0,0,0,0,0,0,0,0,0,0,0,1,0,0,0,0,0,0,1,0,0,0,-1,-1,0,0,-1,-1,-1,-1,-1,-1,-1,-1,-1,-1,-1,-1,-1,-1,-1,-1,-1,-1,-1,-1,-1,-1,-1,-1,-1,-1,-1,-1,0,0,0,0,0,0,0,0,0,0,0,0,-1,-1,-1,-1,-1,-1,-1,-1,-1,-1,-1,-1,-1,-1,-1,-1,-1,-1,-1,-1,-1,-1,-1,-1,0,0,0,0,0,0,0,0,0,0,0,0,0,0,0,0,0,0,0,0,0,0,0,0,255,139,139,185,0,0,0,1,0,1,0,100,100,100,100,0,0,100,-1,0,100,100,0,1,1,-1,0,0,210,0,0,100,0,185,0,185,0,-1,0,0,130,1,[0|0|0|0]
2620750,_1_1_1_1_1_1_1_1,0.3,0.2,0,0,1.4,0.11,6904,-1,-1,-1,-1,10100,10120,-1,-1,10120,-1,-1,-1,0,100,100,100,100,100,100,100,100,0,0,0,0,0,0,0,0,0,0,0,0,80,0,0,0,0,2,0,0,0,0,0,0,3,0,0,3,255,0,0,0,255,0,0,0,0,0,0,0,0,0,0,0,4,1,0,0,0,0,0,0,1,0,0,0,-1,-1,0,0,-1,-1,-1,-1,-1,-1,-1,-1,-1,-1,-1,-1,-1,-1,-1,-1,-1,-1,-1,-1,-1,-1,-1,-1,-1,-1,-1,-1,0,0,0,0,0,0,0,0,0,0,0,0,-1,-1,-1,-1,-1,-1,-1,-1,-1,-1,-1,-1,-1,-1,-1,-1,-1,-1,-1,-1,-1,-1,-1,-1,0,0,0,0,0,0,0,0,0,0,0,0,0,0,0,0,0,0,0,0,0,0,0,0,255,139,139,100,0,0,0,1,0,1,0,100,100,100,100,0,0,100,-1,0,100,100,0,1,1,-1,0,0,100,0,0,100,0,100,0,100,0,-1,0,125,130,1,[0|0|0|0]
2620751,_1_1_1_1_1_1_1_1_1,0.35,0.1,0,0,0.8,0.08,6903,-1,-1,-1,-1,11100,11120,-1,-1,11120,-1,-1,-1,0,30,30,30,30,30,100,100,100,0,0,0,0,0,0,0,0,0,0,0,0,80,0,0,0,0,2,0,0,0,0,0,0,1,0,0,3,255,0,0,0,255,0,0,0,0,0,0,0,0,0,0,0,4,1,0,0,0,0,0,0,1,9,0,0,-1,-1,0,0,-1,-1,-1,-1,-1,-1,-1,-1,-1,-1,-1,-1,-1,-1,-1,-1,-1,-1,-1,-1,-1,-1,-1,-1,-1,-1,-1,-1,0,0,0,0,0,0,0,0,0,0,0,0,-1,-1,-1,-1,-1,-1,-1,-1,-1,-1,-1,-1,-1,-1,-1,-1,-1,-1,-1,-1,-1,-1,-1,-1,0,0,0,0,0,0,0,0,0,0,0,0,0,0,0,0,0,0,0,0,0,0,0,0,255,139,139,30,0,0,0,1,0,1,0,100,100,100,100,0,0,100,-1,0,100,100,0,1,1,-1,0,0,40,0,0,100,0,30,0,30,0,-1,0,125,130,1,[0|0|0|0]
2620760,_1_1_1_1_1_1_1_1_1_1,0.3,0.2,0,0,1.3,0.08,6904,-1,-1,-1,-1,10100,10120,-1,-1,10120,-1,-1,-1,0,80,80,80,80,100,100,100,100,0,0,0,0,0,0,0,0,0,0,0,0,80,0,0,0,0,2,0,0,0,0,0,0,2,0,0,3,255,0,0,0,255,0,0,0,0,0,0,0,0,0,0,0,3,1,0,0,0,0,0,0,1,0,0,0,-1,-1,0,0,-1,-1,-1,-1,-1,-1,-1,-1,-1,-1,-1,-1,-1,-1,-1,-1,-1,-1,-1,-1,-1,-1,-1,-1,-1,-1,-1,-1,0,0,0,0,0,0,0,0,0,0,0,0,-1,-1,-1,-1,-1,-1,-1,-1,-1,-1,-1,-1,-1,-1,-1,-1,-1,-1,-1,-1,-1,-1,-1,-1,0,0,0,0,0,0,0,0,0,0,0,0,0,0,0,0,0,0,0,0,0,0,0,0,255,139,139,80,0,0,0,1,0,1,4,100,100,100,100,0,0,100,-1,0,100,100,0,1,1,-1,0,0,100,0,0,100,0,80,0,80,0,-1,128,125,130,1,[0|0|0|0]
2620761,_1_1_1_1_1_1_1_1_1_1_1,0.35,0.1,0,0,0.5,0.08,6903,-1,-1,-1,-1,11100,11120,-1,-1,11120,-1,-1,-1,0,30,30,30,30,30,100,100,100,0,0,0,0,0,0,0,0,0,0,0,0,80,0,0,0,0,2,0,0,0,0,0,0,1,0,0,3,255,0,0,0,255,0,0,0,0,0,0,0,0,0,0,0,1,1,0,0,0,0,0,0,1,9,0,0,-1,-1,0,0,-1,-1,-1,-1,-1,-1,-1,-1,-1,-1,-1,-1,-1,-1,-1,-1,-1,-1,-1,-1,-1,-1,-1,-1,-1,-1,-1,-1,0,0,0,0,0,0,0,0,0,0,0,0,-1,-1,-1,-1,-1,-1,-1,-1,-1,-1,-1,-1,-1,-1,-1,-1,-1,-1,-1,-1,-1,-1,-1,-1,0,0,0,0,0,0,0,0,0,0,0,0,0,0,0,0,0,0,0,0,0,0,0,0,255,139,139,30,0,0,0,1,0,1,0,100,100,100,100,0,0,100,-1,0,100,100,0,1,1,-1,0,0,30,0,0,100,0,30,0,30,0,-1,128,125,130,1,[0|0|0|0]
2711620,Crow Quill,0.35,0.2,0,0,0.5,0.08,6903,-1,-1,-1,-1,11100,11120,-1,-1,11110,-1,-1,-1,0,95,95,95,95,60,100,100,100,0,0,0,0,0,0,0,0,0,0,0,0,20,0,0,0,0,2,0,0,0,0,0,0,1,0,0,0,0,0,255,0,255,0,0,0,0,0,0,0,0,0,0,0,3,1,0,0,0,0,0,0,1,0,0,0,-1,-1,2100,2010,-1,-1,-1,-1,-1,-1,-1,-1,-1,-1,-1,-1,-1,-1,-1,-1,-1,-1,-1,-1,-1,-1,-1,-1,-1,-1,-1,-1,0,0,0,0,0,0,0,0,0,0,0,0,-1,-1,-1,-1,-1,-1,-1,-1,-1,-1,-1,-1,-1,-1,-1,-1,-1,-1,-1,-1,-1,-1,-1,-1,0,0,0,0,0,0,0,0,0,0,0,0,0,0,0,0,0,0,0,0,0,0,0,0,255,139,139,95,0,0,0,1,0,1,0,100,100,100,100,0,0,100,-1,0,100,100,0,1,1,-1,0,0,80,0,0,100,0,95,0,95,0,-1,125,128,130,1,[0|0|0|0]
2711621,Crow Quill_1,0.35,0.2,0,0,1,0.08,6903,-1,-1,-1,-1,11100,11120,-1,-1,11110,-1,-1,-1,0,95,95,95,95,60,100,100,100,0,0,0,0,0,0,0,0,0,0,0,0,20,0,0,0,0,2,0,0,0,0,0,0,1,0,0,0,0,0,255,0,255,0,0,0,0,0,0,0,0,0,0,0,4,1,0,0,0,0,0,0,1,9,0,0,-1,-1,2100,2010,-1,-1,-1,-1,-1,-1,-1,-1,-1,-1,-1,-1,-1,-1,-1,-1,-1,-1,-1,-1,-1,-1,-1,-1,-1,-1,-1,-1,0,0,0,0,0,0,0,0,0,0,0,0,-1,-1,-1,-1,-1,-1,-1,-1,-1,-1,-1,-1,-1,-1,-1,-1,-1,-1,-1,-1,-1,-1,-1,-1,0,0,0,0,0,0,0,0,0,0,0,0,0,0,0,0,0,0,0,0,0,0,0,0,255,139,139,95,0,0,0,1,0,1,0,100,100,100,100,0,0,100,-1,0,100,100,0,1,1,-1,0,0,80,0,0,100,0,95,0,95,0,-1,125,0,130,1,[0|0|0|0]
2711630,Crow Quill_1_1,0.35,0.2,0,0,0.8,0.08,6903,-1,-1,-1,-1,10100,10120,-1,-1,10110,-1,-1,-1,0,55,55,55,55,50,100,100,100,0,0,0,0,0,0,0,0,0,0,0,0,20,0,0,0,0,2,0,0,0,0,0,0,2,0,0,0,0,2,255,0,255,0,0,0,0,0,0,0,0,0,0,0,0,1,0,0,0,0,0,0,1,9,0,0,-1,-1,2100,2010,-1,-1,-1,-1,-1,-1,-1,-1,-1,-1,-1,-1,-1,-1,-1,-1,-1,-1,-1,-1,-1,-1,-1,-1,-1,-1,-1,-1,0,0,0,0,0,0,0,0,0,0,0,0,-1,-1,-1,-1,-1,-1,-1,-1,-1,-1,-1,-1,-1,-1,-1,-1,-1,-1,-1,-1,-1,-1,-1,-1,0,0,0,0,0,0,0,0,0,0,0,0,0,0,0,0,0,0,0,0,0,0,0,0,255,139,139,55,0,0,0,1,0,1,0,50,100,100,100,0,0,50,-1,0,100,100,0,1,1,-1,0,0,55,0,0,100,0,55,0,55,0,-1,125,128,130,1,[0|0|0|0]
2711631,Crow Quill_1_1_1,0.35,0.2,0,0,0.8,0.08,6903,-1,-1,-1,-1,10100,10120,-1,-1,10110,-1,-1,-1,0,55,55,55,55,50,100,100,100,0,0,0,0,0,0,0,0,0,0,0,0,20,0,0,0,0,2,0,0,0,0,0,0,2,0,0,0,0,2,255,0,255,0,0,0,0,0,0,0,0,0,0,0,0,1,0,0,0,0,0,0,1,0,0,0,-1,-1,2100,2010,-1,-1,-1,-1,-1,-1,-1,-1,-1,-1,-1,-1,-1,-1,-1,-1,-1,-1,-1,-1,-1,-1,-1,-1,-1,-1,-1,-1,0,0,0,0,0,0,0,0,0,0,0,0,-1,-1,-1,-1,-1,-1,-1,-1,-1,-1,-1,-1,-1,-1,-1,-1,-1,-1,-1,-1,-1,-1,-1,-1,0,0,0,0,0,0,0,0,0,0,0,0,0,0,0,0,0,0,0,0,0,0,0,0,255,139,139,55,0,0,0,1,0,1,0,50,100,100,100,0,0,50,-1,0,100,100,0,1,1,-1,0,0,55,0,0,100,0,55,0,55,0,-1,125,0,130,1,[0|0|0|0]
2711632,Crow Quill_1_1_1_1,0.35,0.2,0,0,1,0.08,6903,-1,-1,-1,-1,10100,10120,-1,-1,10110,-1,-1,-1,0,85,85,85,85,50,100,100,100,0,0,0,0,0,0,0,0,0,0,0,0,20,0,0,0,0,2,0,0,0,0,0,0,2,0,0,0,0,2,255,0,255,0,0,0,0,0,0,0,0,0,0,0,0,1,0,0,0,0,0,0,1,0,0,0,-1,-1,2100,2010,-1,-1,-1,-1,-1,-1,-1,-1,-1,-1,-1,-1,-1,-1,-1,-1,-1,-1,-1,-1,-1,-1,-1,-1,-1,-1,-1,-1,0,0,0,0,0,0,0,0,0,0,0,0,-1,-1,-1,-1,-1,-1,-1,-1,-1,-1,-1,-1,-1,-1,-1,-1,-1,-1,-1,-1,-1,-1,-1,-1,0,0,0,0,0,0,0,0,0,0,0,0,0,0,0,0,0,0,0,0,0,0,0,0,255,139,139,85,0,0,0,1,0,1,0,50,100,100,100,0,0,50,-1,0,100,100,0,1,1,-1,0,0,55,0,0,100,0,85,0,85,0,-1,125,0,130,1,[0|0|0|0]
2711640,Crow Quill_1_1_1_1_1,0.35,0.2,0,0,1.2,0.08,6903,-1,-1,-1,-1,10100,10120,-1,-1,10110,-1,-1,-1,0,90,90,90,90,60,100,100,100,0,0,0,0,0,0,0,0,0,0,0,0,20,0,0,0,0,2,0,0,0,0,0,0,3,0,0,2,0,2,255,0,255,0,0,0,0,0,0,0,0,0,0,0,4,1,0,0,0,0,0,0,1,9,0,0,-1,-1,2100,2010,-1,-1,-1,-1,-1,-1,-1,-1,-1,-1,-1,-1,-1,-1,-1,-1,-1,-1,-1,-1,-1,-1,-1,-1,-1,-1,-1,-1,0,0,0,0,0,0,0,0,0,0,0,0,-1,-1,-1,-1,-1,-1,-1,-1,-1,-1,-1,-1,-1,-1,-1,-1,-1,-1,-1,-1,-1,-1,-1,-1,0,0,0,0,0,0,0,0,0,0,0,0,0,0,0,0,0,0,0,0,0,0,0,0,255,139,139,90,0,0,0,1,0,1,0,50,100,100,100,0,0,50,-1,0,100,100,0,1,1,-1,0,0,80,0,0,100,0,90,0,90,0,-1,125,104,130,1,[0|0|0|0]
2711641,Crow Quill_1_1_1_1_1_1,0.5,0.2,0,0,1.2,0.08,6903,-1,-1,-1,-1,11100,11120,-1,-1,11110,-1,-1,-1,0,90,90,90,90,60,100,100,100,0,0,0,0,0,0,0,0,0,0,0,0,20,0,0,0,0,2,0,0,0,0,0,0,3,0,0,0,0,0,255,0,255,0,0,0,0,0,0,0,0,0,0,0,4,1,0,0,0,0,0,0,1,0,0,0,-1,-1,2100,2010,-1,-1,-1,-1,-1,-1,-1,-1,-1,-1,-1,-1,-1,-1,-1,-1,-1,-1,-1,-1,-1,-1,-1,-1,-1,-1,-1,-1,0,0,0,0,0,0,0,0,0,0,0,0,-1,-1,-1,-1,-1,-1,-1,-1,-1,-1,-1,-1,-1,-1,-1,-1,-1,-1,-1,-1,-1,-1,-1,-1,0,0,0,0,0,0,0,0,0,0,0,0,0,0,0,0,0,0,0,0,0,0,0,0,255,139,139,90,0,0,0,1,0,1,0,50,100,100,100,0,0,50,-1,0,100,100,0,1,1,-1,0,0,80,0,0,100,0,90,0,90,0,-1,125,104,130,1,[0|0|0|0]
2711700,Crow Quill_1_1_1_1_1_1_1,0.35,0,0,0,1.2,0.05,6903,-1,-1,-1,-1,10100,-1,-1,-1,10110,-1,-1,-1,0,140,140,140,140,120,200,100,100,112,0,0,0,0,0,0,0,0,0,0,0,20,0,0,0,0,0,0,0,0,0,0,0,3,0,0,2,0,2,255,0,255,0,0,0,0,0,0,0,0,0,0,0,1,1,0,0,0,0,0,0,1,0,0,0,-1,-1,2100,2010,-1,-1,-1,-1,-1,-1,-1,-1,-1,-1,-1,-1,-1,-1,-1,-1,-1,-1,-1,-1,-1,-1,-1,-1,-1,-1,-1,-1,0,0,0,0,0,0,0,0,0,0,0,0,-1,-1,-1,-1,-1,-1,-1,-1,-1,-1,-1,-1,-1,-1,-1,-1,-1,-1,-1,-1,-1,-1,-1,-1,0,0,0,0,0,0,0,0,0,0,0,0,0,0,0,0,0,0,0,0,0,0,0,0,255,139,139,140,0,0,0,1,0,1,0,100,100,100,100,0,0,100,-1,0,100,100,0,1,1,-1,0,0,135,0,0,100,0,140,0,140,0,-1,0,0,130,1,[0|0|0|0]
2711701,Crow Quill_1_1_1_1_1_1_1_1,0.3,0.2,0,0,1,0.05,-1,-1,-1,-1,-1,131,-1,-1,-1,230,-1,-1,-1,0,0,0,0,0,0,0,0,100,112,0,0,0,0,0,0,0,0,0,0,0,20,0,0,0,0,0,0,0,0,0,0,0,3,0,0,2,0,2,255,0,255,0,0,0,0,0,0,0,0,0,0,0,3,1,0,0,0,0,0,0,1,9,0,0,-1,-1,2100,2010,-1,-1,-1,-1,-1,-1,-1,-1,-1,-1,-1,-1,-1,-1,-1,-1,-1,-1,-1,-1,-1,-1,-1,-1,-1,-1,-1,-1,0,0,0,0,0,0,0,0,0,0,0,0,-1,-1,-1,-1,-1,-1,-1,-1,-1,-1,-1,-1,-1,-1,-1,-1,-1,-1,-1,-1,-1,-1,-1,-1,0,0,0,0,0,0,0,0,0,0,0,0,0,0,0,0,0,0,0,0,0,0,0,0,255,139,139,0,0,0,0,1,0,1,0,0,0,0,0,0,0,0,-1,0,100,100,0,1,1,-1,0,0,0,0,0,100,0,0,0,0,0,-1,0,0,130,1,[0|0|0|0]
2711702,Crow Quill_1_1_1_1_1_1_1_1_1,0,0,0,0,0.4,0.05,-1,-1,-1,-1,-1,-1,-1,-1,-1,-1,-1,-1,-1,0,60,60,60,60,30,100,100,100,112,0,0,0,0,0,0,0,0,0,0,0,20,0,0,0,0,0,0,0,0,0,0,0,1,0,0,2,0,2,255,0,255,0,0,0,0,0,0,0,0,0,0,0,0,1,0,0,0,0,0,0,1,0,0,0,-1,-1,2100,2010,-1,-1,-1,-1,-1,-1,-1,-1,-1,-1,-1,-1,-1,-1,-1,-1,-1,-1,-1,-1,-1,-1,-1,-1,-1,-1,-1,-1,0,0,0,0,0,0,0,0,0,0,0,0,-1,-1,-1,-1,-1,-1,-1,-1,-1,-1,-1,-1,-1,-1,-1,-1,-1,-1,-1,-1,-1,-1,-1,-1,0,0,0,0,0,0,0,0,0,0,0,0,0,0,0,0,0,0,0,0,0,0,0,0,255,139,139,60,0,0,0,1,0,1,0,100,100,100,100,0,0,100,-1,0,100,100,0,1,1,-1,0,0,30,0,0,100,0,60,0,60,0,-1,0,0,130,1,[0|0|0|0]
2711703,Crow Quill_1_1_1_1_1_1_1_1_1_1,0.3,0,0,0,0.5,0.05,-1,-1,-1,-1,-1,131,-1,-1,-1,230,-1,-1,-1,0,0,0,0,0,0,100,100,100,112,0,0,0,0,0,0,0,0,0,0,0,20,0,0,0,0,0,0,0,0,0,0,0,1,0,0,2,0,2,255,0,255,0,0,0,0,0,0,0,0,0,0,0,3,1,0,0,0,0,0,0,1,9,0,0,-1,-1,2100,2010,-1,-1,-1,-1,-1,-1,-1,-1,-1,-1,-1,-1,-1,-1,-1,-1,-1,-1,-1,-1,-1,-1,-1,-1,-1,-1,-1,-1,0,0,0,0,0,0,0,0,0,0,0,0,-1,-1,-1,-1,-1,-1,-1,-1,-1,-1,-1,-1,-1,-1,-1,-1,-1,-1,-1,-1,-1,-1,-1,-1,0,0,0,0,0,0,0,0,0,0,0,0,0,0,0,0,0,0,0,0,0,0,0,0,255,139,139,0,0,0,0,1,0,1,0,0,0,100,100,0,0,0,-1,0,100,100,0,1,1,-1,0,0,0,0,0,100,0,0,0,0,0,-1,0,0,130,1,[0|0|0|0]
2711750,Crow Quill_1_1_1_1_1_1_1_1_1_1_1,0.2,0,0,0,1.2,0.08,6904,-1,-1,-1,-1,10110,-1,-1,-1,-1,-1,-1,-1,0,150,150,150,150,325,100,100,100,0,0,0,0,0,0,0,0,0,0,0,0,20,0,0,0,0,0,0,0,0,0,0,0,3,0,0,0,0,0,255,0,255,0,0,0,0,0,0,0,0,0,0,0,0,1,0,0,0,0,0,0,1,9,0,0,-1,-1,2100,2010,-1,-1,-1,-1,-1,-1,-1,-1,-1,-1,-1,-1,-1,-1,-1,-1,-1,-1,-1,-1,-1,-1,-1,-1,-1,-1,-1,-1,0,0,0,0,0,0,0,0,0,0,0,0,-1,-1,-1,-1,-1,-1,-1,-1,-1,-1,-1,-1,-1,-1,-1,-1,-1,-1,-1,-1,-1,-1,-1,-1,0,0,0,0,0,0,0,0,0,0,0,0,0,0,0,0,0,0,0,0,0,0,0,0,255,139,139,150,0,0,0,1,0,1,0,100,100,100,100,0,0,100,-1,0,100,100,0,1,1,-1,0,0,100,0,0,100,0,150,0,150,0,-1,125,127,130,1,[0|0|0|0]
2813700,[AoW] Frayed overhead,0.3,0.15,0,0,1.2,0.08,6902,-1,-1,1665,-1,100,120,-1,-1,110,122,-1,-1,0,100,100,100,100,150,400,100,100,112,0,0,0,0,0,0,0,0,0,0,0,20,0,0,0,0,2,0,0,0,0,0,0,2,0,0,253,10,0,255,0,255,0,0,0,0,0,0,0,0,0,0,0,1,1,0,0,0,0,0,0,1,0,0,0,-1,-1,2100,2010,-1,-1,-1,-1,-1,-1,-1,-1,-1,-1,-1,-1,-1,-1,-1,-1,-1,-1,-1,-1,-1,-1,-1,-1,-1,-1,-1,-1,0,0,0,0,0,0,0,0,0,0,0,0,-1,-1,-1,-1,-1,-1,-1,-1,-1,-1,-1,-1,-1,-1,-1,-1,-1,-1,-1,-1,-1,-1,-1,-1,0,0,0,0,0,0,0,0,0,0,0,0,0,0,0,0,0,0,0,0,0,0,0,0,255,139,139,100,0,0,0,1,0,1,0,100,100,100,100,0,0,100,-1,0,100,100,0,1,1,-1,2,0,125,0,0,100,0,100,0,100,0,-1,0,0,130,1,[0|0|0|0]
2813710,[AoW] Frayed overhead_1,0.3,0.15,0,0,0.5,0,6902,-1,-1,1665,-1,100,120,-1,-1,120,-1,-1,-1,0,50,0,0,0,80,400,100,100,112,0,0,0,0,0,0,0,0,0,0,0,20,0,0,0,0,2,0,0,0,0,0,0,2,0,0,253,10,0,255,0,255,0,0,0,0,0,0,0,0,0,0,0,1,1,0,0,0,0,0,0,1,0,0,0,-1,-1,2100,2010,-1,-1,-1,-1,-1,-1,-1,-1,-1,-1,-1,-1,-1,-1,-1,-1,-1,-1,-1,-1,-1,-1,-1,-1,-1,-1,-1,-1,0,0,0,0,0,0,0,0,0,0,0,0,-1,-1,-1,-1,-1,-1,-1,-1,-1,-1,-1,-1,-1,-1,-1,-1,-1,-1,-1,-1,-1,-1,-1,-1,0,0,0,0,0,0,0,0,0,0,0,0,0,0,0,0,0,0,0,0,0,0,0,0,255,139,139,220,0,0,1,1,0,1,0,100,100,100,100,0,0,100,-1,0,100,100,0,1,1,-1,2,0,90,0,0,100,0,220,0,220,0,-1,0,0,130,1,[0|0|0|0]
2813711,[AoW] Frayed overhead_1_1,0.3,0.15,0,0,0.5,0,6902,-1,-1,1665,-1,100,120,-1,-1,120,-1,-1,-1,0,50,0,0,0,120,400,100,100,112,0,0,0,0,0,0,0,0,0,0,0,20,0,0,0,0,2,0,0,0,0,0,0,2,0,0,253,10,0,255,0,255,0,0,0,0,0,0,0,0,0,0,0,1,1,0,0,0,0,0,0,1,0,0,0,-1,-1,2100,2010,-1,-1,-1,-1,-1,-1,-1,-1,-1,-1,-1,-1,-1,-1,-1,-1,-1,-1,-1,-1,-1,-1,-1,-1,-1,-1,-1,-1,0,0,0,0,0,0,0,0,0,0,0,0,-1,-1,-1,-1,-1,-1,-1,-1,-1,-1,-1,-1,-1,-1,-1,-1,-1,-1,-1,-1,-1,-1,-1,-1,0,0,0,0,0,0,0,0,0,0,0,0,0,0,0,0,0,0,0,0,0,0,0,0,255,139,139,240,0,0,1,1,0,1,0,100,100,100,100,0,0,100,-1,0,100,100,0,1,1,-1,2,0,125,0,0,100,0,240,0,240,0,-1,0,0,130,1,[0|0|0|0]
2813720,[AoW] Frayed overhead_1_1,0.18,0.15,0,0,0.2,0,6902,-1,-1,1665,-1,100,120,-1,-1,120,-1,-1,-1,0,41,41,41,41,20,400,100,100,112,0,0,0,0,0,0,0,0,0,0,0,20,0,0,0,0,2,0,0,0,0,0,0,1,0,0,253,10,0,255,0,255,0,0,0,0,0,0,0,0,0,0,0,3,1,0,0,0,0,0,0,1,9,0,0,-1,-1,2100,2010,-1,-1,-1,-1,-1,-1,-1,-1,-1,-1,-1,-1,-1,-1,-1,-1,-1,-1,-1,-1,-1,-1,-1,-1,-1,-1,-1,-1,0,0,0,0,0,0,0,0,0,0,0,0,-1,-1,-1,-1,-1,-1,-1,-1,-1,-1,-1,-1,-1,-1,-1,-1,-1,-1,-1,-1,-1,-1,-1,-1,0,0,0,0,0,0,0,0,0,0,0,0,0,0,0,0,0,0,0,0,0,0,0,0,255,139,139,41,0,0,1,1,0,1,0,100,100,100,100,0,0,100,-1,0,100,100,0,1,1,-1,2,0,20,0,0,100,0,41,0,41,0,-1,0,0,130,1,[0|0|0|0]
2813721,[AoW] Frayed overhead no fp,0.18,0.15,0,0,0.2,0,6902,-1,-1,1665,-1,100,120,-1,-1,120,-1,-1,-1,0,20,20,20,20,20,400,100,100,112,0,0,0,0,0,0,0,0,0,0,0,20,0,0,0,0,2,0,0,0,0,0,0,1,0,0,253,10,0,255,0,255,0,0,0,0,0,0,0,0,0,0,0,3,1,0,0,0,0,0,0,1,9,0,0,-1,-1,2100,2010,-1,-1,-1,-1,-1,-1,-1,-1,-1,-1,-1,-1,-1,-1,-1,-1,-1,-1,-1,-1,-1,-1,-1,-1,-1,-1,-1,-1,0,0,0,0,0,0,0,0,0,0,0,0,-1,-1,-1,-1,-1,-1,-1,-1,-1,-1,-1,-1,-1,-1,-1,-1,-1,-1,-1,-1,-1,-1,-1,-1,0,0,0,0,0,0,0,0,0,0,0,0,0,0,0,0,0,0,0,0,0,0,0,0,255,139,139,20,0,0,1,1,0,1,0,100,100,100,100,0,0,100,-1,0,100,100,0,1,1,-1,2,0,20,0,0,100,0,20,0,20,0,-1,0,0,130,1,[0|0|0|0]
2813730,[AoW] Frayed overhead_1_1_1,0.18,0.15,0,0,0.2,0,6902,-1,-1,1665,-1,100,120,-1,-1,120,-1,-1,-1,0,41,41,41,41,20,400,100,100,112,0,0,0,0,0,0,0,0,0,0,0,20,0,0,0,0,2,0,0,0,0,0,0,1,0,0,253,10,0,255,0,255,0,0,0,0,0,0,0,0,0,0,0,4,1,0,0,0,0,0,0,1,9,0,0,-1,-1,2100,2010,-1,-1,-1,-1,-1,-1,-1,-1,-1,-1,-1,-1,-1,-1,-1,-1,-1,-1,-1,-1,-1,-1,-1,-1,-1,-1,-1,-1,0,0,0,0,0,0,0,0,0,0,0,0,-1,-1,-1,-1,-1,-1,-1,-1,-1,-1,-1,-1,-1,-1,-1,-1,-1,-1,-1,-1,-1,-1,-1,-1,0,0,0,0,0,0,0,0,0,0,0,0,0,0,0,0,0,0,0,0,0,0,0,0,255,139,139,41,0,0,1,1,0,1,0,100,100,100,100,0,0,100,-1,0,100,100,0,1,1,-1,2,0,20,0,0,100,0,41,0,41,0,-1,0,0,130,1,[0|0|0|0]
2813731,[AoW] Frayed overhead no fp,0.18,0.15,0,0,0.2,0,6902,-1,-1,1665,-1,100,120,-1,-1,120,-1,-1,-1,0,20,20,20,20,20,400,100,100,112,0,0,0,0,0,0,0,0,0,0,0,20,0,0,0,0,2,0,0,0,0,0,0,1,0,0,253,10,0,255,0,255,0,0,0,0,0,0,0,0,0,0,0,4,1,0,0,0,0,0,0,1,9,0,0,-1,-1,2100,2010,-1,-1,-1,-1,-1,-1,-1,-1,-1,-1,-1,-1,-1,-1,-1,-1,-1,-1,-1,-1,-1,-1,-1,-1,-1,-1,-1,-1,0,0,0,0,0,0,0,0,0,0,0,0,-1,-1,-1,-1,-1,-1,-1,-1,-1,-1,-1,-1,-1,-1,-1,-1,-1,-1,-1,-1,-1,-1,-1,-1,0,0,0,0,0,0,0,0,0,0,0,0,0,0,0,0,0,0,0,0,0,0,0,0,255,139,139,20,0,0,1,1,0,1,0,100,100,100,100,0,0,100,-1,0,100,100,0,1,1,-1,2,0,20,0,0,100,0,20,0,20,0,-1,0,0,130,1,[0|0|0|0]
2813740,[AoW] Frayed overhead_1_1_1_1,0.18,0.15,0,0,0.2,0,6902,-1,-1,1665,-1,100,120,-1,-1,120,-1,-1,-1,0,41,41,41,41,20,400,100,100,112,0,0,0,0,0,0,0,0,0,0,0,20,0,0,0,0,2,0,0,0,0,0,0,1,0,0,253,10,0,255,0,255,0,0,0,0,0,0,0,0,0,0,0,3,1,0,0,0,0,0,0,1,0,0,0,-1,-1,2100,2010,-1,-1,-1,-1,-1,-1,-1,-1,-1,-1,-1,-1,-1,-1,-1,-1,-1,-1,-1,-1,-1,-1,-1,-1,-1,-1,-1,-1,0,0,0,0,0,0,0,0,0,0,0,0,-1,-1,-1,-1,-1,-1,-1,-1,-1,-1,-1,-1,-1,-1,-1,-1,-1,-1,-1,-1,-1,-1,-1,-1,0,0,0,0,0,0,0,0,0,0,0,0,0,0,0,0,0,0,0,0,0,0,0,0,255,139,139,41,0,0,1,1,0,1,0,100,100,100,100,0,0,100,-1,0,100,100,0,1,1,-1,2,0,20,0,0,100,0,41,0,41,0,-1,0,0,130,1,[0|0|0|0]
2813741,[AoW] Frayed overhead no fp,0.18,0.15,0,0,0.2,0,6902,-1,-1,1665,-1,100,120,-1,-1,120,-1,-1,-1,0,20,20,20,20,20,400,100,100,112,0,0,0,0,0,0,0,0,0,0,0,20,0,0,0,0,2,0,0,0,0,0,0,1,0,0,253,10,0,255,0,255,0,0,0,0,0,0,0,0,0,0,0,3,1,0,0,0,0,0,0,1,0,0,0,-1,-1,2100,2010,-1,-1,-1,-1,-1,-1,-1,-1,-1,-1,-1,-1,-1,-1,-1,-1,-1,-1,-1,-1,-1,-1,-1,-1,-1,-1,-1,-1,0,0,0,0,0,0,0,0,0,0,0,0,-1,-1,-1,-1,-1,-1,-1,-1,-1,-1,-1,-1,-1,-1,-1,-1,-1,-1,-1,-1,-1,-1,-1,-1,0,0,0,0,0,0,0,0,0,0,0,0,0,0,0,0,0,0,0,0,0,0,0,0,255,139,139,20,0,0,1,1,0,1,0,100,100,100,100,0,0,100,-1,0,100,100,0,1,1,-1,2,0,20,0,0,100,0,20,0,20,0,-1,0,0,130,1,[0|0|0|0]
2813750,[AoW] Frayed overhead_1_1_1_1_1,0.18,0.15,0,0,1.5,0.08,6902,-1,-1,1665,-1,100,120,-1,-1,120,-1,-1,-1,0,41,41,41,41,20,400,100,100,112,0,0,0,0,0,0,0,0,0,0,0,20,0,0,0,0,2,0,0,0,0,0,0,2,0,0,253,10,0,255,0,255,0,0,0,0,0,0,0,0,0,0,0,4,1,0,0,0,0,0,0,1,0,0,0,-1,-1,2100,2010,-1,-1,-1,-1,-1,-1,-1,-1,-1,-1,-1,-1,-1,-1,-1,-1,-1,-1,-1,-1,-1,-1,-1,-1,-1,-1,-1,-1,0,0,0,0,0,0,0,0,0,0,0,0,-1,-1,-1,-1,-1,-1,-1,-1,-1,-1,-1,-1,-1,-1,-1,-1,-1,-1,-1,-1,-1,-1,-1,-1,0,0,0,0,0,0,0,0,0,0,0,0,0,0,0,0,0,0,0,0,0,0,0,0,255,139,139,41,0,0,1,1,0,1,0,100,100,100,100,0,0,100,-1,0,100,100,0,1,1,-1,2,0,20,0,0,100,0,41,0,41,0,-1,0,0,130,1,[0|0|0|0]
2813751,[AoW] Frayed overhead no fp,0.18,0.15,0,0,1.5,0.08,6902,-1,-1,1665,-1,100,120,-1,-1,120,-1,-1,-1,0,20,20,20,20,20,400,100,100,112,0,0,0,0,0,0,0,0,0,0,0,20,0,0,0,0,2,0,0,0,0,0,0,2,0,0,253,10,0,255,0,255,0,0,0,0,0,0,0,0,0,0,0,4,1,0,0,0,0,0,0,1,0,0,0,-1,-1,2100,2010,-1,-1,-1,-1,-1,-1,-1,-1,-1,-1,-1,-1,-1,-1,-1,-1,-1,-1,-1,-1,-1,-1,-1,-1,-1,-1,-1,-1,0,0,0,0,0,0,0,0,0,0,0,0,-1,-1,-1,-1,-1,-1,-1,-1,-1,-1,-1,-1,-1,-1,-1,-1,-1,-1,-1,-1,-1,-1,-1,-1,0,0,0,0,0,0,0,0,0,0,0,0,0,0,0,0,0,0,0,0,0,0,0,0,255,139,139,20,0,0,1,1,0,1,0,100,100,100,100,0,0,100,-1,0,100,100,0,1,1,-1,2,0,20,0,0,100,0,20,0,20,0,-1,0,0,130,1,[0|0|0|0]
2813760,[AoW] Frayed overhead_1_1_1_1_1_1,0.18,0.15,0,0,1.3,0.08,6902,-1,-1,1665,-1,140,120,-1,-1,120,-1,-1,-1,0,138,138,138,138,200,400,100,100,112,0,0,0,0,0,0,0,0,0,0,0,20,0,0,0,0,2,0,0,0,0,0,0,3,0,0,253,10,0,255,0,255,0,0,0,0,0,0,0,0,0,0,0,3,1,0,0,0,0,0,0,1,0,0,0,-1,-1,2100,2010,-1,-1,-1,-1,-1,-1,-1,-1,-1,-1,-1,-1,-1,-1,-1,-1,-1,-1,-1,-1,-1,-1,-1,-1,-1,-1,-1,-1,0,0,0,0,0,0,0,0,0,0,0,0,-1,-1,-1,-1,-1,-1,-1,-1,-1,-1,-1,-1,-1,-1,-1,-1,-1,-1,-1,-1,-1,-1,-1,-1,0,0,0,0,0,0,0,0,0,0,0,0,0,0,0,0,0,0,0,0,0,0,0,0,255,139,139,120,0,0,1,1,0,1,0,100,100,100,100,0,0,100,-1,0,100,100,0,1,1,-1,2,0,200,0,0,100,0,138,0,138,0,-1,0,0,130,1,[0|0|0|0]
3512700,Ledo,1.4,0,0,0,0.8,0.08,-1,-1,-1,-1,-1,90,-1,-1,-1,-1,-1,-1,-1,0,0,0,0,0,0,0,0,0,112,0,0,0,0,0,0,0,0,0,0,0,20,0,0,0,0,0,0,0,0,0,0,0,3,0,0,253,255,1,255,0,255,0,0,0,0,0,0,0,0,0,0,0,4,1,0,0,0,0,0,0,1,9,0,0,-1,-1,2100,2010,-1,-1,-1,-1,-1,-1,-1,-1,-1,-1,-1,-1,-1,-1,-1,-1,-1,-1,-1,-1,-1,-1,-1,-1,-1,-1,-1,-1,0,0,0,0,0,0,0,0,0,0,0,0,-1,-1,-1,-1,-1,-1,-1,-1,-1,-1,-1,-1,-1,-1,-1,-1,-1,-1,-1,-1,-1,-1,-1,-1,0,0,0,0,0,0,0,0,0,0,0,0,0,0,0,0,0,0,0,0,0,0,0,0,255,139,139,0,0,0,0,1,0,1,0,0,0,0,0,0,0,0,-1,0,100,100,0,1,1,-1,0,0,0,0,0,100,0,0,0,0,0,-1,0,0,130,1,[0|0|0|0]
3512710,Ledo_1,0.6,0.1,0,0,1,0.08,6902,-1,-1,-1,-1,100,120,-1,-1,120,130,-1,-1,0,90,90,90,90,115,100,100,100,112,0,0,0,0,0,0,0,0,0,0,0,20,0,0,0,0,2,0,0,0,0,0,0,2,0,0,253,255,1,255,0,255,0,0,0,0,0,0,0,0,0,0,0,4,1,0,0,0,0,0,0,1,0,0,0,-1,-1,2100,2010,-1,-1,-1,-1,-1,-1,-1,-1,-1,-1,-1,-1,-1,-1,-1,-1,-1,-1,-1,-1,-1,-1,-1,-1,-1,-1,-1,-1,0,0,0,0,0,0,0,0,0,0,0,0,-1,-1,-1,-1,-1,-1,-1,-1,-1,-1,-1,-1,-1,-1,-1,-1,-1,-1,-1,-1,-1,-1,-1,-1,0,0,0,0,0,0,0,0,0,0,0,0,0,0,0,0,0,0,0,0,0,0,0,0,255,139,139,90,0,0,0,1,0,1,0,20,100,100,100,0,0,100,-1,0,100,100,0,1,1,-1,0,0,50,0,0,100,0,90,0,90,0,-1,0,0,130,1,[0|0|0|0]
3512720,Ledo_1_1,0.6,0.1,0,0,1.5,0.08,6906,-1,-1,-1,-1,100,120,-1,-1,120,130,-1,-1,0,90,90,90,90,115,100,100,100,112,0,0,0,0,0,0,0,0,0,0,0,20,0,0,0,0,2,0,0,0,0,0,0,3,0,0,253,255,1,255,0,255,0,0,0,0,0,0,0,0,0,0,0,4,1,0,0,0,0,0,0,1,0,0,0,-1,-1,2100,2010,-1,-1,-1,-1,-1,-1,-1,-1,-1,-1,-1,-1,-1,-1,-1,-1,-1,-1,-1,-1,-1,-1,-1,-1,-1,-1,-1,-1,0,0,0,0,0,0,0,0,0,0,0,0,-1,-1,-1,-1,-1,-1,-1,-1,-1,-1,-1,-1,-1,-1,-1,-1,-1,-1,-1,-1,-1,-1,-1,-1,0,0,0,0,0,0,0,0,0,0,0,0,0,0,0,0,0,0,0,0,0,0,0,0,255,139,139,90,0,0,0,1,0,1,0,100,100,100,100,0,0,100,-1,0,100,100,0,1,1,-1,0,0,80,0,0,100,0,90,0,90,0,-1,0,0,130,1,[0|0|0|0]
3512730,Ledo_1_1_1,0.6,0.1,0,0,1.5,0.08,6906,-1,-1,-1,-1,100,120,-1,-1,120,130,-1,-1,0,180,180,180,180,300,100,100,100,112,0,0,0,0,0,0,0,0,0,0,0,20,0,0,0,0,2,0,0,0,0,0,0,6,0,0,253,255,1,255,0,255,0,0,0,0,0,0,0,0,0,0,0,1,1,0,0,0,0,0,0,1,0,0,0,-1,-1,2100,2010,-1,-1,-1,-1,-1,-1,-1,-1,-1,-1,-1,-1,-1,-1,-1,-1,-1,-1,-1,-1,-1,-1,-1,-1,-1,-1,-1,-1,0,0,0,0,0,0,0,0,0,0,0,0,-1,-1,-1,-1,-1,-1,-1,-1,-1,-1,-1,-1,-1,-1,-1,-1,-1,-1,-1,-1,-1,-1,-1,-1,0,0,0,0,0,0,0,0,0,0,0,0,0,0,0,0,0,0,0,0,0,0,0,0,255,139,139,180,0,0,0,1,0,1,0,100,100,100,100,0,0,100,-1,0,100,100,0,1,1,-1,0,0,200,0,0,100,0,180,0,180,0,-1,0,0,130,1,[0|0|0|0]
3512731,Ledo_1_1_1_1,2.3,0,0,0,1.5,0,-1,-1,-1,-1,-1,100,-1,-1,-1,-1,-1,-1,-1,0,0,0,0,0,0,0,0,0,112,0,0,0,0,0,0,0,0,0,0,0,0,0,0,0,0,0,0,0,0,0,0,0,3,0,0,253,255,1,255,0,255,0,0,0,0,0,0,0,0,0,0,4,0,1,0,0,0,0,0,0,1,0,0,0,-1,-1,2100,2010,-1,-1,-1,-1,-1,-1,-1,-1,-1,-1,-1,-1,-1,-1,-1,-1,-1,-1,-1,-1,-1,-1,-1,-1,-1,-1,-1,-1,0,0,0,0,0,0,0,0,0,0,0,0,-1,-1,-1,-1,-1,-1,-1,-1,-1,-1,-1,-1,-1,-1,-1,-1,-1,-1,-1,-1,-1,-1,-1,-1,0,0,0,0,0,0,0,0,0,0,0,0,0,0,0,0,0,0,0,0,0,0,0,0,255,139,139,0,0,0,0,1,0,1,0,0,0,0,0,0,0,0,-1,0,100,100,0,1,1,-1,0,0,0,0,0,100,0,0,0,0,0,-1,0,0,130,1,[0|0|0|0]
3512732,Ledo_1_1_1_1_1,2.3,0,0,0,0.8,0,-1,-1,-1,-1,-1,100,-1,-1,-1,-1,-1,-1,-1,0,0,0,0,0,0,0,0,0,112,0,0,0,0,0,0,0,0,0,0,0,0,0,0,0,0,0,0,0,0,0,0,0,0,0,0,253,255,1,255,0,255,0,0,0,0,0,0,0,0,0,0,0,0,0,0,0,0,0,0,0,1,0,0,0,-1,-1,2100,2010,-1,-1,-1,-1,-1,-1,-1,-1,-1,-1,-1,-1,-1,-1,-1,-1,-1,-1,-1,-1,-1,-1,-1,-1,-1,-1,-1,-1,0,0,0,0,0,0,0,0,0,0,0,0,-1,-1,-1,-1,-1,-1,-1,-1,-1,-1,-1,-1,-1,-1,-1,-1,-1,-1,-1,-1,-1,-1,-1,-1,0,0,0,0,0,0,0,0,0,0,0,0,0,0,0,0,0,0,0,0,0,0,0,0,255,139,139,0,0,0,0,1,0,1,0,0,0,0,0,0,0,0,-1,0,100,100,0,1,1,-1,0,0,0,0,0,100,0,0,0,0,0,-1,0,0,130,1,[0|0|0|0]
3512733,Ledo_1_1_1_1_1_1,2.3,0,0,0,0.8,0,-1,-1,-1,-1,-1,100,-1,-1,-1,-1,-1,-1,-1,0,0,0,0,0,0,0,0,0,112,0,0,0,0,0,0,0,0,0,0,0,0,0,0,0,0,0,0,0,0,0,0,0,0,0,0,253,255,1,255,0,255,0,0,0,0,0,0,0,0,0,0,0,0,0,0,0,0,0,0,0,1,0,0,0,-1,-1,2100,2010,-1,-1,-1,-1,-1,-1,-1,-1,-1,-1,-1,-1,-1,-1,-1,-1,-1,-1,-1,-1,-1,-1,-1,-1,-1,-1,-1,-1,0,0,0,0,0,0,0,0,0,0,0,0,-1,-1,-1,-1,-1,-1,-1,-1,-1,-1,-1,-1,-1,-1,-1,-1,-1,-1,-1,-1,-1,-1,-1,-1,0,0,0,0,0,0,0,0,0,0,0,0,0,0,0,0,0,0,0,0,0,0,0,0,255,139,139,0,0,0,0,1,0,1,0,0,0,0,0,0,0,0,-1,0,100,100,0,1,1,-1,0,0,0,0,0,100,0,0,0,0,0,-1,0,0,130,1,[0|0|0|0]
3512734,Ledo_1_1_1_1_1_1_1,0.6,0.1,0,0,0.8,0,6902,-1,-1,-1,-1,100,120,-1,-1,120,130,-1,-1,0,65,65,65,65,65,100,100,100,112,0,0,0,0,0,0,0,0,0,0,0,20,0,0,0,0,2,0,0,0,0,0,0,3,0,0,253,255,1,255,0,255,0,0,0,0,0,0,0,0,0,0,0,0,1,0,0,0,0,0,0,1,0,0,0,-1,-1,2100,2010,-1,-1,-1,-1,-1,-1,-1,-1,-1,-1,-1,-1,-1,-1,-1,-1,-1,-1,-1,-1,-1,-1,-1,-1,-1,-1,-1,-1,0,0,0,0,0,0,0,0,0,0,0,0,-1,-1,-1,-1,-1,-1,-1,-1,-1,-1,-1,-1,-1,-1,-1,-1,-1,-1,-1,-1,-1,-1,-1,-1,0,0,0,0,0,0,0,0,0,0,0,0,0,0,0,0,0,0,0,0,0,0,0,0,255,139,139,65,0,0,0,1,0,1,0,100,100,100,100,0,0,100,-1,0,100,100,0,1,1,-1,0,0,65,0,0,100,0,65,0,65,0,-1,0,0,130,1,[0|0|0|0]
3512750,Ledo_1_1_1_1_1_1_1_1,2.3,0,0,0,1.5,0,-1,-1,-1,-1,-1,100,-1,-1,-1,-1,-1,-1,-1,0,0,0,0,0,0,0,0,100,112,0,0,0,0,0,0,0,0,0,0,0,0,0,0,0,0,0,0,0,0,0,0,0,3,0,0,253,255,1,255,0,255,0,0,0,0,0,0,0,0,0,0,0,3,1,0,0,0,0,0,0,1,0,0,0,-1,-1,2100,2010,-1,-1,-1,-1,-1,-1,-1,-1,-1,-1,-1,-1,-1,-1,-1,-1,-1,-1,-1,-1,-1,-1,-1,-1,-1,-1,-1,-1,0,0,0,0,0,0,0,0,0,0,0,0,-1,-1,-1,-1,-1,-1,-1,-1,-1,-1,-1,-1,-1,-1,-1,-1,-1,-1,-1,-1,-1,-1,-1,-1,0,0,0,0,0,0,0,0,0,0,0,0,0,0,0,0,0,0,0,0,0,0,0,0,255,139,139,0,0,0,0,1,0,1,0,0,0,0,0,0,0,0,-1,0,100,100,0,1,1,-1,0,0,0,0,0,100,0,0,0,0,0,-1,0,0,130,1,[0|0|0|0]
3670700,_1_1_1_1_1_1_1_1_1_1_1_1_1_1_1,0.2,0.2,0.3,0,1.1,0.08,6902,-1,-1,-1,-1,100,120,100,-1,120,130,140,-1,0,105,105,105,105,130,100,100,100,112,0,0,0,0,0,0,0,0,0,0,0,20,0,0,0,0,2,0,0,0,0,0,0,3,0,0,2,11,0,0,0,255,0,0,0,0,0,0,0,0,0,0,0,0,1,0,0,0,0,0,0,1,0,0,0,-1,-1,0,0,-1,-1,-1,-1,-1,-1,-1,-1,-1,-1,-1,-1,-1,-1,-1,-1,-1,-1,-1,-1,-1,-1,-1,-1,-1,-1,-1,-1,0,0,0,0,0,0,0,0,0,0,0,0,-1,-1,-1,-1,-1,-1,-1,-1,-1,-1,-1,-1,-1,-1,-1,-1,-1,-1,-1,-1,-1,-1,-1,-1,0,0,0,0,0,0,0,0,0,0,0,0,0,0,0,0,0,0,0,0,0,0,0,0,255,139,139,105,0,0,0,1,0,1,0,100,100,100,100,0,0,100,-1,0,100,100,0,1,1,-1,0,0,160,0,0,100,0,105,0,105,0,-1,0,0,130,1,[0|0|0|0]
3670710,_1_1_1_1_1_1_1_1_1_1_1_1_1_1_1_1,0.2,0.2,0.3,0,0.8,0.08,6902,-1,-1,-1,-1,100,120,100,-1,120,130,140,-1,0,105,105,105,105,130,100,100,100,112,0,0,0,0,0,0,0,0,0,0,0,20,0,0,0,0,2,0,0,0,0,0,0,3,0,0,3,11,0,0,0,255,0,0,0,0,0,0,0,0,0,0,0,3,1,0,0,0,0,0,0,1,0,0,0,-1,-1,0,0,-1,-1,-1,-1,-1,-1,-1,-1,-1,-1,-1,-1,-1,-1,-1,-1,-1,-1,-1,-1,-1,-1,-1,-1,-1,-1,-1,-1,0,0,0,0,0,0,0,0,0,0,0,0,-1,-1,-1,-1,-1,-1,-1,-1,-1,-1,-1,-1,-1,-1,-1,-1,-1,-1,-1,-1,-1,-1,-1,-1,0,0,0,0,0,0,0,0,0,0,0,0,0,0,0,0,0,0,0,0,0,0,0,0,255,139,139,105,0,0,0,1,0,1,0,100,100,100,100,0,0,100,-1,0,100,100,0,1,1,-1,0,0,160,0,0,100,0,105,0,105,0,-1,0,0,130,1,[0|0|0|0]
3670720,_1_1_1_1_1_1_1_1_1_1_1_1_1_1_1_1_1,0.2,0.2,0.3,0,0.8,0.08,6902,-1,-1,-1,-1,100,120,100,-1,120,130,140,-1,0,90,90,90,90,130,100,100,100,112,0,0,0,0,0,0,0,0,0,0,0,20,0,0,0,0,2,0,0,0,0,0,0,3,0,0,2,11,0,0,0,255,0,0,0,0,0,0,0,0,0,0,0,2,1,0,0,0,0,0,0,1,0,0,0,-1,-1,0,0,-1,-1,-1,-1,-1,-1,-1,-1,-1,-1,-1,-1,-1,-1,-1,-1,-1,-1,-1,-1,-1,-1,-1,-1,-1,-1,-1,-1,0,0,0,0,0,0,0,0,0,0,0,0,-1,-1,-1,-1,-1,-1,-1,-1,-1,-1,-1,-1,-1,-1,-1,-1,-1,-1,-1,-1,-1,-1,-1,-1,0,0,0,0,0,0,0,0,0,0,0,0,0,0,0,0,0,0,0,0,0,0,0,0,255,139,139,90,0,0,0,1,0,1,0,100,100,100,100,0,0,100,-1,0,100,100,0,1,1,-1,0,0,160,0,0,100,0,90,0,90,0,-1,0,0,130,1,[0|0|0|0]
3670730,_1_1_1_1_1_1_1_1_1_1_1_1_1_1_1_1_1_1,0.2,0.2,0.3,0,0.8,0.08,6902,-1,-1,-1,-1,100,120,100,-1,120,130,140,-1,0,0,0,600,0,20,100,100,100,112,0,0,0,0,0,0,0,0,0,0,0,20,0,0,0,0,2,0,0,0,0,0,0,3,0,0,2,11,0,0,0,255,0,0,0,0,0,0,0,0,0,0,0,2,1,0,0,0,0,0,0,1,0,0,0,-1,-1,0,0,-1,-1,-1,-1,-1,-1,-1,-1,-1,-1,-1,-1,-1,-1,-1,-1,-1,-1,-1,-1,-1,-1,-1,-1,-1,-1,-1,-1,0,0,0,0,0,0,0,0,0,0,0,0,-1,-1,-1,-1,-1,-1,-1,-1,-1,-1,-1,-1,-1,-1,-1,-1,-1,-1,-1,-1,-1,-1,-1,-1,0,0,0,0,0,0,0,0,0,0,0,0,0,0,0,0,0,0,0,0,0,0,0,0,255,139,139,0,0,0,0,1,0,1,0,100,100,100,100,0,0,100,-1,0,100,100,0,1,1,-1,0,0,20,0,0,100,0,600,0,600,0,-1,0,0,130,1,[0|0|0|0]
3670731,_1_1_1_1_1_1_1_1_1_1_1_1_1_1_1_1_1_1_1,0.2,0.2,0.3,0,0.8,0.08,6902,-1,-1,-1,-1,100,120,100,-1,120,130,140,-1,0,0,0,600,0,20,100,100,100,112,0,0,0,0,0,0,0,0,0,0,0,20,0,0,0,0,2,0,0,0,0,0,0,1,0,0,2,255,0,0,0,255,0,0,0,0,0,0,0,0,0,0,0,2,1,0,0,0,0,0,0,1,0,0,0,-1,-1,0,0,-1,-1,-1,-1,-1,-1,-1,-1,-1,-1,-1,-1,-1,-1,-1,-1,-1,-1,-1,-1,-1,-1,-1,-1,-1,-1,-1,-1,0,0,0,0,0,0,0,0,0,0,0,0,-1,-1,-1,-1,-1,-1,-1,-1,-1,-1,-1,-1,-1,-1,-1,-1,-1,-1,-1,-1,-1,-1,-1,-1,0,0,0,0,0,0,0,0,0,0,0,0,0,0,0,0,0,0,0,0,0,0,0,0,255,139,139,0,0,0,0,1,0,1,0,100,100,100,100,0,0,100,-1,0,100,100,0,1,1,-1,0,0,20,0,0,100,0,600,0,600,0,-1,0,0,130,1,[0|0|0|0]
3670800,_1_1_1_1_1_1_1_1_1_1_1_1_1_1_1_1_1_1_1_1,0.2,0.2,0.3,0,0.8,0.08,6902,-1,-1,-1,-1,100,120,100,-1,120,130,140,-1,0,113,113,113,113,120,100,100,100,0,0,0,0,0,0,0,0,0,0,0,0,20,0,0,0,0,2,0,0,0,0,0,0,2,0,0,3,255,0,0,0,255,0,0,0,0,0,0,0,0,0,0,0,4,1,0,0,0,0,0,0,1,0,0,0,-1,-1,0,0,-1,-1,-1,-1,-1,-1,-1,-1,-1,-1,-1,-1,-1,-1,-1,-1,-1,-1,-1,-1,-1,-1,-1,-1,-1,-1,-1,-1,0,0,0,0,0,0,0,0,0,0,0,0,-1,-1,-1,-1,-1,-1,-1,-1,-1,-1,-1,-1,-1,-1,-1,-1,-1,-1,-1,-1,-1,-1,-1,-1,0,0,0,0,0,0,0,0,0,0,0,0,0,0,0,0,0,0,0,0,0,0,0,0,255,139,139,113,0,0,0,1,0,1,0,100,100,100,100,0,0,100,-1,0,100,100,0,1,1,-1,0,0,130,0,0,100,0,113,0,113,0,-1,0,0,130,1,[0|0|0|0]
3670805,_1_1_1_1_1_1_1_1_1_1_1_1_1_1_1_1_1_1_1_1_1,0.2,0.2,0.3,0,0.8,0.08,6904,-1,-1,-1,-1,100,120,100,-1,120,130,140,-1,0,160,160,160,160,150,100,100,100,0,100,0,0,0,0,0,0,0,0,0,0,20,0,0,0,0,2,0,0,0,0,0,0,3,0,0,3,255,0,0,0,255,0,0,0,0,0,0,0,0,0,0,0,4,1,0,0,0,0,0,0,1,0,0,0,-1,-1,0,0,-1,-1,-1,-1,-1,-1,-1,-1,-1,-1,-1,-1,-1,-1,-1,-1,-1,-1,-1,-1,-1,-1,-1,-1,-1,-1,-1,-1,0,0,0,0,0,0,0,0,0,0,0,0,-1,-1,-1,-1,-1,-1,-1,-1,-1,-1,-1,-1,-1,-1,-1,-1,-1,-1,-1,-1,-1,-1,-1,-1,0,0,0,0,0,0,0,0,0,0,0,0,0,0,0,0,0,0,0,0,0,0,0,0,255,139,139,160,0,0,0,1,0,1,0,100,100,100,100,0,0,100,-1,0,100,100,0,1,1,-1,0,0,155,0,0,100,0,160,0,160,0,-1,0,0,130,1,[0|0|0|0]
3670810,_1_1_1_1_1_1_1_1_1_1_1_1_1_1_1_1_1_1_1_1_1,0.2,0.2,0.3,0,1.1,0.08,6902,-1,-1,-1,-1,100,120,100,-1,120,130,140,-1,0,113,113,113,113,120,100,100,100,0,0,0,0,0,0,0,0,0,0,0,0,20,0,0,0,0,2,0,0,0,0,0,0,2,0,0,3,255,0,0,0,255,0,0,0,0,0,0,0,0,0,0,0,3,1,0,0,0,0,0,0,1,0,0,0,-1,-1,0,0,-1,-1,-1,-1,-1,-1,-1,-1,-1,-1,-1,-1,-1,-1,-1,-1,-1,-1,-1,-1,-1,-1,-1,-1,-1,-1,-1,-1,0,0,0,0,0,0,0,0,0,0,0,0,-1,-1,-1,-1,-1,-1,-1,-1,-1,-1,-1,-1,-1,-1,-1,-1,-1,-1,-1,-1,-1,-1,-1,-1,0,0,0,0,0,0,0,0,0,0,0,0,0,0,0,0,0,0,0,0,0,0,0,0,255,139,139,113,0,0,0,1,0,1,0,100,100,100,100,0,0,100,-1,0,100,100,0,1,1,-1,0,0,130,0,0,100,0,113,0,113,0,-1,0,0,130,1,[0|0|0|0]
3670815,_1_1_1_1_1_1_1_1_1_1_1_1_1_1_1_1_1_1_1_1_1_1,0.2,0.2,0.3,0,1.1,0.08,6904,-1,-1,-1,-1,100,120,100,-1,120,130,140,-1,0,160,160,160,160,150,100,100,100,0,100,0,0,0,0,0,0,0,0,0,0,20,0,0,0,0,2,0,0,0,0,0,0,3,0,0,3,255,0,0,0,255,0,0,0,0,0,0,0,0,0,0,0,3,1,0,0,0,0,0,0,1,0,0,0,-1,-1,0,0,-1,-1,-1,-1,-1,-1,-1,-1,-1,-1,-1,-1,-1,-1,-1,-1,-1,-1,-1,-1,-1,-1,-1,-1,-1,-1,-1,-1,0,0,0,0,0,0,0,0,0,0,0,0,-1,-1,-1,-1,-1,-1,-1,-1,-1,-1,-1,-1,-1,-1,-1,-1,-1,-1,-1,-1,-1,-1,-1,-1,0,0,0,0,0,0,0,0,0,0,0,0,0,0,0,0,0,0,0,0,0,0,0,0,255,139,139,160,0,0,0,1,0,1,0,100,100,100,100,0,0,100,-1,0,100,100,0,1,1,-1,0,0,155,0,0,100,0,160,0,160,0,-1,0,0,130,1,[0|0|0|0]
3670850,_1_1_1_1_1_1_1_1_1_1_1_1_1_1_1_1_1_1_1_1_1_1,0.2,0.2,0.3,0,0.8,0.08,6902,-1,-1,-1,-1,100,120,100,-1,120,130,140,-1,0,115,115,115,115,170,100,100,100,0,0,0,0,0,0,0,0,0,0,0,0,40,0,0,0,0,2,0,0,0,0,0,0,2,0,0,3,255,0,0,0,255,0,0,0,0,0,0,0,0,0,0,0,4,1,0,0,0,0,0,0,1,0,0,0,-1,-1,0,0,-1,-1,-1,-1,-1,-1,-1,-1,-1,-1,-1,-1,-1,-1,-1,-1,-1,-1,-1,-1,-1,-1,-1,-1,-1,-1,-1,-1,0,0,0,0,0,0,0,0,0,0,0,0,-1,-1,-1,-1,-1,-1,-1,-1,-1,-1,-1,-1,-1,-1,-1,-1,-1,-1,-1,-1,-1,-1,-1,-1,0,0,0,0,0,0,0,0,0,0,0,0,0,0,0,0,0,0,0,0,0,0,0,0,255,139,139,115,0,0,0,0,0,1,0,100,100,100,100,0,0,100,-1,0,100,100,0,1,1,-1,0,0,155,0,0,100,0,115,0,115,0,-1,0,0,130,1,[0|0|0|0]
3670855,_1_1_1_1_1_1_1_1_1_1_1_1_1_1_1_1_1_1_1_1_1_1_1,0.2,0.2,0.3,0,0.8,0.08,6904,-1,-1,-1,-1,100,120,100,-1,120,130,140,-1,0,180,180,180,180,200,100,100,100,0,100,0,0,0,0,0,0,0,0,0,0,40,0,0,0,0,2,0,0,0,0,0,0,3,0,0,3,255,0,0,0,255,0,0,0,0,0,0,0,0,0,0,0,4,1,0,0,0,0,0,0,1,0,0,0,-1,-1,0,0,-1,-1,-1,-1,-1,-1,-1,-1,-1,-1,-1,-1,-1,-1,-1,-1,-1,-1,-1,-1,-1,-1,-1,-1,-1,-1,-1,-1,0,0,0,0,0,0,0,0,0,0,0,0,-1,-1,-1,-1,-1,-1,-1,-1,-1,-1,-1,-1,-1,-1,-1,-1,-1,-1,-1,-1,-1,-1,-1,-1,0,0,0,0,0,0,0,0,0,0,0,0,0,0,0,0,0,0,0,0,0,0,0,0,255,139,139,180,0,0,0,0,0,1,0,100,100,100,100,0,0,100,-1,0,100,100,0,1,1,-1,0,0,165,0,0,100,0,180,0,180,0,-1,0,0,130,1,[0|0|0|0]
3670860,_1_1_1_1_1_1_1_1_1_1_1_1_1_1_1_1_1_1_1_1_1_1_1,0.2,0.2,0.3,0,1.1,0.08,6902,-1,-1,-1,-1,100,120,100,-1,120,130,140,-1,0,115,115,115,115,170,100,100,100,0,0,0,0,0,0,0,0,0,0,0,0,40,0,0,0,0,2,0,0,0,0,0,0,2,0,0,3,255,0,0,0,255,0,0,0,0,0,0,0,0,0,0,0,3,1,0,0,0,0,0,0,1,0,0,0,-1,-1,0,0,-1,-1,-1,-1,-1,-1,-1,-1,-1,-1,-1,-1,-1,-1,-1,-1,-1,-1,-1,-1,-1,-1,-1,-1,-1,-1,-1,-1,0,0,0,0,0,0,0,0,0,0,0,0,-1,-1,-1,-1,-1,-1,-1,-1,-1,-1,-1,-1,-1,-1,-1,-1,-1,-1,-1,-1,-1,-1,-1,-1,0,0,0,0,0,0,0,0,0,0,0,0,0,0,0,0,0,0,0,0,0,0,0,0,255,139,139,115,0,0,0,0,0,1,0,100,100,100,100,0,0,100,-1,0,100,100,0,1,1,-1,0,0,155,0,0,100,0,115,0,115,0,-1,0,0,130,1,[0|0|0|0]
3670865,_1_1_1_1_1_1_1_1_1_1_1_1_1_1_1_1_1_1_1_1_1_1_1_1,0.2,0.2,0.3,0,1.1,0.08,6904,-1,-1,-1,-1,100,120,100,-1,120,130,140,-1,0,180,180,180,180,200,100,100,100,0,100,0,0,0,0,0,0,0,0,0,0,40,0,0,0,0,2,0,0,0,0,0,0,3,0,0,3,255,0,0,0,255,0,0,0,0,0,0,0,0,0,0,0,3,1,0,0,0,0,0,0,1,0,0,0,-1,-1,0,0,-1,-1,-1,-1,-1,-1,-1,-1,-1,-1,-1,-1,-1,-1,-1,-1,-1,-1,-1,-1,-1,-1,-1,-1,-1,-1,-1,-1,0,0,0,0,0,0,0,0,0,0,0,0,-1,-1,-1,-1,-1,-1,-1,-1,-1,-1,-1,-1,-1,-1,-1,-1,-1,-1,-1,-1,-1,-1,-1,-1,0,0,0,0,0,0,0,0,0,0,0,0,0,0,0,0,0,0,0,0,0,0,0,0,255,139,139,180,0,0,0,0,0,1,0,100,100,100,100,0,0,100,-1,0,100,100,0,1,1,-1,0,0,165,0,0,100,0,180,0,180,0,-1,0,0,130,1,[0|0|0|0]
3814100,_1,0.5,0.1,0,0,1.2,0.11,6904,-1,-1,-1,-1,100,120,-1,-1,120,130,-1,-1,0,130,130,130,130,120,100,100,100,0,0,0,0,0,0,0,0,0,0,0,0,10,0,0,0,0,2,0,0,0,0,0,0,3,0,0,1,13,1,0,0,255,0,0,0,0,0,0,0,0,0,0,0,4,1,0,0,0,0,0,0,1,0,0,0,-1,-1,2100,2130,-1,-1,-1,-1,-1,-1,-1,-1,-1,-1,-1,-1,-1,-1,-1,-1,-1,-1,-1,-1,-1,-1,-1,-1,-1,-1,-1,-1,0,0,0,0,0,0,0,0,0,0,0,0,-1,-1,-1,-1,-1,-1,-1,-1,-1,-1,-1,-1,-1,-1,-1,-1,-1,-1,-1,-1,-1,-1,-1,-1,0,0,0,0,0,0,0,0,0,0,0,0,0,0,0,0,0,0,0,0,0,0,0,0,255,139,139,130,0,0,1,0,0,1,0,100,100,100,100,0,0,100,-1,0,100,100,0,1,1,-1,0,0,130,0,0,100,0,130,0,130,0,-1,0,0,130,1,[0|0|0|0]
3814105,_1_1,0.5,0.1,0,0,1.2,0.11,6906,-1,-1,-1,-1,100,120,-1,-1,120,130,-1,-1,0,200,200,200,200,150,100,100,100,100,0,0,0,0,0,0,0,0,0,0,0,10,0,0,0,0,2,0,0,0,0,0,0,3,0,0,1,255,1,0,0,255,0,0,0,0,0,0,0,0,0,0,0,4,1,0,0,0,0,0,0,1,0,0,0,-1,-1,2100,2130,-1,-1,-1,-1,-1,-1,-1,-1,-1,-1,-1,-1,-1,-1,-1,-1,-1,-1,-1,-1,-1,-1,-1,-1,-1,-1,-1,-1,0,0,0,0,0,0,0,0,0,0,0,0,-1,-1,-1,-1,-1,-1,-1,-1,-1,-1,-1,-1,-1,-1,-1,-1,-1,-1,-1,-1,-1,-1,-1,-1,0,0,0,0,0,0,0,0,0,0,0,0,0,0,0,0,0,0,0,0,0,0,0,0,255,139,139,200,0,0,1,0,0,1,0,100,100,100,100,0,0,100,-1,0,100,100,0,1,1,-1,0,0,165,0,0,100,0,200,0,200,0,-1,0,0,130,1,[0|0|0|0]
3814110,_1_1,0.5,0.1,0,0,1.2,0.11,6904,-1,-1,-1,-1,100,120,-1,-1,120,130,-1,-1,0,115,113,113,113,120,100,100,100,0,0,0,0,0,0,0,0,0,0,0,0,10,0,0,0,0,2,0,0,0,0,0,0,3,0,0,1,255,1,0,0,255,0,0,0,0,0,0,0,0,0,0,0,4,1,0,0,0,0,0,0,1,0,0,0,-1,-1,2100,2130,-1,-1,-1,-1,-1,-1,-1,-1,-1,-1,-1,-1,-1,-1,-1,-1,-1,-1,-1,-1,-1,-1,-1,-1,-1,-1,-1,-1,0,0,0,0,0,0,0,0,0,0,0,0,-1,-1,-1,-1,-1,-1,-1,-1,-1,-1,-1,-1,-1,-1,-1,-1,-1,-1,-1,-1,-1,-1,-1,-1,0,0,0,0,0,0,0,0,0,0,0,0,0,0,0,0,0,0,0,0,0,0,0,0,255,139,139,113,0,0,1,0,0,1,0,100,100,100,100,0,0,100,-1,0,100,100,0,1,1,-1,0,0,130,0,0,100,0,115,0,115,0,-1,0,0,130,1,[0|0|0|0]
3814115,_1_1_1,0.5,0.1,0,0,1.2,0.11,6906,-1,-1,-1,-1,100,120,-1,-1,120,130,-1,-1,0,175,175,175,175,150,100,100,100,100,0,0,0,0,0,0,0,0,0,0,0,10,0,0,0,0,2,0,0,0,0,0,0,3,0,0,1,255,1,0,0,255,0,0,0,0,0,0,0,0,0,0,0,4,1,0,0,0,0,0,0,1,0,0,0,-1,-1,2100,2130,-1,-1,-1,-1,-1,-1,-1,-1,-1,-1,-1,-1,-1,-1,-1,-1,-1,-1,-1,-1,-1,-1,-1,-1,-1,-1,-1,-1,0,0,0,0,0,0,0,0,0,0,0,0,-1,-1,-1,-1,-1,-1,-1,-1,-1,-1,-1,-1,-1,-1,-1,-1,-1,-1,-1,-1,-1,-1,-1,-1,0,0,0,0,0,0,0,0,0,0,0,0,0,0,0,0,0,0,0,0,0,0,0,0,255,139,139,175,0,0,1,0,0,1,0,100,100,100,100,0,0,100,-1,0,100,100,0,1,1,-1,0,0,155,0,0,100,0,175,0,175,0,-1,0,0,130,1,[0|0|0|0]
3814300,_1_1_1,0.5,0.1,0,0,1.2,0.11,6904,-1,-1,-1,-1,100,120,-1,-1,120,130,-1,-1,0,130,130,130,130,120,100,100,100,0,124,0,0,0,0,0,0,0,0,0,0,40,0,0,0,0,2,0,0,0,0,0,0,3,0,0,1,255,1,0,0,255,0,0,0,0,0,0,0,0,0,0,0,4,1,0,0,0,0,0,0,1,0,0,0,-1,-1,2100,2130,-1,-1,-1,-1,-1,-1,-1,-1,-1,-1,-1,-1,-1,-1,-1,-1,-1,-1,-1,-1,-1,-1,-1,-1,-1,-1,-1,-1,0,0,0,0,0,0,0,0,0,0,0,0,-1,-1,-1,-1,-1,-1,-1,-1,-1,-1,-1,-1,-1,-1,-1,-1,-1,-1,-1,-1,-1,-1,-1,-1,0,0,0,0,0,0,0,0,0,0,0,0,0,0,0,0,0,0,0,0,0,0,0,0,255,139,139,130,0,0,1,0,0,1,0,100,100,100,100,0,0,100,-1,0,100,100,0,1,1,-1,0,0,130,0,0,100,0,130,0,130,0,-1,0,0,130,1,[0|0|0|0]
3814305,_1_1_1_1,0.5,0.1,0,0,1.2,0.11,6906,-1,-1,-1,-1,100,120,-1,-1,120,130,-1,-1,0,200,200,200,200,200,100,100,100,100,124,0,0,0,0,0,0,0,0,0,0,40,0,0,0,0,2,0,0,0,0,0,0,7,0,0,1,255,1,0,0,255,0,0,0,0,0,0,0,0,0,0,0,4,1,0,0,0,0,0,0,1,0,0,0,-1,-1,2100,2130,-1,-1,-1,-1,-1,-1,-1,-1,-1,-1,-1,-1,-1,-1,-1,-1,-1,-1,-1,-1,-1,-1,-1,-1,-1,-1,-1,-1,0,0,0,0,0,0,0,0,0,0,0,0,-1,-1,-1,-1,-1,-1,-1,-1,-1,-1,-1,-1,-1,-1,-1,-1,-1,-1,-1,-1,-1,-1,-1,-1,0,0,0,0,0,0,0,0,0,0,0,0,0,0,0,0,0,0,0,0,0,0,0,0,255,139,139,200,0,0,1,0,0,1,0,100,100,100,100,0,0,100,-1,0,100,100,0,1,1,-1,0,0,165,0,0,100,0,200,0,200,0,-1,0,0,130,1,[0|0|0|0]
3814310,_1_1_1_1,0.5,0.1,0,0,1.2,0.11,6904,-1,-1,-1,-1,100,120,-1,-1,120,130,-1,-1,0,115,115,115,115,120,100,100,100,0,124,0,0,0,0,0,0,0,0,0,0,40,0,0,0,0,2,0,0,0,0,0,0,3,0,0,1,255,1,0,0,255,0,0,0,0,0,0,0,0,0,0,0,4,1,0,0,0,0,0,0,1,0,0,0,-1,-1,2100,2130,-1,-1,-1,-1,-1,-1,-1,-1,-1,-1,-1,-1,-1,-1,-1,-1,-1,-1,-1,-1,-1,-1,-1,-1,-1,-1,-1,-1,0,0,0,0,0,0,0,0,0,0,0,0,-1,-1,-1,-1,-1,-1,-1,-1,-1,-1,-1,-1,-1,-1,-1,-1,-1,-1,-1,-1,-1,-1,-1,-1,0,0,0,0,0,0,0,0,0,0,0,0,0,0,0,0,0,0,0,0,0,0,0,0,255,139,139,115,0,0,1,0,0,1,0,100,100,100,100,0,0,100,-1,0,100,100,0,1,1,-1,0,0,130,0,0,100,0,115,0,115,0,-1,0,0,130,1,[0|0|0|0]
3814315,_1_1_1_1_1,0.5,0.1,0,0,1.2,0.11,6906,-1,-1,-1,-1,100,120,-1,-1,120,130,-1,-1,0,175,175,175,175,200,100,100,100,100,124,0,0,0,0,0,0,0,0,0,0,40,0,0,0,0,2,0,0,0,0,0,0,6,0,0,1,255,1,0,0,255,0,0,0,0,0,0,0,0,0,0,0,4,1,0,0,0,0,0,0,1,0,0,0,-1,-1,2100,2130,-1,-1,-1,-1,-1,-1,-1,-1,-1,-1,-1,-1,-1,-1,-1,-1,-1,-1,-1,-1,-1,-1,-1,-1,-1,-1,-1,-1,0,0,0,0,0,0,0,0,0,0,0,0,-1,-1,-1,-1,-1,-1,-1,-1,-1,-1,-1,-1,-1,-1,-1,-1,-1,-1,-1,-1,-1,-1,-1,-1,0,0,0,0,0,0,0,0,0,0,0,0,0,0,0,0,0,0,0,0,0,0,0,0,255,139,139,175,0,0,1,0,0,1,0,100,100,100,100,0,0,100,-1,0,100,100,0,1,1,-1,0,0,165,0,0,100,0,175,0,175,0,-1,0,0,130,1,[0|0|0|0]
3814700,_1_1_1_1_1_1,0.5,0.4,0.1,0,0.8,0.08,6904,-1,-1,-1,-1,100,100,120,-1,-1,122,-1,-1,0,110,110,110,110,150,100,100,100,112,0,0,0,0,0,0,0,0,0,0,0,20,0,0,0,0,0,2,0,0,0,0,0,3,0,0,1,13,1,0,0,255,0,0,0,0,0,0,0,0,0,0,0,4,1,0,0,0,0,0,0,1,0,0,0,-1,-1,2100,2130,-1,-1,-1,-1,-1,-1,-1,-1,-1,-1,-1,-1,-1,-1,-1,-1,-1,-1,-1,-1,-1,-1,-1,-1,-1,-1,-1,-1,0,0,0,0,0,0,0,0,0,0,0,0,-1,-1,-1,-1,-1,-1,-1,-1,-1,-1,-1,-1,-1,-1,-1,-1,-1,-1,-1,-1,-1,-1,-1,-1,0,0,0,0,0,0,0,0,0,0,0,0,0,0,0,0,0,0,0,0,0,0,0,0,255,139,139,110,0,0,1,0,0,1,0,100,100,100,100,0,0,100,-1,0,100,100,0,1,1,-1,0,0,130,0,0,100,0,110,0,110,0,-1,0,0,130,1,[0|0|0|0]
3814701,_1_1_1_1_1_1_1,1,0,0,0,0.8,0.08,6901,-1,-1,-1,-1,100,-1,-1,-1,-1,-1,-1,-1,0,0,0,0,0,0,0,0,0,112,0,0,0,0,0,0,0,0,0,0,0,20,0,0,0,0,0,0,0,0,0,0,0,2,0,0,1,255,1,0,0,255,0,0,0,0,0,0,0,0,0,0,0,0,1,0,0,0,0,0,0,1,0,0,0,-1,-1,2100,2130,-1,-1,-1,-1,-1,-1,-1,-1,-1,-1,-1,-1,-1,-1,-1,-1,-1,-1,-1,-1,-1,-1,-1,-1,-1,-1,-1,-1,0,0,0,0,0,0,0,0,0,0,0,0,-1,-1,-1,-1,-1,-1,-1,-1,-1,-1,-1,-1,-1,-1,-1,-1,-1,-1,-1,-1,-1,-1,-1,-1,0,0,0,0,0,0,0,0,0,0,0,0,0,0,0,0,0,0,0,0,0,0,0,0,255,139,139,0,0,0,1,0,0,1,0,0,0,0,0,0,0,0,-1,0,100,100,0,1,1,-1,0,0,0,0,0,100,0,0,0,0,0,-1,0,0,130,1,[0|0|0|0]
3814705,Mad king folly,0.4,0.1,0,0,1.1,0.08,6904,-1,-1,-1,-1,100,120,-1,-1,122,-1,-1,-1,0,50,50,50,50,150,100,100,100,112,0,0,0,0,0,0,0,0,0,0,0,20,0,0,0,0,2,0,0,0,0,0,0,2,0,0,1,13,1,0,0,255,0,0,0,0,0,0,0,0,0,0,0,4,1,0,0,0,0,0,0,1,0,0,0,-1,-1,2100,2130,-1,-1,-1,-1,-1,-1,-1,-1,-1,-1,-1,-1,-1,-1,-1,-1,-1,-1,-1,-1,-1,-1,-1,-1,-1,-1,-1,-1,0,0,0,0,0,0,0,0,0,0,0,0,-1,-1,-1,-1,-1,-1,-1,-1,-1,-1,-1,-1,-1,-1,-1,-1,-1,-1,-1,-1,-1,-1,-1,-1,0,0,0,0,0,0,0,0,0,0,0,0,0,0,0,0,0,0,0,0,0,0,0,0,255,139,139,50,0,0,1,0,0,1,0,100,100,100,100,0,0,100,-1,0,100,100,0,1,1,-1,0,0,130,0,0,100,0,50,0,50,0,-1,0,0,130,1,[0|0|0|0]
3814710,_1_1_1_1_1_1_1_1_1,2.3,0,0,0,0.8,0.08,6901,-1,-1,-1,-1,110,-1,-1,-1,-1,-1,-1,-1,0,100,100,100,100,200,100,100,100,112,0,0,0,0,0,0,0,0,0,0,0,20,0,0,0,0,0,0,0,0,0,0,0,3,0,0,1,13,1,0,0,255,0,0,0,0,0,0,0,0,0,0,0,4,1,0,0,0,0,0,0,1,0,0,0,-1,-1,2100,2130,10,-1,-1,-1,-1,-1,-1,-1,-1,-1,-1,-1,-1,-1,-1,-1,-1,-1,-1,-1,-1,-1,-1,-1,-1,-1,-1,-1,0,0,0,0,0,0,0,0,0,0,0,0,-1,-1,-1,-1,-1,-1,-1,-1,-1,-1,-1,-1,-1,-1,-1,-1,-1,-1,-1,-1,-1,-1,-1,-1,0,0,0,0,0,0,0,0,0,0,0,0,0,0,0,0,0,0,0,0,0,0,0,0,255,139,139,100,0,0,1,1,0,1,0,100,100,100,100,0,0,100,-1,0,100,100,0,1,1,0,0,0,160,0,0,100,0,100,0,100,0,-1,0,0,130,1,[0|0|0|0]
3814711,_1_1_1_1_1_1_1_1_1_1,0.9,0,0,0,0.8,0.08,6901,-1,-1,-1,-1,120,-1,-1,-1,110,-1,-1,-1,0,100,100,100,100,200,100,100,100,112,0,0,0,0,0,0,0,0,0,0,0,20,0,0,0,0,0,0,0,0,0,0,0,7,0,0,1,255,1,0,0,255,0,0,0,0,0,0,0,0,0,0,0,4,1,0,0,0,0,0,0,1,0,0,0,-1,-1,2100,2130,-1,-1,-1,-1,-1,-1,-1,-1,-1,-1,-1,-1,-1,-1,-1,-1,-1,-1,-1,-1,-1,-1,-1,-1,-1,-1,-1,-1,0,0,0,0,0,0,0,0,0,0,0,0,-1,-1,-1,-1,-1,-1,-1,-1,-1,-1,-1,-1,-1,-1,-1,-1,-1,-1,-1,-1,-1,-1,-1,-1,0,0,0,0,0,0,0,0,0,0,0,0,0,0,0,0,0,0,0,0,0,0,0,0,255,139,139,100,0,0,1,0,0,1,0,100,100,100,100,0,0,100,-1,0,100,100,0,1,1,-1,0,0,160,0,0,100,0,100,0,100,0,-1,0,0,130,1,[0|0|0|0]
3814720,_1_1_1_1_1_1_1_1_1_1_1,0.5,0.2,0.1,0,0.8,0.08,6901,-1,-1,-1,-1,120,100,120,-1,110,120,-1,-1,0,0,220,0,0,100,100,100,100,112,0,0,0,0,0,0,0,0,0,0,0,20,0,0,0,0,0,2,0,0,0,0,0,2,0,0,1,13,1,0,0,255,0,0,0,0,0,0,0,0,0,0,0,4,1,0,0,0,0,0,0,1,0,0,0,-1,-1,2100,2130,-1,-1,-1,-1,-1,-1,-1,-1,-1,-1,-1,-1,-1,-1,-1,-1,-1,-1,-1,-1,-1,-1,-1,-1,-1,-1,-1,-1,0,0,0,0,0,0,0,0,0,0,0,0,-1,-1,-1,-1,-1,-1,-1,-1,-1,-1,-1,-1,-1,-1,-1,-1,-1,-1,-1,-1,-1,-1,-1,-1,0,0,0,0,0,0,0,0,0,0,0,0,0,0,0,0,0,0,0,0,0,0,0,0,255,139,139,0,0,0,1,1,0,1,0,100,100,100,100,0,0,100,-1,0,100,100,0,1,1,-1,0,0,100,0,0,100,0,220,0,220,0,-1,0,0,130,1,[0|0|0|0]
3814730,_1_1_1_1_1_1_1_1_1_1_1_1,0.35,0.2,0.1,0,0.8,0.08,6901,-1,-1,-1,-1,120,100,120,-1,110,120,-1,-1,0,100,100,100,100,100,100,100,100,112,0,0,0,0,0,0,0,0,0,0,0,20,0,0,0,0,0,2,0,0,0,0,0,1,0,0,1,255,1,0,0,255,0,0,0,0,0,0,0,0,0,0,0,4,1,0,0,0,0,0,0,1,0,0,0,-1,-1,2100,2130,-1,-1,-1,-1,-1,-1,-1,-1,-1,-1,-1,-1,-1,-1,-1,-1,-1,-1,-1,-1,-1,-1,-1,-1,-1,-1,-1,-1,0,0,0,0,0,0,0,0,0,0,0,0,-1,-1,-1,-1,-1,-1,-1,-1,-1,-1,-1,-1,-1,-1,-1,-1,-1,-1,-1,-1,-1,-1,-1,-1,0,0,0,0,0,0,0,0,0,0,0,0,0,0,0,0,0,0,0,0,0,0,0,0,255,139,139,100,0,0,1,1,0,1,0,100,100,100,100,0,0,100,-1,0,100,100,0,1,1,-1,0,0,100,0,0,100,0,100,0,100,0,-1,0,0,130,1,[0|0|0|0]
3814735,_1_1_1_1_1_1_1_1_1_1_1_1_1,1.2,0,0,0,0.8,0.08,6901,-1,-1,-1,-1,130,-1,-1,-1,120,-1,-1,-1,0,80,80,80,80,200,100,100,100,112,0,0,0,0,0,0,0,0,0,0,0,20,0,0,0,0,0,0,0,0,0,0,0,3,0,0,1,255,1,0,0,255,0,0,0,0,0,0,0,0,0,0,0,4,1,0,0,0,0,0,0,1,0,0,0,-1,-1,2100,2130,-1,-1,-1,-1,-1,-1,-1,-1,-1,-1,-1,-1,-1,-1,-1,-1,-1,-1,-1,-1,-1,-1,-1,-1,-1,-1,-1,-1,0,0,0,0,0,0,0,0,0,0,0,0,-1,-1,-1,-1,-1,-1,-1,-1,-1,-1,-1,-1,-1,-1,-1,-1,-1,-1,-1,-1,-1,-1,-1,-1,0,0,0,0,0,0,0,0,0,0,0,0,0,0,0,0,0,0,0,0,0,0,0,0,255,139,139,80,0,0,1,1,0,1,0,100,100,100,100,0,0,100,-1,0,100,100,0,1,1,-1,0,0,160,0,0,100,0,80,0,80,0,-1,0,0,130,1,[0|0|0|0]
3814740,_1_1_1_1_1_1_1_1_1_1_1_1_1,0.35,0.2,0.1,0,0.8,0.08,6901,-1,-1,-1,-1,120,100,120,-1,110,120,-1,-1,0,0,0,0,0,0,100,100,100,112,0,0,0,0,0,0,0,0,0,0,0,20,0,0,0,0,0,2,0,0,0,0,0,0,0,0,1,255,1,0,0,255,0,0,0,0,0,0,0,0,0,0,0,4,0,0,0,0,0,0,0,1,0,0,0,-1,-1,2100,2130,-1,-1,-1,-1,-1,-1,-1,-1,-1,-1,-1,-1,-1,-1,-1,-1,-1,-1,-1,-1,-1,-1,-1,-1,-1,-1,-1,-1,0,0,0,0,0,0,0,0,0,0,0,0,-1,-1,-1,-1,-1,-1,-1,-1,-1,-1,-1,-1,-1,-1,-1,-1,-1,-1,-1,-1,-1,-1,-1,-1,0,0,0,0,0,0,0,0,0,0,0,0,0,0,0,0,0,0,0,0,0,0,0,0,255,139,139,0,0,0,1,1,0,1,0,100,100,100,100,0,0,100,-1,0,100,100,0,1,1,-1,0,0,100,0,0,100,0,0,0,0,0,-1,0,0,130,1,[0|0|0|0]
3814741,_1_1_1_1_1_1_1_1_1_1_1_1_1_1,0.5,0.3,0.2,0,0.8,0.08,6901,-1,-1,-1,-1,100,100,120,-1,-1,120,-1,-1,0,120,150,120,120,300,100,100,100,112,0,0,0,0,0,0,0,0,0,0,0,20,0,0,0,0,0,2,0,0,0,0,0,7,0,0,1,13,1,0,0,255,0,0,0,0,0,0,0,0,0,0,0,4,1,1,1,0,0,0,0,1,0,0,0,-1,-1,2100,2130,-1,-1,-1,-1,-1,-1,-1,-1,-1,-1,-1,-1,-1,-1,-1,-1,-1,-1,-1,-1,-1,-1,-1,-1,-1,-1,-1,-1,0,0,0,0,0,0,0,0,0,0,0,0,-1,-1,-1,-1,-1,-1,-1,-1,-1,-1,-1,-1,-1,-1,-1,-1,-1,-1,-1,-1,-1,-1,-1,-1,0,0,0,0,0,0,0,0,0,0,0,0,0,0,0,0,0,0,0,0,0,0,0,0,255,139,139,120,0,0,1,1,0,1,0,100,100,100,100,0,0,100,-1,0,100,100,0,1,1,-1,0,0,200,0,0,100,0,120,0,120,0,-1,0,0,130,1,[0|0|0|0]
3814745,_1_1_1_1_1_1_1_1_1_1_1_1_1_1_1,1.2,0,0,0,0.8,0.08,6901,-1,-1,-1,-1,130,-1,-1,-1,120,-1,-1,-1,0,80,80,80,80,200,100,100,100,112,0,0,0,0,0,0,0,0,0,0,0,20,0,0,0,0,0,2,0,0,0,0,0,3,0,0,1,255,1,0,0,255,0,0,0,0,0,0,0,0,0,0,0,4,1,0,0,0,0,0,0,1,0,0,0,-1,-1,2100,2130,-1,-1,-1,-1,-1,-1,-1,-1,-1,-1,-1,-1,-1,-1,-1,-1,-1,-1,-1,-1,-1,-1,-1,-1,-1,-1,-1,-1,0,0,0,0,0,0,0,0,0,0,0,0,-1,-1,-1,-1,-1,-1,-1,-1,-1,-1,-1,-1,-1,-1,-1,-1,-1,-1,-1,-1,-1,-1,-1,-1,0,0,0,0,0,0,0,0,0,0,0,0,0,0,0,0,0,0,0,0,0,0,0,0,255,139,139,80,0,0,1,1,0,1,0,100,100,100,100,0,0,100,-1,0,100,100,0,1,1,-1,0,0,160,0,0,100,0,80,0,80,0,-1,0,0,130,1,[0|0|0|0]
3814750,_1_1_1_1_1_1_1_1_1_1_1_1_1_1,0,0,0,0,0,0,-1,-1,-1,-1,-1,-1,-1,-1,-1,-1,-1,-1,-1,0,0,100,0,0,0,0,0,0,112,0,0,0,0,0,0,0,0,0,0,0,20,0,0,0,0,0,0,0,0,0,0,0,0,0,0,1,13,1,0,0,255,0,0,0,0,0,0,0,0,0,0,0,4,0,0,0,0,0,0,0,1,0,0,0,-1,-1,0,0,-1,-1,-1,-1,-1,-1,-1,-1,-1,-1,-1,-1,-1,-1,-1,-1,-1,-1,-1,-1,-1,-1,-1,-1,-1,-1,-1,-1,0,0,0,0,0,0,0,0,0,0,0,0,-1,-1,-1,-1,-1,-1,-1,-1,-1,-1,-1,-1,-1,-1,-1,-1,-1,-1,-1,-1,-1,-1,-1,-1,0,0,0,0,0,0,0,0,0,0,0,0,0,0,0,0,0,0,0,0,0,0,0,0,255,139,139,0,0,0,0,0,0,1,0,100,100,100,100,0,0,100,-1,0,100,100,0,1,1,-1,0,0,0,0,0,100,0,0,0,0,0,-1,0,0,130,1,[0|0|0|0]
5000881,_1,0,0,0,0,0.05,0,-1,-1,-1,-1,-1,0,0,0,0,0,0,0,0,0,46,46,46,46,40,100,100,0,105,112,0,0,0,0,0,0,0,0,0,0,10,0,0,0,0,0,0,0,0,0,0,0,2,1,0,2,254,254,254,0,0,0,0,0,0,0,0,0,1,0,0,1,0,1,0,0,0,0,0,0,1,0,0,0,-1,-1,2100,2200,-1,-1,-1,-1,-1,-1,-1,-1,-1,-1,-1,-1,-1,-1,-1,-1,-1,-1,-1,-1,-1,-1,-1,-1,-1,-1,-1,-1,0,0,0,0,0,0,0,0,0,0,0,0,-1,-1,-1,-1,-1,-1,-1,-1,-1,-1,-1,-1,-1,-1,-1,-1,-1,-1,-1,-1,-1,-1,-1,-1,0,0,0,0,0,0,0,0,0,0,0,0,0,0,0,0,0,0,0,0,0,0,0,0,0,139,139,46,0,0,1,0,0,1,0,100,100,100,100,0,0,100,-1,-1,-1,100,0,1,1,-1,0,0,30,0,0,100,0,46,0,46,0,-1,0,0,0,1,[0|0|0|0]
5030700,Friede,0.4,0.2,0.2,0.4,1.1,0.08,-1,6903,-1,-1,-1,10100,10120,10110,10120,10130,10130,-1,-1,0,95,85,85,85,80,100,100,100,0,0,0,0,0,0,0,100,0,0,0,0,20,0,0,0,0,0,2,2,0,0,0,0,3,0,0,0,0,0,0,0,0,0,0,0,0,0,0,0,0,0,0,0,3,1,0,0,0,0,0,0,1,0,0,0,-1,-1,2130,2030,-1,-1,-1,-1,-1,-1,-1,-1,-1,-1,-1,-1,-1,-1,-1,-1,-1,-1,-1,-1,-1,-1,-1,-1,-1,-1,-1,-1,0,0,0,0,0,0,0,0,0,0,0,0,-1,-1,-1,-1,-1,-1,-1,-1,-1,-1,-1,-1,-1,-1,-1,-1,-1,-1,-1,-1,-1,-1,-1,-1,0,0,0,0,0,0,0,0,0,0,0,0,0,0,0,0,0,0,0,0,0,0,0,0,0,139,139,85,0,0,0,1,0,1,0,100,100,100,100,0,0,100,-1,-1,-1,100,0,1,1,-1,0,0,85,0,0,100,0,95,0,95,0,-1,0,0,0,1,[0|0|0|0]
5030701,Friede_1,0.35,0.1,0.4,0,1.1,0.08,-1,6903,-1,-1,-1,10110,10110,10120,-1,10130,10120,-1,-1,0,80,75,75,75,80,100,100,100,0,0,0,0,0,0,0,100,0,0,0,0,20,0,0,0,0,2,2,0,0,0,0,0,3,0,0,1,0,1,0,0,0,0,0,0,0,0,0,0,0,0,0,0,3,1,0,0,0,0,0,0,1,0,0,0,-1,-1,2130,2030,-1,-1,-1,-1,-1,-1,-1,-1,-1,-1,-1,-1,-1,-1,-1,-1,-1,-1,-1,-1,-1,-1,-1,-1,-1,-1,-1,-1,0,0,0,0,0,0,0,0,0,0,0,0,-1,-1,-1,-1,-1,-1,-1,-1,-1,-1,-1,-1,-1,-1,-1,-1,-1,-1,-1,-1,-1,-1,-1,-1,0,0,0,0,0,0,0,0,0,0,0,0,0,0,0,0,0,0,0,0,0,0,0,0,0,139,139,75,0,0,0,1,0,1,0,100,100,100,100,0,0,100,-1,-1,-1,100,0,1,1,-1,0,0,85,0,0,100,0,95,0,95,0,-1,0,0,0,1,[0|0|0|0]
5030702,Friede_1_1,0.5,0.2,0,0,1,0.08,-1,6903,-1,-1,-1,11100,11120,-1,-1,11120,-1,-1,-1,0,0,100,100,100,100,100,100,100,0,0,0,0,0,0,0,100,0,0,0,0,20,0,0,0,0,2,0,0,0,0,0,0,2,0,0,0,10,0,0,0,0,0,0,0,0,0,0,0,0,0,0,0,3,1,0,0,0,0,0,0,1,9,0,0,-1,-1,2130,2030,-1,-1,-1,-1,-1,-1,-1,-1,-1,-1,-1,-1,-1,-1,-1,-1,-1,-1,-1,-1,-1,-1,-1,-1,-1,-1,-1,-1,0,0,0,0,0,0,0,0,0,0,0,0,-1,-1,-1,-1,-1,-1,-1,-1,-1,-1,-1,-1,-1,-1,-1,-1,-1,-1,-1,-1,-1,-1,-1,-1,0,0,0,0,0,0,0,0,0,0,0,0,0,0,0,0,0,0,0,0,0,0,0,0,0,139,139,100,0,0,1,1,0,1,0,100,100,100,100,0,0,100,-1,-1,-1,100,0,1,1,-1,0,0,85,0,0,100,0,100,0,100,0,-1,0,0,0,1,[0|0|0|0]
5030710,Friede_1_1_1,0.4,0.2,0.2,0.4,1.1,0.08,-1,6903,-1,-1,-1,10100,10120,10110,10120,10130,10130,10120,-1,0,95,85,85,85,80,100,100,100,0,0,0,0,0,0,0,100,0,0,0,0,20,0,0,0,0,0,2,2,0,0,0,0,2,0,0,0,0,0,0,0,0,0,0,0,0,0,0,0,0,0,0,0,4,1,0,0,0,0,0,0,1,0,0,0,-1,-1,2130,2030,-1,-1,-1,-1,-1,-1,-1,-1,-1,-1,-1,-1,-1,-1,-1,-1,-1,-1,-1,-1,-1,-1,-1,-1,-1,-1,-1,-1,0,0,0,0,0,0,0,0,0,0,0,0,-1,-1,-1,-1,-1,-1,-1,-1,-1,-1,-1,-1,-1,-1,-1,-1,-1,-1,-1,-1,-1,-1,-1,-1,0,0,0,0,0,0,0,0,0,0,0,0,0,0,0,0,0,0,0,0,0,0,0,0,0,139,139,85,0,0,0,1,0,1,0,100,100,100,100,0,0,100,-1,-1,-1,100,0,1,1,-1,0,0,85,0,0,100,0,95,0,95,0,-1,0,0,0,1,[0|0|0|0]
5030711,Friede_1_1_1_1,0.35,0.1,0.4,0,1.1,0.08,-1,6903,-1,-1,-1,10110,10110,10120,-1,10130,10120,-1,-1,0,80,75,75,75,80,100,100,100,0,0,0,0,0,0,0,100,0,0,0,0,20,0,0,0,0,2,2,0,0,0,0,0,2,0,0,1,0,1,0,0,0,0,0,0,0,0,0,0,0,0,0,0,4,1,0,0,0,0,0,0,1,0,0,0,-1,-1,2130,2030,-1,-1,-1,-1,-1,-1,-1,-1,-1,-1,-1,-1,-1,-1,-1,-1,-1,-1,-1,-1,-1,-1,-1,-1,-1,-1,-1,-1,0,0,0,0,0,0,0,0,0,0,0,0,-1,-1,-1,-1,-1,-1,-1,-1,-1,-1,-1,-1,-1,-1,-1,-1,-1,-1,-1,-1,-1,-1,-1,-1,0,0,0,0,0,0,0,0,0,0,0,0,0,0,0,0,0,0,0,0,0,0,0,0,0,139,139,75,0,0,0,1,0,1,0,100,100,100,100,0,0,100,-1,-1,-1,100,0,1,1,-1,0,0,85,0,0,100,0,80,0,80,0,-1,0,0,0,1,[0|0|0|0]
5030712,Friede_1_1_1_1_1,0.5,0.2,0,0,1,0.08,-1,6903,-1,-1,-1,11100,11120,-1,-1,11120,-1,-1,-1,0,0,100,100,100,80,100,100,100,0,0,0,0,0,0,0,100,0,0,0,0,20,0,0,0,0,2,0,0,0,0,0,0,1,0,0,0,10,0,0,0,0,0,0,0,0,0,0,0,0,0,0,0,4,1,0,0,0,0,0,0,1,9,0,0,-1,-1,2130,2030,-1,-1,-1,-1,-1,-1,-1,-1,-1,-1,-1,-1,-1,-1,-1,-1,-1,-1,-1,-1,-1,-1,-1,-1,-1,-1,-1,-1,0,0,0,0,0,0,0,0,0,0,0,0,-1,-1,-1,-1,-1,-1,-1,-1,-1,-1,-1,-1,-1,-1,-1,-1,-1,-1,-1,-1,-1,-1,-1,-1,0,0,0,0,0,0,0,0,0,0,0,0,0,0,0,0,0,0,0,0,0,0,0,0,0,139,139,100,0,0,1,1,0,1,0,100,100,100,100,0,0,100,-1,-1,-1,100,0,1,1,-1,0,0,85,0,0,100,0,80,0,80,0,-1,0,0,0,1,[0|0|0|0]
5030720,Friede_1_1_1_1_1_1,0.4,0.2,0.2,0.4,1.7,0.08,-1,6903,-1,-1,-1,10100,10120,10110,10120,10130,10130,10120,-1,0,95,85,85,85,80,100,100,100,0,0,0,0,0,0,0,100,0,0,0,0,20,0,0,0,0,0,2,2,0,0,0,0,2,0,0,0,0,0,0,0,0,0,0,0,0,0,0,0,0,0,0,0,2,1,0,0,0,0,0,0,1,0,0,0,-1,-1,2130,2030,-1,-1,-1,-1,-1,-1,-1,-1,-1,-1,-1,-1,-1,-1,-1,-1,-1,-1,-1,-1,-1,-1,-1,-1,-1,-1,-1,-1,0,0,0,0,0,0,0,0,0,0,0,0,-1,-1,-1,-1,-1,-1,-1,-1,-1,-1,-1,-1,-1,-1,-1,-1,-1,-1,-1,-1,-1,-1,-1,-1,0,0,0,0,0,0,0,0,0,0,0,0,0,0,0,0,0,0,0,0,0,0,0,0,0,139,139,85,0,0,0,1,0,1,0,100,100,100,100,0,0,100,-1,-1,-1,100,0,1,1,-1,0,0,85,0,0,100,0,80,0,80,0,-1,0,0,0,1,[0|0|0|0]
5030721,Friede_1_1_1_1_1_1_1,0.35,0.1,0.4,0,1.7,0.08,-1,6903,-1,-1,-1,10110,10110,10120,-1,10130,10120,-1,-1,0,80,75,75,75,80,100,100,100,0,0,0,0,0,0,0,100,0,0,0,0,20,0,0,0,0,2,2,0,0,0,0,0,2,0,0,1,0,1,0,0,0,0,0,0,0,0,0,0,0,0,0,0,2,1,0,0,0,0,0,0,1,0,0,0,-1,-1,2130,2030,-1,-1,-1,-1,-1,-1,-1,-1,-1,-1,-1,-1,-1,-1,-1,-1,-1,-1,-1,-1,-1,-1,-1,-1,-1,-1,-1,-1,0,0,0,0,0,0,0,0,0,0,0,0,-1,-1,-1,-1,-1,-1,-1,-1,-1,-1,-1,-1,-1,-1,-1,-1,-1,-1,-1,-1,-1,-1,-1,-1,0,0,0,0,0,0,0,0,0,0,0,0,0,0,0,0,0,0,0,0,0,0,0,0,0,139,139,75,0,0,0,1,0,1,0,100,100,100,100,0,0,100,-1,-1,-1,100,0,1,1,-1,0,0,85,0,0,100,0,80,0,80,0,-1,0,0,0,1,[0|0|0|0]
5030722,Friede_1_1_1_1_1_1_1_1,0.5,0.2,0,0,1.1,0.08,-1,6903,-1,-1,-1,11100,11120,-1,-1,11120,-1,-1,-1,0,0,100,100,100,80,100,100,100,0,0,0,0,0,0,0,100,0,0,0,0,20,0,0,0,0,2,0,0,0,0,0,0,2,0,0,0,10,0,0,0,0,0,0,0,0,0,0,0,0,0,0,0,1,1,0,0,0,0,0,0,1,9,0,0,-1,-1,2130,2030,-1,-1,-1,-1,-1,-1,-1,-1,-1,-1,-1,-1,-1,-1,-1,-1,-1,-1,-1,-1,-1,-1,-1,-1,-1,-1,-1,-1,0,0,0,0,0,0,0,0,0,0,0,0,-1,-1,-1,-1,-1,-1,-1,-1,-1,-1,-1,-1,-1,-1,-1,-1,-1,-1,-1,-1,-1,-1,-1,-1,0,0,0,0,0,0,0,0,0,0,0,0,0,0,0,0,0,0,0,0,0,0,0,0,0,139,139,100,0,0,1,1,0,1,0,100,100,100,100,0,0,100,-1,-1,-1,100,0,1,1,-1,0,0,85,0,0,100,0,80,0,80,0,-1,0,0,0,1,[0|0|0|0]
5030730,Friede,0.5,0.2,0,0,1.5,0,-1,6903,-1,-1,-1,11100,11120,-1,-1,11120,-1,-1,-1,0,100,100,100,100,100,100,100,100,0,0,0,0,0,0,0,100,0,0,0,0,20,0,0,0,0,2,0,0,0,0,0,0,2,0,0,0,10,0,0,0,0,0,0,0,0,0,0,0,0,0,0,0,2,1,0,0,0,0,0,0,1,0,0,0,-1,-1,2130,2030,-1,-1,-1,-1,-1,-1,-1,-1,-1,-1,-1,-1,-1,-1,-1,-1,-1,-1,-1,-1,-1,-1,-1,-1,-1,-1,-1,-1,0,0,0,0,0,0,0,0,0,0,0,0,-1,-1,-1,-1,-1,-1,-1,-1,-1,-1,-1,-1,-1,-1,-1,-1,-1,-1,-1,-1,-1,-1,-1,-1,0,0,0,0,0,0,0,0,0,0,0,0,0,0,0,0,0,0,0,0,0,0,0,0,0,139,139,100,0,0,1,1,0,1,0,100,100,100,100,0,0,100,-1,-1,-1,100,0,1,1,-1,0,0,100,0,0,100,0,100,0,100,0,-1,0,0,0,1,[0|0|0|0]
5030731,Friede_1,0,0,0,0,0,0,-1,-1,-1,-1,-1,-1,-1,-1,-1,-1,-1,-1,-1,0,0,0,0,0,0,0,0,100,0,0,0,0,0,0,0,100,0,0,0,0,20,0,0,0,0,0,0,0,0,0,0,0,2,0,0,3,0,3,0,0,0,0,0,0,0,0,0,0,0,0,0,0,2,0,0,0,0,0,0,0,1,0,0,0,-1,-1,2130,2030,-1,-1,-1,-1,-1,-1,-1,-1,-1,-1,-1,-1,-1,-1,-1,-1,-1,-1,-1,-1,-1,-1,-1,-1,-1,-1,-1,-1,0,0,0,0,0,0,0,0,0,0,0,0,-1,-1,-1,-1,-1,-1,-1,-1,-1,-1,-1,-1,-1,-1,-1,-1,-1,-1,-1,-1,-1,-1,-1,-1,0,0,0,0,0,0,0,0,0,0,0,0,0,0,0,0,0,0,0,0,0,0,0,0,0,139,139,0,0,0,0,1,0,1,0,100,100,100,100,0,0,100,-1,-1,-1,100,0,1,1,-1,0,0,0,0,0,100,0,0,0,0,0,-1,0,0,0,1,[0|0|0|0]
5030732,Friede_1_1,0,0,0,0,0,0,-1,-1,-1,-1,-1,-1,-1,-1,-1,-1,-1,-1,-1,0,0,0,0,0,0,0,0,100,0,0,0,0,0,0,0,100,0,0,0,0,20,0,0,0,0,0,0,0,0,0,0,0,0,0,0,3,0,3,0,0,0,0,0,0,0,0,0,0,0,0,0,0,2,0,0,0,0,0,0,0,1,0,0,0,-1,-1,2130,2030,-1,-1,-1,-1,-1,-1,-1,-1,-1,-1,-1,-1,-1,-1,-1,-1,-1,-1,-1,-1,-1,-1,-1,-1,-1,-1,-1,-1,0,0,0,0,0,0,0,0,0,0,0,0,-1,-1,-1,-1,-1,-1,-1,-1,-1,-1,-1,-1,-1,-1,-1,-1,-1,-1,-1,-1,-1,-1,-1,-1,0,0,0,0,0,0,0,0,0,0,0,0,0,0,0,0,0,0,0,0,0,0,0,0,0,139,139,0,0,0,0,1,0,1,0,0,0,0,0,0,0,0,-1,-1,-1,100,0,1,1,-1,0,0,0,0,0,100,0,0,0,0,0,-1,0,0,0,1,[0|0|0|0]
5030733,Friede_1_1_1,0,0,0,0,0,0,-1,-1,-1,-1,-1,-1,-1,-1,-1,-1,-1,-1,-1,0,0,0,0,0,0,0,0,100,0,0,0,0,0,0,0,100,0,0,0,0,20,0,0,0,0,0,0,0,0,0,0,0,0,2,0,3,0,3,0,0,0,0,0,0,0,0,0,0,0,0,0,0,4,1,0,0,0,0,0,0,1,0,0,0,-1,-1,2130,2030,-1,-1,-1,-1,-1,-1,-1,-1,-1,-1,-1,-1,-1,-1,-1,-1,-1,-1,-1,-1,-1,-1,-1,-1,-1,-1,-1,-1,0,0,0,0,0,0,0,0,0,0,0,0,-1,-1,-1,-1,-1,-1,-1,-1,-1,-1,-1,-1,-1,-1,-1,-1,-1,-1,-1,-1,-1,-1,-1,-1,0,0,0,0,0,0,0,0,0,0,0,0,0,0,0,0,0,0,0,0,0,0,0,0,0,139,139,0,0,0,0,1,0,1,0,0,0,0,0,0,0,0,-1,-1,-1,100,0,1,1,-1,0,0,0,0,0,100,0,0,0,0,0,-1,0,0,0,1,[0|0|0|0]
5030734,Friede_1_1_1_1,0,0,0,0,0.5,0,-1,6903,-1,-1,-1,-1,-1,-1,-1,-1,-1,-1,-1,0,200,200,200,200,150,0,0,100,0,0,0,0,0,0,0,100,0,0,0,0,20,0,0,0,0,0,0,0,0,0,0,0,0,2,0,3,10,3,0,0,0,0,0,0,0,0,0,0,0,0,0,0,4,1,0,0,0,0,0,0,1,0,0,0,-1,-1,2130,2030,-1,-1,-1,-1,-1,-1,-1,-1,-1,-1,-1,-1,-1,-1,-1,-1,-1,-1,-1,-1,-1,-1,-1,-1,-1,-1,-1,-1,0,0,0,0,0,0,0,0,0,0,0,0,-1,-1,-1,-1,-1,-1,-1,-1,-1,-1,-1,-1,-1,-1,-1,-1,-1,-1,-1,-1,-1,-1,-1,-1,0,0,0,0,0,0,0,0,0,0,0,0,0,0,0,0,0,0,0,0,0,0,0,0,0,139,139,200,0,0,0,1,0,1,0,100,100,100,100,0,0,100,-1,-1,-1,100,0,1,1,-1,0,0,30,0,0,100,0,200,0,200,0,-1,0,0,0,1,[0|0|0|0]
5030735,Friede_1_1_1_1_1,0,0,0,0,0,0,-1,-1,-1,-1,-1,-1,-1,-1,-1,-1,-1,-1,-1,0,0,0,0,0,0,0,0,100,0,0,0,0,0,0,0,100,0,0,0,0,20,0,0,0,0,0,0,0,0,0,0,0,0,1,0,3,0,3,0,0,0,0,0,0,0,0,0,0,0,0,0,0,4,0,0,0,0,0,0,0,1,0,0,0,-1,-1,2130,2030,-1,-1,-1,-1,-1,-1,-1,-1,-1,-1,-1,-1,-1,-1,-1,-1,-1,-1,-1,-1,-1,-1,-1,-1,-1,-1,-1,-1,0,0,0,0,0,0,0,0,0,0,0,0,-1,-1,-1,-1,-1,-1,-1,-1,-1,-1,-1,-1,-1,-1,-1,-1,-1,-1,-1,-1,-1,-1,-1,-1,0,0,0,0,0,0,0,0,0,0,0,0,0,0,0,0,0,0,0,0,0,0,0,0,0,139,139,0,0,0,0,1,0,1,0,0,0,0,0,0,0,0,-1,-1,-1,100,0,1,1,-1,0,0,0,0,0,100,0,0,0,0,0,-1,0,0,0,1,[0|0|0|0]
5200640,Spread,0,0,0,0,0.3,0,-1,-1,-1,-1,-1,0,0,0,0,0,0,0,0,0,100,100,100,100,100,100,100,0,105,0,0,0,0,0,0,0,0,0,0,0,20,0,0,0,0,0,0,0,0,0,0,0,0,1,0,2,254,2,255,0,0,0,0,0,0,0,0,0,1,0,0,1,0,1,0,0,0,0,0,0,1,0,0,0,-1,-1,2100,2000,-1,-1,-1,-1,-1,-1,-1,-1,-1,-1,-1,-1,-1,-1,-1,-1,-1,-1,-1,-1,-1,-1,-1,-1,-1,-1,-1,-1,0,0,0,0,0,0,0,0,0,0,0,0,-1,-1,-1,-1,-1,-1,-1,-1,-1,-1,-1,-1,-1,-1,-1,-1,-1,-1,-1,-1,-1,-1,-1,-1,0,0,0,0,0,0,0,0,0,0,0,0,0,0,0,0,0,0,0,0,0,0,0,0,0,139,139,100,0,0,1,0,0,1,0,80,100,100,100,0,0,100,-1,0,100,100,0,1,1,-1,0,0,100,0,0,100,0,100,0,100,0,-1,0,0,0,1,[0|0|0|0]
5200641,Repeating,0,0,0,0,0.3,0,-1,-1,-1,-1,-1,0,0,0,0,0,0,0,0,0,100,100,100,100,100,100,100,0,105,0,0,0,0,0,0,0,0,0,0,0,20,0,0,0,0,0,0,0,0,0,0,0,1,1,0,2,254,2,255,0,0,0,0,0,0,0,0,0,1,0,0,1,0,1,0,0,0,0,0,0,1,0,0,0,-1,-1,2100,2000,-1,-1,-1,-1,-1,-1,-1,-1,-1,-1,-1,-1,-1,-1,-1,-1,-1,-1,-1,-1,-1,-1,-1,-1,-1,-1,-1,-1,0,0,0,0,0,0,0,0,0,0,0,0,-1,-1,-1,-1,-1,-1,-1,-1,-1,-1,-1,-1,-1,-1,-1,-1,-1,-1,-1,-1,-1,-1,-1,-1,0,0,0,0,0,0,0,0,0,0,0,0,0,0,0,0,0,0,0,0,0,0,0,0,0,139,139,100,0,0,1,0,0,1,0,80,100,100,100,0,0,100,-1,0,100,100,0,1,1,-1,0,0,100,0,0,100,0,100,0,100,0,-1,0,0,0,1,[0|0|0|0]
5304620,Sellsword,0.45,0.25,0,0,0.9,0.05,6903,-1,-1,-1,-1,10100,10120,-1,-1,10120,-1,-1,-1,0,75,75,75,75,80,140,100,100,0,0,0,0,0,0,0,100,0,0,0,0,20,0,0,0,0,2,0,0,0,0,0,0,1,0,0,0,255,0,255,0,255,0,0,0,0,0,0,0,0,0,0,0,4,1,0,0,0,0,0,0,0,0,0,0,-1,-1,2100,2010,-1,-1,-1,-1,-1,-1,-1,-1,-1,-1,-1,-1,-1,-1,-1,-1,-1,-1,-1,-1,-1,-1,-1,-1,-1,-1,-1,-1,0,0,0,0,0,0,0,0,0,0,0,0,-1,-1,-1,-1,-1,-1,-1,-1,-1,-1,-1,-1,-1,-1,-1,-1,-1,-1,-1,-1,-1,-1,-1,-1,0,0,0,0,0,0,0,0,0,0,0,0,0,0,0,0,0,0,0,0,0,0,0,0,255,139,139,75,0,0,0,1,0,0,0,65,80,80,80,0,0,70,-1,0,100,125,0,1,1,-1,0,0,80,0,0,0,0,75,0,75,0,0,0,125,130,0,[0|0|0|0]
5304621,Sellsword,0.45,0.25,0,0,0.3,0,6903,-1,-1,-1,-1,11100,11120,-1,-1,11120,-1,-1,-1,0,75,75,75,75,80,140,100,100,0,0,0,0,0,0,0,100,0,0,0,0,20,0,0,0,0,2,0,0,0,0,0,0,8,0,0,0,255,0,255,0,255,0,0,0,0,0,0,0,0,0,0,0,4,1,0,0,0,0,0,0,0,9,0,0,-1,-1,2100,2010,-1,-1,-1,-1,-1,-1,-1,-1,-1,-1,-1,-1,-1,-1,-1,-1,-1,-1,-1,-1,-1,-1,-1,-1,-1,-1,-1,-1,0,0,0,0,0,0,0,0,0,0,0,0,-1,-1,-1,-1,-1,-1,-1,-1,-1,-1,-1,-1,-1,-1,-1,-1,-1,-1,-1,-1,-1,-1,-1,-1,0,0,0,0,0,0,0,0,0,0,0,0,0,0,0,0,0,0,0,0,0,0,0,0,255,139,139,75,0,0,0,1,0,0,0,65,80,80,80,0,0,70,-1,0,100,125,0,1,1,-1,0,0,80,0,0,0,0,75,0,75,0,0,0,125,130,0,[0|0|0|0]
5304630,Sellsword,0.45,0.25,0,0,0.3,0,6903,-1,-1,-1,-1,10100,10120,-1,-1,10120,-1,-1,-1,0,75,75,75,75,80,140,100,100,0,0,0,0,0,0,0,100,0,0,0,0,20,0,0,0,0,2,0,0,0,0,0,0,8,0,0,0,255,0,255,0,255,0,0,0,0,0,0,0,0,0,0,0,3,1,0,0,0,0,0,0,0,9,0,0,-1,-1,2100,2010,-1,-1,-1,-1,-1,-1,-1,-1,-1,-1,-1,-1,-1,-1,-1,-1,-1,-1,-1,-1,-1,-1,-1,-1,-1,-1,-1,-1,0,0,0,0,0,0,0,0,0,0,0,0,-1,-1,-1,-1,-1,-1,-1,-1,-1,-1,-1,-1,-1,-1,-1,-1,-1,-1,-1,-1,-1,-1,-1,-1,0,0,0,0,0,0,0,0,0,0,0,0,0,0,0,0,0,0,0,0,0,0,0,0,255,139,139,75,0,0,0,1,0,0,0,65,80,80,80,0,0,70,-1,0,100,125,0,1,1,-1,0,0,80,0,0,0,0,75,0,75,0,0,0,125,130,0,[0|0|0|0]
5304631,Sellsword,0.45,0.25,0,0,1.3,0.05,6903,-1,-1,-1,-1,11100,11120,-1,-1,11120,-1,-1,-1,0,75,75,75,75,80,140,100,100,0,0,0,0,0,0,0,100,0,0,0,0,20,0,0,0,0,2,0,0,0,0,0,0,1,0,0,0,255,0,255,0,255,0,0,0,0,0,0,0,0,0,0,0,3,1,0,0,0,0,0,0,0,0,0,0,-1,-1,2100,2010,-1,-1,-1,-1,-1,-1,-1,-1,-1,-1,-1,-1,-1,-1,-1,-1,-1,-1,-1,-1,-1,-1,-1,-1,-1,-1,-1,-1,0,0,0,0,0,0,0,0,0,0,0,0,-1,-1,-1,-1,-1,-1,-1,-1,-1,-1,-1,-1,-1,-1,-1,-1,-1,-1,-1,-1,-1,-1,-1,-1,0,0,0,0,0,0,0,0,0,0,0,0,0,0,0,0,0,0,0,0,0,0,0,0,255,139,139,75,0,0,0,1,0,0,0,65,80,80,80,0,0,70,-1,0,100,125,0,1,1,-1,0,0,80,0,0,0,0,75,0,75,0,0,0,125,130,0,[0|0|0|0]
5304640,Sellsword,0.45,0.25,0,0,1.4,0,6903,-1,-1,-1,-1,10100,10120,-1,-1,10120,-1,-1,-1,0,75,75,75,75,80,140,100,100,0,0,0,0,0,0,0,100,0,0,0,0,20,0,0,0,0,2,0,0,0,0,0,0,2,0,0,0,255,0,255,0,255,0,0,0,0,0,0,0,0,0,0,0,3,1,0,0,0,0,0,0,0,9,0,0,-1,-1,2100,2010,-1,-1,-1,-1,-1,-1,-1,-1,-1,-1,-1,-1,-1,-1,-1,-1,-1,-1,-1,-1,-1,-1,-1,-1,-1,-1,-1,-1,0,0,0,0,0,0,0,0,0,0,0,0,-1,-1,-1,-1,-1,-1,-1,-1,-1,-1,-1,-1,-1,-1,-1,-1,-1,-1,-1,-1,-1,-1,-1,-1,0,0,0,0,0,0,0,0,0,0,0,0,0,0,0,0,0,0,0,0,0,0,0,0,255,139,139,75,0,0,0,1,0,0,0,65,80,80,80,0,0,70,-1,0,100,125,0,1,1,-1,0,0,80,0,0,0,0,75,0,75,0,0,104,125,130,0,[0|0|0|0]
5304641,Sellsword,0.45,0.25,0,0,1.4,0.05,6903,-1,-1,-1,-1,11100,11120,-1,-1,11120,-1,-1,-1,0,75,75,75,75,80,140,100,100,0,0,0,0,0,0,0,100,0,0,0,0,20,0,0,0,0,2,0,0,0,0,0,0,2,0,0,0,255,0,255,0,255,0,0,0,0,0,0,0,0,0,0,0,4,1,0,0,0,0,0,0,0,0,0,0,-1,-1,2100,2010,-1,-1,-1,-1,-1,-1,-1,-1,-1,-1,-1,-1,-1,-1,-1,-1,-1,-1,-1,-1,-1,-1,-1,-1,-1,-1,-1,-1,0,0,0,0,0,0,0,0,0,0,0,0,-1,-1,-1,-1,-1,-1,-1,-1,-1,-1,-1,-1,-1,-1,-1,-1,-1,-1,-1,-1,-1,-1,-1,-1,0,0,0,0,0,0,0,0,0,0,0,0,0,0,0,0,0,0,0,0,0,0,0,0,255,139,139,75,0,0,0,1,0,0,0,65,80,80,80,0,0,70,-1,0,100,125,0,1,1,-1,0,0,80,0,0,0,0,75,0,75,0,0,104,125,130,0,[0|0|0|0]
5304750,Sellsword,0.5,0.25,0,0,1,0,6904,-1,-1,-1,-1,10100,10120,-1,-1,10120,-1,-1,-1,0,85,85,85,85,80,140,100,100,0,0,0,0,0,0,0,100,0,0,0,0,20,0,0,0,0,2,0,0,0,0,0,0,2,0,0,0,255,0,255,0,255,0,0,0,0,0,0,0,0,0,0,0,4,1,0,0,0,0,0,0,0,9,0,0,-1,-1,2100,2010,-1,-1,-1,-1,-1,-1,-1,-1,-1,-1,-1,-1,-1,-1,-1,-1,-1,-1,-1,-1,-1,-1,-1,-1,-1,-1,-1,-1,0,0,0,0,0,0,0,0,0,0,0,0,-1,-1,-1,-1,-1,-1,-1,-1,-1,-1,-1,-1,-1,-1,-1,-1,-1,-1,-1,-1,-1,-1,-1,-1,0,0,0,0,0,0,0,0,0,0,0,0,0,0,0,0,0,0,0,0,0,0,0,0,255,139,139,85,0,0,0,1,0,0,0,65,80,80,80,0,0,70,-1,0,100,125,0,1,1,-1,0,0,80,0,0,0,0,85,0,85,0,0,127,125,130,0,[0|0|0|0]
5304751,Sellsword,0.5,0.25,0,0,0.6,0.05,6903,-1,-1,-1,-1,11100,11120,-1,-1,11120,-1,-1,-1,0,85,85,85,85,80,140,100,100,0,0,0,0,0,0,0,100,0,0,0,0,20,0,0,0,0,2,0,0,0,0,0,0,2,0,0,0,255,0,255,0,255,0,0,0,0,0,0,0,0,0,0,0,4,1,0,0,0,0,0,0,0,0,0,0,-1,-1,2100,2010,-1,-1,-1,-1,-1,-1,-1,-1,-1,-1,-1,-1,-1,-1,-1,-1,-1,-1,-1,-1,-1,-1,-1,-1,-1,-1,-1,-1,0,0,0,0,0,0,0,0,0,0,0,0,-1,-1,-1,-1,-1,-1,-1,-1,-1,-1,-1,-1,-1,-1,-1,-1,-1,-1,-1,-1,-1,-1,-1,-1,0,0,0,0,0,0,0,0,0,0,0,0,0,0,0,0,0,0,0,0,0,0,0,0,255,139,139,85,0,0,0,1,0,0,0,65,80,80,80,0,0,70,-1,0,100,125,0,1,1,-1,0,0,80,0,0,0,0,85,0,85,0,0,127,125,130,0,[0|0|0|0]
5304760,Sellsword,0.4,0.25,0,0,0.7,0.05,6903,-1,-1,-1,-1,10100,10120,-1,-1,10120,-1,-1,-1,0,83,83,83,83,80,140,100,100,0,0,0,0,0,0,0,100,0,0,0,0,20,0,0,0,0,2,0,0,0,0,0,0,1,0,0,0,255,0,255,0,255,0,0,0,0,0,0,0,0,0,0,0,3,1,0,0,0,0,0,0,0,9,0,0,-1,-1,2100,2010,-1,-1,-1,-1,-1,-1,-1,-1,-1,-1,-1,-1,-1,-1,-1,-1,-1,-1,-1,-1,-1,-1,-1,-1,-1,-1,-1,-1,0,0,0,0,0,0,0,0,0,0,0,0,-1,-1,-1,-1,-1,-1,-1,-1,-1,-1,-1,-1,-1,-1,-1,-1,-1,-1,-1,-1,-1,-1,-1,-1,0,0,0,0,0,0,0,0,0,0,0,0,0,0,0,0,0,0,0,0,0,0,0,0,255,139,139,83,0,0,0,1,0,0,0,65,80,80,80,0,0,70,-1,0,100,125,0,1,1,-1,0,0,70,0,0,0,0,83,0,83,0,0,128,125,130,0,[0|0|0|0]
5304761,Sellsword,0.4,0.25,0,0,0.3,0,6904,-1,-1,-1,-1,11100,11120,-1,-1,11120,-1,-1,-1,0,83,83,83,83,80,140,100,100,0,0,0,0,0,0,0,100,0,0,0,0,20,0,0,0,0,2,0,0,0,0,0,0,8,0,0,0,255,0,255,0,255,0,0,0,0,0,0,0,0,0,0,0,3,1,0,0,0,0,0,0,0,0,0,0,-1,-1,2100,2010,-1,-1,-1,-1,-1,-1,-1,-1,-1,-1,-1,-1,-1,-1,-1,-1,-1,-1,-1,-1,-1,-1,-1,-1,-1,-1,-1,-1,0,0,0,0,0,0,0,0,0,0,0,0,-1,-1,-1,-1,-1,-1,-1,-1,-1,-1,-1,-1,-1,-1,-1,-1,-1,-1,-1,-1,-1,-1,-1,-1,0,0,0,0,0,0,0,0,0,0,0,0,0,0,0,0,0,0,0,0,0,0,0,0,255,139,139,83,0,0,0,1,0,0,0,65,80,80,80,0,0,70,-1,0,100,125,0,1,1,-1,0,0,70,0,0,0,0,83,0,83,0,0,128,125,130,0,[0|0|0|0]
6100000,Thrusting Shield - Default Attack,0.37,0.2,0.2,0,1.45,0.08,6903,-1,-1,1665,-1,110,100,300,-1,130,110,310,-1,0,100,100,100,100,100,100,100,100,0,0,0,0,0,0,0,0,0,0,0,0,10,0,0,0,0,0,2,0,0,0,0,0,1,0,0,2,255,0,255,0,255,0,0,0,0,0,0,0,0,0,0,0,4,1,0,0,0,0,0,0,0,0,0,0,-1,-1,2100,2010,-1,-1,-1,-1,-1,-1,-1,-1,-1,-1,-1,-1,-1,-1,-1,-1,-1,-1,-1,-1,-1,-1,-1,-1,-1,-1,-1,-1,0,0,0,0,0,0,0,0,0,0,0,0,-1,-1,-1,-1,-1,-1,-1,-1,-1,-1,-1,-1,-1,-1,-1,-1,-1,-1,-1,-1,-1,-1,-1,-1,0,0,0,0,0,0,0,0,0,0,0,0,0,0,0,0,0,0,0,0,0,0,0,0,255,139,139,100,0,0,0,0,0,0,0,100,100,100,100,0,0,100,-1,-1,100,100,0,1,1,-1,0,0,185,0,0,0,0,100,0,100,0,0,0,0,130,0,[0|0|0|0]
6100010,Thrusting Shield - Default Attack,0.37,0.2,0.2,0,1.2,0.08,6903,-1,-1,1665,-1,110,130,300,-1,130,120,310,-1,0,101,101,101,101,100,100,100,100,0,0,0,0,0,0,0,0,0,0,0,0,10,0,0,0,0,0,2,0,0,0,0,0,1,0,0,2,255,0,255,0,255,0,0,0,0,0,0,0,0,0,0,0,3,1,0,0,0,0,0,0,0,0,0,0,-1,-1,2100,2010,-1,-1,-1,-1,-1,-1,-1,-1,-1,-1,-1,-1,-1,-1,-1,-1,-1,-1,-1,-1,-1,-1,-1,-1,-1,-1,-1,-1,0,0,0,0,0,0,0,0,0,0,0,0,-1,-1,-1,-1,-1,-1,-1,-1,-1,-1,-1,-1,-1,-1,-1,-1,-1,-1,-1,-1,-1,-1,-1,-1,0,0,0,0,0,0,0,0,0,0,0,0,0,0,0,0,0,0,0,0,0,0,0,0,255,139,139,101,0,0,0,0,0,0,0,100,100,100,100,0,0,100,-1,-1,100,100,0,1,1,-1,0,0,185,0,0,0,0,101,0,101,0,0,0,0,130,0,[0|0|0|0]
6100020,Thrusting Shield - Default Attack,0.37,0.2,0.2,0,1.55,0.08,6903,-1,-1,1665,-1,110,100,300,-1,130,110,310,-1,0,102,102,102,102,100,100,100,100,0,0,0,0,0,0,0,0,0,0,0,0,10,0,0,0,0,0,2,0,0,0,0,0,1,0,0,2,255,0,255,0,255,0,0,0,0,0,0,0,0,0,0,0,2,1,0,0,0,0,0,0,0,0,0,0,-1,-1,2100,2010,-1,-1,-1,-1,-1,-1,-1,-1,-1,-1,-1,-1,-1,-1,-1,-1,-1,-1,-1,-1,-1,-1,-1,-1,-1,-1,-1,-1,0,0,0,0,0,0,0,0,0,0,0,0,-1,-1,-1,-1,-1,-1,-1,-1,-1,-1,-1,-1,-1,-1,-1,-1,-1,-1,-1,-1,-1,-1,-1,-1,0,0,0,0,0,0,0,0,0,0,0,0,0,0,0,0,0,0,0,0,0,0,0,0,255,139,139,102,0,0,0,0,0,0,0,100,100,100,100,0,0,100,-1,-1,100,105,0,1,1,-1,0,0,185,0,0,0,0,102,0,102,0,0,0,0,130,0,[0|0|0|0]
6100030,Thrusting Shield - Default Attack,0.37,0.2,0.2,0,1.25,0.08,6903,-1,-1,1665,-1,110,130,300,-1,130,120,310,-1,0,110,110,110,110,100,100,100,100,104,0,0,0,0,0,0,0,0,0,0,0,10,0,0,0,0,0,2,0,0,0,0,0,2,0,0,2,255,0,255,0,255,0,0,0,0,0,0,0,0,0,0,0,1,1,0,0,0,0,0,0,0,0,0,0,-1,-1,2100,2010,-1,-1,-1,-1,-1,-1,-1,-1,-1,-1,-1,-1,-1,-1,-1,-1,-1,-1,-1,-1,-1,-1,-1,-1,-1,-1,-1,-1,0,0,0,0,0,0,0,0,0,0,0,0,-1,-1,-1,-1,-1,-1,-1,-1,-1,-1,-1,-1,-1,-1,-1,-1,-1,-1,-1,-1,-1,-1,-1,-1,0,0,0,0,0,0,0,0,0,0,0,0,0,0,0,0,0,0,0,0,0,0,0,0,255,139,139,110,0,0,0,0,0,0,0,100,100,100,100,0,0,100,-1,-1,100,110,0,1,1,-1,0,0,200,0,0,0,0,110,0,110,0,0,0,0,130,0,[0|0|0|0]
6100100,Thrusting Shield - Default Attack,0.37,0.2,0.2,0,1.15,0.08,6904,-1,-1,1665,-1,110,100,300,-1,130,110,310,-1,0,125,125,125,125,140,120,100,100,0,0,0,0,0,0,0,0,0,0,0,0,10,0,0,0,0,0,2,0,0,0,0,0,2,0,0,2,255,0,255,0,255,0,0,0,0,0,0,0,0,0,0,0,0,1,0,0,0,0,0,0,0,0,0,0,-1,-1,2100,2010,-1,-1,-1,-1,-1,-1,-1,-1,-1,-1,-1,-1,-1,-1,-1,-1,-1,-1,-1,-1,-1,-1,-1,-1,-1,-1,-1,-1,0,0,0,0,0,0,0,0,0,0,0,0,-1,-1,-1,-1,-1,-1,-1,-1,-1,-1,-1,-1,-1,-1,-1,-1,-1,-1,-1,-1,-1,-1,-1,-1,0,0,0,0,0,0,0,0,0,0,0,0,0,0,0,0,0,0,0,0,0,0,0,0,255,139,139,125,0,0,0,0,0,0,0,100,100,100,100,0,0,100,-1,-1,100,130,0,1,1,-1,0,0,200,0,0,0,0,125,0,125,0,0,0,0,130,0,[0|0|0|0]
6100105,Thrusting Shield - Default Attack,0.37,0.2,0.2,0,1.2,0.08,6906,-1,-1,1665,-1,110,100,300,-1,130,110,310,-1,0,160,160,160,160,200,400,100,100,100,0,0,0,0,0,0,0,0,0,0,0,10,0,0,0,0,0,2,0,0,0,0,0,2,0,0,2,255,0,255,0,255,0,0,0,0,0,0,0,0,0,0,0,0,1,0,0,0,0,0,0,0,0,0,0,-1,-1,2100,2010,-1,-1,-1,-1,-1,-1,-1,-1,-1,-1,-1,-1,-1,-1,-1,-1,-1,-1,-1,-1,-1,-1,-1,-1,-1,-1,-1,-1,0,0,0,0,0,0,0,0,0,0,0,0,-1,-1,-1,-1,-1,-1,-1,-1,-1,-1,-1,-1,-1,-1,-1,-1,-1,-1,-1,-1,-1,-1,-1,-1,0,0,0,0,0,0,0,0,0,0,0,0,0,0,0,0,0,0,0,0,0,0,0,0,255,139,139,160,0,0,0,0,0,0,0,100,100,100,100,0,0,100,-1,-1,100,150,0,1,1,-1,0,0,400,0,0,0,0,160,0,160,0,0,0,0,130,0,[0|0|0|0]
6100110,Thrusting Shield - Default Attack,0.37,0.2,0.2,0,1.45,0.08,6904,-1,-1,1665,-1,110,100,300,-1,130,110,310,-1,0,125,125,125,125,140,120,100,100,0,0,0,0,0,0,0,0,0,0,0,0,10,0,0,0,0,0,2,0,0,0,0,0,2,0,0,3,255,0,255,0,255,0,0,0,0,0,0,0,0,0,0,0,3,1,0,0,0,0,0,0,0,0,0,0,-1,-1,2100,2010,-1,-1,-1,-1,-1,-1,-1,-1,-1,-1,-1,-1,-1,-1,-1,-1,-1,-1,-1,-1,-1,-1,-1,-1,-1,-1,-1,-1,0,0,0,0,0,0,0,0,0,0,0,0,-1,-1,-1,-1,-1,-1,-1,-1,-1,-1,-1,-1,-1,-1,-1,-1,-1,-1,-1,-1,-1,-1,-1,-1,0,0,0,0,0,0,0,0,0,0,0,0,0,0,0,0,0,0,0,0,0,0,0,0,255,139,139,125,0,0,0,0,0,0,0,100,100,100,100,0,0,100,-1,-1,100,130,0,1,1,-1,0,0,200,0,0,0,0,125,0,125,0,0,0,0,130,0,[0|0|0|0]
6100115,Thrusting Shield - Default Attack,0.37,0.2,0.2,0,1.4,0.08,6906,-1,-1,1665,-1,110,100,300,-1,130,110,310,-1,0,160,160,160,160,200,400,100,100,100,0,0,0,0,0,0,0,0,0,0,0,10,0,0,0,0,0,2,0,0,0,0,0,2,0,0,3,255,0,255,0,255,0,0,0,0,0,0,0,0,0,0,0,3,1,0,0,0,0,0,0,0,0,0,0,-1,-1,2100,2010,-1,-1,-1,-1,-1,-1,-1,-1,-1,-1,-1,-1,-1,-1,-1,-1,-1,-1,-1,-1,-1,-1,-1,-1,-1,-1,-1,-1,0,0,0,0,0,0,0,0,0,0,0,0,-1,-1,-1,-1,-1,-1,-1,-1,-1,-1,-1,-1,-1,-1,-1,-1,-1,-1,-1,-1,-1,-1,-1,-1,0,0,0,0,0,0,0,0,0,0,0,0,0,0,0,0,0,0,0,0,0,0,0,0,255,139,139,160,0,0,0,0,0,0,0,100,100,100,100,0,0,100,-1,-1,100,150,0,1,1,-1,0,0,400,0,0,0,0,160,0,160,0,0,0,0,130,0,[0|0|0|0]
6100120,Thrusting Shield - Default Attack,0.37,0.2,0.2,0,1.35,0.08,6903,-1,-1,1665,-1,110,100,300,-1,130,110,310,-1,0,105,105,105,105,120,120,100,100,122,0,0,0,0,0,0,0,0,0,0,0,10,0,0,0,0,0,2,0,0,0,0,0,2,0,0,2,255,0,255,0,255,0,0,0,0,0,0,0,0,0,0,0,0,1,0,0,0,0,0,0,0,0,0,0,-1,-1,2100,2010,-1,-1,-1,-1,-1,-1,-1,-1,-1,-1,-1,-1,-1,-1,-1,-1,-1,-1,-1,-1,-1,-1,-1,-1,-1,-1,-1,-1,0,0,0,0,0,0,0,0,0,0,0,0,-1,-1,-1,-1,-1,-1,-1,-1,-1,-1,-1,-1,-1,-1,-1,-1,-1,-1,-1,-1,-1,-1,-1,-1,0,0,0,0,0,0,0,0,0,0,0,0,0,0,0,0,0,0,0,0,0,0,0,0,255,139,139,105,0,0,0,0,0,0,0,100,100,100,100,0,0,100,-1,-1,100,110,0,1,1,-1,0,0,185,0,0,0,0,105,0,105,0,0,0,0,130,0,[0|0|0|0]
6100125,Thrusting Shield - Default Attack,0.37,0.2,0.2,0,2,0.08,6904,-1,-1,1665,-1,122,120,300,-1,130,130,310,-1,0,130,130,130,130,170,400,100,100,122,0,0,0,0,0,0,0,0,0,0,0,10,0,0,0,0,0,2,0,0,0,0,0,2,0,0,3,255,0,255,0,255,0,0,0,0,0,0,0,0,0,0,0,3,1,0,0,0,0,0,0,0,0,0,0,-1,-1,2100,2010,-1,-1,-1,-1,-1,-1,-1,-1,-1,-1,-1,-1,-1,-1,-1,-1,-1,-1,-1,-1,-1,-1,-1,-1,-1,-1,-1,-1,0,0,0,0,0,0,0,0,0,0,0,0,-1,-1,-1,-1,-1,-1,-1,-1,-1,-1,-1,-1,-1,-1,-1,-1,-1,-1,-1,-1,-1,-1,-1,-1,0,0,0,0,0,0,0,0,0,0,0,0,0,0,0,0,0,0,0,0,0,0,0,0,255,139,139,130,0,0,0,0,0,0,0,100,100,100,100,0,0,100,-1,-1,100,130,0,1,1,-1,0,0,200,0,0,0,0,130,0,130,0,0,0,0,130,0,[0|0|0|0]
6100127,Thrusting Shield - Default Attack,0.2,0.37,0,0,0.85,0.08,6904,-1,-1,1665,-1,100,110,0,-1,110,-1,0,-1,0,130,130,130,130,170,400,100,100,122,0,0,0,0,0,0,0,0,0,0,0,10,0,0,0,0,0,0,0,0,0,0,0,2,0,0,3,255,0,255,0,255,0,0,0,0,0,0,0,0,0,0,0,3,1,0,0,0,0,0,0,0,0,0,0,-1,-1,2100,2010,-1,-1,-1,-1,-1,-1,-1,-1,-1,-1,-1,-1,-1,-1,-1,-1,-1,-1,-1,-1,-1,-1,-1,-1,-1,-1,-1,-1,0,0,0,0,0,0,0,0,0,0,0,0,-1,-1,-1,-1,-1,-1,-1,-1,-1,-1,-1,-1,-1,-1,-1,-1,-1,-1,-1,-1,-1,-1,-1,-1,0,0,0,0,0,0,0,0,0,0,0,0,0,0,0,0,0,0,0,0,0,0,0,0,255,139,139,130,0,0,0,0,0,0,0,100,100,100,100,0,0,100,-1,-1,100,130,0,1,1,-1,0,0,200,0,0,0,0,130,0,130,0,0,0,0,130,0,[0|0|0|0]
6100130,Thrusting Shield - Default Attack,0.2,0.37,0.2,0,1.3,0.08,6903,-1,-1,1665,-1,110,130,300,-1,100,110,310,-1,0,90,90,90,90,110,200,100,100,121,0,0,0,0,0,0,0,0,0,0,0,10,0,0,0,0,0,2,0,0,0,0,0,1,0,0,2,255,0,255,0,255,0,0,0,0,0,0,0,0,0,0,0,2,1,0,0,0,0,0,0,0,0,0,0,-1,-1,2100,2010,-1,-1,-1,-1,-1,-1,-1,-1,-1,-1,-1,-1,-1,-1,-1,-1,-1,-1,-1,-1,-1,-1,-1,-1,-1,-1,-1,-1,0,0,0,0,0,0,0,0,0,0,0,0,-1,-1,-1,-1,-1,-1,-1,-1,-1,-1,-1,-1,-1,-1,-1,-1,-1,-1,-1,-1,-1,-1,-1,-1,0,0,0,0,0,0,0,0,0,0,0,0,0,0,0,0,0,0,0,0,0,0,0,0,255,139,139,90,0,0,0,0,0,0,0,100,100,100,100,0,0,100,-1,-1,100,90,0,1,1,-1,0,0,185,0,0,0,0,90,0,90,0,0,0,0,130,0,[0|0|0|0]
6100140,Thrusting Shield - Default Attack,0.37,0.2,0.2,0,1.1,0.08,6903,-1,-1,1665,-1,110,130,300,-1,130,120,310,-1,0,90,90,90,90,110,200,100,100,121,0,0,0,0,0,0,0,0,0,0,0,10,0,0,0,0,0,2,0,0,0,0,0,2,0,0,2,255,0,255,0,255,0,0,0,0,0,0,0,0,0,0,0,1,1,0,0,0,0,0,0,0,0,0,0,-1,-1,2100,2010,-1,-1,-1,-1,-1,-1,-1,-1,-1,-1,-1,-1,-1,-1,-1,-1,-1,-1,-1,-1,-1,-1,-1,-1,-1,-1,-1,-1,0,0,0,0,0,0,0,0,0,0,0,0,-1,-1,-1,-1,-1,-1,-1,-1,-1,-1,-1,-1,-1,-1,-1,-1,-1,-1,-1,-1,-1,-1,-1,-1,0,0,0,0,0,0,0,0,0,0,0,0,0,0,0,0,0,0,0,0,0,0,0,0,255,139,139,90,0,0,0,0,0,0,0,100,100,100,100,0,0,100,-1,-1,100,90,0,1,1,-1,0,0,185,0,0,0,0,90,0,90,0,0,0,0,130,0,[0|0|0|0]
6100150,Thrusting Shield - Default Attack,0.67,0.5,0.2,0,1.1,0.08,6903,-1,-1,1665,-1,110,100,300,-1,130,110,310,-1,0,107,107,107,107,100,9900,100,100,102,0,0,0,0,0,0,0,0,0,0,0,10,0,0,0,0,0,2,0,0,0,0,0,1,0,0,2,255,0,255,0,255,0,0,0,0,0,0,0,0,0,0,0,4,1,0,0,0,0,0,0,0,0,0,0,-1,-1,2100,2010,-1,-1,-1,-1,-1,-1,-1,-1,-1,-1,-1,-1,-1,-1,-1,-1,-1,-1,-1,-1,-1,-1,-1,-1,-1,-1,-1,-1,0,0,0,0,0,0,0,0,0,0,0,0,-1,-1,-1,-1,-1,-1,-1,-1,-1,-1,-1,-1,-1,-1,-1,-1,-1,-1,-1,-1,-1,-1,-1,-1,0,0,0,0,0,0,0,0,0,0,0,0,0,0,0,0,0,0,0,0,0,0,0,0,255,139,139,107,0,0,0,0,0,0,0,100,100,100,100,0,0,100,-1,-1,100,130,0,1,1,-1,0,0,185,0,0,0,0,107,0,107,0,0,0,0,130,0,[0|0|0|0]
6100160,Thrusting Shield - Default Attack,0.67,0.5,0.2,0,1.1,0.08,6904,-1,-1,1665,-1,110,100,300,-1,130,110,310,-1,0,130,130,130,130,200,9900,100,100,102,0,0,0,0,0,0,0,0,0,0,0,10,0,0,0,0,0,2,0,0,0,0,0,2,0,0,2,255,0,255,0,255,0,0,0,0,0,0,0,0,0,0,0,1,1,0,0,0,0,0,0,0,0,0,0,-1,-1,2100,2010,-1,-1,-1,-1,-1,-1,-1,-1,-1,-1,-1,-1,-1,-1,-1,-1,-1,-1,-1,-1,-1,-1,-1,-1,-1,-1,-1,-1,0,0,0,0,0,0,0,0,0,0,0,0,-1,-1,-1,-1,-1,-1,-1,-1,-1,-1,-1,-1,-1,-1,-1,-1,-1,-1,-1,-1,-1,-1,-1,-1,0,0,0,0,0,0,0,0,0,0,0,0,0,0,0,0,0,0,0,0,0,0,0,0,255,139,139,130,0,0,0,0,0,0,0,100,100,100,100,0,0,100,-1,-1,100,140,0,1,1,-1,0,0,400,0,0,0,0,130,0,130,0,0,0,0,130,0,[0|0|0|0]
6100180,Thrusting Shield - Default Attack,0.37,0.2,0.2,0,1.25,0.08,-1,-1,-1,1665,-1,110,100,300,-1,130,110,310,-1,0,125,125,125,125,110,9900,100,60000,103,0,0,0,0,0,0,0,0,0,0,0,10,0,0,0,0,0,2,0,0,0,0,0,2,0,0,2,255,0,255,0,255,0,0,0,0,0,0,0,0,0,0,0,0,1,0,0,0,0,0,0,0,0,0,0,-1,-1,2100,2010,-1,-1,-1,-1,-1,-1,-1,-1,-1,-1,-1,-1,-1,-1,-1,-1,-1,-1,-1,-1,-1,-1,-1,-1,-1,-1,-1,-1,0,0,0,0,0,0,0,0,0,0,0,0,-1,-1,-1,-1,-1,-1,-1,-1,-1,-1,-1,-1,-1,-1,-1,-1,-1,-1,-1,-1,-1,-1,-1,-1,0,0,0,0,0,0,0,0,0,0,0,0,0,0,0,0,0,0,0,0,0,0,0,0,255,139,139,125,0,0,0,0,0,0,0,100,100,100,100,0,0,100,-1,-1,100,100,0,1,1,-1,0,0,600,0,0,0,0,125,0,125,0,0,0,0,130,0,[0|0|0|0]
6100200,Thrusting Shield - Default Attack,0.37,0.2,0.2,0,1.15,0.08,6903,-1,-1,1665,1667,110,100,300,-1,130,110,310,-1,0,103,103,103,103,120,500,100,100,0,120,0,0,0,0,0,0,0,0,0,0,10,0,0,0,0,0,2,0,0,0,0,0,1,0,0,2,255,0,255,0,255,0,0,0,0,0,0,0,0,0,0,0,0,1,0,0,0,0,0,0,0,0,0,0,-1,-1,2100,2010,-1,-1,-1,-1,-1,-1,-1,-1,-1,-1,-1,-1,-1,-1,-1,-1,-1,-1,-1,-1,-1,-1,-1,-1,-1,-1,-1,-1,0,0,0,0,0,0,0,0,0,0,0,0,-1,-1,-1,-1,-1,-1,-1,-1,-1,-1,-1,-1,-1,-1,-1,-1,-1,-1,-1,-1,-1,-1,-1,-1,0,0,0,0,0,0,0,0,0,0,0,0,0,0,0,0,0,0,0,0,0,0,0,0,255,139,139,103,0,0,0,0,0,0,0,100,100,100,100,0,0,100,-1,-1,100,100,0,1,1,-1,0,0,203,0,0,0,0,103,0,103,0,0,0,0,130,0,[0|0|0|0]
6100210,Thrusting Shield - Default Attack,0.37,0.2,0.2,0,1.75,0.08,6903,-1,-1,1665,1667,110,100,300,-1,130,120,310,-1,0,104,104,104,104,120,500,100,100,0,120,0,0,0,0,0,0,0,0,0,0,10,0,0,0,0,0,2,0,0,0,0,0,1,0,0,2,255,0,255,0,255,0,0,0,0,0,0,0,0,0,0,0,3,1,0,0,0,0,0,0,0,0,0,0,-1,-1,2100,2010,-1,-1,-1,-1,-1,-1,-1,-1,-1,-1,-1,-1,-1,-1,-1,-1,-1,-1,-1,-1,-1,-1,-1,-1,-1,-1,-1,-1,0,0,0,0,0,0,0,0,0,0,0,0,-1,-1,-1,-1,-1,-1,-1,-1,-1,-1,-1,-1,-1,-1,-1,-1,-1,-1,-1,-1,-1,-1,-1,-1,0,0,0,0,0,0,0,0,0,0,0,0,0,0,0,0,0,0,0,0,0,0,0,0,255,139,139,104,0,0,0,0,0,0,0,100,100,100,100,0,0,100,-1,-1,100,100,0,1,1,-1,0,0,203,0,0,0,0,104,0,104,0,0,0,0,130,0,[0|0|0|0]
6100220,Thrusting Shield - Default Attack,0.37,0.2,0.2,0,1.75,0.08,6903,-1,-1,1665,1667,110,100,300,-1,130,110,310,-1,0,105,105,105,105,120,500,100,100,0,120,0,0,0,0,0,0,0,0,0,0,10,0,0,0,0,0,2,0,0,0,0,0,1,0,0,2,255,0,255,0,255,0,0,0,0,0,0,0,0,0,0,0,2,1,0,0,0,0,0,0,0,0,0,0,-1,-1,2100,2010,-1,-1,-1,-1,-1,-1,-1,-1,-1,-1,-1,-1,-1,-1,-1,-1,-1,-1,-1,-1,-1,-1,-1,-1,-1,-1,-1,-1,0,0,0,0,0,0,0,0,0,0,0,0,-1,-1,-1,-1,-1,-1,-1,-1,-1,-1,-1,-1,-1,-1,-1,-1,-1,-1,-1,-1,-1,-1,-1,-1,0,0,0,0,0,0,0,0,0,0,0,0,0,0,0,0,0,0,0,0,0,0,0,0,255,139,139,105,0,0,0,0,0,0,0,100,100,100,100,0,0,100,-1,-1,100,105,0,1,1,-1,0,0,203,0,0,0,0,105,0,105,0,0,0,0,130,0,[0|0|0|0]
6100230,Thrusting Shield - Default Attack,0.37,0.2,0.2,0,1.9,0.08,6903,-1,-1,1665,1667,110,130,300,-1,130,120,310,-1,0,115,115,115,115,120,500,100,100,104,120,0,0,0,0,0,0,0,0,0,0,10,0,0,0,0,0,2,0,0,0,0,0,2,0,0,2,255,0,255,0,255,0,0,0,0,0,0,0,0,0,0,0,1,1,0,0,0,0,0,0,0,0,0,0,-1,-1,2100,2010,-1,-1,-1,-1,-1,-1,-1,-1,-1,-1,-1,-1,-1,-1,-1,-1,-1,-1,-1,-1,-1,-1,-1,-1,-1,-1,-1,-1,0,0,0,0,0,0,0,0,0,0,0,0,-1,-1,-1,-1,-1,-1,-1,-1,-1,-1,-1,-1,-1,-1,-1,-1,-1,-1,-1,-1,-1,-1,-1,-1,0,0,0,0,0,0,0,0,0,0,0,0,0,0,0,0,0,0,0,0,0,0,0,0,255,139,139,115,0,0,0,0,0,0,0,100,100,100,100,0,0,100,-1,-1,100,110,0,1,1,-1,0,0,220,0,0,0,0,115,0,115,0,0,0,0,130,0,[0|0|0|0]
6100300,Thrusting Shield - Default Attack,0.37,0.2,0.2,0,1.8,0.08,6904,-1,-1,1665,1667,110,100,300,-1,130,110,310,-1,0,135,135,135,135,170,500,100,100,0,120,0,0,0,0,0,0,0,0,0,0,10,0,0,0,0,0,2,0,0,0,0,0,2,0,0,2,255,0,255,0,255,0,0,0,0,0,0,0,0,0,0,0,4,1,0,0,0,0,0,0,0,0,0,0,-1,-1,2100,2010,-1,-1,-1,-1,-1,-1,-1,-1,-1,-1,-1,-1,-1,-1,-1,-1,-1,-1,-1,-1,-1,-1,-1,-1,-1,-1,-1,-1,0,0,0,0,0,0,0,0,0,0,0,0,-1,-1,-1,-1,-1,-1,-1,-1,-1,-1,-1,-1,-1,-1,-1,-1,-1,-1,-1,-1,-1,-1,-1,-1,0,0,0,0,0,0,0,0,0,0,0,0,0,0,0,0,0,0,0,0,0,0,0,0,255,139,139,135,0,0,0,0,0,0,0,100,100,100,100,0,0,100,-1,-1,100,130,0,1,1,-1,0,0,220,0,0,0,0,135,0,135,0,0,0,0,130,0,[0|0|0|0]
6100305,Thrusting Shield - Default Attack,0.37,0.2,0.2,0,2,0.08,6904,-1,-1,1665,1667,110,100,300,-1,130,110,310,-1,0,177,177,177,177,240,500,100,100,100,120,0,0,0,0,0,0,0,0,0,0,10,0,0,0,0,0,2,0,0,0,0,0,2,0,0,2,255,0,255,0,255,0,0,0,0,0,0,0,0,0,0,0,4,1,0,0,0,0,0,0,0,0,0,0,-1,-1,2100,2010,-1,-1,-1,-1,-1,-1,-1,-1,-1,-1,-1,-1,-1,-1,-1,-1,-1,-1,-1,-1,-1,-1,-1,-1,-1,-1,-1,-1,0,0,0,0,0,0,0,0,0,0,0,0,-1,-1,-1,-1,-1,-1,-1,-1,-1,-1,-1,-1,-1,-1,-1,-1,-1,-1,-1,-1,-1,-1,-1,-1,0,0,0,0,0,0,0,0,0,0,0,0,0,0,0,0,0,0,0,0,0,0,0,0,255,139,139,177,0,0,0,0,0,0,0,100,100,100,100,0,0,100,-1,-1,100,150,0,1,1,-1,0,0,440,0,0,0,0,177,0,177,0,0,0,0,130,0,[0|0|0|0]
6100310,Thrusting Shield - Default Attack,0.37,0.2,0.2,0,1.6,0.08,6904,-1,-1,1665,1667,110,100,300,-1,130,110,310,-1,0,136,136,136,136,170,500,100,100,0,120,0,0,0,0,0,0,0,0,0,0,10,0,0,0,0,0,2,0,0,0,0,0,2,0,0,3,255,0,255,0,255,0,0,0,0,0,0,0,0,0,0,0,3,1,0,0,0,0,0,0,0,0,0,0,-1,-1,2100,2010,-1,-1,-1,-1,-1,-1,-1,-1,-1,-1,-1,-1,-1,-1,-1,-1,-1,-1,-1,-1,-1,-1,-1,-1,-1,-1,-1,-1,0,0,0,0,0,0,0,0,0,0,0,0,-1,-1,-1,-1,-1,-1,-1,-1,-1,-1,-1,-1,-1,-1,-1,-1,-1,-1,-1,-1,-1,-1,-1,-1,0,0,0,0,0,0,0,0,0,0,0,0,0,0,0,0,0,0,0,0,0,0,0,0,255,139,139,136,0,0,0,0,0,0,0,100,100,100,100,0,0,100,-1,-1,100,130,0,1,1,-1,0,0,220,0,0,0,0,136,0,136,0,0,0,0,130,0,[0|0|0|0]
6100315,Thrusting Shield - Default Attack,0.37,0.2,0.2,0,1.9,0.08,6904,-1,-1,1665,1667,110,100,300,-1,130,110,310,-1,0,179,179,179,179,240,500,100,100,100,120,0,0,0,0,0,0,0,0,0,0,10,0,0,0,0,0,2,0,0,0,0,0,2,0,0,3,255,0,255,0,255,0,0,0,0,0,0,0,0,0,0,0,3,1,0,0,0,0,0,0,0,0,0,0,-1,-1,2100,2010,-1,-1,-1,-1,-1,-1,-1,-1,-1,-1,-1,-1,-1,-1,-1,-1,-1,-1,-1,-1,-1,-1,-1,-1,-1,-1,-1,-1,0,0,0,0,0,0,0,0,0,0,0,0,-1,-1,-1,-1,-1,-1,-1,-1,-1,-1,-1,-1,-1,-1,-1,-1,-1,-1,-1,-1,-1,-1,-1,-1,0,0,0,0,0,0,0,0,0,0,0,0,0,0,0,0,0,0,0,0,0,0,0,0,255,139,139,179,0,0,0,0,0,0,0,100,100,100,100,0,0,100,-1,-1,100,150,0,1,1,-1,0,0,440,0,0,0,0,179,0,179,0,0,0,0,130,0,[0|0|0|0]
6100320,Thrusting Shield - Default Attack,0.37,0.2,0.2,0,1.6,0.08,6903,-1,-1,1665,1667,110,100,300,-1,130,110,310,-1,0,110,110,110,110,170,500,100,100,122,120,0,0,0,0,0,0,0,0,0,0,10,0,0,0,0,0,2,0,0,0,0,0,2,0,0,2,255,0,255,0,255,0,0,0,0,0,0,0,0,0,0,0,2,1,0,0,0,0,0,0,0,0,0,0,-1,-1,2100,2010,-1,-1,-1,-1,-1,-1,-1,-1,-1,-1,-1,-1,-1,-1,-1,-1,-1,-1,-1,-1,-1,-1,-1,-1,-1,-1,-1,-1,0,0,0,0,0,0,0,0,0,0,0,0,-1,-1,-1,-1,-1,-1,-1,-1,-1,-1,-1,-1,-1,-1,-1,-1,-1,-1,-1,-1,-1,-1,-1,-1,0,0,0,0,0,0,0,0,0,0,0,0,0,0,0,0,0,0,0,0,0,0,0,0,255,139,139,110,0,0,0,0,0,0,0,100,100,100,100,0,0,100,-1,-1,100,110,0,1,1,-1,0,0,203,0,0,0,0,110,0,110,0,0,0,0,130,0,[0|0|0|0]
6100325,Thrusting Shield - Default Attack,0.37,0.2,0.2,0,2,0.08,6904,-1,-1,1665,1667,122,120,300,-1,130,130,310,-1,0,135,135,135,135,180,500,100,100,122,120,0,0,0,0,0,0,0,0,0,0,10,0,0,0,0,0,2,0,0,0,0,0,2,0,0,3,255,0,255,0,255,0,0,0,0,0,0,0,0,0,0,0,3,1,0,0,0,0,0,0,0,0,0,0,-1,-1,2100,2010,-1,-1,-1,-1,-1,-1,-1,-1,-1,-1,-1,-1,-1,-1,-1,-1,-1,-1,-1,-1,-1,-1,-1,-1,-1,-1,-1,-1,0,0,0,0,0,0,0,0,0,0,0,0,-1,-1,-1,-1,-1,-1,-1,-1,-1,-1,-1,-1,-1,-1,-1,-1,-1,-1,-1,-1,-1,-1,-1,-1,0,0,0,0,0,0,0,0,0,0,0,0,0,0,0,0,0,0,0,0,0,0,0,0,255,139,139,145,0,0,0,0,0,0,0,100,100,100,100,0,0,100,-1,-1,100,130,0,1,1,-1,0,0,220,0,0,0,0,135,0,135,0,0,0,0,130,0,[0|0|0|0]
6100327,Thrusting Shield - Default Attack,0.2,0.37,0,0,1.3,0.08,6904,-1,-1,1665,1667,100,110,0,-1,110,-1,0,-1,0,135,135,135,135,180,500,100,100,122,120,0,0,0,0,0,0,0,0,0,0,10,0,0,0,0,0,0,0,0,0,0,0,2,0,0,3,255,0,255,0,255,0,0,0,0,0,0,0,0,0,0,0,3,1,0,0,0,0,0,0,0,0,0,0,-1,-1,2100,2010,-1,-1,-1,-1,-1,-1,-1,-1,-1,-1,-1,-1,-1,-1,-1,-1,-1,-1,-1,-1,-1,-1,-1,-1,-1,-1,-1,-1,0,0,0,0,0,0,0,0,0,0,0,0,-1,-1,-1,-1,-1,-1,-1,-1,-1,-1,-1,-1,-1,-1,-1,-1,-1,-1,-1,-1,-1,-1,-1,-1,0,0,0,0,0,0,0,0,0,0,0,0,0,0,0,0,0,0,0,0,0,0,0,0,255,139,139,145,0,0,0,0,0,0,0,100,100,100,100,0,0,100,-1,-1,100,130,0,1,1,-1,0,0,220,0,0,0,0,135,0,135,0,0,0,0,130,0,[0|0|0|0]
6100330,Thrusting Shield - Default Attack,0.37,0.2,0.2,0,1.5,0.08,6903,-1,-1,1665,1667,110,100,300,-1,130,110,310,-1,0,95,95,95,95,130,500,100,100,121,120,0,0,0,0,0,0,0,0,0,0,10,0,0,0,0,0,2,0,0,0,0,0,1,0,0,2,255,0,255,0,255,0,0,0,0,0,0,0,0,0,0,0,0,1,0,0,0,0,0,0,0,0,0,0,-1,-1,2100,2010,-1,-1,-1,-1,-1,-1,-1,-1,-1,-1,-1,-1,-1,-1,-1,-1,-1,-1,-1,-1,-1,-1,-1,-1,-1,-1,-1,-1,0,0,0,0,0,0,0,0,0,0,0,0,-1,-1,-1,-1,-1,-1,-1,-1,-1,-1,-1,-1,-1,-1,-1,-1,-1,-1,-1,-1,-1,-1,-1,-1,0,0,0,0,0,0,0,0,0,0,0,0,0,0,0,0,0,0,0,0,0,0,0,0,255,139,139,95,0,0,0,0,0,0,0,100,100,100,100,0,0,100,-1,-1,100,90,0,1,1,-1,0,0,203,0,0,0,0,95,0,95,0,0,0,0,130,0,[0|0|0|0]
6100340,Thrusting Shield - Default Attack,0.37,0.2,0.2,0,1.8,0.08,6903,-1,-1,1665,1667,110,130,300,-1,130,120,310,-1,0,95,95,95,95,130,500,100,100,121,120,0,0,0,0,0,0,0,0,0,0,10,0,0,0,0,0,2,0,0,0,0,0,2,0,0,2,255,0,255,0,255,0,0,0,0,0,0,0,0,0,0,0,1,1,0,0,0,0,0,0,0,0,0,0,-1,-1,2100,2010,-1,-1,-1,-1,-1,-1,-1,-1,-1,-1,-1,-1,-1,-1,-1,-1,-1,-1,-1,-1,-1,-1,-1,-1,-1,-1,-1,-1,0,0,0,0,0,0,0,0,0,0,0,0,-1,-1,-1,-1,-1,-1,-1,-1,-1,-1,-1,-1,-1,-1,-1,-1,-1,-1,-1,-1,-1,-1,-1,-1,0,0,0,0,0,0,0,0,0,0,0,0,0,0,0,0,0,0,0,0,0,0,0,0,255,139,139,95,0,0,0,0,0,0,0,100,100,100,100,0,0,100,-1,-1,100,90,0,1,1,-1,0,0,203,0,0,0,0,95,0,95,0,0,0,0,130,0,[0|0|0|0]
6100350,Thrusting Shield - Default Attack,0.67,0.5,0.2,0,1.5,0.08,6903,-1,-1,1665,1667,110,100,300,-1,130,110,310,-1,0,110,110,110,110,120,9900,100,100,102,120,0,0,0,0,0,0,0,0,0,0,10,0,0,0,0,0,2,0,0,0,0,0,1,0,0,2,255,0,255,0,255,0,0,0,0,0,0,0,0,0,0,0,0,1,0,0,0,0,0,0,0,0,0,0,-1,-1,2100,2010,-1,-1,-1,-1,-1,-1,-1,-1,-1,-1,-1,-1,-1,-1,-1,-1,-1,-1,-1,-1,-1,-1,-1,-1,-1,-1,-1,-1,0,0,0,0,0,0,0,0,0,0,0,0,-1,-1,-1,-1,-1,-1,-1,-1,-1,-1,-1,-1,-1,-1,-1,-1,-1,-1,-1,-1,-1,-1,-1,-1,0,0,0,0,0,0,0,0,0,0,0,0,0,0,0,0,0,0,0,0,0,0,0,0,255,139,139,110,0,0,0,0,0,0,0,100,100,100,100,0,0,100,-1,-1,100,130,0,1,1,-1,0,0,203,0,0,0,0,110,0,110,0,0,0,0,130,0,[0|0|0|0]
6100360,Thrusting Shield - Default Attack,0.67,0.5,0.2,0,1.5,0.08,6904,-1,-1,1665,1667,110,130,300,-1,130,120,310,-1,0,135,135,135,135,240,9900,100,100,102,120,0,0,0,0,0,0,0,0,0,0,10,0,0,0,0,0,2,0,0,0,0,0,2,0,0,2,255,0,255,0,255,0,0,0,0,0,0,0,0,0,0,0,1,1,0,0,0,0,0,0,0,0,0,0,-1,-1,2100,2010,-1,-1,-1,-1,-1,-1,-1,-1,-1,-1,-1,-1,-1,-1,-1,-1,-1,-1,-1,-1,-1,-1,-1,-1,-1,-1,-1,-1,0,0,0,0,0,0,0,0,0,0,0,0,-1,-1,-1,-1,-1,-1,-1,-1,-1,-1,-1,-1,-1,-1,-1,-1,-1,-1,-1,-1,-1,-1,-1,-1,0,0,0,0,0,0,0,0,0,0,0,0,0,0,0,0,0,0,0,0,0,0,0,0,255,139,139,135,0,0,0,0,0,0,0,100,100,100,100,0,0,100,-1,-1,100,140,0,1,1,-1,0,0,440,0,0,0,0,135,0,135,0,0,0,0,130,0,[0|0|0|0]
6100380,Thrusting Shield - Default Attack,0.37,0.2,0.2,0,1.3,0.08,-1,-1,-1,1665,1667,110,130,300,-1,130,120,310,-1,0,130,130,130,130,130,9900,100,60000,103,120,0,0,0,0,0,0,0,0,0,0,10,0,0,0,0,0,2,0,0,0,0,0,2,0,0,2,255,0,255,0,255,0,0,0,0,0,0,0,0,0,0,0,1,1,0,0,0,0,0,0,0,0,0,0,-1,-1,2100,2010,-1,-1,-1,-1,-1,-1,-1,-1,-1,-1,-1,-1,-1,-1,-1,-1,-1,-1,-1,-1,-1,-1,-1,-1,-1,-1,-1,-1,0,0,0,0,0,0,0,0,0,0,0,0,-1,-1,-1,-1,-1,-1,-1,-1,-1,-1,-1,-1,-1,-1,-1,-1,-1,-1,-1,-1,-1,-1,-1,-1,0,0,0,0,0,0,0,0,0,0,0,0,0,0,0,0,0,0,0,0,0,0,0,0,255,139,139,130,0,0,0,0,0,0,0,100,100,100,100,0,0,100,-1,-1,100,100,0,1,1,-1,0,0,660,0,0,0,0,130,0,130,0,0,0,0,130,0,[0|0|0|0]
6100400,Thrusting Shield - Default Attack,0.37,0.2,0.2,0,1.2,0.08,6903,-1,-1,-1,1667,110,100,300,-1,130,110,310,-1,0,100,100,100,100,100,100,100,100,0,0,0,0,0,0,0,0,0,0,0,0,10,0,0,0,0,0,2,0,0,0,0,0,1,0,0,2,255,0,255,0,255,0,0,0,0,0,0,0,0,0,0,0,3,1,0,0,0,0,0,0,0,0,0,0,-1,-1,2100,2010,-1,-1,-1,-1,-1,-1,-1,-1,-1,-1,-1,-1,-1,-1,-1,-1,-1,-1,-1,-1,-1,-1,-1,-1,-1,-1,-1,-1,0,0,0,0,0,0,0,0,0,0,0,0,-1,-1,-1,-1,-1,-1,-1,-1,-1,-1,-1,-1,-1,-1,-1,-1,-1,-1,-1,-1,-1,-1,-1,-1,0,0,0,0,0,0,0,0,0,0,0,0,0,0,0,0,0,0,0,0,0,0,0,0,255,139,139,100,0,0,0,0,0,0,0,100,100,100,100,0,0,100,-1,-1,100,100,0,1,1,-1,0,0,185,0,0,0,0,100,0,100,0,0,0,0,130,0,[0|0|0|0]
6100410,Thrusting Shield - Default Attack,0.37,0.2,0.2,0,1.2,0.08,6903,-1,-1,-1,1667,110,130,300,-1,130,120,310,-1,0,101,101,101,101,100,100,100,100,0,0,0,0,0,0,0,0,0,0,0,0,10,0,0,0,0,0,2,0,0,0,0,0,1,0,0,2,255,0,255,0,255,0,0,0,0,0,0,0,0,0,0,0,4,1,0,0,0,0,0,0,0,0,0,0,-1,-1,2100,2010,-1,-1,-1,-1,-1,-1,-1,-1,-1,-1,-1,-1,-1,-1,-1,-1,-1,-1,-1,-1,-1,-1,-1,-1,-1,-1,-1,-1,0,0,0,0,0,0,0,0,0,0,0,0,-1,-1,-1,-1,-1,-1,-1,-1,-1,-1,-1,-1,-1,-1,-1,-1,-1,-1,-1,-1,-1,-1,-1,-1,0,0,0,0,0,0,0,0,0,0,0,0,0,0,0,0,0,0,0,0,0,0,0,0,255,139,139,101,0,0,0,0,0,0,0,100,100,100,100,0,0,100,-1,-1,100,100,0,1,1,-1,0,0,185,0,0,0,0,101,0,101,0,0,0,0,130,0,[0|0|0|0]
6100420,Thrusting Shield - Default Attack,0.37,0.2,0.2,0,1.4,0.08,6903,-1,-1,-1,1667,110,100,300,-1,130,110,310,-1,0,102,102,102,102,100,100,100,100,0,0,0,0,0,0,0,0,0,0,0,0,10,0,0,0,0,0,2,0,0,0,0,0,1,0,0,2,255,0,255,0,255,0,0,0,0,0,0,0,0,0,0,0,2,1,0,0,0,0,0,0,0,0,0,0,-1,-1,2100,2010,-1,-1,-1,-1,-1,-1,-1,-1,-1,-1,-1,-1,-1,-1,-1,-1,-1,-1,-1,-1,-1,-1,-1,-1,-1,-1,-1,-1,0,0,0,0,0,0,0,0,0,0,0,0,-1,-1,-1,-1,-1,-1,-1,-1,-1,-1,-1,-1,-1,-1,-1,-1,-1,-1,-1,-1,-1,-1,-1,-1,0,0,0,0,0,0,0,0,0,0,0,0,0,0,0,0,0,0,0,0,0,0,0,0,255,139,139,102,0,0,0,0,0,0,0,100,100,100,100,0,0,100,-1,-1,100,105,0,1,1,-1,0,0,185,0,0,0,0,102,0,102,0,0,0,0,130,0,[0|0|0|0]
6100430,Thrusting Shield - Default Attack,0.37,0.2,0.2,0,1.4,0.08,6903,-1,-1,-1,1667,110,130,300,-1,130,120,310,-1,0,110,110,110,110,100,100,100,100,104,0,0,0,0,0,0,0,0,0,0,0,10,0,0,0,0,0,2,0,0,0,0,0,2,0,0,2,255,0,255,0,255,0,0,0,0,0,0,0,0,0,0,0,1,1,0,0,0,0,0,0,0,0,0,0,-1,-1,2100,2010,-1,-1,-1,-1,-1,-1,-1,-1,-1,-1,-1,-1,-1,-1,-1,-1,-1,-1,-1,-1,-1,-1,-1,-1,-1,-1,-1,-1,0,0,0,0,0,0,0,0,0,0,0,0,-1,-1,-1,-1,-1,-1,-1,-1,-1,-1,-1,-1,-1,-1,-1,-1,-1,-1,-1,-1,-1,-1,-1,-1,0,0,0,0,0,0,0,0,0,0,0,0,0,0,0,0,0,0,0,0,0,0,0,0,255,139,139,110,0,0,0,0,0,0,0,100,100,100,100,0,0,100,-1,-1,100,115,0,1,1,-1,0,0,200,0,0,0,0,110,0,110,0,0,0,0,130,0,[0|0|0|0]
6100460,Thrusting Shield - Default Attack,0,0,0,0,0,0,-1,-1,-1,-1,-1,-1,-1,-1,-1,-1,-1,-1,-1,0,0,0,0,0,0,100,100,100,0,0,0,0,0,0,0,0,0,0,0,0,0,0,0,0,0,0,0,0,0,0,0,0,0,0,0,3,0,0,255,0,255,0,0,0,0,0,0,0,0,0,0,0,0,1,0,0,0,0,0,0,0,0,0,0,-1,-1,2100,2010,-1,-1,-1,-1,-1,-1,-1,-1,-1,-1,-1,-1,-1,-1,-1,-1,-1,-1,-1,-1,-1,-1,-1,-1,-1,-1,-1,-1,0,0,0,0,0,0,0,0,0,0,0,0,-1,-1,-1,-1,-1,-1,-1,-1,-1,-1,-1,-1,-1,-1,-1,-1,-1,-1,-1,-1,-1,-1,-1,-1,0,0,0,0,0,0,0,0,0,0,0,0,0,0,0,0,0,0,0,0,0,0,0,0,255,139,139,0,0,0,1,0,0,0,0,100,100,100,100,0,0,100,-1,-1,-1,0,0,1,1,-1,0,0,0,0,0,0,0,0,0,0,0,0,0,0,130,0,[0|0|0|0]
6100461,Thrusting Shield - Default Attack,0,0,0,0,0,0,-1,-1,-1,-1,-1,-1,-1,-1,-1,-1,-1,-1,-1,0,0,0,0,0,0,100,100,100,0,0,0,0,0,0,0,0,0,0,0,0,0,5,0,0,0,0,0,0,0,0,0,0,0,0,0,3,0,0,255,0,255,0,0,0,0,0,0,0,0,0,0,0,0,1,0,0,0,0,0,0,0,0,0,0,-1,-1,2100,2010,-1,-1,-1,-1,-1,-1,-1,-1,-1,-1,-1,-1,-1,-1,-1,-1,-1,-1,-1,-1,-1,-1,-1,-1,-1,-1,-1,-1,0,0,0,0,0,0,0,0,0,0,0,0,-1,-1,-1,-1,-1,-1,-1,-1,-1,-1,-1,-1,-1,-1,-1,-1,-1,-1,-1,-1,-1,-1,-1,-1,0,0,0,0,0,0,0,0,0,0,0,0,0,0,0,0,0,0,0,0,0,0,0,0,255,139,139,0,0,0,1,0,0,0,0,100,100,100,100,0,0,100,-1,-1,-1,0,0,1,1,-1,0,0,0,0,0,0,0,0,0,0,0,0,0,0,130,0,[0|0|0|0]
6100470,Thrusting Shield - Default Attack,0,0,0,0,0,0,-1,-1,-1,-1,-1,-1,-1,-1,-1,-1,-1,-1,-1,0,0,0,0,0,0,100,100,100,0,0,0,0,0,0,0,0,0,0,0,0,0,0,0,0,0,0,0,0,0,0,0,0,0,0,0,3,0,0,255,0,255,0,0,0,0,0,0,0,0,0,0,0,0,1,0,0,0,0,0,0,0,0,0,0,-1,-1,2100,2010,-1,-1,-1,-1,-1,-1,-1,-1,-1,-1,-1,-1,-1,-1,-1,-1,-1,-1,-1,-1,-1,-1,-1,-1,-1,-1,-1,-1,0,0,0,0,0,0,0,0,0,0,0,0,-1,-1,-1,-1,-1,-1,-1,-1,-1,-1,-1,-1,-1,-1,-1,-1,-1,-1,-1,-1,-1,-1,-1,-1,0,0,0,0,0,0,0,0,0,0,0,0,0,0,0,0,0,0,0,0,0,0,0,0,255,139,139,0,0,0,1,0,0,0,0,100,100,100,100,0,0,100,-1,-1,-1,0,0,1,1,-1,0,0,0,0,0,0,0,0,0,0,0,0,0,0,130,0,[0|0|0|0]
6100471,Thrusting Shield - Default Attack,0,0,0,0,0,0,-1,-1,-1,-1,-1,-1,-1,-1,-1,-1,-1,-1,-1,0,0,0,0,0,0,100,100,100,0,0,0,0,0,0,0,0,0,0,0,0,0,5,0,0,0,0,0,0,0,0,0,0,0,0,0,3,0,0,255,0,255,0,0,0,0,0,0,0,0,0,0,0,0,1,0,0,0,0,0,0,0,0,0,0,-1,-1,2100,2010,-1,-1,-1,-1,-1,-1,-1,-1,-1,-1,-1,-1,-1,-1,-1,-1,-1,-1,-1,-1,-1,-1,-1,-1,-1,-1,-1,-1,0,0,0,0,0,0,0,0,0,0,0,0,-1,-1,-1,-1,-1,-1,-1,-1,-1,-1,-1,-1,-1,-1,-1,-1,-1,-1,-1,-1,-1,-1,-1,-1,0,0,0,0,0,0,0,0,0,0,0,0,0,0,0,0,0,0,0,0,0,0,0,0,255,139,139,0,0,0,1,0,0,0,0,100,100,100,100,0,0,100,-1,-1,-1,0,0,1,1,-1,0,0,0,0,0,0,0,0,0,0,0,0,0,0,130,0,[0|0|0|0]
6100480,Thrusting Shield - Default Attack,0,0,0,0,0,0,-1,-1,-1,-1,-1,-1,-1,-1,-1,-1,-1,-1,-1,0,0,0,0,0,0,100,0,100,0,0,0,0,0,0,0,0,0,0,0,0,0,0,-50,0,0,0,0,0,0,0,0,0,0,0,0,3,0,0,255,0,255,0,0,0,0,0,0,0,0,0,0,0,0,1,0,0,0,0,0,0,0,0,0,0,-1,-1,2100,2010,-1,-1,-1,-1,-1,-1,-1,-1,-1,-1,-1,-1,-1,-1,-1,-1,-1,-1,-1,-1,-1,-1,-1,-1,-1,-1,-1,-1,0,0,0,0,0,0,0,0,0,0,0,0,-1,-1,-1,-1,-1,-1,-1,-1,-1,-1,-1,-1,-1,-1,-1,-1,-1,-1,-1,-1,-1,-1,-1,-1,0,0,0,0,0,0,0,0,0,0,0,0,0,0,0,0,0,0,0,0,0,0,0,0,255,139,139,0,0,0,1,0,0,0,0,100,100,100,100,0,0,100,-1,-1,-1,0,0,1,1,-1,0,0,0,0,0,0,0,0,0,0,0,0,0,0,130,0,[0|0|0|0]
6100500,Thrusting Shield - Default Attack,0.25,0,0,0,0,0,350510,350610,20382301,1665,1667,130,-1,-1,-1,100,-1,-1,-1,0,200,200,200,200,100,9900,100,100,0,0,0,0,0,0,0,0,0,0,0,0,10,0,0,0,0,0,0,0,0,0,0,0,0,0,0,2,255,2,6,0,255,0,2,0,0,0,0,0,0,0,0,0,0,1,0,0,0,0,0,0,0,0,0,0,-1,-1,2100,2010,-1,-1,-1,-1,-1,-1,-1,-1,-1,-1,-1,-1,-1,-1,-1,-1,-1,-1,-1,-1,-1,-1,-1,-1,-1,-1,-1,-1,0,0,0,0,0,0,0,0,0,0,0,0,-1,-1,-1,-1,-1,-1,-1,-1,-1,-1,-1,-1,-1,-1,-1,-1,-1,-1,-1,-1,-1,-1,-1,-1,0,0,0,0,0,0,0,0,0,0,0,0,0,0,0,0,0,0,0,0,0,0,0,0,255,139,139,200,0,0,1,1,0,0,0,100,100,100,100,0,1,100,-1,-1,100,1000,0,1,1,-1,0,0,0,0,0,0,0,200,0,200,0,0,0,0,130,0,[0|0|0|0]
6100509,Thrusting Shield - Default Attack,0.37,0.2,0,0,0.6,0.08,-1,-1,-1,1665,1667,100,100,-1,-1,130,120,-1,-1,0,100,100,100,100,100,100,100,100,0,0,0,0,0,0,0,0,0,0,0,0,10,0,0,0,0,0,0,0,0,0,0,0,1,0,0,2,255,2,255,0,255,0,0,0,0,0,0,0,0,0,0,0,0,1,0,0,0,0,0,0,0,0,0,0,-1,-1,2100,2010,-1,-1,-1,-1,-1,-1,-1,-1,-1,-1,-1,-1,-1,-1,-1,-1,-1,-1,-1,-1,-1,-1,-1,-1,-1,-1,-1,-1,0,0,0,0,0,0,0,0,0,0,0,0,-1,-1,-1,-1,-1,-1,-1,-1,-1,-1,-1,-1,-1,-1,-1,-1,-1,-1,-1,-1,-1,-1,-1,-1,0,0,0,0,0,0,0,0,0,0,0,0,0,0,0,0,0,0,0,0,0,0,0,0,255,139,139,100,0,0,1,1,0,0,0,100,100,100,100,0,0,100,-1,-1,100,0,0,1,1,-1,0,0,0,0,0,0,0,100,0,100,0,0,0,0,130,0,[0|0|0|0]
6100510,Thrusting Shield - Default Attack,0.25,0,0,0,0,0,350510,350610,20382301,1665,1667,100,-1,-1,-1,120,-1,-1,-1,0,280,280,280,280,100,9900,100,100,0,0,0,0,0,0,0,0,0,0,0,0,10,0,0,0,0,0,0,0,0,0,0,0,0,0,0,2,255,2,6,0,255,0,2,0,0,0,0,0,0,0,0,0,0,1,0,0,0,0,0,0,0,0,0,0,-1,-1,2100,2010,-1,-1,-1,-1,-1,-1,-1,-1,-1,-1,-1,-1,-1,-1,-1,-1,-1,-1,-1,-1,-1,-1,-1,-1,-1,-1,-1,-1,0,0,0,0,0,0,0,0,0,0,0,0,-1,-1,-1,-1,-1,-1,-1,-1,-1,-1,-1,-1,-1,-1,-1,-1,-1,-1,-1,-1,-1,-1,-1,-1,0,0,0,0,0,0,0,0,0,0,0,0,0,0,0,0,0,0,0,0,0,0,0,0,255,139,139,280,0,0,1,1,0,0,0,100,100,100,100,0,0,100,-1,-1,100,1000,0,1,1,-1,0,0,0,0,0,0,0,280,0,280,0,0,0,0,130,0,[0|0|0|0]
6100530,Thrusting Shield - Default Attack,0.25,0,0,0,0,0,350510,350610,20382301,1665,1667,110,-1,-1,-1,130,-1,-1,-1,0,400,400,400,400,100,9900,100,100,0,0,0,0,0,0,0,0,0,0,0,0,10,0,0,0,0,0,0,0,0,0,0,0,0,0,0,2,255,2,6,0,255,0,2,0,0,0,0,0,0,0,0,0,0,1,0,0,0,0,0,0,0,0,0,0,-1,-1,2100,2010,-1,-1,-1,-1,-1,-1,-1,-1,-1,-1,-1,-1,-1,-1,-1,-1,-1,-1,-1,-1,-1,-1,-1,-1,-1,-1,-1,-1,0,0,0,0,0,0,0,0,0,0,0,0,-1,-1,-1,-1,-1,-1,-1,-1,-1,-1,-1,-1,-1,-1,-1,-1,-1,-1,-1,-1,-1,-1,-1,-1,0,0,0,0,0,0,0,0,0,0,0,0,0,0,0,0,0,0,0,0,0,0,0,0,255,139,139,400,0,0,1,1,0,0,0,100,100,100,100,0,0,100,-1,-1,100,1000,0,1,1,-1,0,0,0,0,0,0,0,400,0,400,0,0,0,0,130,0,[0|0|0|0]
6100550,Thrusting Shield - Default Attack,0.25,0,0,0,0,0,350510,350610,20382301,1665,1667,110,-1,-1,-1,130,-1,-1,-1,0,400,400,400,400,100,9900,100,100,0,0,0,0,0,0,0,0,0,0,0,0,10,0,0,0,0,0,0,0,0,0,0,0,0,0,0,2,255,2,6,0,255,0,2,0,0,0,0,0,0,0,0,0,0,1,0,0,0,0,0,0,0,0,0,0,-1,-1,2100,2010,-1,-1,-1,-1,-1,-1,-1,-1,-1,-1,-1,-1,-1,-1,-1,-1,-1,-1,-1,-1,-1,-1,-1,-1,-1,-1,-1,-1,0,0,0,0,0,0,0,0,0,0,0,0,-1,-1,-1,-1,-1,-1,-1,-1,-1,-1,-1,-1,-1,-1,-1,-1,-1,-1,-1,-1,-1,-1,-1,-1,0,0,0,0,0,0,0,0,0,0,0,0,0,0,0,0,0,0,0,0,0,0,0,0,255,139,139,400,0,0,1,1,0,0,0,100,100,100,100,0,0,100,-1,-1,100,1000,0,1,1,-1,0,0,0,0,0,0,0,400,0,400,0,0,0,0,130,0,[0|0|0|0]
6100560,Thrusting Shield - Default Attack,0.25,0,0,0,0,0,-1,-1,-1,-1,-1,110,-1,-1,-1,130,-1,-1,-1,0,100,100,100,100,100,9900,100,100,0,0,0,0,0,0,0,0,0,0,0,0,10,0,0,0,0,0,0,0,0,0,0,0,0,0,0,2,255,2,6,0,255,0,2,0,0,0,0,0,0,0,0,0,0,1,0,0,0,0,0,0,0,0,0,0,-1,-1,2100,2010,-1,-1,-1,-1,-1,-1,-1,-1,-1,-1,-1,-1,-1,-1,-1,-1,-1,-1,-1,-1,-1,-1,-1,-1,-1,-1,-1,-1,0,0,0,0,0,0,0,0,0,0,0,0,-1,-1,-1,-1,-1,-1,-1,-1,-1,-1,-1,-1,-1,-1,-1,-1,-1,-1,-1,-1,-1,-1,-1,-1,0,0,0,0,0,0,0,0,0,0,0,0,0,0,0,0,0,0,0,0,0,0,0,0,255,139,139,100,0,0,1,1,0,0,0,100,100,100,100,0,0,100,-1,-1,100,1000,0,1,1,-1,0,0,0,0,0,0,0,100,0,100,0,0,0,0,130,0,[0|0|0|0]
6100561,Thrusting Shield - Default Attack,0.25,0,0,0,0,0,350510,350610,20382301,1665,1667,110,-1,-1,-1,130,-1,-1,-1,0,250,250,250,250,100,9900,100,100,0,0,0,0,0,0,0,0,0,0,0,0,10,0,0,0,0,0,0,0,0,0,0,0,0,0,0,2,255,2,6,0,255,0,2,0,0,0,0,0,0,0,0,0,0,1,0,0,0,0,0,0,0,0,0,0,-1,-1,2100,2010,-1,-1,-1,-1,-1,-1,-1,-1,-1,-1,-1,-1,-1,-1,-1,-1,-1,-1,-1,-1,-1,-1,-1,-1,-1,-1,-1,-1,0,0,0,0,0,0,0,0,0,0,0,0,-1,-1,-1,-1,-1,-1,-1,-1,-1,-1,-1,-1,-1,-1,-1,-1,-1,-1,-1,-1,-1,-1,-1,-1,0,0,0,0,0,0,0,0,0,0,0,0,0,0,0,0,0,0,0,0,0,0,0,0,255,139,139,250,0,0,1,1,0,0,0,100,100,100,100,0,0,100,-1,-1,100,0,0,1,1,-1,0,0,0,0,0,0,0,250,0,250,0,0,0,0,130,0,[0|0|0|0]
6100590,Thrusting Shield - Default Attack,0.5,0,0,0,0,0,-1,-1,-1,-1,-1,94,-1,-1,-1,95,-1,-1,-1,0,0,0,0,0,0,9900,100,100,0,0,0,0,0,0,0,0,0,0,0,0,0,0,0,0,0,0,0,0,0,0,0,0,0,2,0,2,0,2,6,0,255,1,1,0,0,0,0,0,0,0,0,0,0,1,0,0,0,0,0,0,0,0,0,0,-1,-1,2100,2010,-1,-1,-1,-1,-1,-1,-1,-1,-1,-1,-1,-1,-1,-1,-1,-1,-1,-1,-1,-1,-1,-1,-1,-1,-1,-1,-1,-1,0,0,0,0,0,0,0,0,0,0,0,0,-1,-1,-1,-1,-1,-1,-1,-1,-1,-1,-1,-1,-1,-1,-1,-1,-1,-1,-1,-1,-1,-1,-1,-1,0,0,0,0,0,0,0,0,0,0,0,0,0,0,0,0,0,0,0,0,0,0,0,0,255,139,139,0,0,0,1,1,0,0,0,0,0,0,0,0,0,100,-1,-1,-1,0,0,1,1,-1,0,0,0,0,0,0,0,0,0,0,0,0,0,0,130,0,[0|0|0|0]
6100591,Thrusting Shield - Default Attack,0.55,0,0,0,0,0,-1,-1,-1,-1,-1,131,-1,-1,-1,-1,-1,-1,-1,0,0,0,0,0,0,100,0,100,0,0,0,0,0,0,0,0,0,0,0,0,0,0,0,0,0,0,0,0,0,0,0,0,0,0,0,3,0,0,255,0,255,1,0,0,0,0,0,0,0,0,0,0,0,1,0,0,0,0,0,0,0,0,0,0,-1,-1,2100,2010,-1,-1,-1,-1,-1,-1,-1,-1,-1,-1,-1,-1,-1,-1,-1,-1,-1,-1,-1,-1,-1,-1,-1,-1,-1,-1,-1,-1,0,0,0,0,0,0,0,0,0,0,0,0,-1,-1,-1,-1,-1,-1,-1,-1,-1,-1,-1,-1,-1,-1,-1,-1,-1,-1,-1,-1,-1,-1,-1,-1,0,0,0,0,0,0,0,0,0,0,0,0,0,0,0,0,0,0,0,0,0,0,0,0,255,139,139,0,0,0,1,0,0,0,0,100,100,100,100,0,0,100,-1,-1,-1,0,0,1,1,-1,0,0,0,0,0,0,0,0,0,0,0,0,0,0,130,0,[0|0|0|0]
6100600,Thrusting Shield - Default Attack,0.5,0.5,0.2,0,0.8,0.08,6903,-1,-1,1665,1667,100,100,300,-1,-1,120,310,-1,0,110,110,110,110,110,120,100,100,0,101,0,0,0,0,0,0,0,0,0,0,10,0,0,0,0,0,2,0,0,0,0,0,1,0,0,2,255,0,255,0,255,0,0,0,0,0,0,0,0,0,0,0,0,1,0,0,0,0,0,0,0,0,0,0,-1,-1,2100,2010,-1,-1,-1,-1,-1,-1,-1,-1,-1,-1,-1,-1,-1,-1,-1,-1,-1,-1,-1,-1,-1,-1,-1,-1,-1,-1,-1,-1,0,0,0,0,0,0,0,0,0,0,0,0,-1,-1,-1,-1,-1,-1,-1,-1,-1,-1,-1,-1,-1,-1,-1,-1,-1,-1,-1,-1,-1,-1,-1,-1,0,0,0,0,0,0,0,0,0,0,0,0,0,0,0,0,0,0,0,0,0,0,0,0,255,139,139,110,0,0,0,1,0,0,0,100,100,100,100,0,0,100,-1,-1,100,100,0,1,1,-1,0,0,185,0,0,0,0,110,0,110,0,0,0,0,130,0,[0|0|0|0]
6100605,Thrusting Shield - Default Attack,0.5,0.5,0.2,0,0.8,0.08,6903,-1,-1,1665,1667,100,100,300,-1,-1,120,310,-1,0,110,110,110,110,110,120,100,100,0,101,0,0,0,0,0,0,0,0,0,0,10,0,0,0,0,0,2,0,0,0,0,0,1,0,0,2,255,0,255,0,255,0,0,0,0,0,0,0,0,0,0,0,0,1,0,0,0,0,0,0,0,0,0,0,-1,-1,2100,2010,-1,-1,-1,-1,-1,-1,-1,-1,-1,-1,-1,-1,-1,-1,-1,-1,-1,-1,-1,-1,-1,-1,-1,-1,-1,-1,-1,-1,0,0,0,0,0,0,0,0,0,0,0,0,-1,-1,-1,-1,-1,-1,-1,-1,-1,-1,-1,-1,-1,-1,-1,-1,-1,-1,-1,-1,-1,-1,-1,-1,0,0,0,0,0,0,0,0,0,0,0,0,0,0,0,0,0,0,0,0,0,0,0,0,255,139,139,110,0,0,0,1,0,0,0,100,100,100,100,0,0,100,-1,-1,100,100,0,1,1,-1,0,0,185,0,0,0,0,110,0,110,0,0,0,0,130,0,[0|0|0|0]
6100610,Thrusting Shield - Default Attack,0.5,0.5,0.2,0,0.8,0.08,6903,-1,-1,1665,1667,100,100,300,-1,-1,120,310,-1,0,110,110,110,110,110,120,100,100,104,101,0,0,0,0,0,0,0,0,0,0,10,0,0,0,0,0,2,0,0,0,0,0,1,0,0,2,255,0,255,0,255,0,0,0,0,0,0,0,0,0,0,0,0,1,0,0,0,0,0,0,0,0,0,0,-1,-1,2100,2010,-1,-1,-1,-1,-1,-1,-1,-1,-1,-1,-1,-1,-1,-1,-1,-1,-1,-1,-1,-1,-1,-1,-1,-1,-1,-1,-1,-1,0,0,0,0,0,0,0,0,0,0,0,0,-1,-1,-1,-1,-1,-1,-1,-1,-1,-1,-1,-1,-1,-1,-1,-1,-1,-1,-1,-1,-1,-1,-1,-1,0,0,0,0,0,0,0,0,0,0,0,0,0,0,0,0,0,0,0,0,0,0,0,0,255,139,139,110,0,0,0,1,0,0,0,100,100,100,100,0,0,100,-1,-1,100,100,0,1,1,-1,0,0,200,0,0,0,0,110,0,110,0,0,0,0,130,0,[0|0|0|0]
6100630,Thrusting Shield - Default Attack,0.5,0.5,0.2,0,1.2,0.08,6904,-1,-1,-1,-1,100,100,300,-1,-1,120,310,-1,0,90,90,90,90,90,9900,100,100,0,101,0,0,0,0,0,0,0,0,0,0,10,0,0,0,0,0,2,0,0,0,0,0,1,0,0,1,255,0,255,0,255,0,0,0,0,0,0,0,0,0,0,0,0,1,0,0,0,0,0,0,0,0,0,0,-1,-1,2100,2010,-1,-1,-1,-1,-1,-1,-1,-1,-1,-1,-1,-1,-1,-1,-1,-1,-1,-1,-1,-1,-1,-1,-1,-1,-1,-1,-1,-1,0,0,0,0,0,0,0,0,0,0,0,0,-1,-1,-1,-1,-1,-1,-1,-1,-1,-1,-1,-1,-1,-1,-1,-1,-1,-1,-1,-1,-1,-1,-1,-1,0,0,0,0,0,0,0,0,0,0,0,0,0,0,0,0,0,0,0,0,0,0,0,0,255,139,139,90,0,0,0,1,0,0,0,100,100,100,100,0,0,100,-1,-1,100,30,0,1,1,-1,0,0,50,0,0,0,0,90,0,90,0,0,0,0,130,0,[0|0|0|0]
6100632,Thrusting Shield - Default Attack,0.5,0.5,0.2,0,1.6,0.08,6904,-1,-1,1665,1667,100,100,300,-1,-1,120,310,-1,0,130,130,130,130,130,170,100,100,0,101,0,0,0,0,0,0,0,0,0,0,10,0,0,0,0,0,2,0,0,0,0,0,2,0,0,2,255,0,255,0,255,0,0,0,0,0,0,0,0,0,0,0,0,1,0,0,0,0,0,0,0,0,0,0,-1,-1,2100,2010,-1,-1,-1,-1,-1,-1,-1,-1,-1,-1,-1,-1,-1,-1,-1,-1,-1,-1,-1,-1,-1,-1,-1,-1,-1,-1,-1,-1,0,0,0,0,0,0,0,0,0,0,0,0,-1,-1,-1,-1,-1,-1,-1,-1,-1,-1,-1,-1,-1,-1,-1,-1,-1,-1,-1,-1,-1,-1,-1,-1,0,0,0,0,0,0,0,0,0,0,0,0,0,0,0,0,0,0,0,0,0,0,0,0,255,139,139,130,0,0,0,1,0,0,0,100,100,100,100,0,0,100,-1,-1,100,130,0,1,1,-1,0,0,200,0,0,0,0,130,0,130,0,0,0,0,130,0,[0|0|0|0]
6100635,Thrusting Shield - Default Attack,0.5,0.5,0.2,0,1.6,0.08,6904,-1,-1,1665,1667,100,100,300,-1,-1,120,310,-1,0,170,170,170,170,170,240,100,100,100,101,0,0,0,0,0,0,0,0,0,0,10,0,0,0,0,0,2,0,0,0,0,0,2,0,0,2,255,0,255,0,255,0,0,0,0,0,0,0,0,0,0,0,1,1,0,0,0,0,0,0,0,0,0,0,-1,-1,2100,2010,-1,-1,-1,-1,-1,-1,-1,-1,-1,-1,-1,-1,-1,-1,-1,-1,-1,-1,-1,-1,-1,-1,-1,-1,-1,-1,-1,-1,0,0,0,0,0,0,0,0,0,0,0,0,-1,-1,-1,-1,-1,-1,-1,-1,-1,-1,-1,-1,-1,-1,-1,-1,-1,-1,-1,-1,-1,-1,-1,-1,0,0,0,0,0,0,0,0,0,0,0,0,0,0,0,0,0,0,0,0,0,0,0,0,255,139,139,170,0,0,0,1,0,0,0,100,100,100,100,0,0,100,-1,-1,100,30,0,1,1,-1,0,0,600,0,0,0,0,170,0,170,0,0,0,0,130,0,[0|0|0|0]
6100650,Thrusting Shield - Default Attack,0.5,0.5,0.2,0,1.2,0.08,6903,-1,-1,1665,1667,100,100,300,-1,-1,120,310,-1,0,115,115,115,115,120,9900,100,100,102,101,0,0,0,0,0,0,0,0,0,0,10,0,0,0,0,0,2,0,0,0,0,0,1,0,0,2,255,0,255,0,255,0,0,0,0,0,0,0,0,0,0,0,0,1,0,0,0,0,0,0,0,0,0,0,-1,-1,2100,2010,-1,-1,-1,-1,-1,-1,-1,-1,-1,-1,-1,-1,-1,-1,-1,-1,-1,-1,-1,-1,-1,-1,-1,-1,-1,-1,-1,-1,0,0,0,0,0,0,0,0,0,0,0,0,-1,-1,-1,-1,-1,-1,-1,-1,-1,-1,-1,-1,-1,-1,-1,-1,-1,-1,-1,-1,-1,-1,-1,-1,0,0,0,0,0,0,0,0,0,0,0,0,0,0,0,0,0,0,0,0,0,0,0,0,255,139,139,115,0,0,0,1,0,0,0,100,100,100,100,0,0,100,-1,-1,100,100,0,1,1,-1,0,0,185,0,0,0,0,115,0,115,0,0,0,0,130,0,[0|0|0|0]
6100660,Thrusting Shield - Default Attack,0.5,0.5,0.2,0,1.6,0.08,6904,-1,-1,1665,1667,100,100,300,-1,-1,120,310,-1,0,145,145,145,145,180,9900,100,100,102,101,0,0,0,0,0,0,0,0,0,0,10,0,0,0,0,0,2,0,0,0,0,0,2,0,0,2,255,0,255,0,255,0,0,0,0,0,0,0,0,0,0,0,1,1,0,0,0,0,0,0,0,0,0,0,-1,-1,2100,2010,-1,-1,-1,-1,-1,-1,-1,-1,-1,-1,-1,-1,-1,-1,-1,-1,-1,-1,-1,-1,-1,-1,-1,-1,-1,-1,-1,-1,0,0,0,0,0,0,0,0,0,0,0,0,-1,-1,-1,-1,-1,-1,-1,-1,-1,-1,-1,-1,-1,-1,-1,-1,-1,-1,-1,-1,-1,-1,-1,-1,0,0,0,0,0,0,0,0,0,0,0,0,0,0,0,0,0,0,0,0,0,0,0,0,255,139,139,145,0,0,0,1,0,0,0,100,100,100,100,0,0,100,-1,-1,100,130,0,1,1,-1,0,0,200,0,0,0,0,145,0,145,0,0,0,0,130,0,[0|0|0|0]
6100700,Thrusting Shield - Default Attack,0.5,0.5,0.2,0,0.8,0.08,6903,-1,-1,1665,1667,100,100,300,-1,-1,120,310,-1,0,110,110,110,110,110,120,100,100,0,101,0,0,0,0,0,0,0,0,0,0,10,0,0,0,0,0,2,0,0,0,0,0,1,0,0,2,255,0,255,0,255,0,0,0,0,0,0,0,0,0,0,0,0,1,0,0,0,0,0,0,0,0,0,0,-1,-1,2100,2010,-1,-1,-1,-1,-1,-1,-1,-1,-1,-1,-1,-1,-1,-1,-1,-1,-1,-1,-1,-1,-1,-1,-1,-1,-1,-1,-1,-1,0,0,0,0,0,0,0,0,0,0,0,0,-1,-1,-1,-1,-1,-1,-1,-1,-1,-1,-1,-1,-1,-1,-1,-1,-1,-1,-1,-1,-1,-1,-1,-1,0,0,0,0,0,0,0,0,0,0,0,0,0,0,0,0,0,0,0,0,0,0,0,0,255,139,139,110,0,0,0,1,0,0,0,100,100,100,100,0,0,100,-1,-1,100,100,0,1,1,-1,0,0,185,0,0,0,0,110,0,110,0,0,0,0,130,0,[0|0|0|0]
6100705,Thrusting Shield - Default Attack,0.5,0.5,0.2,0,0.8,0.08,6903,-1,-1,1665,1667,100,100,300,-1,-1,120,310,-1,0,110,110,110,110,110,120,100,100,0,101,0,0,0,0,0,0,0,0,0,0,10,0,0,0,0,0,2,0,0,0,0,0,1,0,0,2,255,0,255,0,255,0,0,0,0,0,0,0,0,0,0,0,0,1,0,0,0,0,0,0,0,0,0,0,-1,-1,2100,2010,-1,-1,-1,-1,-1,-1,-1,-1,-1,-1,-1,-1,-1,-1,-1,-1,-1,-1,-1,-1,-1,-1,-1,-1,-1,-1,-1,-1,0,0,0,0,0,0,0,0,0,0,0,0,-1,-1,-1,-1,-1,-1,-1,-1,-1,-1,-1,-1,-1,-1,-1,-1,-1,-1,-1,-1,-1,-1,-1,-1,0,0,0,0,0,0,0,0,0,0,0,0,0,0,0,0,0,0,0,0,0,0,0,0,255,139,139,110,0,0,0,1,0,0,0,100,100,100,100,0,0,100,-1,-1,100,100,0,1,1,-1,0,0,185,0,0,0,0,110,0,110,0,0,0,0,130,0,[0|0|0|0]
6100710,Thrusting Shield - Default Attack,0.5,0.5,0.2,0,0.8,0.08,6903,-1,-1,1665,1667,100,100,300,-1,-1,120,310,-1,0,110,110,110,110,110,120,100,100,104,101,0,0,0,0,0,0,0,0,0,0,10,0,0,0,0,0,2,0,0,0,0,0,1,0,0,2,255,0,255,0,255,0,0,0,0,0,0,0,0,0,0,0,0,1,0,0,0,0,0,0,0,0,0,0,-1,-1,2100,2010,-1,-1,-1,-1,-1,-1,-1,-1,-1,-1,-1,-1,-1,-1,-1,-1,-1,-1,-1,-1,-1,-1,-1,-1,-1,-1,-1,-1,0,0,0,0,0,0,0,0,0,0,0,0,-1,-1,-1,-1,-1,-1,-1,-1,-1,-1,-1,-1,-1,-1,-1,-1,-1,-1,-1,-1,-1,-1,-1,-1,0,0,0,0,0,0,0,0,0,0,0,0,0,0,0,0,0,0,0,0,0,0,0,0,255,139,139,110,0,0,0,1,0,0,0,100,100,100,100,0,0,100,-1,-1,100,100,0,1,1,-1,0,0,200,0,0,0,0,110,0,110,0,0,0,0,130,0,[0|0|0|0]
6100730,Thrusting Shield - Default Attack,0.5,0.5,0.2,0,1.2,0.08,6904,-1,-1,-1,-1,100,100,300,-1,-1,120,310,-1,0,90,90,90,90,90,9900,100,100,0,101,0,0,0,0,0,0,0,0,0,0,10,0,0,0,0,0,2,0,0,0,0,0,1,0,0,1,255,0,255,0,255,0,0,0,0,0,0,0,0,0,0,0,0,1,0,0,0,0,0,0,0,0,0,0,-1,-1,2100,2010,-1,-1,-1,-1,-1,-1,-1,-1,-1,-1,-1,-1,-1,-1,-1,-1,-1,-1,-1,-1,-1,-1,-1,-1,-1,-1,-1,-1,0,0,0,0,0,0,0,0,0,0,0,0,-1,-1,-1,-1,-1,-1,-1,-1,-1,-1,-1,-1,-1,-1,-1,-1,-1,-1,-1,-1,-1,-1,-1,-1,0,0,0,0,0,0,0,0,0,0,0,0,0,0,0,0,0,0,0,0,0,0,0,0,255,139,139,90,0,0,0,1,0,0,0,100,100,100,100,0,0,100,-1,-1,100,30,0,1,1,-1,0,0,50,0,0,0,0,90,0,90,0,0,0,0,130,0,[0|0|0|0]
6100732,Thrusting Shield - Default Attack,0.5,0.5,0.2,0,1.6,0.08,6904,-1,-1,1665,1667,100,100,300,-1,-1,120,310,-1,0,130,130,130,130,130,170,100,100,0,101,0,0,0,0,0,0,0,0,0,0,10,0,0,0,0,0,2,0,0,0,0,0,2,0,0,2,255,0,255,0,255,0,0,0,0,0,0,0,0,0,0,0,1,1,0,0,0,0,0,0,0,0,0,0,-1,-1,2100,2010,-1,-1,-1,-1,-1,-1,-1,-1,-1,-1,-1,-1,-1,-1,-1,-1,-1,-1,-1,-1,-1,-1,-1,-1,-1,-1,-1,-1,0,0,0,0,0,0,0,0,0,0,0,0,-1,-1,-1,-1,-1,-1,-1,-1,-1,-1,-1,-1,-1,-1,-1,-1,-1,-1,-1,-1,-1,-1,-1,-1,0,0,0,0,0,0,0,0,0,0,0,0,0,0,0,0,0,0,0,0,0,0,0,0,255,139,139,130,0,0,0,1,0,0,0,100,100,100,100,0,0,100,-1,-1,100,130,0,1,1,-1,0,0,200,0,0,0,0,130,0,130,0,0,0,0,130,0,[0|0|0|0]
6100735,Thrusting Shield - Default Attack,0.5,0.5,0.2,0,1.6,0.08,6904,-1,-1,1665,1667,100,100,300,-1,-1,120,310,-1,0,170,170,170,170,170,240,100,100,100,101,0,0,0,0,0,0,0,0,0,0,10,0,0,0,0,0,2,0,0,0,0,0,2,0,0,2,255,0,255,0,255,0,0,0,0,0,0,0,0,0,0,0,1,1,0,0,0,0,0,0,0,0,0,0,-1,-1,2100,2010,-1,-1,-1,-1,-1,-1,-1,-1,-1,-1,-1,-1,-1,-1,-1,-1,-1,-1,-1,-1,-1,-1,-1,-1,-1,-1,-1,-1,0,0,0,0,0,0,0,0,0,0,0,0,-1,-1,-1,-1,-1,-1,-1,-1,-1,-1,-1,-1,-1,-1,-1,-1,-1,-1,-1,-1,-1,-1,-1,-1,0,0,0,0,0,0,0,0,0,0,0,0,0,0,0,0,0,0,0,0,0,0,0,0,255,139,139,170,0,0,0,1,0,0,0,100,100,100,100,0,0,100,-1,-1,100,30,0,1,1,-1,0,0,600,0,0,0,0,170,0,170,0,0,0,0,130,0,[0|0|0|0]
6100750,Thrusting Shield - Default Attack,0.5,0.5,0.2,0,1.2,0.08,6903,-1,-1,1665,1667,100,100,300,-1,-1,120,310,-1,0,115,115,115,115,120,9900,100,100,102,101,0,0,0,0,0,0,0,0,0,0,10,0,0,0,0,0,2,0,0,0,0,0,1,0,0,2,255,0,255,0,255,0,0,0,0,0,0,0,0,0,0,0,0,1,0,0,0,0,0,0,0,0,0,0,-1,-1,2100,2010,-1,-1,-1,-1,-1,-1,-1,-1,-1,-1,-1,-1,-1,-1,-1,-1,-1,-1,-1,-1,-1,-1,-1,-1,-1,-1,-1,-1,0,0,0,0,0,0,0,0,0,0,0,0,-1,-1,-1,-1,-1,-1,-1,-1,-1,-1,-1,-1,-1,-1,-1,-1,-1,-1,-1,-1,-1,-1,-1,-1,0,0,0,0,0,0,0,0,0,0,0,0,0,0,0,0,0,0,0,0,0,0,0,0,255,139,139,115,0,0,0,1,0,0,0,100,100,100,100,0,0,100,-1,-1,100,100,0,1,1,-1,0,0,185,0,0,0,0,115,0,115,0,0,0,0,130,0,[0|0|0|0]
6100760,Thrusting Shield - Default Attack,0.5,0.5,0.2,0,1.6,0.08,6904,-1,-1,1665,1667,100,100,300,-1,-1,120,310,-1,0,145,145,145,145,180,9900,100,100,102,101,0,0,0,0,0,0,0,0,0,0,10,0,0,0,0,0,2,0,0,0,0,0,2,0,0,2,255,0,255,0,255,0,0,0,0,0,0,0,0,0,0,0,1,1,0,0,0,0,0,0,0,0,0,0,-1,-1,2100,2010,-1,-1,-1,-1,-1,-1,-1,-1,-1,-1,-1,-1,-1,-1,-1,-1,-1,-1,-1,-1,-1,-1,-1,-1,-1,-1,-1,-1,0,0,0,0,0,0,0,0,0,0,0,0,-1,-1,-1,-1,-1,-1,-1,-1,-1,-1,-1,-1,-1,-1,-1,-1,-1,-1,-1,-1,-1,-1,-1,-1,0,0,0,0,0,0,0,0,0,0,0,0,0,0,0,0,0,0,0,0,0,0,0,0,255,139,139,145,0,0,0,1,0,0,0,100,100,100,100,0,0,100,-1,-1,100,130,0,1,1,-1,0,0,200,0,0,0,0,145,0,145,0,0,0,0,130,0,[0|0|0|0]
6200000,Throwing Blade - Default Bullet,0.4,0.2,0,0,0.4,0,-1,-1,-1,-1,-1,1,1,-1,-1,-1,-1,-1,-1,0,100,100,100,100,100,100,100,100,0,0,0,0,0,0,0,0,0,0,0,0,10,0,0,0,0,2,0,0,0,0,0,0,0,1,0,252,255,2,255,0,255,0,0,0,0,0,0,0,1,0,0,0,0,1,0,0,0,0,0,0,0,0,0,0,-1,-1,2100,2010,-1,-1,-1,-1,-1,-1,-1,-1,-1,-1,-1,-1,-1,-1,-1,-1,-1,-1,-1,-1,-1,-1,-1,-1,-1,-1,-1,-1,0,0,0,0,0,0,0,0,0,0,0,0,-1,-1,-1,-1,-1,-1,-1,-1,-1,-1,-1,-1,-1,-1,-1,-1,-1,-1,-1,-1,-1,-1,-1,-1,0,0,0,0,0,0,0,0,0,0,0,0,0,0,0,0,0,0,0,0,0,0,0,0,255,139,139,100,0,0,0,0,0,0,0,100,100,100,100,0,0,100,-1,0,100,100,0,1,1,-1,0,0,100,0,0,-1,0,100,0,100,0,0,0,0,130,0,[0|0|0|0]
6200010,Throwing Blade - Default Bullet,0.5,0.2,0,0,0.4,0,-1,-1,-1,-1,-1,830,830,-1,-1,-1,-1,-1,-1,0,101,101,101,101,100,100,100,100,0,0,0,0,0,0,0,0,0,0,0,0,10,0,0,0,0,2,0,0,0,0,0,0,0,1,0,252,255,2,255,0,255,0,0,0,0,0,0,0,1,0,0,0,0,1,0,0,0,0,0,0,0,0,0,0,-1,-1,2100,2010,-1,-1,-1,-1,-1,-1,-1,-1,-1,-1,-1,-1,-1,-1,-1,-1,-1,-1,-1,-1,-1,-1,-1,-1,-1,-1,-1,-1,0,0,0,0,0,0,0,0,0,0,0,0,-1,-1,-1,-1,-1,-1,-1,-1,-1,-1,-1,-1,-1,-1,-1,-1,-1,-1,-1,-1,-1,-1,-1,-1,0,0,0,0,0,0,0,0,0,0,0,0,0,0,0,0,0,0,0,0,0,0,0,0,255,139,139,101,0,0,0,0,0,0,0,100,100,100,100,0,0,100,-1,0,100,100,0,1,1,-1,0,0,100,0,0,-1,0,101,0,101,0,0,0,0,130,0,[0|0|0|0]
6200020,Throwing Blade - Default Bullet,0.4,0,0,0,0.4,0,-1,-1,-1,-1,-1,6,0,-1,-1,940,0,-1,-1,0,102,102,102,102,100,100,100,100,0,0,0,0,0,0,0,0,0,0,0,0,10,0,0,0,0,0,0,0,0,0,0,0,0,1,0,252,255,2,255,0,255,0,0,0,0,0,0,0,1,0,0,0,0,1,0,0,0,0,0,0,0,0,0,0,-1,-1,2100,2010,-1,-1,-1,-1,-1,-1,-1,-1,-1,-1,-1,-1,-1,-1,-1,-1,-1,-1,-1,-1,-1,-1,-1,-1,-1,-1,-1,-1,0,0,0,0,0,0,0,0,0,0,0,0,-1,-1,-1,-1,-1,-1,-1,-1,-1,-1,-1,-1,-1,-1,-1,-1,-1,-1,-1,-1,-1,-1,-1,-1,0,0,0,0,0,0,0,0,0,0,0,0,0,0,0,0,0,0,0,0,0,0,0,0,255,139,139,102,0,0,0,0,0,0,0,100,100,100,100,0,0,100,-1,0,100,105,0,1,1,-1,0,0,100,0,0,-1,0,102,0,102,0,0,0,0,130,0,[0|0|0|0]
6200030,Throwing Blade - Default Bullet,0.4,0,0,0,0.5,0,-1,-1,-1,-1,-1,5,0,-1,-1,930,0,-1,-1,0,103,103,103,103,100,100,100,100,0,0,0,0,0,0,0,0,0,0,0,0,10,0,0,0,0,0,0,0,0,0,0,0,0,1,0,252,255,2,255,0,255,0,0,0,0,0,0,0,1,0,0,0,0,1,0,0,0,0,0,0,0,0,0,0,-1,-1,2100,2010,-1,-1,-1,-1,-1,-1,-1,-1,-1,-1,-1,-1,-1,-1,-1,-1,-1,-1,-1,-1,-1,-1,-1,-1,-1,-1,-1,-1,0,0,0,0,0,0,0,0,0,0,0,0,-1,-1,-1,-1,-1,-1,-1,-1,-1,-1,-1,-1,-1,-1,-1,-1,-1,-1,-1,-1,-1,-1,-1,-1,0,0,0,0,0,0,0,0,0,0,0,0,0,0,0,0,0,0,0,0,0,0,0,0,255,139,139,103,0,0,0,0,0,0,0,100,100,100,100,0,0,100,-1,0,100,105,0,1,1,-1,0,0,100,0,0,-1,0,103,0,103,0,0,0,0,130,0,[0|0|0|0]
6200040,Throwing Blade - Default Bullet,0.4,0.2,0,0,0.5,0,-1,-1,-1,-1,-1,1,1,-1,-1,-1,-1,-1,-1,0,104,104,104,104,100,100,100,100,0,0,0,0,0,0,0,0,0,0,0,0,10,0,0,0,0,2,0,0,0,0,0,0,0,1,0,252,255,2,255,0,255,0,0,0,0,0,0,0,1,0,0,0,0,1,0,0,0,0,0,0,0,0,0,0,-1,-1,2100,2010,-1,-1,-1,-1,-1,-1,-1,-1,-1,-1,-1,-1,-1,-1,-1,-1,-1,-1,-1,-1,-1,-1,-1,-1,-1,-1,-1,-1,0,0,0,0,0,0,0,0,0,0,0,0,-1,-1,-1,-1,-1,-1,-1,-1,-1,-1,-1,-1,-1,-1,-1,-1,-1,-1,-1,-1,-1,-1,-1,-1,0,0,0,0,0,0,0,0,0,0,0,0,0,0,0,0,0,0,0,0,0,0,0,0,255,139,139,104,0,0,0,0,0,0,0,100,100,100,100,0,0,100,-1,0,100,105,0,1,1,-1,0,0,100,0,0,-1,0,104,0,104,0,0,0,0,130,0,[0|0|0|0]
6200050,Throwing Blade - Default Bullet,0.4,0,0,0,0.8,0,-1,-1,-1,-1,-1,6,0,-1,-1,940,0,-1,-1,0,110,110,110,110,150,100,100,100,104,0,0,0,0,0,0,0,0,0,0,0,10,0,0,0,0,0,0,0,0,0,0,0,0,1,0,252,255,2,255,0,255,0,0,0,0,0,0,0,1,0,0,0,0,1,0,0,0,0,0,0,0,0,0,0,-1,-1,2100,2010,-1,-1,-1,-1,-1,-1,-1,-1,-1,-1,-1,-1,-1,-1,-1,-1,-1,-1,-1,-1,-1,-1,-1,-1,-1,-1,-1,-1,0,0,0,0,0,0,0,0,0,0,0,0,-1,-1,-1,-1,-1,-1,-1,-1,-1,-1,-1,-1,-1,-1,-1,-1,-1,-1,-1,-1,-1,-1,-1,-1,0,0,0,0,0,0,0,0,0,0,0,0,0,0,0,0,0,0,0,0,0,0,0,0,255,139,139,110,0,0,0,0,0,0,0,100,100,100,100,0,0,100,-1,0,100,110,0,1,1,-1,0,0,200,0,0,-1,0,110,0,110,0,0,0,0,130,0,[0|0|0|0]
6200100,Throwing Blade - Default Bullet,0.4,0,0,0,0.8,0,-1,-1,-1,-1,-1,6,0,-1,-1,940,0,-1,-1,0,120,120,120,120,120,100,100,100,0,0,0,0,0,0,0,0,0,0,0,0,10,0,0,0,0,0,0,0,0,0,0,0,1,1,0,252,255,2,255,0,255,0,0,0,0,0,0,0,1,0,0,0,0,1,0,0,0,0,0,0,0,0,0,0,-1,-1,2100,2010,-1,-1,-1,-1,-1,-1,-1,-1,-1,-1,-1,-1,-1,-1,-1,-1,-1,-1,-1,-1,-1,-1,-1,-1,-1,-1,-1,-1,0,0,0,0,0,0,0,0,0,0,0,0,-1,-1,-1,-1,-1,-1,-1,-1,-1,-1,-1,-1,-1,-1,-1,-1,-1,-1,-1,-1,-1,-1,-1,-1,0,0,0,0,0,0,0,0,0,0,0,0,0,0,0,0,0,0,0,0,0,0,0,0,255,139,139,120,0,0,0,0,0,0,0,100,100,100,100,0,0,100,-1,0,100,130,0,1,1,-1,0,0,200,0,0,-1,0,120,0,120,0,0,0,0,130,0,[0|0|0|0]
6200105,Throwing Blade - Default Bullet,0.4,0,0,0,1,0,-1,-1,-1,-1,-1,6,0,-1,-1,940,0,-1,-1,0,150,150,150,150,150,100,100,100,100,0,0,0,0,0,0,0,0,0,0,0,10,0,0,0,0,0,0,0,0,0,0,0,2,1,0,252,255,2,255,0,255,0,0,0,0,0,0,0,1,0,0,0,0,1,0,0,0,0,0,0,0,0,0,0,-1,-1,2100,2010,-1,-1,-1,-1,-1,-1,-1,-1,-1,-1,-1,-1,-1,-1,-1,-1,-1,-1,-1,-1,-1,-1,-1,-1,-1,-1,-1,-1,0,0,0,0,0,0,0,0,0,0,0,0,-1,-1,-1,-1,-1,-1,-1,-1,-1,-1,-1,-1,-1,-1,-1,-1,-1,-1,-1,-1,-1,-1,-1,-1,0,0,0,0,0,0,0,0,0,0,0,0,0,0,0,0,0,0,0,0,0,0,0,0,255,139,139,150,0,0,0,0,0,0,0,100,100,100,100,0,0,100,-1,0,100,150,0,1,1,-1,0,0,300,0,0,-1,0,150,0,150,0,0,0,0,130,0,[0|0|0|0]
6200110,Throwing Blade - Default Bullet,0.4,0.2,0,0,0.8,0,-1,-1,-1,-1,-1,1,1,-1,-1,-1,-1,-1,-1,0,120,120,120,120,100,100,100,100,0,0,0,0,0,0,0,0,0,0,0,0,10,0,0,0,0,2,0,0,0,0,0,0,1,1,0,252,255,2,255,0,255,0,0,0,0,0,0,0,1,0,0,0,0,1,0,0,0,0,0,0,0,0,0,0,-1,-1,2100,2010,-1,-1,-1,-1,-1,-1,-1,-1,-1,-1,-1,-1,-1,-1,-1,-1,-1,-1,-1,-1,-1,-1,-1,-1,-1,-1,-1,-1,0,0,0,0,0,0,0,0,0,0,0,0,-1,-1,-1,-1,-1,-1,-1,-1,-1,-1,-1,-1,-1,-1,-1,-1,-1,-1,-1,-1,-1,-1,-1,-1,0,0,0,0,0,0,0,0,0,0,0,0,0,0,0,0,0,0,0,0,0,0,0,0,255,139,139,120,0,0,0,0,0,0,0,100,100,100,100,0,0,100,-1,0,100,130,0,1,1,-1,0,0,200,0,0,-1,0,120,0,120,0,0,0,0,130,0,[0|0|0|0]
6200115,Throwing Blade - Default Bullet,0.4,0.2,0,0,1,0,-1,-1,-1,-1,-1,1,1,-1,-1,-1,-1,-1,-1,0,150,150,150,150,150,100,100,100,100,0,0,0,0,0,0,0,0,0,0,0,10,0,0,0,0,2,0,0,0,0,0,0,2,1,0,252,255,2,255,0,255,0,0,0,0,0,0,0,1,0,0,0,0,1,0,0,0,0,0,0,0,0,0,0,-1,-1,2100,2010,-1,-1,-1,-1,-1,-1,-1,-1,-1,-1,-1,-1,-1,-1,-1,-1,-1,-1,-1,-1,-1,-1,-1,-1,-1,-1,-1,-1,0,0,0,0,0,0,0,0,0,0,0,0,-1,-1,-1,-1,-1,-1,-1,-1,-1,-1,-1,-1,-1,-1,-1,-1,-1,-1,-1,-1,-1,-1,-1,-1,0,0,0,0,0,0,0,0,0,0,0,0,0,0,0,0,0,0,0,0,0,0,0,0,255,139,139,150,0,0,0,0,0,0,0,100,100,100,100,0,0,100,-1,0,100,150,0,1,1,-1,0,0,300,0,0,-1,0,150,0,150,0,0,0,0,130,0,[0|0|0|0]
6200120,Throwing Blade - Default Bullet,0.5,0.2,0,0,0.8,0,-1,-1,-1,-1,-1,1,1,-1,-1,-1,-1,-1,-1,0,105,105,105,105,120,100,100,100,122,0,0,0,0,0,0,0,0,0,0,0,10,0,0,0,0,2,0,0,0,0,0,0,0,1,0,252,255,2,255,0,255,0,0,0,0,0,0,0,1,0,0,0,0,1,0,0,0,0,0,0,0,0,0,0,-1,-1,2100,2010,-1,-1,-1,-1,-1,-1,-1,-1,-1,-1,-1,-1,-1,-1,-1,-1,-1,-1,-1,-1,-1,-1,-1,-1,-1,-1,-1,-1,0,0,0,0,0,0,0,0,0,0,0,0,-1,-1,-1,-1,-1,-1,-1,-1,-1,-1,-1,-1,-1,-1,-1,-1,-1,-1,-1,-1,-1,-1,-1,-1,0,0,0,0,0,0,0,0,0,0,0,0,0,0,0,0,0,0,0,0,0,0,0,0,255,139,139,105,0,0,0,0,0,0,0,100,100,100,100,0,0,100,-1,0,100,110,0,1,1,-1,0,0,100,0,0,-1,0,105,0,105,0,0,0,0,130,0,[0|0|0|0]
6200125,Throwing Blade - Default Bullet,0.5,0,0,0,1.2,0,-1,-1,-1,-1,-1,5,0,-1,-1,930,0,-1,-1,0,120,120,120,120,225,100,100,100,122,0,0,0,0,0,0,0,0,0,0,0,10,0,0,0,0,0,0,0,0,0,0,0,1,1,0,252,255,2,255,0,255,0,0,0,0,0,0,0,1,0,0,0,0,1,0,0,0,0,0,0,0,0,0,0,-1,-1,2100,2010,-1,-1,-1,-1,-1,-1,-1,-1,-1,-1,-1,-1,-1,-1,-1,-1,-1,-1,-1,-1,-1,-1,-1,-1,-1,-1,-1,-1,0,0,0,0,0,0,0,0,0,0,0,0,-1,-1,-1,-1,-1,-1,-1,-1,-1,-1,-1,-1,-1,-1,-1,-1,-1,-1,-1,-1,-1,-1,-1,-1,0,0,0,0,0,0,0,0,0,0,0,0,0,0,0,0,0,0,0,0,0,0,0,0,255,139,139,120,0,0,0,0,0,0,0,100,100,100,100,0,0,100,-1,0,100,130,0,1,1,-1,0,0,200,0,0,-1,0,120,0,120,0,0,0,0,130,0,[0|0|0|0]
6200130,Throwing Blade - Default Bullet,0.5,0.2,0,0,0.6,0,-1,-1,-1,-1,-1,1,1,-1,-1,-1,-1,-1,-1,0,90,90,90,90,110,100,100,100,121,0,0,0,0,0,0,0,0,0,0,0,10,0,0,0,0,2,0,0,0,0,0,0,0,1,0,252,255,2,255,0,255,0,0,0,0,0,0,0,1,0,0,0,0,1,0,0,0,0,0,0,0,0,0,0,-1,-1,2100,2010,-1,-1,-1,-1,-1,-1,-1,-1,-1,-1,-1,-1,-1,-1,-1,-1,-1,-1,-1,-1,-1,-1,-1,-1,-1,-1,-1,-1,0,0,0,0,0,0,0,0,0,0,0,0,-1,-1,-1,-1,-1,-1,-1,-1,-1,-1,-1,-1,-1,-1,-1,-1,-1,-1,-1,-1,-1,-1,-1,-1,0,0,0,0,0,0,0,0,0,0,0,0,0,0,0,0,0,0,0,0,0,0,0,0,255,139,139,90,0,0,0,0,0,0,0,100,100,100,100,0,0,100,-1,0,100,90,0,1,1,-1,0,0,100,0,0,-1,0,90,0,90,0,0,0,0,130,0,[0|0|0|0]
6200140,Throwing Blade - Default Bullet,0.55,0,0,0,0.8,0,-1,-1,-1,-1,-1,5,0,-1,-1,930,0,-1,-1,0,90,90,90,90,110,100,100,100,121,0,0,0,0,0,0,0,0,0,0,0,10,0,0,0,0,0,0,0,0,0,0,0,0,1,0,252,255,2,255,0,255,0,0,0,0,0,0,0,1,0,0,0,0,1,0,0,0,0,0,0,0,0,0,0,-1,-1,2100,2010,-1,-1,-1,-1,-1,-1,-1,-1,-1,-1,-1,-1,-1,-1,-1,-1,-1,-1,-1,-1,-1,-1,-1,-1,-1,-1,-1,-1,0,0,0,0,0,0,0,0,0,0,0,0,-1,-1,-1,-1,-1,-1,-1,-1,-1,-1,-1,-1,-1,-1,-1,-1,-1,-1,-1,-1,-1,-1,-1,-1,0,0,0,0,0,0,0,0,0,0,0,0,0,0,0,0,0,0,0,0,0,0,0,0,255,139,139,90,0,0,0,0,0,0,0,100,100,100,100,0,0,100,-1,0,100,90,0,1,1,-1,0,0,100,0,0,-1,0,90,0,90,0,0,0,0,130,0,[0|0|0|0]
6200150,Throwing Blade - Default Bullet,0.5,0.2,0,0,0.8,0,-1,-1,-1,-1,-1,1,1,-1,-1,-1,-1,-1,-1,0,107,107,107,107,100,100,100,100,102,0,0,0,0,0,0,0,0,0,0,0,10,0,0,0,0,2,0,0,0,0,0,0,0,1,0,252,255,2,255,0,255,0,0,0,0,0,0,0,1,0,0,0,0,1,0,0,0,0,0,0,0,0,0,0,-1,-1,2100,2010,-1,-1,-1,-1,-1,-1,-1,-1,-1,-1,-1,-1,-1,-1,-1,-1,-1,-1,-1,-1,-1,-1,-1,-1,-1,-1,-1,-1,0,0,0,0,0,0,0,0,0,0,0,0,-1,-1,-1,-1,-1,-1,-1,-1,-1,-1,-1,-1,-1,-1,-1,-1,-1,-1,-1,-1,-1,-1,-1,-1,0,0,0,0,0,0,0,0,0,0,0,0,0,0,0,0,0,0,0,0,0,0,0,0,255,139,139,107,0,0,0,0,0,0,0,100,100,100,100,0,0,100,-1,0,100,130,0,1,1,-1,0,0,150,0,0,-1,0,107,0,107,0,0,0,0,130,0,[0|0|0|0]
6200160,Throwing Blade - Default Bullet,0.5,0,0,0,0.9,0,-1,-1,-1,-1,-1,5,0,-1,-1,930,0,-1,-1,0,122,122,122,122,200,100,100,100,102,0,0,0,0,0,0,0,0,0,0,0,10,0,0,0,0,0,0,0,0,0,0,0,1,1,0,252,255,2,255,0,255,0,0,0,0,0,0,0,1,0,0,0,0,1,0,0,0,0,0,0,0,0,0,0,-1,-1,2100,2010,-1,-1,-1,-1,-1,-1,-1,-1,-1,-1,-1,-1,-1,-1,-1,-1,-1,-1,-1,-1,-1,-1,-1,-1,-1,-1,-1,-1,0,0,0,0,0,0,0,0,0,0,0,0,-1,-1,-1,-1,-1,-1,-1,-1,-1,-1,-1,-1,-1,-1,-1,-1,-1,-1,-1,-1,-1,-1,-1,-1,0,0,0,0,0,0,0,0,0,0,0,0,0,0,0,0,0,0,0,0,0,0,0,0,255,139,139,122,0,0,0,0,0,0,0,100,100,100,100,0,0,100,-1,0,100,140,0,1,1,-1,0,0,200,0,0,-1,0,122,0,122,0,0,0,0,130,0,[0|0|0|0]
6200175,Throwing Blade - Default Bullet,0.4,0.2,0,0,0.8,0,-1,-1,-1,-1,-1,1,1,-1,-1,-1,-1,-1,-1,0,110,110,110,110,150,100,100,100,0,0,0,0,0,0,0,0,0,0,0,0,10,0,0,0,0,2,0,0,0,0,0,0,1,1,0,252,255,2,255,0,255,0,0,0,0,0,0,0,1,0,0,0,0,1,0,0,0,0,0,0,0,0,0,0,-1,-1,2100,2010,-1,-1,-1,-1,-1,-1,-1,-1,-1,-1,-1,-1,-1,-1,-1,-1,-1,-1,-1,-1,-1,-1,-1,-1,-1,-1,-1,-1,0,0,0,0,0,0,0,0,0,0,0,0,-1,-1,-1,-1,-1,-1,-1,-1,-1,-1,-1,-1,-1,-1,-1,-1,-1,-1,-1,-1,-1,-1,-1,-1,0,0,0,0,0,0,0,0,0,0,0,0,0,0,0,0,0,0,0,0,0,0,0,0,255,139,139,110,0,0,0,0,0,0,0,100,100,100,100,0,0,100,-1,0,100,130,0,1,1,-1,0,0,200,0,0,-1,0,110,0,110,0,0,0,0,130,0,[0|0|0|0]
6200176,Throwing Blade - Default Bullet,0.4,0.2,0,0,0.8,0,-1,-1,-1,-1,-1,1,1,-1,-1,-1,-1,-1,-1,0,110,110,110,110,150,100,100,100,0,0,0,0,0,0,0,0,0,0,0,0,10,0,0,0,0,2,0,0,0,0,0,0,1,1,0,252,255,2,255,0,255,0,0,0,0,0,0,0,1,0,0,0,0,1,0,0,0,0,0,0,0,0,0,0,-1,-1,2100,2010,-1,-1,-1,-1,-1,-1,-1,-1,-1,-1,-1,-1,-1,-1,-1,-1,-1,-1,-1,-1,-1,-1,-1,-1,-1,-1,-1,-1,0,0,0,0,0,0,0,0,0,0,0,0,-1,-1,-1,-1,-1,-1,-1,-1,-1,-1,-1,-1,-1,-1,-1,-1,-1,-1,-1,-1,-1,-1,-1,-1,0,0,0,0,0,0,0,0,0,0,0,0,0,0,0,0,0,0,0,0,0,0,0,0,255,139,139,110,0,0,0,0,0,0,0,100,100,100,100,0,0,100,-1,0,100,130,0,1,1,-1,0,0,200,0,0,-1,0,110,0,110,0,0,0,0,130,0,[0|0|0|0]
6200180,Throwing Blade - Default Bullet,0.5,0,0,0,1.4,0,-1,-1,-1,-1,-1,5,0,-1,-1,930,0,-1,-1,0,130,130,130,130,300,100,100,60000,103,0,0,0,0,0,0,0,0,0,0,0,10,0,0,0,0,0,0,0,0,0,0,0,1,1,0,252,255,2,255,0,255,0,0,0,0,0,0,0,1,0,0,0,0,1,0,0,0,0,0,0,0,0,0,0,-1,-1,2100,2010,-1,-1,-1,-1,-1,-1,-1,-1,-1,-1,-1,-1,-1,-1,-1,-1,-1,-1,-1,-1,-1,-1,-1,-1,-1,-1,-1,-1,0,0,0,0,0,0,0,0,0,0,0,0,-1,-1,-1,-1,-1,-1,-1,-1,-1,-1,-1,-1,-1,-1,-1,-1,-1,-1,-1,-1,-1,-1,-1,-1,0,0,0,0,0,0,0,0,0,0,0,0,0,0,0,0,0,0,0,0,0,0,0,0,255,139,139,130,0,0,0,0,0,0,0,100,100,100,100,0,0,100,-1,0,100,100,0,1,1,-1,0,0,300,0,0,-1,0,130,0,130,0,0,0,0,130,0,[0|0|0|0]
6200200,Throwing Blade - Default Bullet,0.4,0.2,0,0,0.2,0,-1,-1,-1,-1,-1,1,1,-1,-1,-1,-1,-1,-1,0,77,77,77,77,70,100,100,100,0,0,0,0,0,0,0,0,0,0,0,0,10,0,0,0,0,2,0,0,0,0,0,0,0,1,0,252,255,2,255,0,255,0,0,0,0,0,0,0,1,0,0,0,0,1,0,0,0,0,0,0,0,0,0,0,-1,-1,2100,2010,-1,-1,-1,-1,-1,-1,-1,-1,-1,-1,-1,-1,-1,-1,-1,-1,-1,-1,-1,-1,-1,-1,-1,-1,-1,-1,-1,-1,0,0,0,0,0,0,0,0,0,0,0,0,-1,-1,-1,-1,-1,-1,-1,-1,-1,-1,-1,-1,-1,-1,-1,-1,-1,-1,-1,-1,-1,-1,-1,-1,0,0,0,0,0,0,0,0,0,0,0,0,0,0,0,0,0,0,0,0,0,0,0,0,255,139,139,77,0,0,0,1,0,0,0,60,90,100,100,0,0,100,-1,0,100,100,0,1,1,-1,0,0,55,0,0,-1,0,77,0,77,0,0,0,0,130,0,[0|0|0|0]
6200203,Throwing Blade - Default Bullet,0.5,0.2,0,0,0.3,0,-1,-1,-1,-1,-1,2,2,-1,-1,-1,-1,-1,-1,0,77,77,77,77,70,100,100,100,0,0,0,0,0,0,0,0,0,0,0,0,10,0,0,0,0,2,0,0,0,0,0,0,0,1,0,252,255,2,255,0,255,0,0,0,0,0,0,0,1,0,0,0,0,1,0,0,0,0,0,0,0,9,0,0,-1,-1,2100,2010,-1,-1,-1,-1,-1,-1,-1,-1,-1,-1,-1,-1,-1,-1,-1,-1,-1,-1,-1,-1,-1,-1,-1,-1,-1,-1,-1,-1,0,0,0,0,0,0,0,0,0,0,0,0,-1,-1,-1,-1,-1,-1,-1,-1,-1,-1,-1,-1,-1,-1,-1,-1,-1,-1,-1,-1,-1,-1,-1,-1,0,0,0,0,0,0,0,0,0,0,0,0,0,0,0,0,0,0,0,0,0,0,0,0,255,139,139,77,0,0,0,1,0,0,0,60,90,100,100,0,0,100,-1,0,100,100,0,1,1,-1,0,0,55,0,0,-1,0,77,0,77,0,0,0,0,130,0,[0|0|0|0]
6200210,Throwing Blade - Default Bullet,0.5,0,0,0,0.2,0,-1,-1,-1,-1,-1,5,0,-1,-1,930,-1,-1,-1,0,77,77,77,77,70,100,100,100,0,0,0,0,0,0,0,0,0,0,0,0,10,0,0,0,0,0,0,0,0,0,0,0,0,1,0,252,255,2,255,0,255,0,0,0,0,0,0,0,1,0,0,0,0,1,0,0,0,0,0,0,0,9,0,0,-1,-1,2100,2010,-1,-1,-1,-1,-1,-1,-1,-1,-1,-1,-1,-1,-1,-1,-1,-1,-1,-1,-1,-1,-1,-1,-1,-1,-1,-1,-1,-1,0,0,0,0,0,0,0,0,0,0,0,0,-1,-1,-1,-1,-1,-1,-1,-1,-1,-1,-1,-1,-1,-1,-1,-1,-1,-1,-1,-1,-1,-1,-1,-1,0,0,0,0,0,0,0,0,0,0,0,0,0,0,0,0,0,0,0,0,0,0,0,0,255,139,139,77,0,0,0,1,0,0,0,60,90,100,100,0,0,100,-1,0,100,100,0,1,1,-1,0,0,55,0,0,-1,0,77,0,77,0,0,0,0,130,0,[0|0|0|0]
6200213,Throwing Blade - Default Bullet,0.4,0,0,0,0.3,0,-1,-1,-1,-1,-1,5,0,-1,-1,930,-1,-1,-1,0,77,77,77,77,70,100,100,100,0,0,0,0,0,0,0,0,0,0,0,0,10,0,0,0,0,0,0,0,0,0,0,0,0,1,0,252,255,2,255,0,255,0,0,0,0,0,0,0,1,0,0,0,0,1,0,0,0,0,0,0,0,0,0,0,-1,-1,2100,2010,-1,-1,-1,-1,-1,-1,-1,-1,-1,-1,-1,-1,-1,-1,-1,-1,-1,-1,-1,-1,-1,-1,-1,-1,-1,-1,-1,-1,0,0,0,0,0,0,0,0,0,0,0,0,-1,-1,-1,-1,-1,-1,-1,-1,-1,-1,-1,-1,-1,-1,-1,-1,-1,-1,-1,-1,-1,-1,-1,-1,0,0,0,0,0,0,0,0,0,0,0,0,0,0,0,0,0,0,0,0,0,0,0,0,255,139,139,77,0,0,0,1,0,0,0,60,90,100,100,0,0,100,-1,0,100,100,0,1,1,-1,0,0,55,0,0,-1,0,77,0,77,0,0,0,0,130,0,[0|0|0|0]
6200220,Throwing Blade - Default Bullet,0.4,0.2,0,0,0.2,0,-1,-1,-1,-1,-1,1,1,-1,-1,-1,-1,-1,-1,0,79,79,79,79,70,100,100,100,0,0,0,0,0,0,0,0,0,0,0,0,20,0,0,0,0,2,0,0,0,0,0,0,0,1,0,252,255,2,255,0,255,0,0,0,0,0,0,0,1,0,0,0,0,1,0,0,0,0,0,0,0,9,0,0,-1,-1,2100,2010,-1,-1,-1,-1,-1,-1,-1,-1,-1,-1,-1,-1,-1,-1,-1,-1,-1,-1,-1,-1,-1,-1,-1,-1,-1,-1,-1,-1,0,0,0,0,0,0,0,0,0,0,0,0,-1,-1,-1,-1,-1,-1,-1,-1,-1,-1,-1,-1,-1,-1,-1,-1,-1,-1,-1,-1,-1,-1,-1,-1,0,0,0,0,0,0,0,0,0,0,0,0,0,0,0,0,0,0,0,0,0,0,0,0,255,139,139,79,0,0,0,1,0,0,0,60,100,100,100,0,0,100,-1,0,100,105,0,1,1,-1,0,0,55,0,0,-1,0,79,0,79,0,0,0,0,130,0,[0|0|0|0]
6200223,Throwing Blade - Default Bullet,0.4,0,0,0,0.3,0,-1,-1,-1,-1,-1,6,0,-1,-1,940,-1,-1,-1,0,79,79,79,79,70,100,100,100,0,0,0,0,0,0,0,0,0,0,0,0,20,0,0,0,0,0,0,0,0,0,0,0,0,1,0,252,255,2,255,0,255,0,0,0,0,0,0,0,1,0,0,0,0,1,0,0,0,0,0,0,0,0,0,0,-1,-1,2100,2010,-1,-1,-1,-1,-1,-1,-1,-1,-1,-1,-1,-1,-1,-1,-1,-1,-1,-1,-1,-1,-1,-1,-1,-1,-1,-1,-1,-1,0,0,0,0,0,0,0,0,0,0,0,0,-1,-1,-1,-1,-1,-1,-1,-1,-1,-1,-1,-1,-1,-1,-1,-1,-1,-1,-1,-1,-1,-1,-1,-1,0,0,0,0,0,0,0,0,0,0,0,0,0,0,0,0,0,0,0,0,0,0,0,0,255,139,139,79,0,0,0,1,0,0,0,60,100,100,100,0,0,100,-1,0,100,105,0,1,1,-1,0,0,55,0,0,-1,0,79,0,79,0,0,0,0,130,0,[0|0|0|0]
6200230,Throwing Blade - Default Bullet,0.4,0.2,0,0,0.2,0,-1,-1,-1,-1,-1,1,1,-1,-1,-1,-1,-1,-1,0,81,81,81,81,80,100,100,100,0,0,0,0,0,0,0,0,0,0,0,0,10,0,0,0,0,2,0,0,0,0,0,0,0,1,0,252,255,2,255,0,255,0,0,0,0,0,0,0,1,0,0,0,0,1,0,0,0,0,0,0,0,0,0,0,-1,-1,2100,2010,-1,-1,-1,-1,-1,-1,-1,-1,-1,-1,-1,-1,-1,-1,-1,-1,-1,-1,-1,-1,-1,-1,-1,-1,-1,-1,-1,-1,0,0,0,0,0,0,0,0,0,0,0,0,-1,-1,-1,-1,-1,-1,-1,-1,-1,-1,-1,-1,-1,-1,-1,-1,-1,-1,-1,-1,-1,-1,-1,-1,0,0,0,0,0,0,0,0,0,0,0,0,0,0,0,0,0,0,0,0,0,0,0,0,255,139,139,81,0,0,0,1,0,0,0,60,90,100,100,0,0,100,-1,0,100,105,0,1,1,-1,0,0,55,0,0,-1,0,81,0,81,0,0,0,0,130,0,[0|0|0|0]
6200233,Throwing Blade - Default Bullet,0.4,0.2,0,0,0.3,0,-1,-1,-1,-1,-1,831,831,-1,-1,-1,-1,-1,-1,0,81,81,81,81,80,100,100,100,0,0,0,0,0,0,0,0,0,0,0,0,10,0,0,0,0,2,0,0,0,0,0,0,0,1,0,252,255,2,255,0,255,0,0,0,0,0,0,0,1,0,0,0,0,1,0,0,0,0,0,0,0,9,0,0,-1,-1,2100,2010,-1,-1,-1,-1,-1,-1,-1,-1,-1,-1,-1,-1,-1,-1,-1,-1,-1,-1,-1,-1,-1,-1,-1,-1,-1,-1,-1,-1,0,0,0,0,0,0,0,0,0,0,0,0,-1,-1,-1,-1,-1,-1,-1,-1,-1,-1,-1,-1,-1,-1,-1,-1,-1,-1,-1,-1,-1,-1,-1,-1,0,0,0,0,0,0,0,0,0,0,0,0,0,0,0,0,0,0,0,0,0,0,0,0,255,139,139,81,0,0,0,1,0,0,0,60,90,100,100,0,0,100,-1,0,100,105,0,1,1,-1,0,0,55,0,0,-1,0,81,0,81,0,0,0,0,130,0,[0|0|0|0]
6200240,Throwing Blade - Default Bullet,0.4,0,0,0,0.3,0,-1,-1,-1,-1,-1,5,0,-1,-1,930,-1,-1,-1,0,83,83,83,83,80,100,100,100,0,0,0,0,0,0,0,0,0,0,0,0,20,0,0,0,0,0,0,0,0,0,0,0,0,1,0,252,255,2,255,0,255,0,0,0,0,0,0,0,1,0,0,0,0,1,0,0,0,0,0,0,0,9,0,0,-1,-1,2100,2010,-1,-1,-1,-1,-1,-1,-1,-1,-1,-1,-1,-1,-1,-1,-1,-1,-1,-1,-1,-1,-1,-1,-1,-1,-1,-1,-1,-1,0,0,0,0,0,0,0,0,0,0,0,0,-1,-1,-1,-1,-1,-1,-1,-1,-1,-1,-1,-1,-1,-1,-1,-1,-1,-1,-1,-1,-1,-1,-1,-1,0,0,0,0,0,0,0,0,0,0,0,0,0,0,0,0,0,0,0,0,0,0,0,0,255,139,139,83,0,0,0,1,0,0,0,60,100,100,100,0,0,100,-1,0,100,105,0,1,1,-1,0,0,55,0,0,-1,0,83,0,83,0,0,0,0,130,0,[0|0|0|0]
6200243,Throwing Blade - Default Bullet,0.4,0.2,0,0,0.4,0,-1,-1,-1,-1,-1,2,2,-1,-1,-1,-1,-1,-1,0,83,83,83,83,80,100,100,100,0,0,0,0,0,0,0,0,0,0,0,0,20,0,0,0,0,2,0,0,0,0,0,0,0,1,0,252,255,2,255,0,255,0,0,0,0,0,0,0,1,0,0,0,0,1,0,0,0,0,0,0,0,0,0,0,-1,-1,2100,2010,-1,-1,-1,-1,-1,-1,-1,-1,-1,-1,-1,-1,-1,-1,-1,-1,-1,-1,-1,-1,-1,-1,-1,-1,-1,-1,-1,-1,0,0,0,0,0,0,0,0,0,0,0,0,-1,-1,-1,-1,-1,-1,-1,-1,-1,-1,-1,-1,-1,-1,-1,-1,-1,-1,-1,-1,-1,-1,-1,-1,0,0,0,0,0,0,0,0,0,0,0,0,0,0,0,0,0,0,0,0,0,0,0,0,255,139,139,83,0,0,0,1,0,0,0,60,100,100,100,0,0,100,-1,0,100,105,0,1,1,-1,0,0,55,0,0,-1,0,83,0,83,0,0,0,0,130,0,[0|0|0|0]
6200250,Throwing Blade - Default Bullet,0.4,0.2,0,0,0.5,0,-1,-1,-1,-1,-1,1,1,-1,-1,-1,-1,-1,-1,0,85,85,85,85,90,100,100,100,104,0,0,0,0,0,0,0,0,0,0,0,10,0,0,0,0,2,0,0,0,0,0,0,0,1,0,252,255,2,255,0,255,0,0,0,0,0,0,0,1,0,0,0,0,1,0,0,0,0,0,0,0,0,0,0,-1,-1,2100,2010,-1,-1,-1,-1,-1,-1,-1,-1,-1,-1,-1,-1,-1,-1,-1,-1,-1,-1,-1,-1,-1,-1,-1,-1,-1,-1,-1,-1,0,0,0,0,0,0,0,0,0,0,0,0,-1,-1,-1,-1,-1,-1,-1,-1,-1,-1,-1,-1,-1,-1,-1,-1,-1,-1,-1,-1,-1,-1,-1,-1,0,0,0,0,0,0,0,0,0,0,0,0,0,0,0,0,0,0,0,0,0,0,0,0,255,139,139,85,0,0,0,1,0,0,0,60,90,100,100,0,0,100,-1,0,100,110,0,1,1,-1,0,0,110,0,0,-1,0,85,0,85,0,0,0,0,130,0,[0|0|0|0]
6200253,Throwing Blade - Default Bullet,0.4,0.2,0,0,0.6,0,-1,-1,-1,-1,-1,2,2,-1,-1,-1,-1,-1,-1,0,85,85,85,85,90,100,100,100,104,0,0,0,0,0,0,0,0,0,0,0,10,0,0,0,0,2,0,0,0,0,0,0,0,1,0,252,255,2,255,0,255,0,0,0,0,0,0,0,1,0,0,0,0,1,0,0,0,0,0,0,0,9,0,0,-1,-1,2100,2010,-1,-1,-1,-1,-1,-1,-1,-1,-1,-1,-1,-1,-1,-1,-1,-1,-1,-1,-1,-1,-1,-1,-1,-1,-1,-1,-1,-1,0,0,0,0,0,0,0,0,0,0,0,0,-1,-1,-1,-1,-1,-1,-1,-1,-1,-1,-1,-1,-1,-1,-1,-1,-1,-1,-1,-1,-1,-1,-1,-1,0,0,0,0,0,0,0,0,0,0,0,0,0,0,0,0,0,0,0,0,0,0,0,0,255,139,139,85,0,0,0,1,0,0,0,60,90,100,100,0,0,100,-1,0,100,110,0,1,1,-1,0,0,110,0,0,-1,0,85,0,85,0,0,0,0,130,0,[0|0|0|0]
6200300,Throwing Blade - Default Bullet,0.4,0.2,0,0,0.4,0,-1,-1,-1,-1,-1,1,1,-1,-1,-1,-1,-1,-1,0,88,88,88,88,110,100,100,100,0,0,0,0,0,0,0,0,0,0,0,0,20,0,0,0,0,2,0,0,0,0,0,0,1,1,0,252,255,2,255,0,255,0,0,0,0,0,0,0,1,0,0,0,0,1,0,0,0,0,0,0,0,0,0,0,-1,-1,2100,2010,-1,-1,-1,-1,-1,-1,-1,-1,-1,-1,-1,-1,-1,-1,-1,-1,-1,-1,-1,-1,-1,-1,-1,-1,-1,-1,-1,-1,0,0,0,0,0,0,0,0,0,0,0,0,-1,-1,-1,-1,-1,-1,-1,-1,-1,-1,-1,-1,-1,-1,-1,-1,-1,-1,-1,-1,-1,-1,-1,-1,0,0,0,0,0,0,0,0,0,0,0,0,0,0,0,0,0,0,0,0,0,0,0,0,255,139,139,88,0,0,0,1,0,0,0,60,90,100,100,0,0,100,-1,0,100,130,0,1,1,-1,0,0,110,0,0,-1,0,88,0,88,0,0,0,0,130,0,[0|0|0|0]
6200303,Throwing Blade - Default Bullet,0.4,0,0,0,0.4,0,-1,-1,-1,-1,-1,6,0,-1,-1,940,-1,-1,-1,0,88,88,88,88,110,100,100,100,0,0,0,0,0,0,0,0,0,0,0,0,20,0,0,0,0,0,0,0,0,0,0,0,1,1,0,252,255,2,255,0,255,0,0,0,0,0,0,0,1,0,0,0,0,1,0,0,0,0,0,0,0,9,0,0,-1,-1,2100,2010,-1,-1,-1,-1,-1,-1,-1,-1,-1,-1,-1,-1,-1,-1,-1,-1,-1,-1,-1,-1,-1,-1,-1,-1,-1,-1,-1,-1,0,0,0,0,0,0,0,0,0,0,0,0,-1,-1,-1,-1,-1,-1,-1,-1,-1,-1,-1,-1,-1,-1,-1,-1,-1,-1,-1,-1,-1,-1,-1,-1,0,0,0,0,0,0,0,0,0,0,0,0,0,0,0,0,0,0,0,0,0,0,0,0,255,139,139,88,0,0,0,1,0,0,0,60,90,100,100,0,0,100,-1,0,100,130,0,1,1,-1,0,0,110,0,0,-1,0,88,0,88,0,0,0,0,130,0,[0|0|0|0]
6200305,Throwing Blade - Default Bullet,0.4,0.2,0,0,0.5,0,-1,-1,-1,-1,-1,1,1,-1,-1,-1,-1,-1,-1,0,98,98,98,98,200,100,100,100,100,0,0,0,0,0,0,0,0,0,0,0,20,0,0,0,0,2,0,0,0,0,0,0,2,1,0,252,255,2,255,0,255,0,0,0,0,0,0,0,1,0,0,0,0,1,0,0,0,0,0,0,0,0,0,0,-1,-1,2100,2010,-1,-1,-1,-1,-1,-1,-1,-1,-1,-1,-1,-1,-1,-1,-1,-1,-1,-1,-1,-1,-1,-1,-1,-1,-1,-1,-1,-1,0,0,0,0,0,0,0,0,0,0,0,0,-1,-1,-1,-1,-1,-1,-1,-1,-1,-1,-1,-1,-1,-1,-1,-1,-1,-1,-1,-1,-1,-1,-1,-1,0,0,0,0,0,0,0,0,0,0,0,0,0,0,0,0,0,0,0,0,0,0,0,0,255,139,139,98,0,0,0,1,0,0,0,60,90,100,100,0,0,100,-1,0,100,150,0,1,1,-1,0,0,160,0,0,-1,0,98,0,98,0,0,0,0,130,0,[0|0|0|0]
6200308,Throwing Blade - Default Bullet,0.4,0,0,0,0.5,0,-1,-1,-1,-1,-1,6,0,-1,-1,940,-1,-1,-1,0,98,98,98,98,200,100,100,100,100,0,0,0,0,0,0,0,0,0,0,0,20,0,0,0,0,0,0,0,0,0,0,0,2,1,0,252,255,2,255,0,255,0,0,0,0,0,0,0,1,0,0,0,0,1,0,0,0,0,0,0,0,9,0,0,-1,-1,2100,2010,-1,-1,-1,-1,-1,-1,-1,-1,-1,-1,-1,-1,-1,-1,-1,-1,-1,-1,-1,-1,-1,-1,-1,-1,-1,-1,-1,-1,0,0,0,0,0,0,0,0,0,0,0,0,-1,-1,-1,-1,-1,-1,-1,-1,-1,-1,-1,-1,-1,-1,-1,-1,-1,-1,-1,-1,-1,-1,-1,-1,0,0,0,0,0,0,0,0,0,0,0,0,0,0,0,0,0,0,0,0,0,0,0,0,255,139,139,98,0,0,0,1,0,0,0,60,90,100,100,0,0,100,-1,0,100,150,0,1,1,-1,0,0,160,0,0,-1,0,98,0,98,0,0,0,0,130,0,[0|0|0|0]
6200310,Throwing Blade - Default Bullet,0.4,0.2,0,0,0.4,0,-1,-1,-1,-1,-1,1,1,-1,-1,-1,-1,-1,-1,0,92,92,92,92,120,100,100,100,0,0,0,0,0,0,0,0,0,0,0,0,20,0,0,0,0,2,0,0,0,0,0,0,1,1,0,252,255,2,255,0,255,0,0,0,0,0,0,0,1,0,0,0,0,1,0,0,0,0,0,0,0,9,0,0,-1,-1,2100,2010,-1,-1,-1,-1,-1,-1,-1,-1,-1,-1,-1,-1,-1,-1,-1,-1,-1,-1,-1,-1,-1,-1,-1,-1,-1,-1,-1,-1,0,0,0,0,0,0,0,0,0,0,0,0,-1,-1,-1,-1,-1,-1,-1,-1,-1,-1,-1,-1,-1,-1,-1,-1,-1,-1,-1,-1,-1,-1,-1,-1,0,0,0,0,0,0,0,0,0,0,0,0,0,0,0,0,0,0,0,0,0,0,0,0,255,139,139,92,0,0,0,1,0,0,0,60,90,100,100,0,0,100,-1,0,100,130,0,1,1,-1,0,0,110,0,0,-1,0,92,0,92,0,0,0,0,130,0,[0|0|0|0]
6200313,Throwing Blade - Default Bullet,0.4,0.2,0,0,0.4,0,-1,-1,-1,-1,-1,2,2,-1,-1,-1,-1,-1,-1,0,92,92,92,92,120,100,100,100,0,0,0,0,0,0,0,0,0,0,0,0,20,0,0,0,0,2,0,0,0,0,0,0,1,1,0,252,255,2,255,0,255,0,0,0,0,0,0,0,1,0,0,0,0,1,0,0,0,0,0,0,0,0,0,0,-1,-1,2100,2010,-1,-1,-1,-1,-1,-1,-1,-1,-1,-1,-1,-1,-1,-1,-1,-1,-1,-1,-1,-1,-1,-1,-1,-1,-1,-1,-1,-1,0,0,0,0,0,0,0,0,0,0,0,0,-1,-1,-1,-1,-1,-1,-1,-1,-1,-1,-1,-1,-1,-1,-1,-1,-1,-1,-1,-1,-1,-1,-1,-1,0,0,0,0,0,0,0,0,0,0,0,0,0,0,0,0,0,0,0,0,0,0,0,0,255,139,139,92,0,0,0,1,0,0,0,60,90,100,100,0,0,100,-1,0,100,130,0,1,1,-1,0,0,110,0,0,-1,0,92,0,92,0,0,0,0,130,0,[0|0|0|0]
6200315,Throwing Blade - Default Bullet,0.4,0.2,0,0,0.7,0,-1,-1,-1,-1,-1,1,1,-1,-1,-1,-1,-1,-1,0,102,102,102,102,220,100,100,100,100,0,0,0,0,0,0,0,0,0,0,0,20,0,0,0,0,2,0,0,0,0,0,0,2,1,0,252,255,2,255,0,255,0,0,0,0,0,0,0,1,0,0,0,0,1,0,0,0,0,0,0,0,9,0,0,-1,-1,2100,2010,-1,-1,-1,-1,-1,-1,-1,-1,-1,-1,-1,-1,-1,-1,-1,-1,-1,-1,-1,-1,-1,-1,-1,-1,-1,-1,-1,-1,0,0,0,0,0,0,0,0,0,0,0,0,-1,-1,-1,-1,-1,-1,-1,-1,-1,-1,-1,-1,-1,-1,-1,-1,-1,-1,-1,-1,-1,-1,-1,-1,0,0,0,0,0,0,0,0,0,0,0,0,0,0,0,0,0,0,0,0,0,0,0,0,255,139,139,102,0,0,0,1,0,0,0,60,90,100,100,0,0,100,-1,0,100,150,0,1,1,-1,0,0,160,0,0,-1,0,102,0,102,0,0,0,0,130,0,[0|0|0|0]
6200318,Throwing Blade - Default Bullet,0.4,0.2,0,0,0.7,0,-1,-1,-1,-1,-1,2,2,-1,-1,-1,-1,-1,-1,0,102,102,102,102,220,100,100,100,100,0,0,0,0,0,0,0,0,0,0,0,20,0,0,0,0,2,0,0,0,0,0,0,2,1,0,252,255,2,255,0,255,0,0,0,0,0,0,0,1,0,0,0,0,1,0,0,0,0,0,0,0,0,0,0,-1,-1,2100,2010,-1,-1,-1,-1,-1,-1,-1,-1,-1,-1,-1,-1,-1,-1,-1,-1,-1,-1,-1,-1,-1,-1,-1,-1,-1,-1,-1,-1,0,0,0,0,0,0,0,0,0,0,0,0,-1,-1,-1,-1,-1,-1,-1,-1,-1,-1,-1,-1,-1,-1,-1,-1,-1,-1,-1,-1,-1,-1,-1,-1,0,0,0,0,0,0,0,0,0,0,0,0,0,0,0,0,0,0,0,0,0,0,0,0,255,139,139,102,0,0,0,1,0,0,0,60,90,100,100,0,0,100,-1,0,100,150,0,1,1,-1,0,0,160,0,0,-1,0,102,0,102,0,0,0,0,130,0,[0|0|0|0]
6200320,Throwing Blade - Default Bullet,0.4,0.2,0,0,0.7,0,-1,-1,-1,-1,-1,1,1,-1,-1,-1,-1,-1,-1,0,65,65,65,65,60,100,100,100,122,0,0,0,0,0,0,0,0,0,0,0,10,0,0,0,0,2,0,0,0,0,0,0,0,1,0,252,255,2,255,0,255,0,0,0,0,0,0,0,1,0,0,0,0,1,0,0,0,0,0,0,0,9,0,0,-1,-1,2100,2010,-1,-1,-1,-1,-1,-1,-1,-1,-1,-1,-1,-1,-1,-1,-1,-1,-1,-1,-1,-1,-1,-1,-1,-1,-1,-1,-1,-1,0,0,0,0,0,0,0,0,0,0,0,0,-1,-1,-1,-1,-1,-1,-1,-1,-1,-1,-1,-1,-1,-1,-1,-1,-1,-1,-1,-1,-1,-1,-1,-1,0,0,0,0,0,0,0,0,0,0,0,0,0,0,0,0,0,0,0,0,0,0,0,0,255,139,139,65,0,0,0,1,0,0,0,60,90,100,100,0,0,100,-1,0,100,110,0,1,1,-1,0,0,55,0,0,-1,0,65,0,65,0,0,0,0,130,0,[0|0|0|0]
6200323,Throwing Blade - Default Bullet,0.4,0.2,0,0,0.7,0,-1,-1,-1,-1,-1,2,2,-1,-1,-1,-1,-1,-1,0,65,65,65,65,60,100,100,100,122,0,0,0,0,0,0,0,0,0,0,0,10,0,0,0,0,2,0,0,0,0,0,0,0,1,0,252,255,2,255,0,255,0,0,0,0,0,0,0,1,0,0,0,0,1,0,0,0,0,0,0,0,0,0,0,-1,-1,2100,2010,-1,-1,-1,-1,-1,-1,-1,-1,-1,-1,-1,-1,-1,-1,-1,-1,-1,-1,-1,-1,-1,-1,-1,-1,-1,-1,-1,-1,0,0,0,0,0,0,0,0,0,0,0,0,-1,-1,-1,-1,-1,-1,-1,-1,-1,-1,-1,-1,-1,-1,-1,-1,-1,-1,-1,-1,-1,-1,-1,-1,0,0,0,0,0,0,0,0,0,0,0,0,0,0,0,0,0,0,0,0,0,0,0,0,255,139,139,65,0,0,0,1,0,0,0,60,90,100,100,0,0,100,-1,0,100,110,0,1,1,-1,0,0,55,0,0,-1,0,65,0,65,0,0,0,0,130,0,[0|0|0|0]
6200325,Throwing Blade - Default Bullet,0.4,0,0,0,0.8,0,-1,-1,-1,-1,-1,5,0,-1,-1,930,-1,-1,-1,0,70,70,70,70,180,100,100,100,122,0,0,0,0,0,0,0,0,0,0,0,10,0,0,0,0,0,0,0,0,0,0,0,1,1,0,252,255,2,255,0,255,0,0,0,0,0,0,0,1,0,0,0,0,1,0,0,0,0,0,0,0,0,0,0,-1,-1,2100,2010,-1,-1,-1,-1,-1,-1,-1,-1,-1,-1,-1,-1,-1,-1,-1,-1,-1,-1,-1,-1,-1,-1,-1,-1,-1,-1,-1,-1,0,0,0,0,0,0,0,0,0,0,0,0,-1,-1,-1,-1,-1,-1,-1,-1,-1,-1,-1,-1,-1,-1,-1,-1,-1,-1,-1,-1,-1,-1,-1,-1,0,0,0,0,0,0,0,0,0,0,0,0,0,0,0,0,0,0,0,0,0,0,0,0,255,139,139,70,0,0,0,1,0,0,0,60,90,100,100,0,0,100,-1,0,100,130,0,1,1,-1,0,0,110,0,0,-1,0,70,0,70,0,0,0,0,130,0,[0|0|0|0]
6200328,Throwing Blade - Default Bullet,0.4,0,0,0,0.8,0,-1,-1,-1,-1,-1,6,0,-1,-1,940,-1,-1,-1,0,70,70,70,70,180,100,100,100,122,0,0,0,0,0,0,0,0,0,0,0,10,0,0,0,0,0,0,0,0,0,0,0,1,1,0,252,255,2,255,0,255,0,0,0,0,0,0,0,1,0,0,0,0,1,0,0,0,0,0,0,0,9,0,0,-1,-1,2100,2010,-1,-1,-1,-1,-1,-1,-1,-1,-1,-1,-1,-1,-1,-1,-1,-1,-1,-1,-1,-1,-1,-1,-1,-1,-1,-1,-1,-1,0,0,0,0,0,0,0,0,0,0,0,0,-1,-1,-1,-1,-1,-1,-1,-1,-1,-1,-1,-1,-1,-1,-1,-1,-1,-1,-1,-1,-1,-1,-1,-1,0,0,0,0,0,0,0,0,0,0,0,0,0,0,0,0,0,0,0,0,0,0,0,0,255,139,139,70,0,0,0,1,0,0,0,60,90,100,100,0,0,100,-1,0,100,130,0,1,1,-1,0,0,110,0,0,-1,0,70,0,70,0,0,0,0,130,0,[0|0|0|0]
6200330,Throwing Blade - Default Bullet,0.4,0.2,0,0,0.5,0,-1,-1,-1,-1,-1,1,1,-1,-1,-1,-1,-1,-1,0,65,65,65,65,100,100,100,100,121,0,0,0,0,0,0,0,0,0,0,0,10,0,0,0,0,2,0,0,0,0,0,0,0,1,0,252,255,2,255,0,255,0,0,0,0,0,0,0,1,0,0,0,0,1,0,0,0,0,0,0,0,0,0,0,-1,-1,2100,2010,-1,-1,-1,-1,-1,-1,-1,-1,-1,-1,-1,-1,-1,-1,-1,-1,-1,-1,-1,-1,-1,-1,-1,-1,-1,-1,-1,-1,0,0,0,0,0,0,0,0,0,0,0,0,-1,-1,-1,-1,-1,-1,-1,-1,-1,-1,-1,-1,-1,-1,-1,-1,-1,-1,-1,-1,-1,-1,-1,-1,0,0,0,0,0,0,0,0,0,0,0,0,0,0,0,0,0,0,0,0,0,0,0,0,255,139,139,65,0,0,0,1,0,0,0,60,90,100,100,0,0,100,-1,0,100,90,0,1,1,-1,0,0,55,0,0,-1,0,65,0,65,0,0,0,0,130,0,[0|0|0|0]
6200333,Throwing Blade - Default Bullet,0.4,0.2,0,0,0.5,0,-1,-1,-1,-1,-1,2,2,-1,-1,-1,-1,-1,-1,0,65,65,65,65,100,100,100,100,121,0,0,0,0,0,0,0,0,0,0,0,10,0,0,0,0,2,0,0,0,0,0,0,0,1,0,252,255,2,255,0,255,0,0,0,0,0,0,0,1,0,0,0,0,1,0,0,0,0,0,0,0,9,0,0,-1,-1,2100,2010,-1,-1,-1,-1,-1,-1,-1,-1,-1,-1,-1,-1,-1,-1,-1,-1,-1,-1,-1,-1,-1,-1,-1,-1,-1,-1,-1,-1,0,0,0,0,0,0,0,0,0,0,0,0,-1,-1,-1,-1,-1,-1,-1,-1,-1,-1,-1,-1,-1,-1,-1,-1,-1,-1,-1,-1,-1,-1,-1,-1,0,0,0,0,0,0,0,0,0,0,0,0,0,0,0,0,0,0,0,0,0,0,0,0,255,139,139,65,0,0,0,1,0,0,0,60,90,100,100,0,0,100,-1,0,100,90,0,1,1,-1,0,0,55,0,0,-1,0,65,0,65,0,0,0,0,130,0,[0|0|0|0]
6200340,Throwing Blade - Default Bullet,0.4,0,0,0,0.5,0,-1,-1,-1,-1,-1,5,0,-1,-1,930,-1,-1,-1,0,65,65,65,65,70,100,100,100,121,0,0,0,0,0,0,0,0,0,0,0,20,0,0,0,0,0,0,0,0,0,0,0,0,1,0,252,255,2,255,0,255,0,0,0,0,0,0,0,1,0,0,0,0,1,0,0,0,0,0,0,0,9,0,0,-1,-1,2100,2010,-1,-1,-1,-1,-1,-1,-1,-1,-1,-1,-1,-1,-1,-1,-1,-1,-1,-1,-1,-1,-1,-1,-1,-1,-1,-1,-1,-1,0,0,0,0,0,0,0,0,0,0,0,0,-1,-1,-1,-1,-1,-1,-1,-1,-1,-1,-1,-1,-1,-1,-1,-1,-1,-1,-1,-1,-1,-1,-1,-1,0,0,0,0,0,0,0,0,0,0,0,0,0,0,0,0,0,0,0,0,0,0,0,0,255,139,139,65,0,0,0,1,0,0,0,60,90,100,100,0,0,100,-1,0,100,90,0,1,1,-1,0,0,55,0,0,-1,0,65,0,65,0,0,0,0,130,0,[0|0|0|0]
6200343,Throwing Blade - Default Bullet,0.4,0.2,0,0,0.5,0,-1,-1,-1,-1,-1,2,2,-1,-1,-1,-1,-1,-1,0,65,65,65,65,70,100,100,100,121,0,0,0,0,0,0,0,0,0,0,0,20,0,0,0,0,2,0,0,0,0,0,0,0,1,0,252,255,2,255,0,255,0,0,0,0,0,0,0,1,0,0,0,0,1,0,0,0,0,0,0,0,0,0,0,-1,-1,2100,2010,-1,-1,-1,-1,-1,-1,-1,-1,-1,-1,-1,-1,-1,-1,-1,-1,-1,-1,-1,-1,-1,-1,-1,-1,-1,-1,-1,-1,0,0,0,0,0,0,0,0,0,0,0,0,-1,-1,-1,-1,-1,-1,-1,-1,-1,-1,-1,-1,-1,-1,-1,-1,-1,-1,-1,-1,-1,-1,-1,-1,0,0,0,0,0,0,0,0,0,0,0,0,0,0,0,0,0,0,0,0,0,0,0,0,255,139,139,65,0,0,0,1,0,0,0,60,90,100,100,0,0,100,-1,0,100,90,0,1,1,-1,0,0,55,0,0,-1,0,65,0,65,0,0,0,0,130,0,[0|0|0|0]
6200350,Throwing Blade - Default Bullet,0.5,0.2,0,0,0.3,0,-1,-1,-1,-1,-1,1,1,-1,-1,-1,-1,-1,-1,0,82,82,82,82,75,100,100,100,102,0,0,0,0,0,0,0,0,0,0,0,20,0,0,0,0,2,0,0,0,0,0,0,0,1,0,252,255,2,255,0,255,0,0,0,0,0,0,0,1,0,0,0,0,1,0,0,0,0,0,0,0,0,0,0,-1,-1,2100,2010,-1,-1,-1,-1,-1,-1,-1,-1,-1,-1,-1,-1,-1,-1,-1,-1,-1,-1,-1,-1,-1,-1,-1,-1,-1,-1,-1,-1,0,0,0,0,0,0,0,0,0,0,0,0,-1,-1,-1,-1,-1,-1,-1,-1,-1,-1,-1,-1,-1,-1,-1,-1,-1,-1,-1,-1,-1,-1,-1,-1,0,0,0,0,0,0,0,0,0,0,0,0,0,0,0,0,0,0,0,0,0,0,0,0,255,139,139,82,0,0,0,1,0,0,0,60,90,100,100,0,0,100,-1,0,100,130,0,1,1,-1,0,0,83,0,0,-1,0,82,0,82,0,0,0,0,130,0,[0|0|0|0]
6200353,Throwing Blade - Default Bullet,0.5,0.2,0,0,0.5,0,-1,-1,-1,-1,-1,2,2,-1,-1,-1,-1,-1,-1,0,82,82,82,82,75,100,100,100,102,0,0,0,0,0,0,0,0,0,0,0,20,0,0,0,0,2,0,0,0,0,0,0,0,1,0,252,255,2,255,0,255,0,0,0,0,0,0,0,1,0,0,0,0,1,0,0,0,0,0,0,0,9,0,0,-1,-1,2100,2010,-1,-1,-1,-1,-1,-1,-1,-1,-1,-1,-1,-1,-1,-1,-1,-1,-1,-1,-1,-1,-1,-1,-1,-1,-1,-1,-1,-1,0,0,0,0,0,0,0,0,0,0,0,0,-1,-1,-1,-1,-1,-1,-1,-1,-1,-1,-1,-1,-1,-1,-1,-1,-1,-1,-1,-1,-1,-1,-1,-1,0,0,0,0,0,0,0,0,0,0,0,0,0,0,0,0,0,0,0,0,0,0,0,0,255,139,139,82,0,0,0,1,0,0,0,60,90,100,100,0,0,100,-1,0,100,130,0,1,1,-1,0,0,83,0,0,-1,0,82,0,82,0,0,0,0,130,0,[0|0|0|0]
6200360,Throwing Blade - Default Bullet,0.5,0,0,0,0.7,0,-1,-1,-1,-1,-1,5,0,-1,-1,930,-1,-1,-1,0,88,88,88,88,220,100,100,100,102,0,0,0,0,0,0,0,0,0,0,0,20,0,0,0,0,0,0,0,0,0,0,0,1,1,0,252,255,2,255,0,255,0,0,0,0,0,0,0,1,0,0,0,0,1,0,0,0,0,0,0,0,0,0,0,-1,-1,2100,2010,-1,-1,-1,-1,-1,-1,-1,-1,-1,-1,-1,-1,-1,-1,-1,-1,-1,-1,-1,-1,-1,-1,-1,-1,-1,-1,-1,-1,0,0,0,0,0,0,0,0,0,0,0,0,-1,-1,-1,-1,-1,-1,-1,-1,-1,-1,-1,-1,-1,-1,-1,-1,-1,-1,-1,-1,-1,-1,-1,-1,0,0,0,0,0,0,0,0,0,0,0,0,0,0,0,0,0,0,0,0,0,0,0,0,255,139,139,88,0,0,0,1,0,0,0,60,90,100,100,0,0,100,-1,0,100,140,0,1,1,-1,0,0,110,0,0,-1,0,88,0,88,0,0,0,0,130,0,[0|0|0|0]
6200363,Throwing Blade - Default Bullet,0.5,0,0,0,0.7,0,-1,-1,-1,-1,-1,6,0,-1,-1,940,-1,-1,-1,0,85,85,85,85,220,100,100,100,102,0,0,0,0,0,0,0,0,0,0,0,20,0,0,0,0,0,0,0,0,0,0,0,1,1,0,252,255,2,255,0,255,0,0,0,0,0,0,0,1,0,0,0,0,1,0,0,0,0,0,0,0,9,0,0,-1,-1,2100,2010,-1,-1,-1,-1,-1,-1,-1,-1,-1,-1,-1,-1,-1,-1,-1,-1,-1,-1,-1,-1,-1,-1,-1,-1,-1,-1,-1,-1,0,0,0,0,0,0,0,0,0,0,0,0,-1,-1,-1,-1,-1,-1,-1,-1,-1,-1,-1,-1,-1,-1,-1,-1,-1,-1,-1,-1,-1,-1,-1,-1,0,0,0,0,0,0,0,0,0,0,0,0,0,0,0,0,0,0,0,0,0,0,0,0,255,139,139,85,0,0,0,1,0,0,0,60,90,100,100,0,0,100,-1,0,100,140,0,1,1,-1,0,0,110,0,0,-1,0,85,0,85,0,0,0,0,130,0,[0|0|0|0]
6200375,Throwing Blade - Default Bullet,0.4,0.2,0,0,0.5,0,-1,-1,-1,-1,-1,1,1,-1,-1,-1,-1,-1,-1,0,88,88,88,88,108,100,100,100,0,0,0,0,0,0,0,0,0,0,0,0,20,0,0,0,0,2,0,0,0,0,0,0,1,1,0,252,255,2,255,0,255,0,0,0,0,0,0,0,1,0,0,0,0,1,0,0,0,0,0,0,0,0,0,0,-1,-1,2100,2010,-1,-1,-1,-1,-1,-1,-1,-1,-1,-1,-1,-1,-1,-1,-1,-1,-1,-1,-1,-1,-1,-1,-1,-1,-1,-1,-1,-1,0,0,0,0,0,0,0,0,0,0,0,0,-1,-1,-1,-1,-1,-1,-1,-1,-1,-1,-1,-1,-1,-1,-1,-1,-1,-1,-1,-1,-1,-1,-1,-1,0,0,0,0,0,0,0,0,0,0,0,0,0,0,0,0,0,0,0,0,0,0,0,0,255,139,139,88,0,0,0,1,0,0,0,60,90,100,100,0,0,100,-1,0,100,125,0,1,1,-1,0,0,110,0,0,-1,0,88,0,88,0,0,0,0,130,0,[0|0|0|0]
6200376,Throwing Blade - Default Bullet,0.4,0,0,0,0.5,0,-1,-1,-1,-1,-1,6,0,-1,-1,940,-1,-1,-1,0,90,90,90,90,108,100,100,100,0,0,0,0,0,0,0,0,0,0,0,0,20,0,0,0,0,0,0,0,0,0,0,0,1,1,0,252,255,2,255,0,255,0,0,0,0,0,0,0,1,0,0,0,0,1,0,0,0,0,0,0,0,9,0,0,-1,-1,2100,2010,-1,-1,-1,-1,-1,-1,-1,-1,-1,-1,-1,-1,-1,-1,-1,-1,-1,-1,-1,-1,-1,-1,-1,-1,-1,-1,-1,-1,0,0,0,0,0,0,0,0,0,0,0,0,-1,-1,-1,-1,-1,-1,-1,-1,-1,-1,-1,-1,-1,-1,-1,-1,-1,-1,-1,-1,-1,-1,-1,-1,0,0,0,0,0,0,0,0,0,0,0,0,0,0,0,0,0,0,0,0,0,0,0,0,255,139,139,90,0,0,0,1,0,0,0,60,90,100,100,0,0,100,-1,0,100,125,0,1,1,-1,0,0,110,0,0,-1,0,90,0,90,0,0,0,0,130,0,[0|0|0|0]
6200377,Throwing Blade - Default Bullet,0.4,0.2,0,0,0.5,0,-1,-1,-1,-1,-1,1,1,-1,-1,-1,-1,-1,-1,0,94,94,94,94,115,100,100,100,0,0,0,0,0,0,0,0,0,0,0,0,20,0,0,0,0,2,0,0,0,0,0,0,1,1,0,252,255,2,255,0,255,0,0,0,0,0,0,0,1,0,0,0,0,1,0,0,0,0,0,0,0,9,0,0,-1,-1,2100,2010,-1,-1,-1,-1,-1,-1,-1,-1,-1,-1,-1,-1,-1,-1,-1,-1,-1,-1,-1,-1,-1,-1,-1,-1,-1,-1,-1,-1,0,0,0,0,0,0,0,0,0,0,0,0,-1,-1,-1,-1,-1,-1,-1,-1,-1,-1,-1,-1,-1,-1,-1,-1,-1,-1,-1,-1,-1,-1,-1,-1,0,0,0,0,0,0,0,0,0,0,0,0,0,0,0,0,0,0,0,0,0,0,0,0,255,139,139,94,0,0,0,1,0,0,0,60,90,100,100,0,0,100,-1,0,100,125,0,1,1,-1,0,0,110,0,0,-1,0,94,0,94,0,0,0,0,130,0,[0|0|0|0]
6200378,Throwing Blade - Default Bullet,0.4,0.2,0,0,0.5,0,-1,-1,-1,-1,-1,2,2,-1,-1,-1,-1,-1,-1,0,94,94,94,94,115,100,100,100,0,0,0,0,0,0,0,0,0,0,0,0,20,0,0,0,0,2,0,0,0,0,0,0,1,1,0,252,255,2,255,0,255,0,0,0,0,0,0,0,1,0,0,0,0,1,0,0,0,0,0,0,0,0,0,0,-1,-1,2100,2010,-1,-1,-1,-1,-1,-1,-1,-1,-1,-1,-1,-1,-1,-1,-1,-1,-1,-1,-1,-1,-1,-1,-1,-1,-1,-1,-1,-1,0,0,0,0,0,0,0,0,0,0,0,0,-1,-1,-1,-1,-1,-1,-1,-1,-1,-1,-1,-1,-1,-1,-1,-1,-1,-1,-1,-1,-1,-1,-1,-1,0,0,0,0,0,0,0,0,0,0,0,0,0,0,0,0,0,0,0,0,0,0,0,0,255,139,139,94,0,0,0,1,0,0,0,60,90,100,100,0,0,100,-1,0,100,125,0,1,1,-1,0,0,110,0,0,-1,0,94,0,94,0,0,0,0,130,0,[0|0|0|0]
6200380,Throwing Blade - Default Bullet,0.4,0.2,0,0,0.8,0,-1,-1,-1,-1,-1,1,1,-1,-1,-1,-1,-1,-1,0,102,102,102,102,150,100,100,60000,103,0,0,0,0,0,0,0,0,0,0,0,10,0,0,0,0,2,0,0,0,0,0,0,1,1,0,252,255,2,255,0,255,0,0,0,0,0,0,0,1,0,0,0,0,1,0,0,0,0,0,0,0,0,0,0,-1,-1,2100,2010,-1,-1,-1,-1,-1,-1,-1,-1,-1,-1,-1,-1,-1,-1,-1,-1,-1,-1,-1,-1,-1,-1,-1,-1,-1,-1,-1,-1,0,0,0,0,0,0,0,0,0,0,0,0,-1,-1,-1,-1,-1,-1,-1,-1,-1,-1,-1,-1,-1,-1,-1,-1,-1,-1,-1,-1,-1,-1,-1,-1,0,0,0,0,0,0,0,0,0,0,0,0,0,0,0,0,0,0,0,0,0,0,0,0,255,139,139,102,0,0,0,1,0,0,0,60,90,100,100,0,0,100,-1,0,100,100,0,1,1,-1,0,0,160,0,0,-1,0,102,0,102,0,0,0,0,130,0,[0|0|0|0]
6200381,Throwing Blade - Default Bullet,0.4,0.2,0,0,0.8,0,-1,-1,-1,-1,-1,2,2,-1,-1,-1,-1,-1,-1,0,102,102,102,102,150,100,100,60000,103,0,0,0,0,0,0,0,0,0,0,0,10,0,0,0,0,2,0,0,0,0,0,0,1,1,0,252,255,2,255,0,255,0,0,0,0,0,0,0,1,0,0,0,0,1,0,0,0,0,0,0,0,9,0,0,-1,-1,2100,2010,-1,-1,-1,-1,-1,-1,-1,-1,-1,-1,-1,-1,-1,-1,-1,-1,-1,-1,-1,-1,-1,-1,-1,-1,-1,-1,-1,-1,0,0,0,0,0,0,0,0,0,0,0,0,-1,-1,-1,-1,-1,-1,-1,-1,-1,-1,-1,-1,-1,-1,-1,-1,-1,-1,-1,-1,-1,-1,-1,-1,0,0,0,0,0,0,0,0,0,0,0,0,0,0,0,0,0,0,0,0,0,0,0,0,255,139,139,102,0,0,0,1,0,0,0,60,90,100,100,0,0,100,-1,0,100,100,0,1,1,-1,0,0,160,0,0,-1,0,102,0,102,0,0,0,0,130,0,[0|0|0|0]
6200400,Throwing Blade - Default Bullet,0.4,0.2,0,0,0.4,0,-1,-1,-1,-1,-1,1,1,-1,-1,-1,-1,-1,-1,0,100,100,100,100,100,100,100,100,0,0,0,0,0,0,0,0,0,0,0,0,10,0,0,0,0,2,0,0,0,0,0,0,0,1,0,252,255,2,255,0,255,0,0,0,0,0,0,0,1,0,0,0,0,1,0,0,0,0,0,0,0,0,0,0,-1,-1,2100,2010,-1,-1,-1,-1,-1,-1,-1,-1,-1,-1,-1,-1,-1,-1,-1,-1,-1,-1,-1,-1,-1,-1,-1,-1,-1,-1,-1,-1,0,0,0,0,0,0,0,0,0,0,0,0,-1,-1,-1,-1,-1,-1,-1,-1,-1,-1,-1,-1,-1,-1,-1,-1,-1,-1,-1,-1,-1,-1,-1,-1,0,0,0,0,0,0,0,0,0,0,0,0,0,0,0,0,0,0,0,0,0,0,0,0,255,139,139,100,0,0,0,0,0,0,0,100,100,100,100,0,0,100,-1,0,100,100,0,1,1,-1,0,0,100,0,0,-1,0,100,0,100,0,0,0,0,130,0,[0|0|0|0]
6200410,Throwing Blade - Default Bullet,0.5,0.2,0,0,0.4,0,-1,-1,-1,-1,-1,830,830,-1,-1,-1,-1,-1,-1,0,101,101,101,101,100,100,100,100,0,0,0,0,0,0,0,0,0,0,0,0,10,0,0,0,0,2,0,0,0,0,0,0,0,1,0,252,255,2,255,0,255,0,0,0,0,0,0,0,1,0,0,0,0,1,0,0,0,0,0,0,0,0,0,0,-1,-1,2100,2010,-1,-1,-1,-1,-1,-1,-1,-1,-1,-1,-1,-1,-1,-1,-1,-1,-1,-1,-1,-1,-1,-1,-1,-1,-1,-1,-1,-1,0,0,0,0,0,0,0,0,0,0,0,0,-1,-1,-1,-1,-1,-1,-1,-1,-1,-1,-1,-1,-1,-1,-1,-1,-1,-1,-1,-1,-1,-1,-1,-1,0,0,0,0,0,0,0,0,0,0,0,0,0,0,0,0,0,0,0,0,0,0,0,0,255,139,139,101,0,0,0,0,0,0,0,100,100,100,100,0,0,100,-1,0,100,100,0,1,1,-1,0,0,100,0,0,-1,0,101,0,101,0,0,0,0,130,0,[0|0|0|0]
6200420,Throwing Blade - Default Bullet,0.4,0,0,0,0.4,0,-1,-1,-1,-1,-1,6,0,-1,-1,940,0,-1,-1,0,102,102,102,102,100,100,100,100,0,0,0,0,0,0,0,0,0,0,0,0,10,0,0,0,0,0,0,0,0,0,0,0,0,1,0,252,255,2,255,0,255,0,0,0,0,0,0,0,1,0,0,0,0,1,0,0,0,0,0,0,0,0,0,0,-1,-1,2100,2010,-1,-1,-1,-1,-1,-1,-1,-1,-1,-1,-1,-1,-1,-1,-1,-1,-1,-1,-1,-1,-1,-1,-1,-1,-1,-1,-1,-1,0,0,0,0,0,0,0,0,0,0,0,0,-1,-1,-1,-1,-1,-1,-1,-1,-1,-1,-1,-1,-1,-1,-1,-1,-1,-1,-1,-1,-1,-1,-1,-1,0,0,0,0,0,0,0,0,0,0,0,0,0,0,0,0,0,0,0,0,0,0,0,0,255,139,139,102,0,0,0,0,0,0,0,100,100,100,100,0,0,100,-1,0,100,105,0,1,1,-1,0,0,100,0,0,-1,0,102,0,102,0,0,0,0,130,0,[0|0|0|0]
6200430,Throwing Blade - Default Bullet,0.4,0,0,0,0.5,0,-1,-1,-1,-1,-1,5,0,-1,-1,930,0,-1,-1,0,103,103,103,103,100,100,100,100,104,0,0,0,0,0,0,0,0,0,0,0,10,0,0,0,0,0,0,0,0,0,0,0,0,1,0,252,255,2,255,0,255,0,0,0,0,0,0,0,1,0,0,0,0,1,0,0,0,0,0,0,0,0,0,0,-1,-1,2100,2010,-1,-1,-1,-1,-1,-1,-1,-1,-1,-1,-1,-1,-1,-1,-1,-1,-1,-1,-1,-1,-1,-1,-1,-1,-1,-1,-1,-1,0,0,0,0,0,0,0,0,0,0,0,0,-1,-1,-1,-1,-1,-1,-1,-1,-1,-1,-1,-1,-1,-1,-1,-1,-1,-1,-1,-1,-1,-1,-1,-1,0,0,0,0,0,0,0,0,0,0,0,0,0,0,0,0,0,0,0,0,0,0,0,0,255,139,139,103,0,0,0,0,0,0,0,100,100,100,100,0,0,100,-1,0,100,105,0,1,1,-1,0,0,100,0,0,-1,0,103,0,103,0,0,0,0,130,0,[0|0|0|0]
6200440,Throwing Blade - Default Bullet,0.4,0.2,0,0,0.5,0,-1,-1,-1,-1,-1,1,1,-1,-1,-1,-1,-1,-1,0,104,104,104,104,100,100,100,100,0,0,0,0,0,0,0,0,0,0,0,0,10,0,0,0,0,2,0,0,0,0,0,0,0,1,0,252,255,2,255,0,255,0,0,0,0,0,0,0,1,0,0,0,0,1,0,0,0,0,0,0,0,0,0,0,-1,-1,2100,2010,-1,-1,-1,-1,-1,-1,-1,-1,-1,-1,-1,-1,-1,-1,-1,-1,-1,-1,-1,-1,-1,-1,-1,-1,-1,-1,-1,-1,0,0,0,0,0,0,0,0,0,0,0,0,-1,-1,-1,-1,-1,-1,-1,-1,-1,-1,-1,-1,-1,-1,-1,-1,-1,-1,-1,-1,-1,-1,-1,-1,0,0,0,0,0,0,0,0,0,0,0,0,0,0,0,0,0,0,0,0,0,0,0,0,255,139,139,104,0,0,0,0,0,0,0,100,100,100,100,0,0,100,-1,0,100,105,0,1,1,-1,0,0,100,0,0,-1,0,104,0,104,0,0,0,0,130,0,[0|0|0|0]
6200450,Throwing Blade - Default Bullet,0.4,0,0,0,0.8,0,-1,-1,-1,-1,-1,6,0,-1,-1,940,0,-1,-1,0,110,110,110,110,150,100,100,100,0,0,0,0,0,0,0,0,0,0,0,0,10,0,0,0,0,0,0,0,0,0,0,0,0,1,0,252,255,2,255,0,255,0,0,0,0,0,0,0,1,0,0,0,0,1,0,0,0,0,0,0,0,0,0,0,-1,-1,2100,2010,-1,-1,-1,-1,-1,-1,-1,-1,-1,-1,-1,-1,-1,-1,-1,-1,-1,-1,-1,-1,-1,-1,-1,-1,-1,-1,-1,-1,0,0,0,0,0,0,0,0,0,0,0,0,-1,-1,-1,-1,-1,-1,-1,-1,-1,-1,-1,-1,-1,-1,-1,-1,-1,-1,-1,-1,-1,-1,-1,-1,0,0,0,0,0,0,0,0,0,0,0,0,0,0,0,0,0,0,0,0,0,0,0,0,255,139,139,110,0,0,0,0,0,0,0,100,100,100,100,0,0,100,-1,0,100,110,0,1,1,-1,0,0,200,0,0,-1,0,110,0,110,0,0,0,0,130,0,[0|0|0|0]
6200460,Throwing Blade - Default Attack,0,0,0,0,0,0,-1,-1,-1,-1,-1,-1,-1,-1,-1,-1,-1,-1,-1,0,0,0,0,0,0,100,100,100,0,0,0,0,0,0,0,0,0,0,0,0,0,0,0,0,0,0,0,0,0,0,0,0,0,0,0,3,0,3,255,0,255,0,0,0,0,0,0,0,0,0,0,1,0,1,0,0,0,0,0,0,0,0,0,0,-1,-1,2100,2010,-1,-1,-1,-1,-1,-1,-1,-1,-1,-1,-1,-1,-1,-1,-1,-1,-1,-1,-1,-1,-1,-1,-1,-1,-1,-1,-1,-1,0,0,0,0,0,0,0,0,0,0,0,0,-1,-1,-1,-1,-1,-1,-1,-1,-1,-1,-1,-1,-1,-1,-1,-1,-1,-1,-1,-1,-1,-1,-1,-1,0,0,0,0,0,0,0,0,0,0,0,0,0,0,0,0,0,0,0,0,0,0,0,0,255,139,139,0,0,0,1,0,0,0,0,100,100,100,100,0,0,100,-1,-1,-1,0,0,1,1,-1,0,0,0,0,0,-1,0,0,0,0,0,0,0,0,130,0,[0|0|0|0]
6200470,Throwing Blade - Default Attack,0,0,0,0,0,0,-1,-1,-1,-1,-1,-1,-1,-1,-1,-1,-1,-1,-1,0,0,0,0,0,0,100,100,100,0,0,0,0,0,0,0,0,0,0,0,0,0,0,0,0,0,0,0,0,0,0,0,0,0,0,0,3,0,3,255,0,255,0,0,0,0,0,0,0,0,0,0,1,0,1,0,0,0,0,0,0,0,0,0,0,-1,-1,2100,2010,-1,-1,-1,-1,-1,-1,-1,-1,-1,-1,-1,-1,-1,-1,-1,-1,-1,-1,-1,-1,-1,-1,-1,-1,-1,-1,-1,-1,0,0,0,0,0,0,0,0,0,0,0,0,-1,-1,-1,-1,-1,-1,-1,-1,-1,-1,-1,-1,-1,-1,-1,-1,-1,-1,-1,-1,-1,-1,-1,-1,0,0,0,0,0,0,0,0,0,0,0,0,0,0,0,0,0,0,0,0,0,0,0,0,255,139,139,0,0,0,1,0,0,0,0,100,100,100,100,0,0,100,-1,-1,-1,0,0,1,1,-1,0,0,0,0,0,-1,0,0,0,0,0,0,0,0,130,0,[0|0|0|0]
6200480,Throwing Blade - Default Attack,0,0,0,0,0,0,-1,-1,-1,-1,-1,-1,-1,-1,-1,-1,-1,-1,-1,0,0,0,0,0,0,100,0,100,0,0,0,0,0,0,0,0,0,0,0,0,0,0,-50,0,0,0,0,0,0,0,0,0,0,0,0,3,0,3,255,0,255,0,0,0,0,0,0,0,0,0,0,1,0,1,0,0,0,0,0,0,0,0,0,0,-1,-1,2100,2010,-1,-1,-1,-1,-1,-1,-1,-1,-1,-1,-1,-1,-1,-1,-1,-1,-1,-1,-1,-1,-1,-1,-1,-1,-1,-1,-1,-1,0,0,0,0,0,0,0,0,0,0,0,0,-1,-1,-1,-1,-1,-1,-1,-1,-1,-1,-1,-1,-1,-1,-1,-1,-1,-1,-1,-1,-1,-1,-1,-1,0,0,0,0,0,0,0,0,0,0,0,0,0,0,0,0,0,0,0,0,0,0,0,0,255,139,139,0,0,0,1,0,0,0,0,100,100,100,100,0,0,100,-1,-1,-1,0,0,1,1,-1,0,0,0,0,0,-1,0,0,0,0,0,0,0,0,130,0,[0|0|0|0]
6200500,Throwing Blade - Default Attack,0.4,0,0,0,0,0,350510,350610,20382301,1665,1667,1,1,-1,-1,-1,-1,-1,-1,0,220,220,220,220,100,9900,100,100,0,0,0,0,0,0,0,0,0,0,0,0,10,0,0,0,0,0,0,0,0,0,0,0,0,0,0,2,255,3,6,0,255,0,2,0,0,0,0,0,0,0,0,0,0,1,0,0,0,0,0,0,0,0,0,0,-1,-1,2100,2010,-1,-1,-1,-1,-1,-1,-1,-1,-1,-1,-1,-1,-1,-1,-1,-1,-1,-1,-1,-1,-1,-1,-1,-1,-1,-1,-1,-1,0,0,0,0,0,0,0,0,0,0,0,0,-1,-1,-1,-1,-1,-1,-1,-1,-1,-1,-1,-1,-1,-1,-1,-1,-1,-1,-1,-1,-1,-1,-1,-1,0,0,0,0,0,0,0,0,0,0,0,0,0,0,0,0,0,0,0,0,0,0,0,0,255,139,139,220,0,0,1,1,0,0,0,100,100,100,100,0,1,100,-1,0,100,0,0,1,1,-1,0,0,0,0,0,-1,0,220,0,220,0,0,0,0,130,0,[0|0|0|0]
6200509,Throwing Blade - Default Attack,0.4,0,0,0,0.6,0,-1,-1,-1,1665,1667,1,1,-1,-1,-1,-1,-1,-1,0,100,100,100,100,100,100,100,100,0,0,0,0,0,0,0,0,0,0,0,0,10,0,0,0,0,0,0,0,0,0,0,0,0,0,0,2,255,3,255,0,255,0,0,0,0,0,0,0,0,0,0,0,0,1,0,0,0,0,0,0,0,0,0,0,-1,-1,2100,2010,-1,-1,-1,-1,-1,-1,-1,-1,-1,-1,-1,-1,-1,-1,-1,-1,-1,-1,-1,-1,-1,-1,-1,-1,-1,-1,-1,-1,0,0,0,0,0,0,0,0,0,0,0,0,-1,-1,-1,-1,-1,-1,-1,-1,-1,-1,-1,-1,-1,-1,-1,-1,-1,-1,-1,-1,-1,-1,-1,-1,0,0,0,0,0,0,0,0,0,0,0,0,0,0,0,0,0,0,0,0,0,0,0,0,255,139,139,100,0,0,1,1,0,0,0,100,100,100,100,0,0,100,-1,0,100,0,0,1,1,-1,0,0,0,0,0,-1,0,100,0,100,0,0,0,0,130,0,[0|0|0|0]
6200510,Throwing Blade - Default Attack,0.4,0,0,0,0,0,350510,350610,20382301,1665,1667,1,1,-1,-1,-1,-1,-1,-1,0,300,300,300,300,100,9900,100,100,0,0,0,0,0,0,0,0,0,0,0,0,10,0,0,0,0,0,0,0,0,0,0,0,0,0,0,2,255,3,6,0,255,0,2,0,0,0,0,0,0,0,0,0,0,1,0,0,0,0,0,0,0,0,0,0,-1,-1,2100,2010,-1,-1,-1,-1,-1,-1,-1,-1,-1,-1,-1,-1,-1,-1,-1,-1,-1,-1,-1,-1,-1,-1,-1,-1,-1,-1,-1,-1,0,0,0,0,0,0,0,0,0,0,0,0,-1,-1,-1,-1,-1,-1,-1,-1,-1,-1,-1,-1,-1,-1,-1,-1,-1,-1,-1,-1,-1,-1,-1,-1,0,0,0,0,0,0,0,0,0,0,0,0,0,0,0,0,0,0,0,0,0,0,0,0,255,139,139,300,0,0,1,1,0,0,0,100,100,100,100,0,0,100,-1,0,100,0,0,1,1,-1,0,0,0,0,0,-1,0,300,0,300,0,0,0,0,130,0,[0|0|0|0]
6200530,Throwing Blade - Default Attack,0.4,0,0,0,0,0,350510,350610,20382301,1665,1667,1,1,-1,-1,-1,-1,-1,-1,0,420,420,420,420,100,9900,100,100,0,0,0,0,0,0,0,0,0,0,0,0,10,0,0,0,0,0,0,0,0,0,0,0,0,0,0,2,255,3,6,0,255,0,2,0,0,0,0,0,0,0,0,0,0,1,0,0,0,0,0,0,0,0,0,0,-1,-1,0,0,-1,-1,-1,-1,-1,-1,-1,-1,-1,-1,-1,-1,-1,-1,-1,-1,-1,-1,-1,-1,-1,-1,-1,-1,-1,-1,-1,-1,0,0,0,0,0,0,0,0,0,0,0,0,-1,-1,-1,-1,-1,-1,-1,-1,-1,-1,-1,-1,-1,-1,-1,-1,-1,-1,-1,-1,-1,-1,-1,-1,0,0,0,0,0,0,0,0,0,0,0,0,0,0,0,0,0,0,0,0,0,0,0,0,255,139,139,420,0,0,1,1,0,0,0,100,100,100,100,0,0,100,-1,0,100,0,0,1,1,-1,0,0,0,0,0,-1,0,420,0,420,0,0,0,0,130,0,[0|0|0|0]
6200550,Throwing Blade - Default Attack,0.4,0,0,0,0,0,350510,350610,20382301,1665,1667,1,1,-1,-1,-1,-1,-1,-1,0,420,420,420,420,100,9900,100,100,0,0,0,0,0,0,0,0,0,0,0,0,10,0,0,0,0,0,0,0,0,0,0,0,0,0,0,2,255,3,6,0,255,0,2,0,0,0,0,0,0,0,0,0,0,1,0,0,0,0,0,0,0,0,0,0,-1,-1,2100,2010,-1,-1,-1,-1,-1,-1,-1,-1,-1,-1,-1,-1,-1,-1,-1,-1,-1,-1,-1,-1,-1,-1,-1,-1,-1,-1,-1,-1,0,0,0,0,0,0,0,0,0,0,0,0,-1,-1,-1,-1,-1,-1,-1,-1,-1,-1,-1,-1,-1,-1,-1,-1,-1,-1,-1,-1,-1,-1,-1,-1,0,0,0,0,0,0,0,0,0,0,0,0,0,0,0,0,0,0,0,0,0,0,0,0,255,139,139,420,0,0,1,1,0,0,0,100,100,100,100,0,0,100,-1,0,100,1000,0,1,1,-1,0,0,0,0,0,-1,0,420,0,420,0,0,0,0,130,0,[0|0|0|0]
6200560,Throwing Blade - Default Attack,0.4,0,0,0,0,0,350510,350610,20382301,1665,1667,1,1,-1,-1,-1,-1,-1,-1,0,280,280,280,280,100,9900,100,100,0,0,0,0,0,0,0,0,0,0,0,0,10,0,0,0,0,0,0,0,0,0,0,0,0,0,0,2,255,3,6,0,255,0,2,0,0,0,0,0,0,0,0,0,0,1,0,0,0,0,0,0,0,0,0,0,-1,-1,2100,2010,-1,-1,-1,-1,-1,-1,-1,-1,-1,-1,-1,-1,-1,-1,-1,-1,-1,-1,-1,-1,-1,-1,-1,-1,-1,-1,-1,-1,0,0,0,0,0,0,0,0,0,0,0,0,-1,-1,-1,-1,-1,-1,-1,-1,-1,-1,-1,-1,-1,-1,-1,-1,-1,-1,-1,-1,-1,-1,-1,-1,0,0,0,0,0,0,0,0,0,0,0,0,0,0,0,0,0,0,0,0,0,0,0,0,255,139,139,280,0,0,1,1,0,0,0,100,100,100,100,0,0,100,-1,0,100,0,0,1,1,-1,0,0,0,0,0,-1,0,280,0,280,0,0,0,0,130,0,[0|0|0|0]
6200590,Throwing Blade - Default Attack,0.5,0,0,0,0,0,-1,-1,-1,-1,-1,94,94,-1,-1,95,-1,-1,-1,0,0,0,0,0,0,9900,100,100,0,0,0,0,0,0,0,0,0,0,0,0,0,0,0,0,0,0,0,0,0,0,0,0,0,2,0,2,0,3,6,0,255,1,1,0,0,0,0,0,0,0,0,1,0,1,0,0,0,0,0,0,0,0,0,0,-1,-1,2100,2010,-1,-1,-1,-1,-1,-1,-1,-1,-1,-1,-1,-1,-1,-1,-1,-1,-1,-1,-1,-1,-1,-1,-1,-1,-1,-1,-1,-1,0,0,0,0,0,0,0,0,0,0,0,0,-1,-1,-1,-1,-1,-1,-1,-1,-1,-1,-1,-1,-1,-1,-1,-1,-1,-1,-1,-1,-1,-1,-1,-1,0,0,0,0,0,0,0,0,0,0,0,0,0,0,0,0,0,0,0,0,0,0,0,0,255,139,139,0,0,0,1,1,0,0,0,0,0,0,0,0,0,100,-1,-1,-1,0,0,1,1,-1,0,0,0,0,0,-1,0,0,0,0,0,0,0,0,130,0,[0|0|0|0]
6200591,Throwing Blade - Default Attack,0.55,0,0,0,0,0,-1,-1,-1,-1,-1,131,131,-1,-1,-1,-1,-1,-1,0,0,0,0,0,0,100,0,100,0,0,0,0,0,0,0,0,0,0,0,0,0,0,0,0,0,0,0,0,0,0,0,0,0,0,0,3,0,3,255,0,255,1,0,0,0,0,0,0,0,0,0,1,0,1,0,0,0,0,0,0,0,0,0,0,-1,-1,2100,2010,-1,-1,-1,-1,-1,-1,-1,-1,-1,-1,-1,-1,-1,-1,-1,-1,-1,-1,-1,-1,-1,-1,-1,-1,-1,-1,-1,-1,0,0,0,0,0,0,0,0,0,0,0,0,-1,-1,-1,-1,-1,-1,-1,-1,-1,-1,-1,-1,-1,-1,-1,-1,-1,-1,-1,-1,-1,-1,-1,-1,0,0,0,0,0,0,0,0,0,0,0,0,0,0,0,0,0,0,0,0,0,0,0,0,255,139,139,0,0,0,1,1,0,0,0,100,100,100,100,0,0,100,-1,-1,-1,0,0,1,1,-1,0,0,0,0,0,-1,0,0,0,0,0,0,0,0,130,0,[0|0|0|0]
6200600,Throwing Blade - Default Bullet,0.55,0.2,0,0,0.3,0,-1,-1,-1,-1,-1,1,1,-1,-1,-1,-1,-1,-1,0,110,110,110,110,110,120,100,100,0,101,0,0,0,0,0,0,0,0,0,0,10,0,0,0,0,2,0,0,0,0,0,0,0,1,0,252,255,2,255,0,255,0,0,0,0,0,0,0,1,0,0,0,0,1,0,0,0,0,0,0,0,0,0,0,-1,-1,2100,2010,-1,-1,-1,-1,-1,-1,-1,-1,-1,-1,-1,-1,-1,-1,-1,-1,-1,-1,-1,-1,-1,-1,-1,-1,-1,-1,-1,-1,0,0,0,0,0,0,0,0,0,0,0,0,-1,-1,-1,-1,-1,-1,-1,-1,-1,-1,-1,-1,-1,-1,-1,-1,-1,-1,-1,-1,-1,-1,-1,-1,0,0,0,0,0,0,0,0,0,0,0,0,0,0,0,0,0,0,0,0,0,0,0,0,255,139,139,110,0,0,0,1,0,0,0,100,100,100,100,0,0,100,-1,0,100,100,0,1,1,-1,0,0,100,0,0,-1,0,110,0,110,0,0,0,0,130,0,[0|0|0|0]
6200605,Throwing Blade - Default Bullet,0.55,0.2,0,0,0.3,0,-1,-1,-1,-1,-1,1,1,-1,-1,-1,-1,-1,-1,0,110,110,110,110,110,120,100,100,0,101,0,0,0,0,0,0,0,0,0,0,10,0,0,0,0,2,0,0,0,0,0,0,0,1,0,252,255,2,255,0,255,0,0,0,0,0,0,0,1,0,0,0,0,1,0,0,0,0,0,0,0,0,0,0,-1,-1,2100,2010,-1,-1,-1,-1,-1,-1,-1,-1,-1,-1,-1,-1,-1,-1,-1,-1,-1,-1,-1,-1,-1,-1,-1,-1,-1,-1,-1,-1,0,0,0,0,0,0,0,0,0,0,0,0,-1,-1,-1,-1,-1,-1,-1,-1,-1,-1,-1,-1,-1,-1,-1,-1,-1,-1,-1,-1,-1,-1,-1,-1,0,0,0,0,0,0,0,0,0,0,0,0,0,0,0,0,0,0,0,0,0,0,0,0,255,139,139,110,0,0,0,1,0,0,0,100,100,100,100,0,0,100,-1,0,100,100,0,1,1,-1,0,0,100,0,0,-1,0,110,0,110,0,0,0,0,130,0,[0|0|0|0]
6200610,Throwing Blade - Default Bullet,0.55,0.2,0,0,0.3,0,-1,-1,-1,-1,-1,1,1,-1,-1,-1,-1,-1,-1,0,110,110,110,110,110,120,100,100,104,101,0,0,0,0,0,0,0,0,0,0,10,0,0,0,0,2,0,0,0,0,0,0,0,1,0,252,255,2,255,0,255,0,0,0,0,0,0,0,1,0,0,0,0,1,0,0,0,0,0,0,0,0,0,0,-1,-1,2100,2010,-1,-1,-1,-1,-1,-1,-1,-1,-1,-1,-1,-1,-1,-1,-1,-1,-1,-1,-1,-1,-1,-1,-1,-1,-1,-1,-1,-1,0,0,0,0,0,0,0,0,0,0,0,0,-1,-1,-1,-1,-1,-1,-1,-1,-1,-1,-1,-1,-1,-1,-1,-1,-1,-1,-1,-1,-1,-1,-1,-1,0,0,0,0,0,0,0,0,0,0,0,0,0,0,0,0,0,0,0,0,0,0,0,0,255,139,139,110,0,0,0,1,0,0,0,100,100,100,100,0,0,100,-1,0,100,100,0,1,1,-1,0,0,200,0,0,-1,0,110,0,110,0,0,0,0,130,0,[0|0|0|0]
6200632,Throwing Blade - Default Bullet,0.55,0.2,0,0,0.6,0,-1,-1,-1,-1,-1,1,1,-1,-1,-1,-1,-1,-1,0,130,130,130,130,170,200,100,100,0,101,0,0,0,0,0,0,0,0,0,0,10,0,0,0,0,2,0,0,0,0,0,0,1,1,0,252,255,2,255,0,255,0,0,0,0,0,0,0,1,0,0,0,0,1,0,0,0,0,0,0,0,0,0,0,-1,-1,2100,2010,-1,-1,-1,-1,-1,-1,-1,-1,-1,-1,-1,-1,-1,-1,-1,-1,-1,-1,-1,-1,-1,-1,-1,-1,-1,-1,-1,-1,0,0,0,0,0,0,0,0,0,0,0,0,-1,-1,-1,-1,-1,-1,-1,-1,-1,-1,-1,-1,-1,-1,-1,-1,-1,-1,-1,-1,-1,-1,-1,-1,0,0,0,0,0,0,0,0,0,0,0,0,0,0,0,0,0,0,0,0,0,0,0,0,255,139,139,130,0,0,0,1,0,0,0,100,100,100,100,0,0,100,-1,0,100,130,0,1,1,-1,0,0,200,0,0,-1,0,130,0,130,0,0,0,0,130,0,[0|0|0|0]
6200635,Throwing Blade - Default Bullet,0.55,0.2,0,0,0.7,0,-1,-1,-1,-1,-1,1,1,-1,-1,-1,-1,-1,-1,0,170,170,170,170,220,300,100,100,100,101,0,0,0,0,0,0,0,0,0,0,10,0,0,0,0,2,0,0,0,0,0,0,2,1,0,252,255,2,255,0,255,0,0,0,0,0,0,0,1,0,0,0,0,1,0,0,0,0,0,0,0,0,0,0,-1,-1,2100,2010,-1,-1,-1,-1,-1,-1,-1,-1,-1,-1,-1,-1,-1,-1,-1,-1,-1,-1,-1,-1,-1,-1,-1,-1,-1,-1,-1,-1,0,0,0,0,0,0,0,0,0,0,0,0,-1,-1,-1,-1,-1,-1,-1,-1,-1,-1,-1,-1,-1,-1,-1,-1,-1,-1,-1,-1,-1,-1,-1,-1,0,0,0,0,0,0,0,0,0,0,0,0,0,0,0,0,0,0,0,0,0,0,0,0,255,139,139,170,0,0,0,1,0,0,0,100,100,100,100,0,0,100,-1,0,100,180,0,1,1,-1,0,0,300,0,0,-1,0,170,0,170,0,0,0,0,130,0,[0|0|0|0]
6200800,Throwing Blade - Default Bullet,0.4,0.2,0,0,0.2,0,-1,-1,-1,-1,-1,1,1,-1,-1,-1,-1,-1,-1,0,77,77,77,77,70,100,100,100,0,0,0,0,0,0,0,0,0,0,0,0,10,0,0,0,0,2,0,0,0,0,0,0,0,1,0,252,255,2,255,0,255,0,0,0,0,0,0,0,1,0,0,0,0,1,0,0,0,0,0,0,0,0,0,0,-1,-1,2100,2010,-1,-1,-1,-1,-1,-1,-1,-1,-1,-1,-1,-1,-1,-1,-1,-1,-1,-1,-1,-1,-1,-1,-1,-1,-1,-1,-1,-1,0,0,0,0,0,0,0,0,0,0,0,0,-1,-1,-1,-1,-1,-1,-1,-1,-1,-1,-1,-1,-1,-1,-1,-1,-1,-1,-1,-1,-1,-1,-1,-1,0,0,0,0,0,0,0,0,0,0,0,0,0,0,0,0,0,0,0,0,0,0,0,0,255,139,139,77,0,0,0,1,0,0,0,60,90,100,100,0,0,100,-1,0,100,100,0,1,1,-1,0,0,55,0,0,-1,0,77,0,77,0,0,0,0,130,0,[0|0|0|0]
6200805,Throwing Blade - Default Bullet,0.5,0.2,0,0,0.3,0,-1,-1,-1,-1,-1,2,2,-1,-1,-1,-1,-1,-1,0,77,77,77,77,70,100,100,100,0,0,0,0,0,0,0,0,0,0,0,0,10,0,0,0,0,2,0,0,0,0,0,0,0,1,0,252,255,2,255,0,255,0,0,0,0,0,0,0,1,0,0,0,0,1,0,0,0,0,0,0,0,9,0,0,-1,-1,2100,2010,-1,-1,-1,-1,-1,-1,-1,-1,-1,-1,-1,-1,-1,-1,-1,-1,-1,-1,-1,-1,-1,-1,-1,-1,-1,-1,-1,-1,0,0,0,0,0,0,0,0,0,0,0,0,-1,-1,-1,-1,-1,-1,-1,-1,-1,-1,-1,-1,-1,-1,-1,-1,-1,-1,-1,-1,-1,-1,-1,-1,0,0,0,0,0,0,0,0,0,0,0,0,0,0,0,0,0,0,0,0,0,0,0,0,255,139,139,77,0,0,0,1,0,0,0,60,90,100,100,0,0,100,-1,0,100,100,0,1,1,-1,0,0,55,0,0,-1,0,77,0,77,0,0,0,0,130,0,[0|0|0|0]
6200810,Throwing Blade - Default Bullet,0.5,0,0,0,0.2,0,-1,-1,-1,-1,-1,5,0,-1,-1,930,-1,-1,-1,0,77,77,77,77,70,100,100,100,0,0,0,0,0,0,0,0,0,0,0,0,10,0,0,0,0,0,0,0,0,0,0,0,0,1,0,252,255,2,255,0,255,0,0,0,0,0,0,0,1,0,0,0,0,1,0,0,0,0,0,0,0,9,0,0,-1,-1,2100,2010,-1,-1,-1,-1,-1,-1,-1,-1,-1,-1,-1,-1,-1,-1,-1,-1,-1,-1,-1,-1,-1,-1,-1,-1,-1,-1,-1,-1,0,0,0,0,0,0,0,0,0,0,0,0,-1,-1,-1,-1,-1,-1,-1,-1,-1,-1,-1,-1,-1,-1,-1,-1,-1,-1,-1,-1,-1,-1,-1,-1,0,0,0,0,0,0,0,0,0,0,0,0,0,0,0,0,0,0,0,0,0,0,0,0,255,139,139,77,0,0,0,1,0,0,0,60,90,100,100,0,0,100,-1,0,100,100,0,1,1,-1,0,0,55,0,0,-1,0,77,0,77,0,0,0,0,130,0,[0|0|0|0]
6200815,Throwing Blade - Default Bullet,0.4,0,0,0,0.3,0,-1,-1,-1,-1,-1,5,0,-1,-1,930,-1,-1,-1,0,77,77,77,77,70,100,100,100,0,0,0,0,0,0,0,0,0,0,0,0,10,0,0,0,0,0,0,0,0,0,0,0,0,1,0,252,255,2,255,0,255,0,0,0,0,0,0,0,1,0,0,0,0,1,0,0,0,0,0,0,0,0,0,0,-1,-1,2100,2010,-1,-1,-1,-1,-1,-1,-1,-1,-1,-1,-1,-1,-1,-1,-1,-1,-1,-1,-1,-1,-1,-1,-1,-1,-1,-1,-1,-1,0,0,0,0,0,0,0,0,0,0,0,0,-1,-1,-1,-1,-1,-1,-1,-1,-1,-1,-1,-1,-1,-1,-1,-1,-1,-1,-1,-1,-1,-1,-1,-1,0,0,0,0,0,0,0,0,0,0,0,0,0,0,0,0,0,0,0,0,0,0,0,0,255,139,139,77,0,0,0,1,0,0,0,60,90,100,100,0,0,100,-1,0,100,100,0,1,1,-1,0,0,55,0,0,-1,0,77,0,77,0,0,0,0,130,0,[0|0|0|0]
6200820,Throwing Blade - Default Bullet,0.4,0.2,0,0,0.2,0,-1,-1,-1,-1,-1,1,1,-1,-1,-1,-1,-1,-1,0,79,79,79,79,70,100,100,100,0,0,0,0,0,0,0,0,0,0,0,0,20,0,0,0,0,2,0,0,0,0,0,0,0,1,0,252,255,2,255,0,255,0,0,0,0,0,0,0,1,0,0,0,0,1,0,0,0,0,0,0,0,9,0,0,-1,-1,2100,2010,-1,-1,-1,-1,-1,-1,-1,-1,-1,-1,-1,-1,-1,-1,-1,-1,-1,-1,-1,-1,-1,-1,-1,-1,-1,-1,-1,-1,0,0,0,0,0,0,0,0,0,0,0,0,-1,-1,-1,-1,-1,-1,-1,-1,-1,-1,-1,-1,-1,-1,-1,-1,-1,-1,-1,-1,-1,-1,-1,-1,0,0,0,0,0,0,0,0,0,0,0,0,0,0,0,0,0,0,0,0,0,0,0,0,255,139,139,79,0,0,0,1,0,0,0,60,100,100,100,0,0,100,-1,0,100,105,0,1,1,-1,0,0,55,0,0,-1,0,79,0,79,0,0,0,0,130,0,[0|0|0|0]
6200825,Throwing Blade - Default Bullet,0.4,0,0,0,0.3,0,-1,-1,-1,-1,-1,6,0,-1,-1,940,-1,-1,-1,0,79,79,79,79,70,100,100,100,0,0,0,0,0,0,0,0,0,0,0,0,20,0,0,0,0,0,0,0,0,0,0,0,0,1,0,252,255,2,255,0,255,0,0,0,0,0,0,0,1,0,0,0,0,1,0,0,0,0,0,0,0,0,0,0,-1,-1,2100,2010,-1,-1,-1,-1,-1,-1,-1,-1,-1,-1,-1,-1,-1,-1,-1,-1,-1,-1,-1,-1,-1,-1,-1,-1,-1,-1,-1,-1,0,0,0,0,0,0,0,0,0,0,0,0,-1,-1,-1,-1,-1,-1,-1,-1,-1,-1,-1,-1,-1,-1,-1,-1,-1,-1,-1,-1,-1,-1,-1,-1,0,0,0,0,0,0,0,0,0,0,0,0,0,0,0,0,0,0,0,0,0,0,0,0,255,139,139,79,0,0,0,1,0,0,0,60,100,100,100,0,0,100,-1,0,100,105,0,1,1,-1,0,0,55,0,0,-1,0,79,0,79,0,0,0,0,130,0,[0|0|0|0]
6200830,Throwing Blade - Default Bullet,0.4,0.2,0,0,0.2,0,-1,-1,-1,-1,-1,1,1,-1,-1,-1,-1,-1,-1,0,81,81,81,81,80,100,100,100,0,0,0,0,0,0,0,0,0,0,0,0,10,0,0,0,0,2,0,0,0,0,0,0,0,1,0,252,255,2,255,0,255,0,0,0,0,0,0,0,1,0,0,0,0,1,0,0,0,0,0,0,0,0,0,0,-1,-1,2100,2010,-1,-1,-1,-1,-1,-1,-1,-1,-1,-1,-1,-1,-1,-1,-1,-1,-1,-1,-1,-1,-1,-1,-1,-1,-1,-1,-1,-1,0,0,0,0,0,0,0,0,0,0,0,0,-1,-1,-1,-1,-1,-1,-1,-1,-1,-1,-1,-1,-1,-1,-1,-1,-1,-1,-1,-1,-1,-1,-1,-1,0,0,0,0,0,0,0,0,0,0,0,0,0,0,0,0,0,0,0,0,0,0,0,0,255,139,139,81,0,0,0,1,0,0,0,60,90,100,100,0,0,100,-1,0,100,105,0,1,1,-1,0,0,55,0,0,-1,0,81,0,81,0,0,0,0,130,0,[0|0|0|0]
6200835,Throwing Blade - Default Bullet,0.4,0.2,0,0,0.3,0,-1,-1,-1,-1,-1,831,831,-1,-1,-1,-1,-1,-1,0,81,81,81,81,80,100,100,100,0,0,0,0,0,0,0,0,0,0,0,0,10,0,0,0,0,2,0,0,0,0,0,0,0,1,0,252,255,2,255,0,255,0,0,0,0,0,0,0,1,0,0,0,0,1,0,0,0,0,0,0,0,9,0,0,-1,-1,2100,2010,-1,-1,-1,-1,-1,-1,-1,-1,-1,-1,-1,-1,-1,-1,-1,-1,-1,-1,-1,-1,-1,-1,-1,-1,-1,-1,-1,-1,0,0,0,0,0,0,0,0,0,0,0,0,-1,-1,-1,-1,-1,-1,-1,-1,-1,-1,-1,-1,-1,-1,-1,-1,-1,-1,-1,-1,-1,-1,-1,-1,0,0,0,0,0,0,0,0,0,0,0,0,0,0,0,0,0,0,0,0,0,0,0,0,255,139,139,81,0,0,0,1,0,0,0,60,90,100,100,0,0,100,-1,0,100,105,0,1,1,-1,0,0,55,0,0,-1,0,81,0,81,0,0,0,0,130,0,[0|0|0|0]
6200840,Throwing Blade - Default Bullet,0.4,0,0,0,0.3,0,-1,-1,-1,-1,-1,5,0,-1,-1,930,-1,-1,-1,0,83,83,83,83,80,100,100,100,0,0,0,0,0,0,0,0,0,0,0,0,20,0,0,0,0,0,0,0,0,0,0,0,0,1,0,252,255,2,255,0,255,0,0,0,0,0,0,0,1,0,0,0,0,1,0,0,0,0,0,0,0,9,0,0,-1,-1,2100,2010,-1,-1,-1,-1,-1,-1,-1,-1,-1,-1,-1,-1,-1,-1,-1,-1,-1,-1,-1,-1,-1,-1,-1,-1,-1,-1,-1,-1,0,0,0,0,0,0,0,0,0,0,0,0,-1,-1,-1,-1,-1,-1,-1,-1,-1,-1,-1,-1,-1,-1,-1,-1,-1,-1,-1,-1,-1,-1,-1,-1,0,0,0,0,0,0,0,0,0,0,0,0,0,0,0,0,0,0,0,0,0,0,0,0,255,139,139,83,0,0,0,1,0,0,0,60,100,100,100,0,0,100,-1,0,100,105,0,1,1,-1,0,0,55,0,0,-1,0,83,0,83,0,0,0,0,130,0,[0|0|0|0]
6200845,Throwing Blade - Default Bullet,0.4,0.2,0,0,0.4,0,-1,-1,-1,-1,-1,2,2,-1,-1,-1,-1,-1,-1,0,83,83,83,83,80,100,100,100,0,0,0,0,0,0,0,0,0,0,0,0,20,0,0,0,0,2,0,0,0,0,0,0,0,1,0,252,255,2,255,0,255,0,0,0,0,0,0,0,1,0,0,0,0,1,0,0,0,0,0,0,0,0,0,0,-1,-1,2100,2010,-1,-1,-1,-1,-1,-1,-1,-1,-1,-1,-1,-1,-1,-1,-1,-1,-1,-1,-1,-1,-1,-1,-1,-1,-1,-1,-1,-1,0,0,0,0,0,0,0,0,0,0,0,0,-1,-1,-1,-1,-1,-1,-1,-1,-1,-1,-1,-1,-1,-1,-1,-1,-1,-1,-1,-1,-1,-1,-1,-1,0,0,0,0,0,0,0,0,0,0,0,0,0,0,0,0,0,0,0,0,0,0,0,0,255,139,139,83,0,0,0,1,0,0,0,60,100,100,100,0,0,100,-1,0,100,105,0,1,1,-1,0,0,55,0,0,-1,0,83,0,83,0,0,0,0,130,0,[0|0|0|0]
6200850,Throwing Blade - Default Bullet,0.4,0.2,0,0,0.5,0,-1,-1,-1,-1,-1,1,1,-1,-1,-1,-1,-1,-1,0,85,85,85,85,90,100,100,100,104,0,0,0,0,0,0,0,0,0,0,0,10,0,0,0,0,2,0,0,0,0,0,0,0,1,0,252,255,2,255,0,255,0,0,0,0,0,0,0,1,0,0,0,0,1,0,0,0,0,0,0,0,0,0,0,-1,-1,2100,2010,-1,-1,-1,-1,-1,-1,-1,-1,-1,-1,-1,-1,-1,-1,-1,-1,-1,-1,-1,-1,-1,-1,-1,-1,-1,-1,-1,-1,0,0,0,0,0,0,0,0,0,0,0,0,-1,-1,-1,-1,-1,-1,-1,-1,-1,-1,-1,-1,-1,-1,-1,-1,-1,-1,-1,-1,-1,-1,-1,-1,0,0,0,0,0,0,0,0,0,0,0,0,0,0,0,0,0,0,0,0,0,0,0,0,255,139,139,85,0,0,0,1,0,0,0,60,90,100,100,0,0,100,-1,0,100,110,0,1,1,-1,0,0,110,0,0,-1,0,85,0,85,0,0,0,0,130,0,[0|0|0|0]
6200855,Throwing Blade - Default Bullet,0.4,0.2,0,0,0.6,0,-1,-1,-1,-1,-1,2,2,-1,-1,-1,-1,-1,-1,0,85,85,85,85,90,100,100,100,104,0,0,0,0,0,0,0,0,0,0,0,10,0,0,0,0,2,0,0,0,0,0,0,0,1,0,252,255,2,255,0,255,0,0,0,0,0,0,0,1,0,0,0,0,1,0,0,0,0,0,0,0,9,0,0,-1,-1,2100,2010,-1,-1,-1,-1,-1,-1,-1,-1,-1,-1,-1,-1,-1,-1,-1,-1,-1,-1,-1,-1,-1,-1,-1,-1,-1,-1,-1,-1,0,0,0,0,0,0,0,0,0,0,0,0,-1,-1,-1,-1,-1,-1,-1,-1,-1,-1,-1,-1,-1,-1,-1,-1,-1,-1,-1,-1,-1,-1,-1,-1,0,0,0,0,0,0,0,0,0,0,0,0,0,0,0,0,0,0,0,0,0,0,0,0,255,139,139,85,0,0,0,1,0,0,0,60,90,100,100,0,0,100,-1,0,100,110,0,1,1,-1,0,0,110,0,0,-1,0,85,0,85,0,0,0,0,130,0,[0|0|0|0]
6200860,Throwing Blade - Default Bullet,0.4,0.2,0,0,0.7,0,-1,-1,-1,-1,-1,1,1,-1,-1,-1,-1,-1,-1,0,65,65,65,65,60,100,100,100,122,0,0,0,0,0,0,0,0,0,0,0,10,0,0,0,0,2,0,0,0,0,0,0,0,1,0,252,255,2,255,0,255,0,0,0,0,0,0,0,1,0,0,0,0,1,0,0,0,0,0,0,0,9,0,0,-1,-1,2100,2010,-1,-1,-1,-1,-1,-1,-1,-1,-1,-1,-1,-1,-1,-1,-1,-1,-1,-1,-1,-1,-1,-1,-1,-1,-1,-1,-1,-1,0,0,0,0,0,0,0,0,0,0,0,0,-1,-1,-1,-1,-1,-1,-1,-1,-1,-1,-1,-1,-1,-1,-1,-1,-1,-1,-1,-1,-1,-1,-1,-1,0,0,0,0,0,0,0,0,0,0,0,0,0,0,0,0,0,0,0,0,0,0,0,0,255,139,139,65,0,0,0,1,0,0,0,60,90,100,100,0,0,100,-1,0,100,110,0,1,1,-1,0,0,55,0,0,-1,0,65,0,65,0,0,0,0,130,0,[0|0|0|0]
6200865,Throwing Blade - Default Bullet,0.4,0.2,0,0,0.7,0,-1,-1,-1,-1,-1,2,2,-1,-1,-1,-1,-1,-1,0,65,65,65,65,60,100,100,100,122,0,0,0,0,0,0,0,0,0,0,0,10,0,0,0,0,2,0,0,0,0,0,0,0,1,0,252,255,2,255,0,255,0,0,0,0,0,0,0,1,0,0,0,0,1,0,0,0,0,0,0,0,0,0,0,-1,-1,2100,2010,-1,-1,-1,-1,-1,-1,-1,-1,-1,-1,-1,-1,-1,-1,-1,-1,-1,-1,-1,-1,-1,-1,-1,-1,-1,-1,-1,-1,0,0,0,0,0,0,0,0,0,0,0,0,-1,-1,-1,-1,-1,-1,-1,-1,-1,-1,-1,-1,-1,-1,-1,-1,-1,-1,-1,-1,-1,-1,-1,-1,0,0,0,0,0,0,0,0,0,0,0,0,0,0,0,0,0,0,0,0,0,0,0,0,255,139,139,65,0,0,0,1,0,0,0,60,90,100,100,0,0,100,-1,0,100,110,0,1,1,-1,0,0,55,0,0,-1,0,65,0,65,0,0,0,0,130,0,[0|0|0|0]
6200870,Throwing Blade - Default Bullet,0.4,0.2,0,0,0.5,0,-1,-1,-1,-1,-1,1,1,-1,-1,-1,-1,-1,-1,0,65,65,65,65,100,100,100,100,121,0,0,0,0,0,0,0,0,0,0,0,10,0,0,0,0,2,0,0,0,0,0,0,0,1,0,252,255,2,255,0,255,0,0,0,0,0,0,0,1,0,0,0,0,1,0,0,0,0,0,0,0,9,0,0,-1,-1,2100,2010,-1,-1,-1,-1,-1,-1,-1,-1,-1,-1,-1,-1,-1,-1,-1,-1,-1,-1,-1,-1,-1,-1,-1,-1,-1,-1,-1,-1,0,0,0,0,0,0,0,0,0,0,0,0,-1,-1,-1,-1,-1,-1,-1,-1,-1,-1,-1,-1,-1,-1,-1,-1,-1,-1,-1,-1,-1,-1,-1,-1,0,0,0,0,0,0,0,0,0,0,0,0,0,0,0,0,0,0,0,0,0,0,0,0,255,139,139,65,0,0,0,1,0,0,0,60,90,100,100,0,0,100,-1,0,100,90,0,1,1,-1,0,0,55,0,0,-1,0,65,0,65,0,0,0,0,130,0,[0|0|0|0]
6200875,Throwing Blade - Default Bullet,0.4,0.2,0,0,0.5,0,-1,-1,-1,-1,-1,2,2,-1,-1,-1,-1,-1,-1,0,65,65,65,65,100,100,100,100,121,0,0,0,0,0,0,0,0,0,0,0,10,0,0,0,0,2,0,0,0,0,0,0,0,1,0,252,255,2,255,0,255,0,0,0,0,0,0,0,1,0,0,0,0,1,0,0,0,0,0,0,0,0,0,0,-1,-1,2100,2010,-1,-1,-1,-1,-1,-1,-1,-1,-1,-1,-1,-1,-1,-1,-1,-1,-1,-1,-1,-1,-1,-1,-1,-1,-1,-1,-1,-1,0,0,0,0,0,0,0,0,0,0,0,0,-1,-1,-1,-1,-1,-1,-1,-1,-1,-1,-1,-1,-1,-1,-1,-1,-1,-1,-1,-1,-1,-1,-1,-1,0,0,0,0,0,0,0,0,0,0,0,0,0,0,0,0,0,0,0,0,0,0,0,0,255,139,139,65,0,0,0,1,0,0,0,60,90,100,100,0,0,100,-1,0,100,90,0,1,1,-1,0,0,55,0,0,-1,0,65,0,65,0,0,0,0,130,0,[0|0|0|0]
6200880,Throwing Blade - Default Bullet,0.4,0,0,0,0.5,0,-1,-1,-1,-1,-1,5,0,-1,-1,930,-1,-1,-1,0,65,65,65,65,70,100,100,100,121,0,0,0,0,0,0,0,0,0,0,0,20,0,0,0,0,0,0,0,0,0,0,0,0,1,0,252,255,2,255,0,255,0,0,0,0,0,0,0,1,0,0,0,0,1,0,0,0,0,0,0,0,9,0,0,-1,-1,2100,2010,-1,-1,-1,-1,-1,-1,-1,-1,-1,-1,-1,-1,-1,-1,-1,-1,-1,-1,-1,-1,-1,-1,-1,-1,-1,-1,-1,-1,0,0,0,0,0,0,0,0,0,0,0,0,-1,-1,-1,-1,-1,-1,-1,-1,-1,-1,-1,-1,-1,-1,-1,-1,-1,-1,-1,-1,-1,-1,-1,-1,0,0,0,0,0,0,0,0,0,0,0,0,0,0,0,0,0,0,0,0,0,0,0,0,255,139,139,65,0,0,0,1,0,0,0,60,90,100,100,0,0,100,-1,0,100,90,0,1,1,-1,0,0,55,0,0,-1,0,65,0,65,0,0,0,0,130,0,[0|0|0|0]
6200885,Throwing Blade - Default Bullet,0.4,0.2,0,0,0.5,0,-1,-1,-1,-1,-1,2,2,-1,-1,-1,-1,-1,-1,0,65,65,65,65,70,100,100,100,121,0,0,0,0,0,0,0,0,0,0,0,20,0,0,0,0,2,0,0,0,0,0,0,0,1,0,252,255,2,255,0,255,0,0,0,0,0,0,0,1,0,0,0,0,1,0,0,0,0,0,0,0,0,0,0,-1,-1,2100,2010,-1,-1,-1,-1,-1,-1,-1,-1,-1,-1,-1,-1,-1,-1,-1,-1,-1,-1,-1,-1,-1,-1,-1,-1,-1,-1,-1,-1,0,0,0,0,0,0,0,0,0,0,0,0,-1,-1,-1,-1,-1,-1,-1,-1,-1,-1,-1,-1,-1,-1,-1,-1,-1,-1,-1,-1,-1,-1,-1,-1,0,0,0,0,0,0,0,0,0,0,0,0,0,0,0,0,0,0,0,0,0,0,0,0,255,139,139,65,0,0,0,1,0,0,0,60,90,100,100,0,0,100,-1,0,100,90,0,1,1,-1,0,0,55,0,0,-1,0,65,0,65,0,0,0,0,130,0,[0|0|0|0]
6200890,Throwing Blade - Default Bullet,0.5,0.2,0,0,0.3,0,-1,-1,-1,-1,-1,1,1,-1,-1,-1,-1,-1,-1,0,82,82,82,82,75,100,100,100,102,0,0,0,0,0,0,0,0,0,0,0,20,0,0,0,0,2,0,0,0,0,0,0,0,1,0,252,255,2,255,0,255,0,0,0,0,0,0,0,1,0,0,0,0,1,0,0,0,0,0,0,0,9,0,0,-1,-1,2100,2010,-1,-1,-1,-1,-1,-1,-1,-1,-1,-1,-1,-1,-1,-1,-1,-1,-1,-1,-1,-1,-1,-1,-1,-1,-1,-1,-1,-1,0,0,0,0,0,0,0,0,0,0,0,0,-1,-1,-1,-1,-1,-1,-1,-1,-1,-1,-1,-1,-1,-1,-1,-1,-1,-1,-1,-1,-1,-1,-1,-1,0,0,0,0,0,0,0,0,0,0,0,0,0,0,0,0,0,0,0,0,0,0,0,0,255,139,139,82,0,0,0,1,0,0,0,60,90,100,100,0,0,100,-1,0,100,130,0,1,1,-1,0,0,83,0,0,-1,0,82,0,82,0,0,0,0,130,0,[0|0|0|0]
6200895,Throwing Blade - Default Bullet,0.5,0.2,0,0,0.5,0,-1,-1,-1,-1,-1,2,2,-1,-1,-1,-1,-1,-1,0,82,82,82,82,75,100,100,100,102,0,0,0,0,0,0,0,0,0,0,0,20,0,0,0,0,2,0,0,0,0,0,0,0,1,0,252,255,2,255,0,255,0,0,0,0,0,0,0,1,0,0,0,0,1,0,0,0,0,0,0,0,0,0,0,-1,-1,2100,2010,-1,-1,-1,-1,-1,-1,-1,-1,-1,-1,-1,-1,-1,-1,-1,-1,-1,-1,-1,-1,-1,-1,-1,-1,-1,-1,-1,-1,0,0,0,0,0,0,0,0,0,0,0,0,-1,-1,-1,-1,-1,-1,-1,-1,-1,-1,-1,-1,-1,-1,-1,-1,-1,-1,-1,-1,-1,-1,-1,-1,0,0,0,0,0,0,0,0,0,0,0,0,0,0,0,0,0,0,0,0,0,0,0,0,255,139,139,82,0,0,0,1,0,0,0,60,90,100,100,0,0,100,-1,0,100,130,0,1,1,-1,0,0,83,0,0,-1,0,82,0,82,0,0,119,0,130,0,[0|0|0|0]
6300000,Hand-to-Hand - Default Attack,0.4,0.2,0,0,1,0.08,6902,-1,-1,1665,-1,1,1,-1,-1,-1,-1,-1,-1,0,100,100,100,100,100,100,100,100,0,0,0,0,0,0,0,0,0,0,0,0,10,0,0,0,0,2,0,0,0,0,0,0,1,0,0,1,255,1,255,0,255,0,0,0,0,0,0,0,0,0,0,0,4,1,0,0,0,0,0,0,0,0,0,0,-1,-1,2100,2010,-1,-1,-1,-1,-1,-1,-1,-1,-1,-1,-1,-1,-1,-1,-1,-1,-1,-1,-1,-1,-1,-1,-1,-1,-1,-1,-1,-1,0,0,0,0,0,0,0,0,0,0,0,0,-1,-1,-1,-1,-1,-1,-1,-1,-1,-1,-1,-1,-1,-1,-1,-1,-1,-1,-1,-1,-1,-1,-1,-1,0,0,0,0,0,0,0,0,0,0,0,0,0,0,0,0,0,0,0,0,0,0,0,0,255,139,139,100,0,0,0,0,0,0,0,100,100,100,100,0,0,100,-1,0,100,100,0,1,1,-1,0,0,100,0,0,0,0,100,0,100,0,0,0,0,0,0,[0|0|0|0]
6300001,Hand-to-Hand - Default Bullet,0,0,0,0,0.5,0.08,6904,-1,-1,1665,-1,0,0,-1,-1,0,0,-1,-1,0,120,120,120,120,140,120,100,100,0,0,0,0,0,0,0,0,0,0,0,0,10,0,0,0,0,0,0,0,0,0,0,0,1,2,0,1,255,1,255,0,255,0,0,0,0,0,0,0,0,0,0,0,0,1,0,0,0,0,0,0,0,0,0,0,-1,-1,2100,2010,-1,-1,-1,-1,-1,-1,-1,-1,-1,-1,-1,-1,-1,-1,-1,-1,-1,-1,-1,-1,-1,-1,-1,-1,-1,-1,-1,-1,0,0,0,0,0,0,0,0,0,0,0,0,-1,-1,-1,-1,-1,-1,-1,-1,-1,-1,-1,-1,-1,-1,-1,-1,-1,-1,-1,-1,-1,-1,-1,-1,0,0,0,0,0,0,0,0,0,0,0,0,0,0,0,0,0,0,0,0,0,0,0,0,255,139,139,120,0,0,0,0,0,0,0,100,100,100,100,0,0,100,-1,0,100,130,0,1,1,-1,0,0,200,0,0,0,0,120,0,120,0,0,0,0,0,0,[0|0|0|0]
6300002,Hand-to-Hand - Default Bullet,0,0,0,0,0.8,0.08,6906,-1,-1,1665,-1,0,0,-1,-1,0,0,-1,-1,0,150,150,150,150,200,400,100,100,100,0,0,0,0,0,0,0,0,0,0,0,10,0,0,0,0,0,0,0,0,0,0,0,2,2,0,1,255,1,255,0,255,0,0,0,0,0,0,0,0,0,0,0,0,1,0,0,0,0,0,0,0,0,0,0,-1,-1,2100,2010,-1,-1,-1,-1,-1,-1,-1,-1,-1,-1,-1,-1,-1,-1,-1,-1,-1,-1,-1,-1,-1,-1,-1,-1,-1,-1,-1,-1,0,0,0,0,0,0,0,0,0,0,0,0,-1,-1,-1,-1,-1,-1,-1,-1,-1,-1,-1,-1,-1,-1,-1,-1,-1,-1,-1,-1,-1,-1,-1,-1,0,0,0,0,0,0,0,0,0,0,0,0,0,0,0,0,0,0,0,0,0,0,0,0,255,139,139,150,0,0,0,0,0,0,0,100,100,100,100,0,0,100,-1,0,100,150,0,1,1,-1,0,0,600,0,0,0,0,150,0,150,0,0,0,0,0,0,[0|0|0|0]
6300003,Hand-to-Hand - Default Bullet,0,0,0,0,0.5,0.08,6904,-1,-1,1665,-1,0,0,-1,-1,0,0,-1,-1,0,120,120,120,120,140,120,100,100,0,0,0,0,0,0,0,0,0,0,0,0,10,0,0,0,0,0,0,0,0,0,0,0,1,2,0,1,255,1,255,0,255,0,0,0,0,0,0,0,0,0,0,0,0,1,0,0,0,0,0,0,0,0,0,0,-1,-1,2100,2010,-1,-1,-1,-1,-1,-1,-1,-1,-1,-1,-1,-1,-1,-1,-1,-1,-1,-1,-1,-1,-1,-1,-1,-1,-1,-1,-1,-1,0,0,0,0,0,0,0,0,0,0,0,0,-1,-1,-1,-1,-1,-1,-1,-1,-1,-1,-1,-1,-1,-1,-1,-1,-1,-1,-1,-1,-1,-1,-1,-1,0,0,0,0,0,0,0,0,0,0,0,0,0,0,0,0,0,0,0,0,0,0,0,0,255,139,139,120,0,0,0,0,0,0,0,100,100,100,100,0,0,100,-1,0,100,130,0,1,1,-1,0,0,200,0,0,0,0,120,0,120,0,0,0,0,0,0,[0|0|0|0]
6300004,Hand-to-Hand - Default Bullet,0,0,0,0,0.5,0.08,6904,-1,-1,1665,-1,0,0,-1,-1,0,0,-1,-1,0,120,120,120,120,140,120,100,100,0,0,0,0,0,0,0,0,0,0,0,0,10,0,0,0,0,0,0,0,0,0,0,0,1,2,0,1,255,1,255,0,255,0,0,0,0,0,0,0,0,0,0,0,0,1,0,0,0,0,0,0,0,0,0,0,-1,-1,2100,2010,-1,-1,-1,-1,-1,-1,-1,-1,-1,-1,-1,-1,-1,-1,-1,-1,-1,-1,-1,-1,-1,-1,-1,-1,-1,-1,-1,-1,0,0,0,0,0,0,0,0,0,0,0,0,-1,-1,-1,-1,-1,-1,-1,-1,-1,-1,-1,-1,-1,-1,-1,-1,-1,-1,-1,-1,-1,-1,-1,-1,0,0,0,0,0,0,0,0,0,0,0,0,0,0,0,0,0,0,0,0,0,0,0,0,255,139,139,120,0,0,0,0,0,0,0,100,100,100,100,0,0,100,-1,0,100,130,0,1,1,-1,0,0,200,0,0,0,0,120,0,120,0,0,0,0,0,0,[0|0|0|0]
6300010,Hand-to-Hand - Default Attack,0.5,0.2,0,0,1,0.08,6902,-1,-1,1665,-1,830,830,-1,-1,-1,-1,-1,-1,0,101,101,101,101,100,100,100,100,0,0,0,0,0,0,0,0,0,0,0,0,10,0,0,0,0,2,0,0,0,0,0,0,1,0,0,1,255,1,255,0,255,0,0,0,0,0,0,0,0,0,0,0,3,1,0,0,0,0,0,0,0,0,0,0,-1,-1,2100,2010,-1,-1,-1,-1,-1,-1,-1,-1,-1,-1,-1,-1,-1,-1,-1,-1,-1,-1,-1,-1,-1,-1,-1,-1,-1,-1,-1,-1,0,0,0,0,0,0,0,0,0,0,0,0,-1,-1,-1,-1,-1,-1,-1,-1,-1,-1,-1,-1,-1,-1,-1,-1,-1,-1,-1,-1,-1,-1,-1,-1,0,0,0,0,0,0,0,0,0,0,0,0,0,0,0,0,0,0,0,0,0,0,0,0,255,139,139,101,0,0,0,0,0,0,0,100,100,100,100,0,0,100,-1,0,100,100,0,1,1,-1,0,0,100,0,0,0,0,101,0,101,0,0,0,0,0,0,[0|0|0|0]
6300020,Hand-to-Hand - Default Attack,0.4,0,0,0,1.15,0.08,6902,-1,-1,1665,-1,6,0,-1,-1,940,0,-1,-1,0,102,102,102,102,150,100,100,100,0,0,0,0,0,0,0,0,0,0,0,0,10,0,0,0,0,0,0,0,0,0,0,0,1,0,0,1,255,1,255,0,255,0,0,0,0,0,0,0,0,0,0,0,3,1,0,0,0,0,0,0,0,0,0,0,-1,-1,2100,2010,-1,-1,-1,-1,-1,-1,-1,-1,-1,-1,-1,-1,-1,-1,-1,-1,-1,-1,-1,-1,-1,-1,-1,-1,-1,-1,-1,-1,0,0,0,0,0,0,0,0,0,0,0,0,-1,-1,-1,-1,-1,-1,-1,-1,-1,-1,-1,-1,-1,-1,-1,-1,-1,-1,-1,-1,-1,-1,-1,-1,0,0,0,0,0,0,0,0,0,0,0,0,0,0,0,0,0,0,0,0,0,0,0,0,255,139,139,102,0,0,0,0,0,0,0,100,100,100,100,0,0,100,-1,0,100,105,0,1,1,-1,0,0,150,0,0,0,0,102,0,102,0,0,0,0,0,0,[0|0|0|0]
6300021,Hand-to-Hand - Default Attack,0.4,0,0,0,1.15,0.08,6902,-1,-1,1665,-1,6,0,-1,-1,240,0,-1,-1,0,102,102,102,102,150,100,100,100,0,0,0,0,0,0,0,0,0,0,0,0,10,0,0,0,0,0,0,0,0,0,0,0,1,2,0,1,255,1,255,0,255,0,0,0,0,0,0,0,0,0,0,0,3,1,0,0,0,0,0,0,0,0,0,0,-1,-1,2100,2010,-1,-1,-1,-1,-1,-1,-1,-1,-1,-1,-1,-1,-1,-1,-1,-1,-1,-1,-1,-1,-1,-1,-1,-1,-1,-1,-1,-1,0,0,0,0,0,0,0,0,0,0,0,0,-1,-1,-1,-1,-1,-1,-1,-1,-1,-1,-1,-1,-1,-1,-1,-1,-1,-1,-1,-1,-1,-1,-1,-1,0,0,0,0,0,0,0,0,0,0,0,0,0,0,0,0,0,0,0,0,0,0,0,0,255,139,139,102,0,0,0,0,0,0,0,100,100,100,100,0,0,100,-1,0,100,105,0,1,1,-1,0,0,150,0,0,0,0,102,0,102,0,0,0,0,0,0,[0|0|0|0]
6300030,Hand-to-Hand - Default Attack,0.4,0,0,0,1.3,0.08,6902,-1,-1,1665,-1,5,0,-1,-1,930,0,-1,-1,0,103,103,103,103,150,100,100,100,0,0,0,0,0,0,0,0,0,0,0,0,10,0,0,0,0,0,0,0,0,0,0,0,1,0,0,1,255,1,255,0,255,0,0,0,0,0,0,0,0,0,0,0,0,1,0,0,0,0,0,0,0,0,0,0,-1,-1,2100,2010,-1,-1,-1,-1,-1,-1,-1,-1,-1,-1,-1,-1,-1,-1,-1,-1,-1,-1,-1,-1,-1,-1,-1,-1,-1,-1,-1,-1,0,0,0,0,0,0,0,0,0,0,0,0,-1,-1,-1,-1,-1,-1,-1,-1,-1,-1,-1,-1,-1,-1,-1,-1,-1,-1,-1,-1,-1,-1,-1,-1,0,0,0,0,0,0,0,0,0,0,0,0,0,0,0,0,0,0,0,0,0,0,0,0,255,139,139,103,0,0,0,0,0,0,0,100,100,100,100,0,0,100,-1,0,100,105,0,1,1,-1,0,0,150,0,0,0,0,103,0,103,0,0,0,0,0,0,[0|0|0|0]
6300031,Hand-to-Hand - Default Attack,0.4,0,0,0,1.3,0.08,6902,-1,-1,1665,-1,5,0,-1,-1,240,0,-1,-1,0,103,103,103,103,150,100,100,100,0,0,0,0,0,0,0,0,0,0,0,0,10,0,0,0,0,0,0,0,0,0,0,0,1,2,0,1,255,1,255,0,255,0,0,0,0,0,0,0,0,0,0,0,0,1,0,0,0,0,0,0,0,0,0,0,-1,-1,2100,2010,-1,-1,-1,-1,-1,-1,-1,-1,-1,-1,-1,-1,-1,-1,-1,-1,-1,-1,-1,-1,-1,-1,-1,-1,-1,-1,-1,-1,0,0,0,0,0,0,0,0,0,0,0,0,-1,-1,-1,-1,-1,-1,-1,-1,-1,-1,-1,-1,-1,-1,-1,-1,-1,-1,-1,-1,-1,-1,-1,-1,0,0,0,0,0,0,0,0,0,0,0,0,0,0,0,0,0,0,0,0,0,0,0,0,255,139,139,103,0,0,0,0,0,0,0,100,100,100,100,0,0,100,-1,0,100,105,0,1,1,-1,0,0,150,0,0,0,0,103,0,103,0,0,0,0,0,0,[0|0|0|0]
6300040,Hand-to-Hand - Default Attack,0.4,0.2,0,0,1,0.08,6902,-1,-1,1665,-1,1,1,-1,-1,-1,-1,-1,-1,0,104,104,104,104,100,100,100,100,0,0,0,0,0,0,0,0,0,0,0,0,10,0,0,0,0,2,0,0,0,0,0,0,1,0,0,1,255,1,255,0,255,0,0,0,0,0,0,0,0,0,0,0,3,1,0,0,0,0,0,0,0,0,0,0,-1,-1,2100,2010,-1,-1,-1,-1,-1,-1,-1,-1,-1,-1,-1,-1,-1,-1,-1,-1,-1,-1,-1,-1,-1,-1,-1,-1,-1,-1,-1,-1,0,0,0,0,0,0,0,0,0,0,0,0,-1,-1,-1,-1,-1,-1,-1,-1,-1,-1,-1,-1,-1,-1,-1,-1,-1,-1,-1,-1,-1,-1,-1,-1,0,0,0,0,0,0,0,0,0,0,0,0,0,0,0,0,0,0,0,0,0,0,0,0,255,139,139,104,0,0,0,0,0,0,0,100,100,100,100,0,0,100,-1,0,100,105,0,1,1,-1,0,0,100,0,0,0,0,104,0,104,0,0,0,0,0,0,[0|0|0|0]
6300050,Hand-to-Hand - Default Attack,0.4,0,0,0,1.3,0.08,6902,-1,-1,1665,-1,6,0,-1,-1,940,0,-1,-1,0,110,110,110,110,150,100,100,100,104,0,0,0,0,0,0,0,0,0,0,0,10,0,0,0,0,0,0,0,0,0,0,0,1,0,0,1,255,1,255,0,255,0,0,0,0,0,0,0,0,0,0,0,0,1,0,0,0,0,0,0,0,0,0,0,-1,-1,2100,2010,-1,-1,-1,-1,-1,-1,-1,-1,-1,-1,-1,-1,-1,-1,-1,-1,-1,-1,-1,-1,-1,-1,-1,-1,-1,-1,-1,-1,0,0,0,0,0,0,0,0,0,0,0,0,-1,-1,-1,-1,-1,-1,-1,-1,-1,-1,-1,-1,-1,-1,-1,-1,-1,-1,-1,-1,-1,-1,-1,-1,0,0,0,0,0,0,0,0,0,0,0,0,0,0,0,0,0,0,0,0,0,0,0,0,255,139,139,110,0,0,0,0,0,0,0,100,100,100,100,0,0,100,-1,0,100,110,0,1,1,-1,0,0,300,0,0,0,0,110,0,110,0,0,0,0,0,0,[0|0|0|0]
6300051,Hand-to-Hand - Default Attack,0.4,0,0,0,1.3,0.08,6902,-1,-1,1665,-1,6,0,-1,-1,240,0,-1,-1,0,110,110,110,110,150,100,100,100,104,0,0,0,0,0,0,0,0,0,0,0,10,0,0,0,0,0,0,0,0,0,0,0,1,2,0,1,255,1,255,0,255,0,0,0,0,0,0,0,0,0,0,0,0,1,0,0,0,0,0,0,0,0,0,0,-1,-1,2100,2010,-1,-1,-1,-1,-1,-1,-1,-1,-1,-1,-1,-1,-1,-1,-1,-1,-1,-1,-1,-1,-1,-1,-1,-1,-1,-1,-1,-1,0,0,0,0,0,0,0,0,0,0,0,0,-1,-1,-1,-1,-1,-1,-1,-1,-1,-1,-1,-1,-1,-1,-1,-1,-1,-1,-1,-1,-1,-1,-1,-1,0,0,0,0,0,0,0,0,0,0,0,0,0,0,0,0,0,0,0,0,0,0,0,0,255,139,139,110,0,0,0,0,0,0,0,100,100,100,100,0,0,100,-1,0,100,110,0,1,1,-1,0,0,300,0,0,0,0,110,0,110,0,0,0,0,0,0,[0|0|0|0]
6300060,Hand-to-Hand - Default Bullet,0.4,0.2,0,0,0.3,0.04,6904,-1,-1,-1,1667,2,2,-1,-1,-1,-1,-1,-1,0,94,94,94,94,120,500,100,100,0,0,0,0,0,0,0,0,0,0,0,0,20,0,0,0,0,2,0,0,0,0,0,0,1,0,0,1,255,1,255,0,255,0,0,0,0,0,0,0,0,0,0,0,0,1,0,0,0,0,0,0,0,0,0,0,-1,-1,2100,2010,-1,-1,-1,-1,-1,-1,-1,-1,-1,-1,-1,-1,-1,-1,-1,-1,-1,-1,-1,-1,-1,-1,-1,-1,-1,-1,-1,-1,0,0,0,0,0,0,0,0,0,0,0,0,-1,-1,-1,-1,-1,-1,-1,-1,-1,-1,-1,-1,-1,-1,-1,-1,-1,-1,-1,-1,-1,-1,-1,-1,0,0,0,0,0,0,0,0,0,0,0,0,0,0,0,0,0,0,0,0,0,0,0,0,255,139,139,94,0,0,0,1,0,0,0,65,90,100,100,0,0,100,-1,0,100,130,0,1,1,-1,0,0,120,0,0,0,0,94,0,94,0,0,0,0,0,0,[0|0|0|0]
6300061,Hand-to-Hand - Default Bullet,0.4,0.2,0,0,0.3,0.04,6906,-1,-1,-1,1667,2,2,-1,-1,-1,-1,-1,-1,0,115,115,115,115,160,500,100,100,100,0,0,0,0,0,0,0,0,0,0,0,20,0,0,0,0,2,0,0,0,0,0,0,2,0,0,1,255,1,255,0,255,0,0,0,0,0,0,0,0,0,0,0,0,1,0,0,0,0,0,0,0,0,0,0,-1,-1,2100,2010,-1,-1,-1,-1,-1,-1,-1,-1,-1,-1,-1,-1,-1,-1,-1,-1,-1,-1,-1,-1,-1,-1,-1,-1,-1,-1,-1,-1,0,0,0,0,0,0,0,0,0,0,0,0,-1,-1,-1,-1,-1,-1,-1,-1,-1,-1,-1,-1,-1,-1,-1,-1,-1,-1,-1,-1,-1,-1,-1,-1,0,0,0,0,0,0,0,0,0,0,0,0,0,0,0,0,0,0,0,0,0,0,0,0,255,139,139,115,0,0,0,1,0,0,0,65,90,100,100,0,0,100,-1,0,100,150,0,1,1,-1,0,0,330,0,0,0,0,115,0,115,0,0,0,0,0,0,[0|0|0|0]
6300062,Hand-to-Hand - Default Bullet,0.4,0,0,0,0.3,0.04,6903,-1,-1,-1,1667,6,0,-1,-1,940,0,-1,-1,0,97,97,97,97,195,500,100,100,122,0,0,0,0,0,0,0,0,0,0,0,10,0,0,0,0,0,0,0,0,0,0,0,2,0,0,1,255,1,255,0,255,0,0,0,0,0,0,0,0,0,0,0,0,1,0,0,0,0,0,0,0,0,0,0,-1,-1,2100,2010,-1,-1,-1,-1,-1,-1,-1,-1,-1,-1,-1,-1,-1,-1,-1,-1,-1,-1,-1,-1,-1,-1,-1,-1,-1,-1,-1,-1,0,0,0,0,0,0,0,0,0,0,0,0,-1,-1,-1,-1,-1,-1,-1,-1,-1,-1,-1,-1,-1,-1,-1,-1,-1,-1,-1,-1,-1,-1,-1,-1,0,0,0,0,0,0,0,0,0,0,0,0,0,0,0,0,0,0,0,0,0,0,0,0,255,139,139,97,0,0,0,1,0,0,0,65,90,100,100,0,0,100,-1,0,100,130,0,1,1,-1,0,0,180,0,0,0,0,97,0,97,0,0,0,0,0,0,[0|0|0|0]
6300100,Hand-to-Hand - Default Attack,0.4,0,0,0,1.3,0.08,6904,-1,-1,1665,-1,6,0,-1,-1,940,0,-1,-1,0,120,120,120,120,315,120,100,100,0,0,0,0,0,0,0,0,0,0,0,0,10,0,0,0,0,0,0,0,0,0,0,0,1,0,0,1,255,1,255,0,255,0,0,0,0,0,0,0,0,0,0,0,2,1,0,0,0,0,0,0,0,0,0,0,-1,-1,2100,2010,-1,-1,-1,-1,-1,-1,-1,-1,-1,-1,-1,-1,-1,-1,-1,-1,-1,-1,-1,-1,-1,-1,-1,-1,-1,-1,-1,-1,0,0,0,0,0,0,0,0,0,0,0,0,-1,-1,-1,-1,-1,-1,-1,-1,-1,-1,-1,-1,-1,-1,-1,-1,-1,-1,-1,-1,-1,-1,-1,-1,0,0,0,0,0,0,0,0,0,0,0,0,0,0,0,0,0,0,0,0,0,0,0,0,255,139,139,120,0,0,0,0,0,0,0,100,100,100,100,0,0,100,-1,0,100,130,0,1,1,-1,0,0,300,0,0,0,0,120,0,120,0,0,0,0,0,0,[0|0|0|0]
6300101,Hand-to-Hand - Default Attack,0.4,0,0,0,1.3,0.08,6904,-1,-1,1665,-1,6,0,-1,-1,240,0,-1,-1,0,120,120,120,120,315,120,100,100,0,0,0,0,0,0,0,0,0,0,0,0,10,0,0,0,0,0,0,0,0,0,0,0,1,2,0,1,255,1,255,0,255,0,0,0,0,0,0,0,0,0,0,0,2,1,0,0,0,0,0,0,0,0,0,0,-1,-1,2100,2010,-1,-1,-1,-1,-1,-1,-1,-1,-1,-1,-1,-1,-1,-1,-1,-1,-1,-1,-1,-1,-1,-1,-1,-1,-1,-1,-1,-1,0,0,0,0,0,0,0,0,0,0,0,0,-1,-1,-1,-1,-1,-1,-1,-1,-1,-1,-1,-1,-1,-1,-1,-1,-1,-1,-1,-1,-1,-1,-1,-1,0,0,0,0,0,0,0,0,0,0,0,0,0,0,0,0,0,0,0,0,0,0,0,0,255,139,139,120,0,0,0,0,0,0,0,100,100,100,100,0,0,100,-1,0,100,130,0,1,1,-1,0,0,300,0,0,0,0,120,0,120,0,0,0,0,0,0,[0|0|0|0]
6300102,Hand-to-Hand - Default Bullet,0.4,0,0,0,0.3,0.08,6904,-1,-1,1665,-1,6,0,-1,-1,240,0,-1,-1,0,105,105,105,105,315,120,100,100,0,0,0,0,0,0,0,0,0,0,0,0,10,0,0,0,0,0,0,0,0,0,0,0,1,2,0,1,255,1,255,0,255,0,0,0,0,0,0,0,0,0,0,0,2,1,0,0,0,0,0,0,0,0,0,0,-1,-1,2100,2010,-1,-1,-1,-1,-1,-1,-1,-1,-1,-1,-1,-1,-1,-1,-1,-1,-1,-1,-1,-1,-1,-1,-1,-1,-1,-1,-1,-1,0,0,0,0,0,0,0,0,0,0,0,0,-1,-1,-1,-1,-1,-1,-1,-1,-1,-1,-1,-1,-1,-1,-1,-1,-1,-1,-1,-1,-1,-1,-1,-1,0,0,0,0,0,0,0,0,0,0,0,0,0,0,0,0,0,0,0,0,0,0,0,0,255,139,139,105,0,0,0,0,0,0,0,100,100,100,100,0,0,100,-1,0,100,130,0,1,1,-1,0,0,300,0,0,0,0,105,0,105,0,0,0,0,0,0,[0|0|0|0]
6300105,Hand-to-Hand - Default Attack,0.4,0,0,0,1.5,0.08,6906,-1,-1,1665,-1,6,0,-1,-1,940,0,-1,-1,0,150,150,150,150,200,400,100,100,100,0,0,0,0,0,0,0,0,0,0,0,10,0,0,0,0,0,0,0,0,0,0,0,2,0,0,1,255,1,255,0,255,0,0,0,0,0,0,0,0,0,0,0,2,1,0,0,0,0,0,0,0,0,0,0,-1,-1,2100,2010,-1,-1,-1,-1,-1,-1,-1,-1,-1,-1,-1,-1,-1,-1,-1,-1,-1,-1,-1,-1,-1,-1,-1,-1,-1,-1,-1,-1,0,0,0,0,0,0,0,0,0,0,0,0,-1,-1,-1,-1,-1,-1,-1,-1,-1,-1,-1,-1,-1,-1,-1,-1,-1,-1,-1,-1,-1,-1,-1,-1,0,0,0,0,0,0,0,0,0,0,0,0,0,0,0,0,0,0,0,0,0,0,0,0,255,139,139,150,0,0,0,0,0,0,0,100,100,100,100,0,0,100,-1,0,100,150,0,1,1,-1,0,0,700,0,0,0,0,150,0,150,0,0,0,0,0,0,[0|0|0|0]
6300106,Hand-to-Hand - Default Attack,0.4,0,0,0,1.5,0.08,6906,-1,-1,1665,-1,6,0,-1,-1,240,0,-1,-1,0,150,150,150,150,200,400,100,100,100,0,0,0,0,0,0,0,0,0,0,0,10,0,0,0,0,0,0,0,0,0,0,0,2,2,0,1,255,1,255,0,255,0,0,0,0,0,0,0,0,0,0,0,2,1,0,0,0,0,0,0,0,0,0,0,-1,-1,2100,2010,-1,-1,-1,-1,-1,-1,-1,-1,-1,-1,-1,-1,-1,-1,-1,-1,-1,-1,-1,-1,-1,-1,-1,-1,-1,-1,-1,-1,0,0,0,0,0,0,0,0,0,0,0,0,-1,-1,-1,-1,-1,-1,-1,-1,-1,-1,-1,-1,-1,-1,-1,-1,-1,-1,-1,-1,-1,-1,-1,-1,0,0,0,0,0,0,0,0,0,0,0,0,0,0,0,0,0,0,0,0,0,0,0,0,255,139,139,150,0,0,0,0,0,0,0,100,100,100,100,0,0,100,-1,0,100,150,0,1,1,-1,0,0,700,0,0,0,0,150,0,150,0,0,0,0,0,0,[0|0|0|0]
6300107,Hand-to-Hand - Default Bullet,0.4,0,0,0,0.3,0.08,6906,-1,-1,1665,-1,6,0,-1,-1,240,0,-1,-1,0,135,135,135,135,200,400,100,100,100,0,0,0,0,0,0,0,0,0,0,0,10,0,0,0,0,0,0,0,0,0,0,0,2,2,0,1,255,1,255,0,255,0,0,0,0,0,0,0,0,0,0,0,2,1,0,0,0,0,0,0,0,0,0,0,-1,-1,2100,2010,-1,-1,-1,-1,-1,-1,-1,-1,-1,-1,-1,-1,-1,-1,-1,-1,-1,-1,-1,-1,-1,-1,-1,-1,-1,-1,-1,-1,0,0,0,0,0,0,0,0,0,0,0,0,-1,-1,-1,-1,-1,-1,-1,-1,-1,-1,-1,-1,-1,-1,-1,-1,-1,-1,-1,-1,-1,-1,-1,-1,0,0,0,0,0,0,0,0,0,0,0,0,0,0,0,0,0,0,0,0,0,0,0,0,255,139,139,135,0,0,0,0,0,0,0,100,100,100,100,0,0,100,-1,0,100,150,0,1,1,-1,0,0,700,0,0,0,0,135,0,135,0,0,0,0,0,0,[0|0|0|0]
6300110,Hand-to-Hand - Default Attack,0.4,0.2,0,0,1.4,0.08,6904,-1,-1,1665,-1,1,1,-1,-1,-1,-1,-1,-1,0,120,120,120,120,140,120,100,100,0,0,0,0,0,0,0,0,0,0,0,0,10,0,0,0,0,2,0,0,0,0,0,0,1,0,0,1,255,1,255,0,255,0,0,0,0,0,0,0,0,0,0,0,0,1,0,0,0,0,0,0,0,0,0,0,-1,-1,2100,2010,-1,-1,-1,-1,-1,-1,-1,-1,-1,-1,-1,-1,-1,-1,-1,-1,-1,-1,-1,-1,-1,-1,-1,-1,-1,-1,-1,-1,0,0,0,0,0,0,0,0,0,0,0,0,-1,-1,-1,-1,-1,-1,-1,-1,-1,-1,-1,-1,-1,-1,-1,-1,-1,-1,-1,-1,-1,-1,-1,-1,0,0,0,0,0,0,0,0,0,0,0,0,0,0,0,0,0,0,0,0,0,0,0,0,255,139,139,120,0,0,0,0,0,0,0,100,100,100,100,0,0,100,-1,0,100,130,0,1,1,-1,0,0,200,0,0,0,0,120,0,120,0,0,0,0,0,0,[0|0|0|0]
6300112,Hand-to-Hand - Default Bullet,0.4,0.2,0,0,0.3,0.08,6904,-1,-1,1665,-1,1,1,-1,-1,-1,-1,-1,-1,0,105,105,105,105,140,120,100,100,0,0,0,0,0,0,0,0,0,0,0,0,10,0,0,0,0,2,0,0,0,0,0,0,1,0,0,1,255,1,255,0,255,0,0,0,0,0,0,0,0,0,0,0,0,1,0,0,0,0,0,0,0,0,0,0,-1,-1,2100,2010,-1,-1,-1,-1,-1,-1,-1,-1,-1,-1,-1,-1,-1,-1,-1,-1,-1,-1,-1,-1,-1,-1,-1,-1,-1,-1,-1,-1,0,0,0,0,0,0,0,0,0,0,0,0,-1,-1,-1,-1,-1,-1,-1,-1,-1,-1,-1,-1,-1,-1,-1,-1,-1,-1,-1,-1,-1,-1,-1,-1,0,0,0,0,0,0,0,0,0,0,0,0,0,0,0,0,0,0,0,0,0,0,0,0,255,139,139,105,0,0,0,0,0,0,0,100,100,100,100,0,0,100,-1,0,100,130,0,1,1,-1,0,0,200,0,0,0,0,105,0,105,0,0,0,0,0,0,[0|0|0|0]
6300115,Hand-to-Hand - Default Attack,0.4,0.2,0,0,1.5,0.08,6906,-1,-1,1665,-1,1,1,-1,-1,-1,-1,-1,-1,0,150,150,150,150,200,400,100,100,100,0,0,0,0,0,0,0,0,0,0,0,10,0,0,0,0,2,0,0,0,0,0,0,2,0,0,1,255,1,255,0,255,0,0,0,0,0,0,0,0,0,0,0,0,1,0,0,0,0,0,0,0,0,0,0,-1,-1,2100,2010,-1,-1,-1,-1,-1,-1,-1,-1,-1,-1,-1,-1,-1,-1,-1,-1,-1,-1,-1,-1,-1,-1,-1,-1,-1,-1,-1,-1,0,0,0,0,0,0,0,0,0,0,0,0,-1,-1,-1,-1,-1,-1,-1,-1,-1,-1,-1,-1,-1,-1,-1,-1,-1,-1,-1,-1,-1,-1,-1,-1,0,0,0,0,0,0,0,0,0,0,0,0,0,0,0,0,0,0,0,0,0,0,0,0,255,139,139,150,0,0,0,0,0,0,0,100,100,100,100,0,0,100,-1,0,100,150,0,1,1,-1,0,0,600,0,0,0,0,150,0,150,0,0,0,0,0,0,[0|0|0|0]
6300117,Hand-to-Hand - Default Bullet,0.4,0.2,0,0,0.3,0.08,6906,-1,-1,1665,-1,1,1,-1,-1,-1,-1,-1,-1,0,135,135,135,135,200,400,100,100,100,0,0,0,0,0,0,0,0,0,0,0,10,0,0,0,0,2,0,0,0,0,0,0,2,0,0,1,255,1,255,0,255,0,0,0,0,0,0,0,0,0,0,0,0,1,0,0,0,0,0,0,0,0,0,0,-1,-1,2100,2010,-1,-1,-1,-1,-1,-1,-1,-1,-1,-1,-1,-1,-1,-1,-1,-1,-1,-1,-1,-1,-1,-1,-1,-1,-1,-1,-1,-1,0,0,0,0,0,0,0,0,0,0,0,0,-1,-1,-1,-1,-1,-1,-1,-1,-1,-1,-1,-1,-1,-1,-1,-1,-1,-1,-1,-1,-1,-1,-1,-1,0,0,0,0,0,0,0,0,0,0,0,0,0,0,0,0,0,0,0,0,0,0,0,0,255,139,139,135,0,0,0,0,0,0,0,100,100,100,100,0,0,100,-1,0,100,150,0,1,1,-1,0,0,600,0,0,0,0,135,0,135,0,0,0,0,0,0,[0|0|0|0]
6300120,Hand-to-Hand - Default Attack,0.5,0.2,0,0,1.3,0.08,6903,-1,-1,1665,-1,1,1,-1,-1,-1,-1,-1,-1,0,105,105,105,105,120,120,100,100,122,0,0,0,0,0,0,0,0,0,0,0,10,0,0,0,0,2,0,0,0,0,0,0,1,0,0,1,255,1,255,0,255,0,0,0,0,0,0,0,0,0,0,0,0,1,0,0,0,0,0,0,0,0,0,0,-1,-1,2100,2010,-1,-1,-1,-1,-1,-1,-1,-1,-1,-1,-1,-1,-1,-1,-1,-1,-1,-1,-1,-1,-1,-1,-1,-1,-1,-1,-1,-1,0,0,0,0,0,0,0,0,0,0,0,0,-1,-1,-1,-1,-1,-1,-1,-1,-1,-1,-1,-1,-1,-1,-1,-1,-1,-1,-1,-1,-1,-1,-1,-1,0,0,0,0,0,0,0,0,0,0,0,0,0,0,0,0,0,0,0,0,0,0,0,0,255,139,139,105,0,0,0,0,0,0,0,100,100,100,100,0,0,100,-1,0,100,110,0,1,1,-1,0,0,100,0,0,0,0,105,0,105,0,0,0,0,0,0,[0|0|0|0]
6300125,Hand-to-Hand - Default Attack,0.5,0,0,0,1.95,0.08,6903,-1,-1,1665,-1,5,0,-1,-1,930,0,-1,-1,0,120,120,120,120,225,400,100,100,122,0,0,0,0,0,0,0,0,0,0,0,10,0,0,0,0,0,0,0,0,0,0,0,2,0,0,1,255,1,255,0,255,0,0,0,0,0,0,0,0,0,0,0,0,1,0,0,0,0,0,0,0,0,0,0,-1,-1,2100,2010,-1,-1,-1,-1,-1,-1,-1,-1,-1,-1,-1,-1,-1,-1,-1,-1,-1,-1,-1,-1,-1,-1,-1,-1,-1,-1,-1,-1,0,0,0,0,0,0,0,0,0,0,0,0,-1,-1,-1,-1,-1,-1,-1,-1,-1,-1,-1,-1,-1,-1,-1,-1,-1,-1,-1,-1,-1,-1,-1,-1,0,0,0,0,0,0,0,0,0,0,0,0,0,0,0,0,0,0,0,0,0,0,0,0,255,139,139,120,0,0,0,0,0,0,0,100,100,100,100,0,0,100,-1,0,100,130,0,1,1,-1,0,0,300,0,0,0,0,120,0,120,0,0,0,0,0,0,[0|0|0|0]
6300126,Hand-to-Hand - Default Attack,0.4,0,0,0,1.95,0.08,6903,-1,-1,1665,-1,5,0,-1,-1,240,0,-1,-1,0,120,120,120,120,225,400,100,100,122,0,0,0,0,0,0,0,0,0,0,0,10,0,0,0,0,0,0,0,0,0,0,0,2,2,0,1,255,1,255,0,255,0,0,0,0,0,0,0,0,0,0,0,0,1,0,0,0,0,0,0,0,0,0,0,-1,-1,2100,2010,-1,-1,-1,-1,-1,-1,-1,-1,-1,-1,-1,-1,-1,-1,-1,-1,-1,-1,-1,-1,-1,-1,-1,-1,-1,-1,-1,-1,0,0,0,0,0,0,0,0,0,0,0,0,-1,-1,-1,-1,-1,-1,-1,-1,-1,-1,-1,-1,-1,-1,-1,-1,-1,-1,-1,-1,-1,-1,-1,-1,0,0,0,0,0,0,0,0,0,0,0,0,0,0,0,0,0,0,0,0,0,0,0,0,255,139,139,120,0,0,0,0,0,0,0,100,100,100,100,0,0,100,-1,0,100,130,0,1,1,-1,0,0,300,0,0,0,0,120,0,120,0,0,0,0,0,0,[0|0|0|0]
6300128,Hand-to-Hand - Default Bullet,0.4,0,0,0,0.3,0.08,6903,-1,-1,1665,-1,5,0,-1,-1,240,0,-1,-1,0,105,105,105,105,225,400,100,100,122,0,0,0,0,0,0,0,0,0,0,0,10,0,0,0,0,0,0,0,0,0,0,0,2,2,0,1,255,1,255,0,255,0,0,0,0,0,0,0,0,0,0,0,0,1,0,0,0,0,0,0,0,0,0,0,-1,-1,2100,2010,-1,-1,-1,-1,-1,-1,-1,-1,-1,-1,-1,-1,-1,-1,-1,-1,-1,-1,-1,-1,-1,-1,-1,-1,-1,-1,-1,-1,0,0,0,0,0,0,0,0,0,0,0,0,-1,-1,-1,-1,-1,-1,-1,-1,-1,-1,-1,-1,-1,-1,-1,-1,-1,-1,-1,-1,-1,-1,-1,-1,0,0,0,0,0,0,0,0,0,0,0,0,0,0,0,0,0,0,0,0,0,0,0,0,255,139,139,105,0,0,0,0,0,0,0,100,100,100,100,0,0,100,-1,0,100,130,0,1,1,-1,0,0,300,0,0,0,0,105,0,105,0,0,0,0,0,0,[0|0|0|0]
6300130,Hand-to-Hand - Default Attack,0.5,0,0,0,1.2,0.08,6903,-1,-1,1665,-1,5,0,-1,-1,930,0,-1,-1,0,90,90,90,90,110,200,100,100,121,0,0,0,0,0,0,0,0,0,0,0,10,0,0,0,0,0,0,0,0,0,0,0,1,0,0,1,255,1,255,0,255,0,0,0,0,0,0,0,0,0,0,0,1,1,0,0,0,0,0,0,0,0,0,0,-1,-1,2100,2010,-1,-1,-1,-1,-1,-1,-1,-1,-1,-1,-1,-1,-1,-1,-1,-1,-1,-1,-1,-1,-1,-1,-1,-1,-1,-1,-1,-1,0,0,0,0,0,0,0,0,0,0,0,0,-1,-1,-1,-1,-1,-1,-1,-1,-1,-1,-1,-1,-1,-1,-1,-1,-1,-1,-1,-1,-1,-1,-1,-1,0,0,0,0,0,0,0,0,0,0,0,0,0,0,0,0,0,0,0,0,0,0,0,0,255,139,139,90,0,0,0,0,0,0,0,100,100,100,100,0,0,100,-1,0,100,90,0,1,1,-1,0,0,100,0,0,0,0,90,0,90,0,0,0,0,0,0,[0|0|0|0]
6300131,Hand-to-Hand - Default Attack,0.4,0,0,0,1.2,0.08,6903,-1,-1,1665,-1,5,0,-1,-1,240,0,-1,-1,0,90,90,90,90,110,200,100,100,121,0,0,0,0,0,0,0,0,0,0,0,10,0,0,0,0,0,0,0,0,0,0,0,1,2,0,1,255,1,255,0,255,0,0,0,0,0,0,0,0,0,0,0,1,1,0,0,0,0,0,0,0,0,0,0,-1,-1,2100,2010,-1,-1,-1,-1,-1,-1,-1,-1,-1,-1,-1,-1,-1,-1,-1,-1,-1,-1,-1,-1,-1,-1,-1,-1,-1,-1,-1,-1,0,0,0,0,0,0,0,0,0,0,0,0,-1,-1,-1,-1,-1,-1,-1,-1,-1,-1,-1,-1,-1,-1,-1,-1,-1,-1,-1,-1,-1,-1,-1,-1,0,0,0,0,0,0,0,0,0,0,0,0,0,0,0,0,0,0,0,0,0,0,0,0,255,139,139,90,0,0,0,0,0,0,0,100,100,100,100,0,0,100,-1,0,100,90,0,1,1,-1,0,0,100,0,0,0,0,90,0,90,0,0,0,0,0,0,[0|0|0|0]
6300140,Hand-to-Hand - Default Attack,0.55,0,0,0,1.4,0.08,6903,-1,-1,1665,-1,5,0,-1,-1,930,0,-1,-1,0,90,90,90,90,165,200,100,100,121,0,0,0,0,0,0,0,0,0,0,0,10,0,0,0,0,0,0,0,0,0,0,0,1,0,0,1,255,1,255,0,255,0,0,0,0,0,0,0,0,0,0,0,3,1,0,0,0,0,0,0,0,0,0,0,-1,-1,2100,2010,-1,-1,-1,-1,-1,-1,-1,-1,-1,-1,-1,-1,-1,-1,-1,-1,-1,-1,-1,-1,-1,-1,-1,-1,-1,-1,-1,-1,0,0,0,0,0,0,0,0,0,0,0,0,-1,-1,-1,-1,-1,-1,-1,-1,-1,-1,-1,-1,-1,-1,-1,-1,-1,-1,-1,-1,-1,-1,-1,-1,0,0,0,0,0,0,0,0,0,0,0,0,0,0,0,0,0,0,0,0,0,0,0,0,255,139,139,90,0,0,0,0,0,0,0,100,100,100,100,0,0,100,-1,0,100,90,0,1,1,-1,0,0,150,0,0,0,0,90,0,90,0,0,0,0,0,0,[0|0|0|0]
6300141,Hand-to-Hand - Default Attack,0.4,0,0,0,1.4,0.08,6903,-1,-1,1665,-1,5,0,-1,-1,240,0,-1,-1,0,90,90,90,90,165,200,100,100,121,0,0,0,0,0,0,0,0,0,0,0,10,0,0,0,0,0,0,0,0,0,0,0,1,2,0,1,255,1,255,0,255,0,0,0,0,0,0,0,0,0,0,0,3,1,0,0,0,0,0,0,0,0,0,0,-1,-1,2100,2010,-1,-1,-1,-1,-1,-1,-1,-1,-1,-1,-1,-1,-1,-1,-1,-1,-1,-1,-1,-1,-1,-1,-1,-1,-1,-1,-1,-1,0,0,0,0,0,0,0,0,0,0,0,0,-1,-1,-1,-1,-1,-1,-1,-1,-1,-1,-1,-1,-1,-1,-1,-1,-1,-1,-1,-1,-1,-1,-1,-1,0,0,0,0,0,0,0,0,0,0,0,0,0,0,0,0,0,0,0,0,0,0,0,0,255,139,139,90,0,0,0,0,0,0,0,100,100,100,100,0,0,100,-1,0,100,90,0,1,1,-1,0,0,150,0,0,0,0,90,0,90,0,0,0,0,0,0,[0|0|0|0]
6300150,Hand-to-Hand - Default Attack,0.5,0.2,0,0,0.85,0.08,6903,-1,-1,1665,-1,1,1,-1,-1,-1,-1,-1,-1,0,107,107,107,107,100,9900,100,100,102,0,0,0,0,0,0,0,0,0,0,0,10,0,0,0,0,2,0,0,0,0,0,0,1,0,0,1,255,1,255,0,255,0,0,0,0,0,0,0,0,0,0,0,1,1,0,0,0,0,0,0,0,0,0,0,-1,-1,2100,2010,-1,-1,-1,-1,-1,-1,-1,-1,-1,-1,-1,-1,-1,-1,-1,-1,-1,-1,-1,-1,-1,-1,-1,-1,-1,-1,-1,-1,0,0,0,0,0,0,0,0,0,0,0,0,-1,-1,-1,-1,-1,-1,-1,-1,-1,-1,-1,-1,-1,-1,-1,-1,-1,-1,-1,-1,-1,-1,-1,-1,0,0,0,0,0,0,0,0,0,0,0,0,0,0,0,0,0,0,0,0,0,0,0,0,255,139,139,107,0,0,0,0,0,0,0,100,100,100,100,0,0,100,-1,0,100,130,0,1,1,-1,0,0,150,0,0,0,0,107,0,107,0,0,0,0,0,0,[0|0|0|0]
6300160,Hand-to-Hand - Default Attack,0.5,0,0,0,0.9,0.08,6904,-1,-1,1665,-1,5,0,-1,-1,930,0,-1,-1,0,122,122,122,122,200,9900,100,100,102,0,0,0,0,0,0,0,0,0,0,0,10,0,0,0,0,0,0,0,0,0,0,0,2,0,0,1,255,1,255,0,255,0,0,0,0,0,0,0,0,0,0,0,1,1,0,0,0,0,0,0,0,0,0,0,-1,-1,2100,2010,-1,-1,-1,-1,-1,-1,-1,-1,-1,-1,-1,-1,-1,-1,-1,-1,-1,-1,-1,-1,-1,-1,-1,-1,-1,-1,-1,-1,0,0,0,0,0,0,0,0,0,0,0,0,-1,-1,-1,-1,-1,-1,-1,-1,-1,-1,-1,-1,-1,-1,-1,-1,-1,-1,-1,-1,-1,-1,-1,-1,0,0,0,0,0,0,0,0,0,0,0,0,0,0,0,0,0,0,0,0,0,0,0,0,255,139,139,122,0,0,0,0,0,0,0,100,100,100,100,0,0,100,-1,0,100,140,0,1,1,-1,0,0,400,0,0,0,0,122,0,122,0,0,0,0,0,0,[0|0|0|0]
6300162,Hand-to-Hand - Default Bullet,0.5,0,0,0,0.3,0.08,6904,-1,-1,1665,-1,5,0,-1,-1,930,0,-1,-1,0,106,106,106,106,200,9900,100,100,102,0,0,0,0,0,0,0,0,0,0,0,10,0,0,0,0,0,0,0,0,0,0,0,2,0,0,1,255,1,255,0,255,0,0,0,0,0,0,0,0,0,0,0,1,1,0,0,0,0,0,0,0,0,0,0,-1,-1,2100,2010,-1,-1,-1,-1,-1,-1,-1,-1,-1,-1,-1,-1,-1,-1,-1,-1,-1,-1,-1,-1,-1,-1,-1,-1,-1,-1,-1,-1,0,0,0,0,0,0,0,0,0,0,0,0,-1,-1,-1,-1,-1,-1,-1,-1,-1,-1,-1,-1,-1,-1,-1,-1,-1,-1,-1,-1,-1,-1,-1,-1,0,0,0,0,0,0,0,0,0,0,0,0,0,0,0,0,0,0,0,0,0,0,0,0,255,139,139,106,0,0,0,0,0,0,0,100,100,100,100,0,0,100,-1,0,100,140,0,1,1,-1,0,0,400,0,0,0,0,106,0,106,0,0,0,0,0,0,[0|0|0|0]
6300180,Hand-to-Hand - Default Attack,0.5,0,0,0,1.35,0.08,-1,-1,-1,1665,-1,5,0,-1,-1,930,0,-1,-1,0,130,130,130,130,300,9900,100,60000,103,0,0,0,0,0,0,0,0,0,0,0,10,0,0,0,0,0,0,0,0,0,0,0,2,0,0,1,255,1,255,0,255,0,0,0,0,0,0,0,0,0,0,0,0,1,0,0,0,0,0,0,0,0,0,0,-1,-1,2100,2010,-1,-1,-1,-1,-1,-1,-1,-1,-1,-1,-1,-1,-1,-1,-1,-1,-1,-1,-1,-1,-1,-1,-1,-1,-1,-1,-1,-1,0,0,0,0,0,0,0,0,0,0,0,0,-1,-1,-1,-1,-1,-1,-1,-1,-1,-1,-1,-1,-1,-1,-1,-1,-1,-1,-1,-1,-1,-1,-1,-1,0,0,0,0,0,0,0,0,0,0,0,0,0,0,0,0,0,0,0,0,0,0,0,0,255,139,139,130,0,0,0,0,0,0,0,100,100,100,100,0,0,100,-1,0,100,100,0,1,1,-1,0,0,700,0,0,0,0,130,0,130,0,0,0,0,0,0,[0|0|0|0]
6300181,Hand-to-Hand - Default Attack,0.4,0,0,0,1.35,0.08,-1,-1,-1,1665,-1,5,0,-1,-1,240,0,-1,-1,0,130,130,130,130,300,9900,100,60000,103,0,0,0,0,0,0,0,0,0,0,0,10,0,0,0,0,0,0,0,0,0,0,0,2,2,0,1,255,1,255,0,255,0,0,0,0,0,0,0,0,0,0,0,0,1,0,0,0,0,0,0,0,0,0,0,-1,-1,2100,2010,-1,-1,-1,-1,-1,-1,-1,-1,-1,-1,-1,-1,-1,-1,-1,-1,-1,-1,-1,-1,-1,-1,-1,-1,-1,-1,-1,-1,0,0,0,0,0,0,0,0,0,0,0,0,-1,-1,-1,-1,-1,-1,-1,-1,-1,-1,-1,-1,-1,-1,-1,-1,-1,-1,-1,-1,-1,-1,-1,-1,0,0,0,0,0,0,0,0,0,0,0,0,0,0,0,0,0,0,0,0,0,0,0,0,255,139,139,130,0,0,0,0,0,0,0,100,100,100,100,0,0,100,-1,0,100,100,0,1,1,-1,0,0,700,0,0,0,0,130,0,130,0,0,0,0,0,0,[0|0|0|0]
6300182,Hand-to-Hand - Default Bullet,0.4,0,0,0,0.3,0.08,-1,-1,-1,1665,-1,5,0,-1,-1,240,0,-1,-1,0,115,115,115,115,300,9900,100,60000,103,0,0,0,0,0,0,0,0,0,0,0,10,0,0,0,0,0,0,0,0,0,0,0,2,2,0,1,255,1,255,0,255,0,0,0,0,0,0,0,0,0,0,0,0,1,0,0,0,0,0,0,0,0,0,0,-1,-1,2100,2010,-1,-1,-1,-1,-1,-1,-1,-1,-1,-1,-1,-1,-1,-1,-1,-1,-1,-1,-1,-1,-1,-1,-1,-1,-1,-1,-1,-1,0,0,0,0,0,0,0,0,0,0,0,0,-1,-1,-1,-1,-1,-1,-1,-1,-1,-1,-1,-1,-1,-1,-1,-1,-1,-1,-1,-1,-1,-1,-1,-1,0,0,0,0,0,0,0,0,0,0,0,0,0,0,0,0,0,0,0,0,0,0,0,0,255,139,139,115,0,0,0,0,0,0,0,100,100,100,100,0,0,100,-1,0,100,100,0,1,1,-1,0,0,700,0,0,0,0,115,0,115,0,0,0,0,0,0,[0|0|0|0]
6300200,Hand-to-Hand - Default Attack,0.4,0.2,0,0,1,0.04,6902,-1,-1,1665,1667,1,1,-1,-1,-1,-1,-1,-1,0,92,92,92,92,90,500,100,100,0,0,0,0,0,0,0,0,0,0,0,0,10,0,0,0,0,2,0,0,0,0,0,0,1,0,0,1,255,1,255,0,255,0,0,0,0,0,0,0,0,0,0,0,4,1,0,0,0,0,0,0,0,0,0,0,-1,-1,2100,2010,-1,-1,-1,-1,-1,-1,-1,-1,-1,-1,-1,-1,-1,-1,-1,-1,-1,-1,-1,-1,-1,-1,-1,-1,-1,-1,-1,-1,0,0,0,0,0,0,0,0,0,0,0,0,-1,-1,-1,-1,-1,-1,-1,-1,-1,-1,-1,-1,-1,-1,-1,-1,-1,-1,-1,-1,-1,-1,-1,-1,0,0,0,0,0,0,0,0,0,0,0,0,0,0,0,0,0,0,0,0,0,0,0,0,255,139,139,92,0,0,0,1,0,0,0,65,90,100,100,0,0,100,-1,0,100,100,0,1,1,-1,0,0,60,0,0,0,0,92,0,92,0,0,0,0,0,0,[0|0|0|0]
6300203,Hand-to-Hand - Default Attack,0.5,0.2,0,0,0.5,0.04,6902,-1,-1,-1,1667,2,2,-1,-1,-1,-1,-1,-1,0,92,92,92,92,90,500,100,100,0,0,0,0,0,0,0,0,0,0,0,0,10,0,0,0,0,2,0,0,0,0,0,0,1,0,0,1,255,1,255,0,255,0,0,0,0,0,0,0,0,0,0,0,3,1,0,0,0,0,0,0,0,9,0,0,-1,-1,2100,2010,-1,-1,-1,-1,-1,-1,-1,-1,-1,-1,-1,-1,-1,-1,-1,-1,-1,-1,-1,-1,-1,-1,-1,-1,-1,-1,-1,-1,0,0,0,0,0,0,0,0,0,0,0,0,-1,-1,-1,-1,-1,-1,-1,-1,-1,-1,-1,-1,-1,-1,-1,-1,-1,-1,-1,-1,-1,-1,-1,-1,0,0,0,0,0,0,0,0,0,0,0,0,0,0,0,0,0,0,0,0,0,0,0,0,255,139,139,92,0,0,0,1,0,0,0,65,90,100,100,0,0,100,-1,0,100,100,0,1,1,-1,0,0,60,0,0,0,0,92,0,92,0,0,0,0,0,0,[0|0|0|0]
6300210,Hand-to-Hand - Default Attack,0.5,0,0,0,0.5,0.04,6902,-1,-1,1665,-1,5,0,-1,-1,930,0,-1,-1,0,94,94,94,94,135,500,100,100,0,0,0,0,0,0,0,0,0,0,0,0,10,0,0,0,0,0,0,0,0,0,0,0,1,0,0,1,255,1,255,0,255,0,0,0,0,0,0,0,0,0,0,0,4,1,0,0,0,0,0,0,0,9,0,0,-1,-1,2100,2010,-1,-1,-1,-1,-1,-1,-1,-1,-1,-1,-1,-1,-1,-1,-1,-1,-1,-1,-1,-1,-1,-1,-1,-1,-1,-1,-1,-1,0,0,0,0,0,0,0,0,0,0,0,0,-1,-1,-1,-1,-1,-1,-1,-1,-1,-1,-1,-1,-1,-1,-1,-1,-1,-1,-1,-1,-1,-1,-1,-1,0,0,0,0,0,0,0,0,0,0,0,0,0,0,0,0,0,0,0,0,0,0,0,0,255,139,139,94,0,0,0,1,0,0,0,65,90,100,100,0,0,100,-1,0,100,100,0,1,1,-1,0,0,90,0,0,0,0,94,0,94,0,0,0,0,0,0,[0|0|0|0]
6300211,Hand-to-Hand - Default Attack,0.4,0,0,0,0.5,0.04,6902,-1,-1,1665,-1,5,0,-1,-1,240,0,-1,-1,0,94,94,94,94,135,500,100,100,0,0,0,0,0,0,0,0,0,0,0,0,10,0,0,0,0,0,0,0,0,0,0,0,1,2,0,1,255,1,255,0,255,0,0,0,0,0,0,0,0,0,0,0,4,1,0,0,0,0,0,0,0,9,0,0,-1,-1,2100,2010,-1,-1,-1,-1,-1,-1,-1,-1,-1,-1,-1,-1,-1,-1,-1,-1,-1,-1,-1,-1,-1,-1,-1,-1,-1,-1,-1,-1,0,0,0,0,0,0,0,0,0,0,0,0,-1,-1,-1,-1,-1,-1,-1,-1,-1,-1,-1,-1,-1,-1,-1,-1,-1,-1,-1,-1,-1,-1,-1,-1,0,0,0,0,0,0,0,0,0,0,0,0,0,0,0,0,0,0,0,0,0,0,0,0,255,139,139,94,0,0,0,1,0,0,0,65,90,100,100,0,0,100,-1,0,100,100,0,1,1,-1,0,0,90,0,0,0,0,94,0,94,0,0,0,0,0,0,[0|0|0|0]
6300213,Hand-to-Hand - Default Attack,0.4,0,0,0,1.5,0.04,6902,-1,-1,1665,1667,5,0,-1,-1,930,0,-1,-1,0,94,94,94,94,135,500,100,100,0,0,0,0,0,0,0,0,0,0,0,0,10,0,0,0,0,0,0,0,0,0,0,0,1,0,0,1,255,1,255,0,255,0,0,0,0,0,0,0,0,0,0,0,4,1,0,0,0,0,0,0,0,0,0,0,-1,-1,2100,2010,-1,-1,-1,-1,-1,-1,-1,-1,-1,-1,-1,-1,-1,-1,-1,-1,-1,-1,-1,-1,-1,-1,-1,-1,-1,-1,-1,-1,0,0,0,0,0,0,0,0,0,0,0,0,-1,-1,-1,-1,-1,-1,-1,-1,-1,-1,-1,-1,-1,-1,-1,-1,-1,-1,-1,-1,-1,-1,-1,-1,0,0,0,0,0,0,0,0,0,0,0,0,0,0,0,0,0,0,0,0,0,0,0,0,255,139,139,94,0,0,0,1,0,0,0,65,90,100,100,0,0,100,-1,0,100,100,0,1,1,-1,0,0,90,0,0,0,0,94,0,94,0,0,0,0,0,0,[0|0|0|0]
6300214,Hand-to-Hand - Default Attack,0.4,0,0,0,1.5,0.04,6902,-1,-1,1665,1667,5,0,-1,-1,240,0,-1,-1,0,94,94,94,94,135,500,100,100,0,0,0,0,0,0,0,0,0,0,0,0,10,0,0,0,0,0,0,0,0,0,0,0,1,2,0,1,255,1,255,0,255,0,0,0,0,0,0,0,0,0,0,0,4,1,0,0,0,0,0,0,0,0,0,0,-1,-1,2100,2010,-1,-1,-1,-1,-1,-1,-1,-1,-1,-1,-1,-1,-1,-1,-1,-1,-1,-1,-1,-1,-1,-1,-1,-1,-1,-1,-1,-1,0,0,0,0,0,0,0,0,0,0,0,0,-1,-1,-1,-1,-1,-1,-1,-1,-1,-1,-1,-1,-1,-1,-1,-1,-1,-1,-1,-1,-1,-1,-1,-1,0,0,0,0,0,0,0,0,0,0,0,0,0,0,0,0,0,0,0,0,0,0,0,0,255,139,139,94,0,0,0,1,0,0,0,65,90,100,100,0,0,100,-1,0,100,100,0,1,1,-1,0,0,90,0,0,0,0,94,0,94,0,0,0,0,0,0,[0|0|0|0]
6300220,Hand-to-Hand - Default Attack,0.4,0.2,0,0,1.3,0.04,6902,-1,-1,1665,1667,1,1,-1,-1,-1,-1,-1,-1,0,96,96,96,96,90,500,100,100,0,0,0,0,0,0,0,0,0,0,0,0,20,0,0,0,0,2,0,0,0,0,0,0,1,0,0,1,255,1,255,0,255,0,0,0,0,0,0,0,0,0,0,0,0,1,0,0,0,0,0,0,0,9,0,0,-1,-1,2100,2010,-1,-1,-1,-1,-1,-1,-1,-1,-1,-1,-1,-1,-1,-1,-1,-1,-1,-1,-1,-1,-1,-1,-1,-1,-1,-1,-1,-1,0,0,0,0,0,0,0,0,0,0,0,0,-1,-1,-1,-1,-1,-1,-1,-1,-1,-1,-1,-1,-1,-1,-1,-1,-1,-1,-1,-1,-1,-1,-1,-1,0,0,0,0,0,0,0,0,0,0,0,0,0,0,0,0,0,0,0,0,0,0,0,0,255,139,139,96,0,0,0,1,0,0,0,100,100,100,100,0,0,100,-1,0,100,105,0,1,1,-1,0,0,120,0,0,0,0,96,0,96,0,0,0,0,0,0,[0|0|0|0]
6300223,Hand-to-Hand - Default Attack,0.4,0,0,0,1,0.04,6902,-1,-1,1665,1667,6,0,-1,-1,940,0,-1,-1,0,96,96,96,96,135,500,100,100,0,0,0,0,0,0,0,0,0,0,0,0,20,0,0,0,0,0,0,0,0,0,0,0,1,0,0,1,255,1,255,0,255,0,0,0,0,0,0,0,0,0,0,0,3,1,0,0,0,0,0,0,0,0,0,0,-1,-1,2100,2010,-1,-1,-1,-1,-1,-1,-1,-1,-1,-1,-1,-1,-1,-1,-1,-1,-1,-1,-1,-1,-1,-1,-1,-1,-1,-1,-1,-1,0,0,0,0,0,0,0,0,0,0,0,0,-1,-1,-1,-1,-1,-1,-1,-1,-1,-1,-1,-1,-1,-1,-1,-1,-1,-1,-1,-1,-1,-1,-1,-1,0,0,0,0,0,0,0,0,0,0,0,0,0,0,0,0,0,0,0,0,0,0,0,0,255,139,139,96,0,0,0,1,0,0,0,100,100,100,100,0,0,100,-1,0,100,105,0,1,1,-1,0,0,180,0,0,0,0,96,0,96,0,0,0,0,0,0,[0|0|0|0]
6300224,Hand-to-Hand - Default Attack,0.4,0,0,0,1,0.04,6902,-1,-1,1665,1667,6,0,-1,-1,240,0,-1,-1,0,96,96,96,96,135,500,100,100,0,0,0,0,0,0,0,0,0,0,0,0,20,0,0,0,0,0,0,0,0,0,0,0,1,2,0,1,255,1,255,0,255,0,0,0,0,0,0,0,0,0,0,0,3,1,0,0,0,0,0,0,0,0,0,0,-1,-1,2100,2010,-1,-1,-1,-1,-1,-1,-1,-1,-1,-1,-1,-1,-1,-1,-1,-1,-1,-1,-1,-1,-1,-1,-1,-1,-1,-1,-1,-1,0,0,0,0,0,0,0,0,0,0,0,0,-1,-1,-1,-1,-1,-1,-1,-1,-1,-1,-1,-1,-1,-1,-1,-1,-1,-1,-1,-1,-1,-1,-1,-1,0,0,0,0,0,0,0,0,0,0,0,0,0,0,0,0,0,0,0,0,0,0,0,0,255,139,139,96,0,0,0,1,0,0,0,100,100,100,100,0,0,100,-1,0,100,105,0,1,1,-1,0,0,180,0,0,0,0,96,0,96,0,0,0,0,0,0,[0|0|0|0]
6300230,Hand-to-Hand - Default Attack,0.4,0.2,0,0,1,0.04,6902,-1,-1,1665,1667,1,1,-1,-1,-1,-1,-1,-1,0,98,98,98,98,90,500,100,100,0,0,0,0,0,0,0,0,0,0,0,0,10,0,0,0,0,2,0,0,0,0,0,0,1,0,0,1,255,1,255,0,255,0,0,0,0,0,0,0,0,0,0,0,4,1,0,0,0,0,0,0,0,0,0,0,-1,-1,2100,2010,-1,-1,-1,-1,-1,-1,-1,-1,-1,-1,-1,-1,-1,-1,-1,-1,-1,-1,-1,-1,-1,-1,-1,-1,-1,-1,-1,-1,0,0,0,0,0,0,0,0,0,0,0,0,-1,-1,-1,-1,-1,-1,-1,-1,-1,-1,-1,-1,-1,-1,-1,-1,-1,-1,-1,-1,-1,-1,-1,-1,0,0,0,0,0,0,0,0,0,0,0,0,0,0,0,0,0,0,0,0,0,0,0,0,255,139,139,98,0,0,0,1,0,0,0,65,90,100,100,0,0,100,-1,0,100,105,0,1,1,-1,0,0,60,0,0,0,0,98,0,98,0,0,0,0,0,0,[0|0|0|0]
6300233,Hand-to-Hand - Default Attack,0.4,0.2,0,0,1.2,0.04,6902,-1,-1,-1,1667,831,831,-1,-1,-1,-1,-1,-1,0,98,98,98,98,90,500,100,100,0,0,0,0,0,0,0,0,0,0,0,0,10,0,0,0,0,2,0,0,0,0,0,0,1,0,0,1,255,1,255,0,255,0,0,0,0,0,0,0,0,0,0,0,0,1,0,0,0,0,0,0,0,9,0,0,-1,-1,2100,2010,-1,-1,-1,-1,-1,-1,-1,-1,-1,-1,-1,-1,-1,-1,-1,-1,-1,-1,-1,-1,-1,-1,-1,-1,-1,-1,-1,-1,0,0,0,0,0,0,0,0,0,0,0,0,-1,-1,-1,-1,-1,-1,-1,-1,-1,-1,-1,-1,-1,-1,-1,-1,-1,-1,-1,-1,-1,-1,-1,-1,0,0,0,0,0,0,0,0,0,0,0,0,0,0,0,0,0,0,0,0,0,0,0,0,255,139,139,98,0,0,0,1,0,0,0,65,90,100,100,0,0,100,-1,0,100,105,0,1,1,-1,0,0,60,0,0,0,0,98,0,98,0,0,0,0,0,0,[0|0|0|0]
6300240,Hand-to-Hand - Default Attack,0.4,0,0,0,0.8,0.04,6902,-1,-1,1665,-1,5,0,-1,-1,930,0,-1,-1,0,100,100,100,100,135,500,100,100,0,0,0,0,0,0,0,0,0,0,0,0,20,0,0,0,0,0,0,0,0,0,0,0,1,0,0,1,255,1,255,0,255,0,0,0,0,0,0,0,0,0,0,0,3,1,0,0,0,0,0,0,0,9,0,0,-1,-1,2100,2010,-1,-1,-1,-1,-1,-1,-1,-1,-1,-1,-1,-1,-1,-1,-1,-1,-1,-1,-1,-1,-1,-1,-1,-1,-1,-1,-1,-1,0,0,0,0,0,0,0,0,0,0,0,0,-1,-1,-1,-1,-1,-1,-1,-1,-1,-1,-1,-1,-1,-1,-1,-1,-1,-1,-1,-1,-1,-1,-1,-1,0,0,0,0,0,0,0,0,0,0,0,0,0,0,0,0,0,0,0,0,0,0,0,0,255,139,139,100,0,0,0,1,0,0,0,100,100,100,100,0,0,100,-1,0,100,105,0,1,1,-1,0,0,180,0,0,0,0,100,0,100,0,0,0,0,0,0,[0|0|0|0]
6300241,Hand-to-Hand - Default Attack,0.4,0,0,0,0.8,0.04,6902,-1,-1,1665,-1,5,0,-1,-1,240,0,-1,-1,0,100,100,100,100,135,500,100,100,0,0,0,0,0,0,0,0,0,0,0,0,20,0,0,0,0,0,0,0,0,0,0,0,1,2,0,1,255,1,255,0,255,0,0,0,0,0,0,0,0,0,0,0,3,1,0,0,0,0,0,0,0,9,0,0,-1,-1,2100,2010,-1,-1,-1,-1,-1,-1,-1,-1,-1,-1,-1,-1,-1,-1,-1,-1,-1,-1,-1,-1,-1,-1,-1,-1,-1,-1,-1,-1,0,0,0,0,0,0,0,0,0,0,0,0,-1,-1,-1,-1,-1,-1,-1,-1,-1,-1,-1,-1,-1,-1,-1,-1,-1,-1,-1,-1,-1,-1,-1,-1,0,0,0,0,0,0,0,0,0,0,0,0,0,0,0,0,0,0,0,0,0,0,0,0,255,139,139,100,0,0,0,1,0,0,0,100,100,100,100,0,0,100,-1,0,100,105,0,1,1,-1,0,0,180,0,0,0,0,100,0,100,0,0,0,0,0,0,[0|0|0|0]
6300243,Hand-to-Hand - Default Attack,0.4,0.2,0,0,1.4,0.04,6902,-1,-1,1665,-1,2,2,-1,-1,-1,-1,-1,-1,0,100,100,100,100,90,500,100,100,0,0,0,0,0,0,0,0,0,0,0,0,20,0,0,0,0,2,0,0,0,0,0,0,1,0,0,1,255,1,255,0,255,0,0,0,0,0,0,0,0,0,0,0,0,1,0,0,0,0,0,0,0,0,0,0,-1,-1,2100,2010,-1,-1,-1,-1,-1,-1,-1,-1,-1,-1,-1,-1,-1,-1,-1,-1,-1,-1,-1,-1,-1,-1,-1,-1,-1,-1,-1,-1,0,0,0,0,0,0,0,0,0,0,0,0,-1,-1,-1,-1,-1,-1,-1,-1,-1,-1,-1,-1,-1,-1,-1,-1,-1,-1,-1,-1,-1,-1,-1,-1,0,0,0,0,0,0,0,0,0,0,0,0,0,0,0,0,0,0,0,0,0,0,0,0,255,139,139,100,0,0,0,1,0,0,0,100,100,100,100,0,0,100,-1,0,100,105,0,1,1,-1,0,0,120,0,0,0,0,100,0,100,0,0,0,0,0,0,[0|0|0|0]
6300250,Hand-to-Hand - Default Attack,0.4,0.2,0,0,1.4,0.04,6902,-1,-1,1665,-1,1,1,-1,-1,-1,-1,-1,-1,0,106,106,106,106,90,500,100,100,104,0,0,0,0,0,0,0,0,0,0,0,10,0,0,0,0,2,0,0,0,0,0,0,1,0,0,1,255,1,255,0,255,0,0,0,0,0,0,0,0,0,0,0,0,1,0,0,0,0,0,0,0,0,0,0,-1,-1,2100,2010,-1,-1,-1,-1,-1,-1,-1,-1,-1,-1,-1,-1,-1,-1,-1,-1,-1,-1,-1,-1,-1,-1,-1,-1,-1,-1,-1,-1,0,0,0,0,0,0,0,0,0,0,0,0,-1,-1,-1,-1,-1,-1,-1,-1,-1,-1,-1,-1,-1,-1,-1,-1,-1,-1,-1,-1,-1,-1,-1,-1,0,0,0,0,0,0,0,0,0,0,0,0,0,0,0,0,0,0,0,0,0,0,0,0,255,139,139,106,0,0,0,1,0,0,0,65,90,100,100,0,0,100,-1,0,100,110,0,1,1,-1,0,0,120,0,0,0,0,106,0,106,0,0,0,0,0,0,[0|0|0|0]
6300253,Hand-to-Hand - Default Attack,0.4,0.2,0,0,1.4,0.04,6902,-1,-1,-1,1667,2,2,-1,-1,-1,-1,-1,-1,0,106,106,106,106,90,500,100,100,104,0,0,0,0,0,0,0,0,0,0,0,10,0,0,0,0,2,0,0,0,0,0,0,1,0,0,1,255,1,255,0,255,0,0,0,0,0,0,0,0,0,0,0,0,1,0,0,0,0,0,0,0,9,0,0,-1,-1,2100,2010,-1,-1,-1,-1,-1,-1,-1,-1,-1,-1,-1,-1,-1,-1,-1,-1,-1,-1,-1,-1,-1,-1,-1,-1,-1,-1,-1,-1,0,0,0,0,0,0,0,0,0,0,0,0,-1,-1,-1,-1,-1,-1,-1,-1,-1,-1,-1,-1,-1,-1,-1,-1,-1,-1,-1,-1,-1,-1,-1,-1,0,0,0,0,0,0,0,0,0,0,0,0,0,0,0,0,0,0,0,0,0,0,0,0,255,139,139,106,0,0,0,1,0,0,0,65,90,100,100,0,0,100,-1,0,100,110,0,1,1,-1,0,0,120,0,0,0,0,106,0,106,0,0,0,0,0,0,[0|0|0|0]
6300300,Hand-to-Hand - Default Attack,0.4,0.2,0,0,1.1,0.04,6904,-1,-1,1665,-1,1,1,-1,-1,-1,-1,-1,-1,0,105,105,105,105,100,500,100,100,0,0,0,0,0,0,0,0,0,0,0,0,20,0,0,0,0,2,0,0,0,0,0,0,1,0,0,1,255,1,255,0,255,0,0,0,0,0,0,0,0,0,0,0,4,1,0,0,0,0,0,0,0,9,0,0,-1,-1,2100,2010,-1,-1,-1,-1,-1,-1,-1,-1,-1,-1,-1,-1,-1,-1,-1,-1,-1,-1,-1,-1,-1,-1,-1,-1,-1,-1,-1,-1,0,0,0,0,0,0,0,0,0,0,0,0,-1,-1,-1,-1,-1,-1,-1,-1,-1,-1,-1,-1,-1,-1,-1,-1,-1,-1,-1,-1,-1,-1,-1,-1,0,0,0,0,0,0,0,0,0,0,0,0,0,0,0,0,0,0,0,0,0,0,0,0,255,139,139,105,0,0,0,1,0,0,0,65,90,100,100,0,0,100,-1,0,100,130,0,1,1,-1,0,0,100,0,0,0,0,105,0,105,0,0,0,0,0,0,[0|0|0|0]
6300302,Hand-to-Hand - Default Bullet,0.4,0.2,0,0,0.3,0.04,6904,-1,-1,1665,-1,1,1,-1,-1,-1,-1,-1,-1,0,94,94,94,94,100,500,100,100,0,0,0,0,0,0,0,0,0,0,0,0,20,0,0,0,0,2,0,0,0,0,0,0,1,0,0,1,255,1,255,0,255,0,0,0,0,0,0,0,0,0,0,0,4,1,0,0,0,0,0,0,0,9,0,0,-1,-1,2100,2010,-1,-1,-1,-1,-1,-1,-1,-1,-1,-1,-1,-1,-1,-1,-1,-1,-1,-1,-1,-1,-1,-1,-1,-1,-1,-1,-1,-1,0,0,0,0,0,0,0,0,0,0,0,0,-1,-1,-1,-1,-1,-1,-1,-1,-1,-1,-1,-1,-1,-1,-1,-1,-1,-1,-1,-1,-1,-1,-1,-1,0,0,0,0,0,0,0,0,0,0,0,0,0,0,0,0,0,0,0,0,0,0,0,0,255,139,139,94,0,0,0,1,0,0,0,65,90,100,100,0,0,100,-1,0,100,130,0,1,1,-1,0,0,100,0,0,0,0,94,0,94,0,0,0,0,0,0,[0|0|0|0]
6300303,Hand-to-Hand - Default Attack,0.4,0,0,0,1.4,0.04,6904,-1,-1,-1,1667,6,0,-1,-1,940,0,-1,-1,0,126,126,126,126,315,500,100,100,0,0,0,0,0,0,0,0,0,0,0,0,20,0,0,0,0,0,0,0,0,0,0,0,1,0,0,1,255,1,255,0,255,0,0,0,0,0,0,0,0,0,0,0,0,1,0,0,0,0,0,0,0,0,0,0,-1,-1,2100,2010,-1,-1,-1,-1,-1,-1,-1,-1,-1,-1,-1,-1,-1,-1,-1,-1,-1,-1,-1,-1,-1,-1,-1,-1,-1,-1,-1,-1,0,0,0,0,0,0,0,0,0,0,0,0,-1,-1,-1,-1,-1,-1,-1,-1,-1,-1,-1,-1,-1,-1,-1,-1,-1,-1,-1,-1,-1,-1,-1,-1,0,0,0,0,0,0,0,0,0,0,0,0,0,0,0,0,0,0,0,0,0,0,0,0,255,139,139,126,0,0,0,1,0,0,0,65,90,100,100,0,0,100,-1,0,100,130,0,1,1,-1,0,0,210,0,0,0,0,126,0,126,0,0,0,0,0,0,[0|0|0|0]
6300304,Hand-to-Hand - Default Attack,0.4,0,0,0,1.4,0.04,6904,-1,-1,-1,1667,6,0,-1,-1,240,0,-1,-1,0,126,126,126,126,315,500,100,100,0,0,0,0,0,0,0,0,0,0,0,0,20,0,0,0,0,0,0,0,0,0,0,0,1,2,0,1,255,1,255,0,255,0,0,0,0,0,0,0,0,0,0,0,0,1,0,0,0,0,0,0,0,0,0,0,-1,-1,2100,2010,-1,-1,-1,-1,-1,-1,-1,-1,-1,-1,-1,-1,-1,-1,-1,-1,-1,-1,-1,-1,-1,-1,-1,-1,-1,-1,-1,-1,0,0,0,0,0,0,0,0,0,0,0,0,-1,-1,-1,-1,-1,-1,-1,-1,-1,-1,-1,-1,-1,-1,-1,-1,-1,-1,-1,-1,-1,-1,-1,-1,0,0,0,0,0,0,0,0,0,0,0,0,0,0,0,0,0,0,0,0,0,0,0,0,255,139,139,126,0,0,0,1,0,0,0,65,90,100,100,0,0,100,-1,0,100,130,0,1,1,-1,0,0,210,0,0,0,0,126,0,126,0,0,0,0,0,0,[0|0|0|0]
6300305,Hand-to-Hand - Default Attack,0.4,0.2,0,0,1.1,0.04,6906,-1,-1,1665,-1,1,1,-1,-1,-1,-1,-1,-1,0,130,130,130,130,135,500,100,100,100,0,0,0,0,0,0,0,0,0,0,0,20,0,0,0,0,2,0,0,0,0,0,0,2,0,0,1,255,1,255,0,255,0,0,0,0,0,0,0,0,0,0,0,4,1,0,0,0,0,0,0,0,9,0,0,-1,-1,2100,2010,-1,-1,-1,-1,-1,-1,-1,-1,-1,-1,-1,-1,-1,-1,-1,-1,-1,-1,-1,-1,-1,-1,-1,-1,-1,-1,-1,-1,0,0,0,0,0,0,0,0,0,0,0,0,-1,-1,-1,-1,-1,-1,-1,-1,-1,-1,-1,-1,-1,-1,-1,-1,-1,-1,-1,-1,-1,-1,-1,-1,0,0,0,0,0,0,0,0,0,0,0,0,0,0,0,0,0,0,0,0,0,0,0,0,255,139,139,130,0,0,0,1,0,0,0,65,90,100,100,0,0,100,-1,0,100,150,0,1,1,-1,0,0,280,0,0,0,0,130,0,130,0,0,0,0,0,0,[0|0|0|0]
6300307,Hand-to-Hand - Default Bullet,0.4,0.2,0,0,0.3,0.04,6906,-1,-1,1665,-1,1,1,-1,-1,-1,-1,-1,-1,0,115,115,115,115,135,500,100,100,100,0,0,0,0,0,0,0,0,0,0,0,20,0,0,0,0,2,0,0,0,0,0,0,2,0,0,1,255,1,255,0,255,0,0,0,0,0,0,0,0,0,0,0,4,1,0,0,0,0,0,0,0,9,0,0,-1,-1,2100,2010,-1,-1,-1,-1,-1,-1,-1,-1,-1,-1,-1,-1,-1,-1,-1,-1,-1,-1,-1,-1,-1,-1,-1,-1,-1,-1,-1,-1,0,0,0,0,0,0,0,0,0,0,0,0,-1,-1,-1,-1,-1,-1,-1,-1,-1,-1,-1,-1,-1,-1,-1,-1,-1,-1,-1,-1,-1,-1,-1,-1,0,0,0,0,0,0,0,0,0,0,0,0,0,0,0,0,0,0,0,0,0,0,0,0,255,139,139,115,0,0,0,1,0,0,0,65,90,100,100,0,0,100,-1,0,100,150,0,1,1,-1,0,0,280,0,0,0,0,115,0,115,0,0,0,0,0,0,[0|0|0|0]
6300308,Hand-to-Hand - Default Attack,0.4,0,0,0,1.4,0.04,6906,-1,-1,-1,1667,6,0,-1,-1,940,0,-1,-1,0,150,150,150,150,285,500,100,100,100,0,0,0,0,0,0,0,0,0,0,0,20,0,0,0,0,0,0,0,0,0,0,0,2,0,0,1,255,1,255,0,255,0,0,0,0,0,0,0,0,0,0,0,0,1,0,0,0,0,0,0,0,0,0,0,-1,-1,2100,2010,-1,-1,-1,-1,-1,-1,-1,-1,-1,-1,-1,-1,-1,-1,-1,-1,-1,-1,-1,-1,-1,-1,-1,-1,-1,-1,-1,-1,0,0,0,0,0,0,0,0,0,0,0,0,-1,-1,-1,-1,-1,-1,-1,-1,-1,-1,-1,-1,-1,-1,-1,-1,-1,-1,-1,-1,-1,-1,-1,-1,0,0,0,0,0,0,0,0,0,0,0,0,0,0,0,0,0,0,0,0,0,0,0,0,255,139,139,150,0,0,0,1,0,0,0,65,90,100,100,0,0,100,-1,0,100,150,0,1,1,-1,0,0,495,0,0,0,0,150,0,150,0,0,0,0,0,0,[0|0|0|0]
6300309,Hand-to-Hand - Default Attack,0.4,0,0,0,1.4,0.04,6906,-1,-1,-1,1667,6,0,-1,-1,240,0,-1,-1,0,150,150,150,150,285,500,100,100,100,0,0,0,0,0,0,0,0,0,0,0,20,0,0,0,0,0,0,0,0,0,0,0,2,2,0,1,255,1,255,0,255,0,0,0,0,0,0,0,0,0,0,0,0,1,0,0,0,0,0,0,0,0,0,0,-1,-1,2100,2010,-1,-1,-1,-1,-1,-1,-1,-1,-1,-1,-1,-1,-1,-1,-1,-1,-1,-1,-1,-1,-1,-1,-1,-1,-1,-1,-1,-1,0,0,0,0,0,0,0,0,0,0,0,0,-1,-1,-1,-1,-1,-1,-1,-1,-1,-1,-1,-1,-1,-1,-1,-1,-1,-1,-1,-1,-1,-1,-1,-1,0,0,0,0,0,0,0,0,0,0,0,0,0,0,0,0,0,0,0,0,0,0,0,0,255,139,139,150,0,0,0,1,0,0,0,65,90,100,100,0,0,100,-1,0,100,150,0,1,1,-1,0,0,495,0,0,0,0,150,0,150,0,0,0,0,0,0,[0|0|0|0]
6300310,Hand-to-Hand - Default Attack,0.4,0.2,0,0,1.1,0.04,6904,-1,-1,1665,-1,1,1,-1,-1,-1,-1,-1,-1,0,115,115,115,115,120,500,100,100,0,0,0,0,0,0,0,0,0,0,0,0,20,0,0,0,0,2,0,0,0,0,0,0,1,0,0,1,255,1,255,0,255,0,0,0,0,0,0,0,0,0,0,0,0,1,0,0,0,0,0,0,0,9,0,0,-1,-1,2100,2010,-1,-1,-1,-1,-1,-1,-1,-1,-1,-1,-1,-1,-1,-1,-1,-1,-1,-1,-1,-1,-1,-1,-1,-1,-1,-1,-1,-1,0,0,0,0,0,0,0,0,0,0,0,0,-1,-1,-1,-1,-1,-1,-1,-1,-1,-1,-1,-1,-1,-1,-1,-1,-1,-1,-1,-1,-1,-1,-1,-1,0,0,0,0,0,0,0,0,0,0,0,0,0,0,0,0,0,0,0,0,0,0,0,0,255,139,139,115,0,0,0,1,0,0,0,65,90,100,100,0,0,100,-1,0,100,130,0,1,1,-1,0,0,120,0,0,0,0,115,0,115,0,0,0,0,0,0,[0|0|0|0]
6300311,Hand-to-Hand - Default Attack,0.4,0.2,0,0,1.1,0.04,6904,-1,-1,1665,-1,1,1,-1,-1,-1,-1,-1,-1,0,0,0,0,0,0,0,0,100,0,0,0,0,0,0,0,0,0,0,0,0,20,0,0,0,0,2,0,0,0,0,0,0,0,2,0,1,255,1,255,0,255,0,0,0,0,0,0,0,0,0,0,0,0,1,0,0,0,0,0,0,0,9,0,0,-1,-1,2100,2010,-1,-1,-1,-1,-1,-1,-1,-1,-1,-1,-1,-1,-1,-1,-1,-1,-1,-1,-1,-1,-1,-1,-1,-1,-1,-1,-1,-1,0,0,0,0,0,0,0,0,0,0,0,0,-1,-1,-1,-1,-1,-1,-1,-1,-1,-1,-1,-1,-1,-1,-1,-1,-1,-1,-1,-1,-1,-1,-1,-1,0,0,0,0,0,0,0,0,0,0,0,0,0,0,0,0,0,0,0,0,0,0,0,0,255,139,139,0,0,0,0,1,0,0,0,0,0,0,0,0,0,0,-1,0,100,0,0,1,1,-1,0,0,0,0,0,0,0,0,0,0,0,0,0,0,0,0,[0|0|0|0]
6300312,Hand-to-Hand - Default Bullet,0.4,0.2,0,0,0.3,0.04,6904,-1,-1,1665,-1,1,1,-1,-1,-1,-1,-1,-1,0,155,155,155,155,120,500,100,100,0,0,0,0,0,0,0,0,0,0,0,0,20,0,0,0,0,2,0,0,0,0,0,0,1,0,0,1,255,1,255,0,255,0,0,0,0,0,0,0,0,0,0,0,0,1,0,0,0,0,0,0,0,9,0,0,-1,-1,2100,2010,-1,-1,-1,-1,-1,-1,-1,-1,-1,-1,-1,-1,-1,-1,-1,-1,-1,-1,-1,-1,-1,-1,-1,-1,-1,-1,-1,-1,0,0,0,0,0,0,0,0,0,0,0,0,-1,-1,-1,-1,-1,-1,-1,-1,-1,-1,-1,-1,-1,-1,-1,-1,-1,-1,-1,-1,-1,-1,-1,-1,0,0,0,0,0,0,0,0,0,0,0,0,0,0,0,0,0,0,0,0,0,0,0,0,255,139,139,155,0,0,0,1,0,0,0,65,90,100,100,0,0,100,-1,0,100,130,0,1,1,-1,0,0,120,0,0,0,0,155,0,155,0,0,0,0,0,0,[0|0|0|0]
6300313,Hand-to-Hand - Default Attack,0.4,0.2,0,0,1.1,0.04,6904,-1,-1,-1,1667,2,2,-1,-1,-1,-1,-1,-1,0,115,115,115,115,120,500,100,100,0,0,0,0,0,0,0,0,0,0,0,0,20,0,0,0,0,2,0,0,0,0,0,0,1,0,0,1,255,1,255,0,255,0,0,0,0,0,0,0,0,0,0,0,0,1,0,0,0,0,0,0,0,0,0,0,-1,-1,2100,2010,-1,-1,-1,-1,-1,-1,-1,-1,-1,-1,-1,-1,-1,-1,-1,-1,-1,-1,-1,-1,-1,-1,-1,-1,-1,-1,-1,-1,0,0,0,0,0,0,0,0,0,0,0,0,-1,-1,-1,-1,-1,-1,-1,-1,-1,-1,-1,-1,-1,-1,-1,-1,-1,-1,-1,-1,-1,-1,-1,-1,0,0,0,0,0,0,0,0,0,0,0,0,0,0,0,0,0,0,0,0,0,0,0,0,255,139,139,115,0,0,0,1,0,0,0,65,90,100,100,0,0,100,-1,0,100,130,0,1,1,-1,0,0,120,0,0,0,0,115,0,115,0,0,0,0,0,0,[0|0|0|0]
6300314,Hand-to-Hand - Default Attack,0.4,0.2,0,0,1.1,0.04,6904,-1,-1,-1,1667,2,2,-1,-1,-1,-1,-1,-1,0,0,0,0,0,0,0,0,100,0,0,0,0,0,0,0,0,0,0,0,0,20,0,0,0,0,2,0,0,0,0,0,0,0,2,0,1,255,1,255,0,255,0,0,0,0,0,0,0,0,0,0,0,0,1,0,0,0,0,0,0,0,0,0,0,-1,-1,2100,2010,-1,-1,-1,-1,-1,-1,-1,-1,-1,-1,-1,-1,-1,-1,-1,-1,-1,-1,-1,-1,-1,-1,-1,-1,-1,-1,-1,-1,0,0,0,0,0,0,0,0,0,0,0,0,-1,-1,-1,-1,-1,-1,-1,-1,-1,-1,-1,-1,-1,-1,-1,-1,-1,-1,-1,-1,-1,-1,-1,-1,0,0,0,0,0,0,0,0,0,0,0,0,0,0,0,0,0,0,0,0,0,0,0,0,255,139,139,0,0,0,0,1,0,0,0,0,0,0,0,0,0,0,-1,0,100,0,0,1,1,-1,0,0,0,0,0,0,0,0,0,0,0,0,0,0,0,0,[0|0|0|0]
6300315,Hand-to-Hand - Default Attack,0.4,0.2,0,0,1.3,0.04,6906,-1,-1,1665,-1,1,1,-1,-1,-1,-1,-1,-1,0,145,145,145,145,160,500,100,100,100,0,0,0,0,0,0,0,0,0,0,0,20,0,0,0,0,2,0,0,0,0,0,0,2,0,0,1,255,1,255,0,255,0,0,0,0,0,0,0,0,0,0,0,0,1,0,0,0,0,0,0,0,9,0,0,-1,-1,2100,2010,-1,-1,-1,-1,-1,-1,-1,-1,-1,-1,-1,-1,-1,-1,-1,-1,-1,-1,-1,-1,-1,-1,-1,-1,-1,-1,-1,-1,0,0,0,0,0,0,0,0,0,0,0,0,-1,-1,-1,-1,-1,-1,-1,-1,-1,-1,-1,-1,-1,-1,-1,-1,-1,-1,-1,-1,-1,-1,-1,-1,0,0,0,0,0,0,0,0,0,0,0,0,0,0,0,0,0,0,0,0,0,0,0,0,255,139,139,145,0,0,0,1,0,0,0,65,90,100,100,0,0,100,-1,0,100,150,0,1,1,-1,0,0,330,0,0,0,0,145,0,145,0,0,0,0,0,0,[0|0|0|0]
6300316,Hand-to-Hand - Default Attack,0.4,0.2,0,0,0,0.04,6906,-1,-1,1665,-1,1,1,-1,-1,-1,-1,-1,-1,0,0,0,0,0,0,0,0,100,0,0,0,0,0,0,0,0,0,0,0,0,20,0,0,0,0,2,0,0,0,0,0,0,0,2,0,1,255,1,255,0,255,0,0,0,0,0,0,0,0,0,0,0,0,1,0,0,0,0,0,0,0,0,0,0,-1,-1,2100,2010,-1,-1,-1,-1,-1,-1,-1,-1,-1,-1,-1,-1,-1,-1,-1,-1,-1,-1,-1,-1,-1,-1,-1,-1,-1,-1,-1,-1,0,0,0,0,0,0,0,0,0,0,0,0,-1,-1,-1,-1,-1,-1,-1,-1,-1,-1,-1,-1,-1,-1,-1,-1,-1,-1,-1,-1,-1,-1,-1,-1,0,0,0,0,0,0,0,0,0,0,0,0,0,0,0,0,0,0,0,0,0,0,0,0,255,139,139,0,0,0,0,1,0,0,0,0,0,0,0,0,0,0,-1,0,100,0,0,1,1,-1,0,0,0,0,0,0,0,0,0,0,0,0,0,0,0,0,[0|0|0|0]
6300317,Hand-to-Hand - Default Bullet,0.4,0.2,0,0,0.3,0.04,6906,-1,-1,1665,-1,1,1,-1,-1,-1,-1,-1,-1,0,160,160,160,160,160,500,100,100,100,0,0,0,0,0,0,0,0,0,0,0,20,0,0,0,0,2,0,0,0,0,0,0,2,0,0,1,255,1,255,0,255,0,0,0,0,0,0,0,0,0,0,0,0,1,0,0,0,0,0,0,0,9,0,0,-1,-1,2100,2010,-1,-1,-1,-1,-1,-1,-1,-1,-1,-1,-1,-1,-1,-1,-1,-1,-1,-1,-1,-1,-1,-1,-1,-1,-1,-1,-1,-1,0,0,0,0,0,0,0,0,0,0,0,0,-1,-1,-1,-1,-1,-1,-1,-1,-1,-1,-1,-1,-1,-1,-1,-1,-1,-1,-1,-1,-1,-1,-1,-1,0,0,0,0,0,0,0,0,0,0,0,0,0,0,0,0,0,0,0,0,0,0,0,0,255,139,139,160,0,0,0,1,0,0,0,65,90,100,100,0,0,100,-1,0,100,150,0,1,1,-1,0,0,330,0,0,0,0,160,0,160,0,0,0,0,0,0,[0|0|0|0]
6300318,Hand-to-Hand - Default Attack,0.4,0.2,0,0,1.3,0.04,6906,-1,-1,-1,1667,2,2,-1,-1,-1,-1,-1,-1,0,145,145,145,145,160,500,100,100,100,0,0,0,0,0,0,0,0,0,0,0,20,0,0,0,0,2,0,0,0,0,0,0,2,0,0,1,255,1,255,0,255,0,0,0,0,0,0,0,0,0,0,0,0,1,0,0,0,0,0,0,0,0,0,0,-1,-1,2100,2010,-1,-1,-1,-1,-1,-1,-1,-1,-1,-1,-1,-1,-1,-1,-1,-1,-1,-1,-1,-1,-1,-1,-1,-1,-1,-1,-1,-1,0,0,0,0,0,0,0,0,0,0,0,0,-1,-1,-1,-1,-1,-1,-1,-1,-1,-1,-1,-1,-1,-1,-1,-1,-1,-1,-1,-1,-1,-1,-1,-1,0,0,0,0,0,0,0,0,0,0,0,0,0,0,0,0,0,0,0,0,0,0,0,0,255,139,139,145,0,0,0,1,0,0,0,65,90,100,100,0,0,100,-1,0,100,150,0,1,1,-1,0,0,330,0,0,0,0,145,0,145,0,0,0,0,0,0,[0|0|0|0]
6300319,Hand-to-Hand - Default Attack,0.4,0.2,0,0,0,0.04,6906,-1,-1,-1,1667,2,2,-1,-1,-1,-1,-1,-1,0,0,0,0,0,0,0,0,100,0,0,0,0,0,0,0,0,0,0,0,0,20,0,0,0,0,2,0,0,0,0,0,0,0,2,0,1,255,1,255,0,255,0,0,0,0,0,0,0,0,0,0,0,0,1,0,0,0,0,0,0,0,0,0,0,-1,-1,2100,2010,-1,-1,-1,-1,-1,-1,-1,-1,-1,-1,-1,-1,-1,-1,-1,-1,-1,-1,-1,-1,-1,-1,-1,-1,-1,-1,-1,-1,0,0,0,0,0,0,0,0,0,0,0,0,-1,-1,-1,-1,-1,-1,-1,-1,-1,-1,-1,-1,-1,-1,-1,-1,-1,-1,-1,-1,-1,-1,-1,-1,0,0,0,0,0,0,0,0,0,0,0,0,0,0,0,0,0,0,0,0,0,0,0,0,255,139,139,0,0,0,0,1,0,0,0,0,0,0,0,0,0,0,-1,0,100,0,0,1,1,-1,0,0,0,0,0,0,0,0,0,0,0,0,0,0,0,0,[0|0|0|0]
6300320,Hand-to-Hand - Default Attack,0.4,0.2,0,0,1.3,0.04,6903,-1,-1,1665,1667,1,1,-1,-1,-1,-1,-1,-1,0,100,100,100,100,100,500,100,100,122,0,0,0,0,0,0,0,0,0,0,0,10,0,0,0,0,2,0,0,0,0,0,0,1,0,0,1,255,1,255,0,255,0,0,0,0,0,0,0,0,0,0,0,4,1,0,0,0,0,0,0,0,9,0,0,-1,-1,2100,2010,-1,-1,-1,-1,-1,-1,-1,-1,-1,-1,-1,-1,-1,-1,-1,-1,-1,-1,-1,-1,-1,-1,-1,-1,-1,-1,-1,-1,0,0,0,0,0,0,0,0,0,0,0,0,-1,-1,-1,-1,-1,-1,-1,-1,-1,-1,-1,-1,-1,-1,-1,-1,-1,-1,-1,-1,-1,-1,-1,-1,0,0,0,0,0,0,0,0,0,0,0,0,0,0,0,0,0,0,0,0,0,0,0,0,255,139,139,100,0,0,0,1,0,0,0,65,90,100,100,0,0,100,-1,0,100,110,0,1,1,-1,0,0,60,0,0,0,0,100,0,100,0,0,0,0,0,0,[0|0|0|0]
6300323,Hand-to-Hand - Default Attack,0.4,0.2,0,0,1,0.04,6903,-1,-1,-1,1667,2,2,-1,-1,-1,-1,-1,-1,0,100,100,100,100,100,500,100,100,122,0,0,0,0,0,0,0,0,0,0,0,10,0,0,0,0,2,0,0,0,0,0,0,1,0,0,1,255,1,255,0,255,0,0,0,0,0,0,0,0,0,0,0,3,1,0,0,0,0,0,0,0,0,0,0,-1,-1,2100,2010,-1,-1,-1,-1,-1,-1,-1,-1,-1,-1,-1,-1,-1,-1,-1,-1,-1,-1,-1,-1,-1,-1,-1,-1,-1,-1,-1,-1,0,0,0,0,0,0,0,0,0,0,0,0,-1,-1,-1,-1,-1,-1,-1,-1,-1,-1,-1,-1,-1,-1,-1,-1,-1,-1,-1,-1,-1,-1,-1,-1,0,0,0,0,0,0,0,0,0,0,0,0,0,0,0,0,0,0,0,0,0,0,0,0,255,139,139,100,0,0,0,1,0,0,0,65,90,100,100,0,0,100,-1,0,100,110,0,1,1,-1,0,0,60,0,0,0,0,100,0,100,0,0,0,0,0,0,[0|0|0|0]
6300325,Hand-to-Hand - Default Attack,0.4,0,0,0,2,0.04,6903,-1,-1,1665,1667,5,0,-1,-1,930,0,-1,-1,0,115,115,115,115,195,500,100,100,122,0,0,0,0,0,0,0,0,0,0,0,10,0,0,0,0,0,0,0,0,0,0,0,2,0,0,1,255,1,255,0,255,0,0,0,0,0,0,0,0,0,0,0,4,1,0,0,0,0,0,0,0,9,0,0,-1,-1,2100,2010,-1,-1,-1,-1,-1,-1,-1,-1,-1,-1,-1,-1,-1,-1,-1,-1,-1,-1,-1,-1,-1,-1,-1,-1,-1,-1,-1,-1,0,0,0,0,0,0,0,0,0,0,0,0,-1,-1,-1,-1,-1,-1,-1,-1,-1,-1,-1,-1,-1,-1,-1,-1,-1,-1,-1,-1,-1,-1,-1,-1,0,0,0,0,0,0,0,0,0,0,0,0,0,0,0,0,0,0,0,0,0,0,0,0,255,139,139,115,0,0,0,1,0,0,0,65,90,100,100,0,0,100,-1,0,100,130,0,1,1,-1,0,0,180,0,0,0,0,115,0,115,0,0,0,0,0,0,[0|0|0|0]
6300326,Hand-to-Hand - Default Attack,0.4,0,0,0,2,0.04,6903,-1,-1,1665,1667,5,0,-1,-1,240,0,-1,-1,0,115,115,115,115,195,500,100,100,122,0,0,0,0,0,0,0,0,0,0,0,10,0,0,0,0,0,0,0,0,0,0,0,2,2,0,1,255,1,255,0,255,0,0,0,0,0,0,0,0,0,0,0,4,1,0,0,0,0,0,0,0,9,0,0,-1,-1,2100,2010,-1,-1,-1,-1,-1,-1,-1,-1,-1,-1,-1,-1,-1,-1,-1,-1,-1,-1,-1,-1,-1,-1,-1,-1,-1,-1,-1,-1,0,0,0,0,0,0,0,0,0,0,0,0,-1,-1,-1,-1,-1,-1,-1,-1,-1,-1,-1,-1,-1,-1,-1,-1,-1,-1,-1,-1,-1,-1,-1,-1,0,0,0,0,0,0,0,0,0,0,0,0,0,0,0,0,0,0,0,0,0,0,0,0,255,139,139,115,0,0,0,1,0,0,0,65,90,100,100,0,0,100,-1,0,100,130,0,1,1,-1,0,0,180,0,0,0,0,115,0,115,0,0,0,0,0,0,[0|0|0|0]
6300327,Hand-to-Hand - Default Bullet,0.4,0,0,0,0.3,0.04,6903,-1,-1,1665,1667,5,0,-1,-1,240,0,-1,-1,0,97,97,97,97,195,500,100,100,122,0,0,0,0,0,0,0,0,0,0,0,10,0,0,0,0,0,0,0,0,0,0,0,2,2,0,1,255,1,255,0,255,0,0,0,0,0,0,0,0,0,0,0,4,1,0,0,0,0,0,0,0,9,0,0,-1,-1,2100,2010,-1,-1,-1,-1,-1,-1,-1,-1,-1,-1,-1,-1,-1,-1,-1,-1,-1,-1,-1,-1,-1,-1,-1,-1,-1,-1,-1,-1,0,0,0,0,0,0,0,0,0,0,0,0,-1,-1,-1,-1,-1,-1,-1,-1,-1,-1,-1,-1,-1,-1,-1,-1,-1,-1,-1,-1,-1,-1,-1,-1,0,0,0,0,0,0,0,0,0,0,0,0,0,0,0,0,0,0,0,0,0,0,0,0,255,139,139,97,0,0,0,1,0,0,0,65,90,100,100,0,0,100,-1,0,100,130,0,1,1,-1,0,0,180,0,0,0,0,97,0,97,0,0,0,0,0,0,[0|0|0|0]
6300328,Hand-to-Hand - Default Attack,0.4,0,0,0,1.75,0.04,6903,-1,-1,-1,1667,6,0,-1,-1,940,0,-1,-1,0,115,115,115,115,195,500,100,100,122,0,0,0,0,0,0,0,0,0,0,0,10,0,0,0,0,0,0,0,0,0,0,0,2,0,0,1,255,1,255,0,255,0,0,0,0,0,0,0,0,0,0,0,0,1,0,0,0,0,0,0,0,0,0,0,-1,-1,2100,2010,-1,-1,-1,-1,-1,-1,-1,-1,-1,-1,-1,-1,-1,-1,-1,-1,-1,-1,-1,-1,-1,-1,-1,-1,-1,-1,-1,-1,0,0,0,0,0,0,0,0,0,0,0,0,-1,-1,-1,-1,-1,-1,-1,-1,-1,-1,-1,-1,-1,-1,-1,-1,-1,-1,-1,-1,-1,-1,-1,-1,0,0,0,0,0,0,0,0,0,0,0,0,0,0,0,0,0,0,0,0,0,0,0,0,255,139,139,115,0,0,0,1,0,0,0,65,90,100,100,0,0,100,-1,0,100,130,0,1,1,-1,0,0,180,0,0,0,0,115,0,115,0,0,0,0,0,0,[0|0|0|0]
6300329,Hand-to-Hand - Default Attack,0.4,0,0,0,1.75,0.04,6903,-1,-1,-1,1667,6,0,-1,-1,240,0,-1,-1,0,115,115,115,115,195,500,100,100,122,0,0,0,0,0,0,0,0,0,0,0,10,0,0,0,0,0,0,0,0,0,0,0,2,2,0,1,255,1,255,0,255,0,0,0,0,0,0,0,0,0,0,0,0,1,0,0,0,0,0,0,0,0,0,0,-1,-1,2100,2010,-1,-1,-1,-1,-1,-1,-1,-1,-1,-1,-1,-1,-1,-1,-1,-1,-1,-1,-1,-1,-1,-1,-1,-1,-1,-1,-1,-1,0,0,0,0,0,0,0,0,0,0,0,0,-1,-1,-1,-1,-1,-1,-1,-1,-1,-1,-1,-1,-1,-1,-1,-1,-1,-1,-1,-1,-1,-1,-1,-1,0,0,0,0,0,0,0,0,0,0,0,0,0,0,0,0,0,0,0,0,0,0,0,0,255,139,139,115,0,0,0,1,0,0,0,65,90,100,100,0,0,100,-1,0,100,130,0,1,1,-1,0,0,180,0,0,0,0,115,0,115,0,0,0,0,0,0,[0|0|0|0]
6300330,Hand-to-Hand - Default Attack,0.4,0.2,0,0,1,0.04,6903,-1,-1,1665,1667,1,1,-1,-1,-1,-1,-1,-1,0,85,85,85,85,100,500,100,100,121,0,0,0,0,0,0,0,0,0,0,0,10,0,0,0,0,2,0,0,0,0,0,0,1,0,0,1,255,1,255,0,255,0,0,0,0,0,0,0,0,0,0,0,0,1,0,0,0,0,0,0,0,9,0,0,-1,-1,2100,2010,-1,-1,-1,-1,-1,-1,-1,-1,-1,-1,-1,-1,-1,-1,-1,-1,-1,-1,-1,-1,-1,-1,-1,-1,-1,-1,-1,-1,0,0,0,0,0,0,0,0,0,0,0,0,-1,-1,-1,-1,-1,-1,-1,-1,-1,-1,-1,-1,-1,-1,-1,-1,-1,-1,-1,-1,-1,-1,-1,-1,0,0,0,0,0,0,0,0,0,0,0,0,0,0,0,0,0,0,0,0,0,0,0,0,255,139,139,85,0,0,0,1,0,0,0,65,90,100,100,0,0,100,-1,0,100,90,0,1,1,-1,0,0,60,0,0,0,0,85,0,85,0,0,0,0,0,0,[0|0|0|0]
6300333,Hand-to-Hand - Default Attack,0.4,0,0,0,1,0.04,6903,-1,-1,-1,1667,6,0,-1,-1,940,0,-1,-1,0,85,85,85,85,100,500,100,100,121,0,0,0,0,0,0,0,0,0,0,0,10,0,0,0,0,0,0,0,0,0,0,0,1,0,0,1,255,1,255,0,255,0,0,0,0,0,0,0,0,0,0,0,4,1,0,0,0,0,0,0,0,0,0,0,-1,-1,2100,2010,-1,-1,-1,-1,-1,-1,-1,-1,-1,-1,-1,-1,-1,-1,-1,-1,-1,-1,-1,-1,-1,-1,-1,-1,-1,-1,-1,-1,0,0,0,0,0,0,0,0,0,0,0,0,-1,-1,-1,-1,-1,-1,-1,-1,-1,-1,-1,-1,-1,-1,-1,-1,-1,-1,-1,-1,-1,-1,-1,-1,0,0,0,0,0,0,0,0,0,0,0,0,0,0,0,0,0,0,0,0,0,0,0,0,255,139,139,85,0,0,0,1,0,0,0,65,90,100,100,0,0,100,-1,0,100,90,0,1,1,-1,0,0,60,0,0,0,0,85,0,85,0,0,0,0,0,0,[0|0|0|0]
6300334,Hand-to-Hand - Default Attack,0.4,0,0,0,1,0.04,6903,-1,-1,-1,1667,6,0,-1,-1,240,0,-1,-1,0,85,85,85,85,100,500,100,100,121,0,0,0,0,0,0,0,0,0,0,0,10,0,0,0,0,0,0,0,0,0,0,0,1,2,0,1,255,1,255,0,255,0,0,0,0,0,0,0,0,0,0,0,4,1,0,0,0,0,0,0,0,0,0,0,-1,-1,2100,2010,-1,-1,-1,-1,-1,-1,-1,-1,-1,-1,-1,-1,-1,-1,-1,-1,-1,-1,-1,-1,-1,-1,-1,-1,-1,-1,-1,-1,0,0,0,0,0,0,0,0,0,0,0,0,-1,-1,-1,-1,-1,-1,-1,-1,-1,-1,-1,-1,-1,-1,-1,-1,-1,-1,-1,-1,-1,-1,-1,-1,0,0,0,0,0,0,0,0,0,0,0,0,0,0,0,0,0,0,0,0,0,0,0,0,255,139,139,85,0,0,0,1,0,0,0,65,90,100,100,0,0,100,-1,0,100,90,0,1,1,-1,0,0,60,0,0,0,0,85,0,85,0,0,0,0,0,0,[0|0|0|0]
6300340,Hand-to-Hand - Default Attack,0.4,0,0,0,1.1,0.04,6903,-1,-1,1665,-1,5,0,-1,-1,930,0,-1,-1,0,94,94,94,94,180,500,100,100,121,0,0,0,0,0,0,0,0,0,0,0,20,0,0,0,0,0,0,0,0,0,0,0,1,0,0,1,255,1,255,0,255,0,0,0,0,0,0,0,0,0,0,0,3,1,0,0,0,0,0,0,0,9,0,0,-1,-1,2100,2010,-1,-1,-1,-1,-1,-1,-1,-1,-1,-1,-1,-1,-1,-1,-1,-1,-1,-1,-1,-1,-1,-1,-1,-1,-1,-1,-1,-1,0,0,0,0,0,0,0,0,0,0,0,0,-1,-1,-1,-1,-1,-1,-1,-1,-1,-1,-1,-1,-1,-1,-1,-1,-1,-1,-1,-1,-1,-1,-1,-1,0,0,0,0,0,0,0,0,0,0,0,0,0,0,0,0,0,0,0,0,0,0,0,0,255,139,139,94,0,0,0,1,0,0,0,65,90,100,100,0,0,100,-1,0,100,90,0,1,1,-1,0,0,120,0,0,0,0,94,0,94,0,0,0,0,0,0,[0|0|0|0]
6300341,Hand-to-Hand - Default Attack,0.4,0,0,0,1.1,0.04,6903,-1,-1,1665,-1,5,0,-1,-1,240,0,-1,-1,0,94,94,94,94,180,500,100,100,121,0,0,0,0,0,0,0,0,0,0,0,20,0,0,0,0,0,0,0,0,0,0,0,1,2,0,1,255,1,255,0,255,0,0,0,0,0,0,0,0,0,0,0,3,1,0,0,0,0,0,0,0,9,0,0,-1,-1,2100,2010,-1,-1,-1,-1,-1,-1,-1,-1,-1,-1,-1,-1,-1,-1,-1,-1,-1,-1,-1,-1,-1,-1,-1,-1,-1,-1,-1,-1,0,0,0,0,0,0,0,0,0,0,0,0,-1,-1,-1,-1,-1,-1,-1,-1,-1,-1,-1,-1,-1,-1,-1,-1,-1,-1,-1,-1,-1,-1,-1,-1,0,0,0,0,0,0,0,0,0,0,0,0,0,0,0,0,0,0,0,0,0,0,0,0,255,139,139,94,0,0,0,1,0,0,0,65,90,100,100,0,0,100,-1,0,100,90,0,1,1,-1,0,0,120,0,0,0,0,94,0,94,0,0,0,0,0,0,[0|0|0|0]
6300343,Hand-to-Hand - Default Attack,0.4,0.2,0,0,1,0.04,6903,-1,-1,-1,1667,2,2,-1,-1,-1,-1,-1,-1,0,79,79,79,79,80,500,100,100,121,0,0,0,0,0,0,0,0,0,0,0,20,0,0,0,0,2,0,0,0,0,0,0,1,0,0,1,255,1,255,0,255,0,0,0,0,0,0,0,0,0,0,0,4,1,0,0,0,0,0,0,0,0,0,0,-1,-1,2100,2010,-1,-1,-1,-1,-1,-1,-1,-1,-1,-1,-1,-1,-1,-1,-1,-1,-1,-1,-1,-1,-1,-1,-1,-1,-1,-1,-1,-1,0,0,0,0,0,0,0,0,0,0,0,0,-1,-1,-1,-1,-1,-1,-1,-1,-1,-1,-1,-1,-1,-1,-1,-1,-1,-1,-1,-1,-1,-1,-1,-1,0,0,0,0,0,0,0,0,0,0,0,0,0,0,0,0,0,0,0,0,0,0,0,0,255,139,139,79,0,0,0,1,0,0,0,65,90,100,100,0,0,100,-1,0,100,90,0,1,1,-1,0,0,40,0,0,0,0,79,0,79,0,0,0,0,0,0,[0|0|0|0]
6300350,Hand-to-Hand - Default Attack,0.5,0.2,0,0,0.4,0.04,6903,-1,-1,1665,-1,1,1,-1,-1,-1,-1,-1,-1,0,102,102,102,102,90,9900,100,100,102,0,0,0,0,0,0,0,0,0,0,0,20,0,0,0,0,2,0,0,0,0,0,0,1,0,0,1,255,1,255,0,255,0,0,0,0,0,0,0,0,0,0,0,1,1,0,0,0,0,0,0,0,9,0,0,-1,-1,2100,2010,-1,-1,-1,-1,-1,-1,-1,-1,-1,-1,-1,-1,-1,-1,-1,-1,-1,-1,-1,-1,-1,-1,-1,-1,-1,-1,-1,-1,0,0,0,0,0,0,0,0,0,0,0,0,-1,-1,-1,-1,-1,-1,-1,-1,-1,-1,-1,-1,-1,-1,-1,-1,-1,-1,-1,-1,-1,-1,-1,-1,0,0,0,0,0,0,0,0,0,0,0,0,0,0,0,0,0,0,0,0,0,0,0,0,255,139,139,102,0,0,0,1,0,0,0,65,90,100,100,0,0,100,-1,0,100,130,0,1,1,-1,0,0,90,0,0,0,0,102,0,102,0,0,0,0,0,0,[0|0|0|0]
6300353,Hand-to-Hand - Default Attack,0.5,0.2,0,0,1.2,0.04,6903,-1,-1,-1,1667,2,2,-1,-1,-1,-1,-1,-1,0,102,102,102,102,90,9900,100,100,102,0,0,0,0,0,0,0,0,0,0,0,20,0,0,0,0,2,0,0,0,0,0,0,1,0,0,1,255,1,255,0,255,0,0,0,0,0,0,0,0,0,0,0,3,1,0,0,0,0,0,0,0,0,0,0,-1,-1,2100,2010,-1,-1,-1,-1,-1,-1,-1,-1,-1,-1,-1,-1,-1,-1,-1,-1,-1,-1,-1,-1,-1,-1,-1,-1,-1,-1,-1,-1,0,0,0,0,0,0,0,0,0,0,0,0,-1,-1,-1,-1,-1,-1,-1,-1,-1,-1,-1,-1,-1,-1,-1,-1,-1,-1,-1,-1,-1,-1,-1,-1,0,0,0,0,0,0,0,0,0,0,0,0,0,0,0,0,0,0,0,0,0,0,0,0,255,139,139,102,0,0,0,1,0,0,0,65,90,100,100,0,0,100,-1,0,100,130,0,1,1,-1,0,0,90,0,0,0,0,102,0,102,0,0,0,0,0,0,[0|0|0|0]
6300360,Hand-to-Hand - Default Attack,0.5,0,0,0,0.7,0.04,6904,-1,-1,1665,-1,5,0,-1,-1,930,0,-1,-1,0,123,123,123,123,170,9900,100,100,102,0,0,0,0,0,0,0,0,0,0,0,20,0,0,0,0,0,0,0,0,0,0,0,2,0,0,1,255,1,255,0,255,0,0,0,0,0,0,0,0,0,0,0,1,1,0,0,0,0,0,0,0,0,0,0,-1,-1,2100,2010,-1,-1,-1,-1,-1,-1,-1,-1,-1,-1,-1,-1,-1,-1,-1,-1,-1,-1,-1,-1,-1,-1,-1,-1,-1,-1,-1,-1,0,0,0,0,0,0,0,0,0,0,0,0,-1,-1,-1,-1,-1,-1,-1,-1,-1,-1,-1,-1,-1,-1,-1,-1,-1,-1,-1,-1,-1,-1,-1,-1,0,0,0,0,0,0,0,0,0,0,0,0,0,0,0,0,0,0,0,0,0,0,0,0,255,139,139,123,0,0,0,1,0,0,0,65,90,100,100,0,0,100,-1,0,100,140,0,1,1,-1,0,0,280,0,0,0,0,123,0,123,0,0,0,0,0,0,[0|0|0|0]
6300362,Hand-to-Hand - Default Bullet,0.5,0,0,0,0.3,0.04,6904,-1,-1,1665,-1,5,0,-1,-1,930,0,-1,-1,0,107,107,107,107,170,9900,100,100,102,0,0,0,0,0,0,0,0,0,0,0,20,0,0,0,0,0,0,0,0,0,0,0,2,0,0,1,255,1,255,0,255,0,0,0,0,0,0,0,0,0,0,0,1,1,0,0,0,0,0,0,0,0,0,0,-1,-1,2100,2010,-1,-1,-1,-1,-1,-1,-1,-1,-1,-1,-1,-1,-1,-1,-1,-1,-1,-1,-1,-1,-1,-1,-1,-1,-1,-1,-1,-1,0,0,0,0,0,0,0,0,0,0,0,0,-1,-1,-1,-1,-1,-1,-1,-1,-1,-1,-1,-1,-1,-1,-1,-1,-1,-1,-1,-1,-1,-1,-1,-1,0,0,0,0,0,0,0,0,0,0,0,0,0,0,0,0,0,0,0,0,0,0,0,0,255,139,139,107,0,0,0,1,0,0,0,65,90,100,100,0,0,100,-1,0,100,140,0,1,1,-1,0,0,280,0,0,0,0,107,0,107,0,0,0,0,0,0,[0|0|0|0]
6300363,Hand-to-Hand - Default Attack,0.5,0,0,0,0.4,0.04,6904,-1,-1,-1,1667,6,0,-1,-1,940,0,-1,-1,0,110,110,110,110,130,9900,100,100,102,0,0,0,0,0,0,0,0,0,0,0,20,0,0,0,0,0,0,0,0,0,0,0,2,0,0,1,255,1,255,0,255,0,0,0,0,0,0,0,0,0,0,0,4,1,0,0,0,0,0,0,0,9,0,0,-1,-1,2100,2010,-1,-1,-1,-1,-1,-1,-1,-1,-1,-1,-1,-1,-1,-1,-1,-1,-1,-1,-1,-1,-1,-1,-1,-1,-1,-1,-1,-1,0,0,0,0,0,0,0,0,0,0,0,0,-1,-1,-1,-1,-1,-1,-1,-1,-1,-1,-1,-1,-1,-1,-1,-1,-1,-1,-1,-1,-1,-1,-1,-1,0,0,0,0,0,0,0,0,0,0,0,0,0,0,0,0,0,0,0,0,0,0,0,0,255,139,139,110,0,0,0,1,0,0,0,65,90,100,100,0,0,100,-1,0,100,140,0,1,1,-1,0,0,200,0,0,0,0,110,0,110,0,0,0,0,0,0,[0|0|0|0]
6300364,Hand-to-Hand - Default Bullet,0.5,0,0,0,0.3,0.04,6904,-1,-1,-1,1667,6,0,-1,-1,940,0,-1,-1,0,100,100,100,100,130,9900,100,100,102,0,0,0,0,0,0,0,0,0,0,0,20,0,0,0,0,0,0,0,0,0,0,0,2,0,0,1,255,1,255,0,255,0,0,0,0,0,0,0,0,0,0,0,4,1,0,0,0,0,0,0,0,9,0,0,-1,-1,2100,2010,-1,-1,-1,-1,-1,-1,-1,-1,-1,-1,-1,-1,-1,-1,-1,-1,-1,-1,-1,-1,-1,-1,-1,-1,-1,-1,-1,-1,0,0,0,0,0,0,0,0,0,0,0,0,-1,-1,-1,-1,-1,-1,-1,-1,-1,-1,-1,-1,-1,-1,-1,-1,-1,-1,-1,-1,-1,-1,-1,-1,0,0,0,0,0,0,0,0,0,0,0,0,0,0,0,0,0,0,0,0,0,0,0,0,255,139,139,100,0,0,0,1,0,0,0,65,90,100,100,0,0,100,-1,0,100,140,0,1,1,-1,0,0,200,0,0,0,0,100,0,100,0,0,0,0,0,0,[0|0|0|0]
6300380,Hand-to-Hand - Default Attack,0.4,0.2,0,0,1.2,0.04,-1,-1,-1,-1,-1,1,1,-1,-1,-1,-1,-1,-1,0,113,113,113,113,150,9900,100,60000,103,0,0,0,0,0,0,0,0,0,0,0,10,0,0,0,0,2,0,0,0,0,0,0,2,0,0,1,255,1,255,0,255,0,0,0,0,0,0,0,0,0,0,0,0,1,0,0,0,0,0,0,0,9,0,0,-1,-1,2100,2010,-1,-1,-1,-1,-1,-1,-1,-1,-1,-1,-1,-1,-1,-1,-1,-1,-1,-1,-1,-1,-1,-1,-1,-1,-1,-1,-1,-1,0,0,0,0,0,0,0,0,0,0,0,0,-1,-1,-1,-1,-1,-1,-1,-1,-1,-1,-1,-1,-1,-1,-1,-1,-1,-1,-1,-1,-1,-1,-1,-1,0,0,0,0,0,0,0,0,0,0,0,0,0,0,0,0,0,0,0,0,0,0,0,0,255,139,139,113,0,0,0,1,0,0,0,65,90,100,100,0,0,100,-1,0,100,100,0,1,1,-1,0,0,330,0,0,0,0,113,0,113,0,0,0,0,0,0,[0|0|0|0]
6300381,Hand-to-Hand - Default Attack,0.4,0.2,0,0,1.2,0.04,-1,-1,-1,1665,1667,2,2,-1,-1,-1,-1,-1,-1,0,113,113,113,113,150,9900,100,60000,103,0,0,0,0,0,0,0,0,0,0,0,10,0,0,0,0,2,0,0,0,0,0,0,2,0,0,1,255,1,255,0,255,0,0,0,0,0,0,0,0,0,0,0,0,1,0,0,0,0,0,0,0,0,0,0,-1,-1,2100,2010,-1,-1,-1,-1,-1,-1,-1,-1,-1,-1,-1,-1,-1,-1,-1,-1,-1,-1,-1,-1,-1,-1,-1,-1,-1,-1,-1,-1,0,0,0,0,0,0,0,0,0,0,0,0,-1,-1,-1,-1,-1,-1,-1,-1,-1,-1,-1,-1,-1,-1,-1,-1,-1,-1,-1,-1,-1,-1,-1,-1,0,0,0,0,0,0,0,0,0,0,0,0,0,0,0,0,0,0,0,0,0,0,0,0,255,139,139,113,0,0,0,1,0,0,0,65,90,100,100,0,0,100,-1,0,100,100,0,1,1,-1,0,0,330,0,0,0,0,113,0,113,0,0,0,0,0,0,[0|0|0|0]
6300382,Hand-to-Hand - Default Bullet,0.4,0.2,0,0,0.3,0.04,-1,-1,-1,-1,-1,1,1,-1,-1,-1,-1,-1,-1,0,160,160,160,160,150,9900,100,60000,103,0,0,0,0,0,0,0,0,0,0,0,10,0,0,0,0,2,0,0,0,0,0,0,2,0,0,1,255,1,255,0,255,0,0,0,0,0,0,0,0,0,0,0,0,1,0,0,0,0,0,0,0,9,0,0,-1,-1,2100,2010,-1,-1,-1,-1,-1,-1,-1,-1,-1,-1,-1,-1,-1,-1,-1,-1,-1,-1,-1,-1,-1,-1,-1,-1,-1,-1,-1,-1,0,0,0,0,0,0,0,0,0,0,0,0,-1,-1,-1,-1,-1,-1,-1,-1,-1,-1,-1,-1,-1,-1,-1,-1,-1,-1,-1,-1,-1,-1,-1,-1,0,0,0,0,0,0,0,0,0,0,0,0,0,0,0,0,0,0,0,0,0,0,0,0,255,139,139,160,0,0,0,1,0,0,0,65,90,100,100,0,0,100,-1,0,100,100,0,1,1,-1,0,0,330,0,0,0,0,160,0,160,0,0,0,0,0,0,[0|0|0|0]
6300383,Hand-to-Hand - Default Bullet,0.4,0.2,0,0,0.3,0.04,-1,-1,-1,1665,1667,2,2,-1,-1,-1,-1,-1,-1,0,160,160,160,160,150,9900,100,60000,103,0,0,0,0,0,0,0,0,0,0,0,10,0,0,0,0,2,0,0,0,0,0,0,2,0,0,1,255,1,255,0,255,0,0,0,0,0,0,0,0,0,0,0,0,1,0,0,0,0,0,0,0,0,0,0,-1,-1,2100,2010,-1,-1,-1,-1,-1,-1,-1,-1,-1,-1,-1,-1,-1,-1,-1,-1,-1,-1,-1,-1,-1,-1,-1,-1,-1,-1,-1,-1,0,0,0,0,0,0,0,0,0,0,0,0,-1,-1,-1,-1,-1,-1,-1,-1,-1,-1,-1,-1,-1,-1,-1,-1,-1,-1,-1,-1,-1,-1,-1,-1,0,0,0,0,0,0,0,0,0,0,0,0,0,0,0,0,0,0,0,0,0,0,0,0,255,139,139,160,0,0,0,1,0,0,0,65,90,100,100,0,0,100,-1,0,100,100,0,1,1,-1,0,0,330,0,0,0,0,160,0,160,0,0,0,0,0,0,[0|0|0|0]
6300400,Hand-to-Hand - Default Attack,0.4,0.2,0,0,1,0.08,6902,-1,-1,-1,1667,2,2,-1,-1,-1,-1,-1,-1,0,100,100,100,100,100,100,100,100,0,0,0,0,0,0,0,0,0,0,0,0,10,0,0,0,0,2,0,0,0,0,0,0,1,0,0,1,255,1,255,0,255,0,0,0,0,0,0,0,0,0,0,0,2,1,0,0,0,0,0,0,0,0,0,0,-1,-1,2100,2010,-1,-1,-1,-1,-1,-1,-1,-1,-1,-1,-1,-1,-1,-1,-1,-1,-1,-1,-1,-1,-1,-1,-1,-1,-1,-1,-1,-1,0,0,0,0,0,0,0,0,0,0,0,0,-1,-1,-1,-1,-1,-1,-1,-1,-1,-1,-1,-1,-1,-1,-1,-1,-1,-1,-1,-1,-1,-1,-1,-1,0,0,0,0,0,0,0,0,0,0,0,0,0,0,0,0,0,0,0,0,0,0,0,0,255,139,139,100,0,0,0,0,0,0,0,100,100,100,100,0,0,100,-1,0,100,100,0,1,1,-1,0,0,100,0,0,0,0,100,0,100,0,0,0,0,0,0,[0|0|0|0]
6300410,Hand-to-Hand - Default Attack,0.4,0.2,0,0,1,0.08,6902,-1,-1,-1,1667,831,831,-1,-1,-1,-1,-1,-1,0,101,101,101,101,100,100,100,100,0,0,0,0,0,0,0,0,0,0,0,0,10,0,0,0,0,2,0,0,0,0,0,0,1,0,0,1,255,1,255,0,255,0,0,0,0,0,0,0,0,0,0,0,4,1,0,0,0,0,0,0,0,0,0,0,-1,-1,2100,2010,-1,-1,-1,-1,-1,-1,-1,-1,-1,-1,-1,-1,-1,-1,-1,-1,-1,-1,-1,-1,-1,-1,-1,-1,-1,-1,-1,-1,0,0,0,0,0,0,0,0,0,0,0,0,-1,-1,-1,-1,-1,-1,-1,-1,-1,-1,-1,-1,-1,-1,-1,-1,-1,-1,-1,-1,-1,-1,-1,-1,0,0,0,0,0,0,0,0,0,0,0,0,0,0,0,0,0,0,0,0,0,0,0,0,255,139,139,101,0,0,0,0,0,0,0,100,100,100,100,0,0,100,-1,0,100,100,0,1,1,-1,0,0,100,0,0,0,0,101,0,101,0,0,0,0,0,0,[0|0|0|0]
6300420,Hand-to-Hand - Default Attack,0.4,0,0,0,1.15,0.08,6902,-1,-1,-1,1667,5,0,-1,-1,930,0,-1,-1,0,102,102,102,102,150,100,100,100,0,0,0,0,0,0,0,0,0,0,0,0,10,0,0,0,0,0,0,0,0,0,0,0,1,0,0,1,255,1,255,0,255,0,0,0,0,0,0,0,0,0,0,0,4,1,0,0,0,0,0,0,0,0,0,0,-1,-1,2100,2010,-1,-1,-1,-1,-1,-1,-1,-1,-1,-1,-1,-1,-1,-1,-1,-1,-1,-1,-1,-1,-1,-1,-1,-1,-1,-1,-1,-1,0,0,0,0,0,0,0,0,0,0,0,0,-1,-1,-1,-1,-1,-1,-1,-1,-1,-1,-1,-1,-1,-1,-1,-1,-1,-1,-1,-1,-1,-1,-1,-1,0,0,0,0,0,0,0,0,0,0,0,0,0,0,0,0,0,0,0,0,0,0,0,0,255,139,139,102,0,0,0,0,0,0,0,100,100,100,100,0,0,100,-1,0,100,105,0,1,1,-1,0,0,150,0,0,0,0,102,0,102,0,0,0,0,0,0,[0|0|0|0]
6300421,Hand-to-Hand - Default Attack,0.4,0,0,0,1.15,0.08,6902,-1,-1,-1,1667,5,0,-1,-1,240,0,-1,-1,0,102,102,102,102,150,100,100,100,0,0,0,0,0,0,0,0,0,0,0,0,10,0,0,0,0,0,0,0,0,0,0,0,1,2,0,1,255,1,255,0,255,0,0,0,0,0,0,0,0,0,0,0,4,1,0,0,0,0,0,0,0,0,0,0,-1,-1,2100,2010,-1,-1,-1,-1,-1,-1,-1,-1,-1,-1,-1,-1,-1,-1,-1,-1,-1,-1,-1,-1,-1,-1,-1,-1,-1,-1,-1,-1,0,0,0,0,0,0,0,0,0,0,0,0,-1,-1,-1,-1,-1,-1,-1,-1,-1,-1,-1,-1,-1,-1,-1,-1,-1,-1,-1,-1,-1,-1,-1,-1,0,0,0,0,0,0,0,0,0,0,0,0,0,0,0,0,0,0,0,0,0,0,0,0,255,139,139,102,0,0,0,0,0,0,0,100,100,100,100,0,0,100,-1,0,100,105,0,1,1,-1,0,0,150,0,0,0,0,102,0,102,0,0,0,0,0,0,[0|0|0|0]
6300430,Hand-to-Hand - Default Attack,0.4,0,0,0,1.3,0.08,6902,-1,-1,-1,1667,6,0,-1,-1,940,0,-1,-1,0,103,103,103,103,150,100,100,100,0,0,0,0,0,0,0,0,0,0,0,0,10,0,0,0,0,0,0,0,0,0,0,0,1,0,0,1,255,1,255,0,255,0,0,0,0,0,0,0,0,0,0,0,0,1,0,0,0,0,0,0,0,0,0,0,-1,-1,2100,2010,-1,-1,-1,-1,-1,-1,-1,-1,-1,-1,-1,-1,-1,-1,-1,-1,-1,-1,-1,-1,-1,-1,-1,-1,-1,-1,-1,-1,0,0,0,0,0,0,0,0,0,0,0,0,-1,-1,-1,-1,-1,-1,-1,-1,-1,-1,-1,-1,-1,-1,-1,-1,-1,-1,-1,-1,-1,-1,-1,-1,0,0,0,0,0,0,0,0,0,0,0,0,0,0,0,0,0,0,0,0,0,0,0,0,255,139,139,103,0,0,0,0,0,0,0,100,100,100,100,0,0,100,-1,0,100,105,0,1,1,-1,0,0,150,0,0,0,0,103,0,103,0,0,0,0,0,0,[0|0|0|0]
6300431,Hand-to-Hand - Default Attack,0.4,0,0,0,1.3,0.08,6902,-1,-1,-1,1667,6,0,-1,-1,240,0,-1,-1,0,103,103,103,103,150,100,100,100,0,0,0,0,0,0,0,0,0,0,0,0,10,0,0,0,0,0,0,0,0,0,0,0,1,2,0,1,255,1,255,0,255,0,0,0,0,0,0,0,0,0,0,0,0,1,0,0,0,0,0,0,0,0,0,0,-1,-1,2100,2010,-1,-1,-1,-1,-1,-1,-1,-1,-1,-1,-1,-1,-1,-1,-1,-1,-1,-1,-1,-1,-1,-1,-1,-1,-1,-1,-1,-1,0,0,0,0,0,0,0,0,0,0,0,0,-1,-1,-1,-1,-1,-1,-1,-1,-1,-1,-1,-1,-1,-1,-1,-1,-1,-1,-1,-1,-1,-1,-1,-1,0,0,0,0,0,0,0,0,0,0,0,0,0,0,0,0,0,0,0,0,0,0,0,0,255,139,139,103,0,0,0,0,0,0,0,100,100,100,100,0,0,100,-1,0,100,105,0,1,1,-1,0,0,150,0,0,0,0,103,0,103,0,0,0,0,0,0,[0|0|0|0]
6300440,Hand-to-Hand - Default Attack,0.4,0.2,0,0,1,0.08,6902,-1,-1,-1,1667,2,2,-1,-1,-1,-1,-1,-1,0,104,104,104,104,100,100,100,100,0,0,0,0,0,0,0,0,0,0,0,0,10,0,0,0,0,2,0,0,0,0,0,0,1,0,0,1,255,1,255,0,255,0,0,0,0,0,0,0,0,0,0,0,3,1,0,0,0,0,0,0,0,0,0,0,-1,-1,2100,2010,-1,-1,-1,-1,-1,-1,-1,-1,-1,-1,-1,-1,-1,-1,-1,-1,-1,-1,-1,-1,-1,-1,-1,-1,-1,-1,-1,-1,0,0,0,0,0,0,0,0,0,0,0,0,-1,-1,-1,-1,-1,-1,-1,-1,-1,-1,-1,-1,-1,-1,-1,-1,-1,-1,-1,-1,-1,-1,-1,-1,0,0,0,0,0,0,0,0,0,0,0,0,0,0,0,0,0,0,0,0,0,0,0,0,255,139,139,104,0,0,0,0,0,0,0,100,100,100,100,0,0,100,-1,0,100,105,0,1,1,-1,0,0,100,0,0,0,0,104,0,104,0,0,0,0,0,0,[0|0|0|0]
6300450,Hand-to-Hand - Default Attack,0.4,0,0,0,1.3,0.08,6902,-1,-1,-1,1667,5,0,-1,-1,-1,0,-1,-1,0,110,110,110,110,150,100,100,100,104,0,0,0,0,0,0,0,0,0,0,0,10,0,0,0,0,0,0,0,0,0,0,0,1,0,0,1,255,1,255,0,255,0,0,0,0,0,0,0,0,0,0,0,0,1,0,0,0,0,0,0,0,0,0,0,-1,-1,2100,2010,-1,-1,-1,-1,-1,-1,-1,-1,-1,-1,-1,-1,-1,-1,-1,-1,-1,-1,-1,-1,-1,-1,-1,-1,-1,-1,-1,-1,0,0,0,0,0,0,0,0,0,0,0,0,-1,-1,-1,-1,-1,-1,-1,-1,-1,-1,-1,-1,-1,-1,-1,-1,-1,-1,-1,-1,-1,-1,-1,-1,0,0,0,0,0,0,0,0,0,0,0,0,0,0,0,0,0,0,0,0,0,0,0,0,255,139,139,110,0,0,0,0,0,0,0,100,100,100,100,0,0,100,-1,0,100,110,0,1,1,-1,0,0,300,0,0,0,0,110,0,110,0,0,0,0,0,0,[0|0|0|0]
6300451,Hand-to-Hand - Default Attack,0.4,0,0,0,1.3,0.08,6902,-1,-1,-1,1667,5,0,-1,-1,240,0,-1,-1,0,110,110,110,110,150,100,100,100,104,0,0,0,0,0,0,0,0,0,0,0,10,0,0,0,0,0,0,0,0,0,0,0,1,2,0,1,255,1,255,0,255,0,0,0,0,0,0,0,0,0,0,0,0,1,0,0,0,0,0,0,0,0,0,0,-1,-1,2100,2010,-1,-1,-1,-1,-1,-1,-1,-1,-1,-1,-1,-1,-1,-1,-1,-1,-1,-1,-1,-1,-1,-1,-1,-1,-1,-1,-1,-1,0,0,0,0,0,0,0,0,0,0,0,0,-1,-1,-1,-1,-1,-1,-1,-1,-1,-1,-1,-1,-1,-1,-1,-1,-1,-1,-1,-1,-1,-1,-1,-1,0,0,0,0,0,0,0,0,0,0,0,0,0,0,0,0,0,0,0,0,0,0,0,0,255,139,139,110,0,0,0,0,0,0,0,100,100,100,100,0,0,100,-1,0,100,110,0,1,1,-1,0,0,300,0,0,0,0,110,0,110,0,0,0,0,0,0,[0|0|0|0]
6300460,Hand-to-Hand - Default Attack,0,0,0,0,0,0,-1,-1,-1,-1,-1,-1,-1,-1,-1,-1,-1,-1,-1,0,0,0,0,0,0,100,100,100,0,0,0,0,0,0,0,0,0,0,0,0,0,0,0,0,0,0,0,0,0,0,0,0,0,0,0,3,0,0,255,0,255,0,0,0,0,0,0,0,0,0,0,1,0,1,0,0,0,0,0,0,0,0,0,0,-1,-1,2100,2010,-1,-1,-1,-1,-1,-1,-1,-1,-1,-1,-1,-1,-1,-1,-1,-1,-1,-1,-1,-1,-1,-1,-1,-1,-1,-1,-1,-1,0,0,0,0,0,0,0,0,0,0,0,0,-1,-1,-1,-1,-1,-1,-1,-1,-1,-1,-1,-1,-1,-1,-1,-1,-1,-1,-1,-1,-1,-1,-1,-1,0,0,0,0,0,0,0,0,0,0,0,0,0,0,0,0,0,0,0,0,0,0,0,0,255,139,139,0,0,0,1,0,0,0,0,100,100,100,100,0,0,100,-1,-1,-1,0,0,1,1,-1,0,0,0,0,0,0,0,0,0,0,0,0,0,0,0,0,[0|0|0|0]
6300470,Hand-to-Hand - Default Attack,0,0,0,0,0,0,-1,-1,-1,-1,-1,-1,-1,-1,-1,-1,-1,-1,-1,0,0,0,0,0,0,100,100,100,0,0,0,0,0,0,0,0,0,0,0,0,0,0,0,0,0,0,0,0,0,0,0,0,0,0,0,3,0,0,255,0,255,0,0,0,0,0,0,0,0,0,0,1,0,1,0,0,0,0,0,0,0,0,0,0,-1,-1,2100,2010,-1,-1,-1,-1,-1,-1,-1,-1,-1,-1,-1,-1,-1,-1,-1,-1,-1,-1,-1,-1,-1,-1,-1,-1,-1,-1,-1,-1,0,0,0,0,0,0,0,0,0,0,0,0,-1,-1,-1,-1,-1,-1,-1,-1,-1,-1,-1,-1,-1,-1,-1,-1,-1,-1,-1,-1,-1,-1,-1,-1,0,0,0,0,0,0,0,0,0,0,0,0,0,0,0,0,0,0,0,0,0,0,0,0,255,139,139,0,0,0,1,0,0,0,0,100,100,100,100,0,0,100,-1,-1,-1,0,0,1,1,-1,0,0,0,0,0,0,0,0,0,0,0,0,0,0,0,0,[0|0|0|0]
6300480,Hand-to-Hand - Default Attack,0,0,0,0,0,0,-1,-1,-1,-1,-1,-1,-1,-1,-1,-1,-1,-1,-1,0,0,0,0,0,0,100,0,100,0,0,0,0,0,0,0,0,0,0,0,0,0,0,-50,0,0,0,0,0,0,0,0,0,0,0,0,3,0,0,255,0,255,0,0,0,0,0,0,0,0,0,0,1,0,1,0,0,0,0,0,0,0,0,0,0,-1,-1,2100,2010,-1,-1,-1,-1,-1,-1,-1,-1,-1,-1,-1,-1,-1,-1,-1,-1,-1,-1,-1,-1,-1,-1,-1,-1,-1,-1,-1,-1,0,0,0,0,0,0,0,0,0,0,0,0,-1,-1,-1,-1,-1,-1,-1,-1,-1,-1,-1,-1,-1,-1,-1,-1,-1,-1,-1,-1,-1,-1,-1,-1,0,0,0,0,0,0,0,0,0,0,0,0,0,0,0,0,0,0,0,0,0,0,0,0,255,139,139,0,0,0,1,0,0,0,0,100,100,100,100,0,0,100,-1,-1,-1,0,0,1,1,-1,0,0,0,0,0,0,0,0,0,0,0,0,0,0,0,0,[0|0|0|0]
6300500,Hand-to-Hand - Default Attack,0.4,0,0,0,0,0,-1,-1,-1,-1,-1,1,1,-1,-1,-1,-1,-1,-1,0,50,50,50,50,100,9900,100,100,0,0,0,0,0,0,0,0,0,0,0,0,10,0,0,0,0,0,0,0,0,0,0,0,0,0,0,1,255,1,6,0,255,0,2,0,0,0,0,0,0,0,0,0,0,1,0,0,0,0,0,0,0,0,0,0,-1,-1,2100,2010,-1,-1,-1,-1,-1,-1,-1,-1,-1,-1,-1,-1,-1,-1,-1,-1,-1,-1,-1,-1,-1,-1,-1,-1,-1,-1,-1,-1,0,0,0,0,0,0,0,0,0,0,0,0,-1,-1,-1,-1,-1,-1,-1,-1,-1,-1,-1,-1,-1,-1,-1,-1,-1,-1,-1,-1,-1,-1,-1,-1,0,0,0,0,0,0,0,0,0,0,0,0,0,0,0,0,0,0,0,0,0,0,0,0,255,139,139,50,0,0,1,1,0,0,0,100,100,100,100,0,1,100,-1,0,100,1000,0,1,1,-1,0,0,0,0,0,0,0,50,0,50,0,0,0,0,0,0,[0|0|0|0]
6300501,Hand-to-Hand - Default Attack,0.4,0,0,0,0,0,350501,350601,20382301,1665,1667,1,1,-1,-1,-1,-1,-1,-1,0,220,220,220,220,100,9900,100,100,0,0,0,0,0,0,0,0,0,0,0,0,10,0,0,0,0,0,0,0,0,0,0,0,0,0,0,1,255,1,6,0,255,0,2,0,0,0,0,0,0,0,0,0,0,1,0,0,0,0,0,0,0,0,0,0,-1,-1,2100,2010,-1,-1,-1,-1,-1,-1,-1,-1,-1,-1,-1,-1,-1,-1,-1,-1,-1,-1,-1,-1,-1,-1,-1,-1,-1,-1,-1,-1,0,0,0,0,0,0,0,0,0,0,0,0,-1,-1,-1,-1,-1,-1,-1,-1,-1,-1,-1,-1,-1,-1,-1,-1,-1,-1,-1,-1,-1,-1,-1,-1,0,0,0,0,0,0,0,0,0,0,0,0,0,0,0,0,0,0,0,0,0,0,0,0,255,139,139,220,0,0,1,1,0,0,0,100,100,100,100,0,1,100,-1,0,100,0,0,1,1,-1,0,0,0,0,0,0,0,220,0,220,0,0,0,0,0,0,[0|0|0|0]
6300509,Hand-to-Hand - Default Attack,0.4,0,0,0,0.6,0.08,-1,-1,-1,1665,1667,1,1,-1,-1,-1,-1,-1,-1,0,100,100,100,100,100,100,100,100,0,0,0,0,0,0,0,0,0,0,0,0,10,0,0,0,0,0,0,0,0,0,0,0,8,0,0,1,255,1,255,0,255,0,0,0,0,0,0,0,0,0,0,0,0,1,0,0,0,0,0,0,0,0,0,0,-1,-1,2100,2010,-1,-1,-1,-1,-1,-1,-1,-1,-1,-1,-1,-1,-1,-1,-1,-1,-1,-1,-1,-1,-1,-1,-1,-1,-1,-1,-1,-1,0,0,0,0,0,0,0,0,0,0,0,0,-1,-1,-1,-1,-1,-1,-1,-1,-1,-1,-1,-1,-1,-1,-1,-1,-1,-1,-1,-1,-1,-1,-1,-1,0,0,0,0,0,0,0,0,0,0,0,0,0,0,0,0,0,0,0,0,0,0,0,0,255,139,139,100,0,0,1,1,0,0,0,100,100,100,100,0,0,100,-1,0,100,0,0,1,1,-1,0,0,0,0,0,0,0,100,0,100,0,0,0,0,0,0,[0|0|0|0]
6300510,Hand-to-Hand - Default Attack,0.4,0,0,0,0,0,-1,-1,-1,-1,-1,1,1,-1,-1,-1,-1,-1,-1,0,50,50,50,50,100,9900,100,100,0,0,0,0,0,0,0,0,0,0,0,0,10,0,0,0,0,0,0,0,0,0,0,0,0,0,0,1,255,1,6,0,255,0,2,0,0,0,0,0,0,0,0,0,0,1,0,0,0,0,0,0,0,0,0,0,-1,-1,2100,2010,-1,-1,-1,-1,-1,-1,-1,-1,-1,-1,-1,-1,-1,-1,-1,-1,-1,-1,-1,-1,-1,-1,-1,-1,-1,-1,-1,-1,0,0,0,0,0,0,0,0,0,0,0,0,-1,-1,-1,-1,-1,-1,-1,-1,-1,-1,-1,-1,-1,-1,-1,-1,-1,-1,-1,-1,-1,-1,-1,-1,0,0,0,0,0,0,0,0,0,0,0,0,0,0,0,0,0,0,0,0,0,0,0,0,255,139,139,50,0,0,1,1,0,0,0,100,100,100,100,0,0,100,-1,0,100,1000,0,1,1,-1,0,0,0,0,0,0,0,50,0,50,0,0,0,0,0,0,[0|0|0|0]
6300511,Hand-to-Hand - Default Attack,0.4,0,0,0,0,0,350501,350601,20382301,1665,1667,1,1,-1,-1,-1,-1,-1,-1,0,300,300,300,300,100,9900,100,100,0,0,0,0,0,0,0,0,0,0,0,0,10,0,0,0,0,0,0,0,0,0,0,0,0,0,0,1,255,1,6,0,255,0,2,0,0,0,0,0,0,0,0,0,0,1,0,0,0,0,0,0,0,0,0,0,-1,-1,2100,2010,-1,-1,-1,-1,-1,-1,-1,-1,-1,-1,-1,-1,-1,-1,-1,-1,-1,-1,-1,-1,-1,-1,-1,-1,-1,-1,-1,-1,0,0,0,0,0,0,0,0,0,0,0,0,-1,-1,-1,-1,-1,-1,-1,-1,-1,-1,-1,-1,-1,-1,-1,-1,-1,-1,-1,-1,-1,-1,-1,-1,0,0,0,0,0,0,0,0,0,0,0,0,0,0,0,0,0,0,0,0,0,0,0,0,255,139,139,300,0,0,1,1,0,0,0,100,100,100,100,0,0,100,-1,0,100,0,0,1,1,-1,0,0,0,0,0,0,0,300,0,300,0,0,0,0,0,0,[0|0|0|0]
6300530,Hand-to-Hand - Default Attack,0.4,0,0,0,0,0,-1,-1,-1,-1,-1,1,1,-1,-1,-1,-1,-1,-1,0,60,60,60,60,100,9900,100,100,0,0,0,0,0,0,0,0,0,0,0,0,10,0,0,0,0,0,0,0,0,0,0,0,0,0,0,1,255,1,6,0,255,0,2,0,0,0,0,0,0,0,0,0,0,1,0,0,0,0,0,0,0,0,0,0,-1,-1,0,0,-1,-1,-1,-1,-1,-1,-1,-1,-1,-1,-1,-1,-1,-1,-1,-1,-1,-1,-1,-1,-1,-1,-1,-1,-1,-1,-1,-1,0,0,0,0,0,0,0,0,0,0,0,0,-1,-1,-1,-1,-1,-1,-1,-1,-1,-1,-1,-1,-1,-1,-1,-1,-1,-1,-1,-1,-1,-1,-1,-1,0,0,0,0,0,0,0,0,0,0,0,0,0,0,0,0,0,0,0,0,0,0,0,0,255,139,139,60,0,0,1,1,0,0,0,100,100,100,100,0,0,100,-1,0,100,1000,0,1,1,-1,0,0,0,0,0,0,0,60,0,60,0,0,0,0,0,0,[0|0|0|0]
6300531,Hand-to-Hand - Default Attack,0.4,0,0,0,0,0,350501,350601,20382301,1665,1667,1,1,-1,-1,-1,-1,-1,-1,0,420,420,420,420,100,9900,100,100,0,0,0,0,0,0,0,0,0,0,0,0,10,0,0,0,0,0,0,0,0,0,0,0,0,0,0,1,255,1,6,0,255,0,2,0,0,0,0,0,0,0,0,0,0,1,0,0,0,0,0,0,0,0,0,0,-1,-1,0,0,-1,-1,-1,-1,-1,-1,-1,-1,-1,-1,-1,-1,-1,-1,-1,-1,-1,-1,-1,-1,-1,-1,-1,-1,-1,-1,-1,-1,0,0,0,0,0,0,0,0,0,0,0,0,-1,-1,-1,-1,-1,-1,-1,-1,-1,-1,-1,-1,-1,-1,-1,-1,-1,-1,-1,-1,-1,-1,-1,-1,0,0,0,0,0,0,0,0,0,0,0,0,0,0,0,0,0,0,0,0,0,0,0,0,255,139,139,420,0,0,1,1,0,0,0,100,100,100,100,0,0,100,-1,0,100,0,0,1,1,-1,0,0,0,0,0,0,0,420,0,420,0,0,0,0,0,0,[0|0|0|0]
6300550,Hand-to-Hand - Default Attack,0.4,0,0,0,0,0,350501,350601,20382301,1665,1667,1,1,-1,-1,-1,-1,-1,-1,0,420,420,420,420,100,9900,100,100,0,0,0,0,0,0,0,0,0,0,0,0,10,0,0,0,0,0,0,0,0,0,0,0,0,0,0,1,255,1,6,0,255,0,2,0,0,0,0,0,0,0,0,0,0,1,0,0,0,0,0,0,0,0,0,0,-1,-1,2100,2010,-1,-1,-1,-1,-1,-1,-1,-1,-1,-1,-1,-1,-1,-1,-1,-1,-1,-1,-1,-1,-1,-1,-1,-1,-1,-1,-1,-1,0,0,0,0,0,0,0,0,0,0,0,0,-1,-1,-1,-1,-1,-1,-1,-1,-1,-1,-1,-1,-1,-1,-1,-1,-1,-1,-1,-1,-1,-1,-1,-1,0,0,0,0,0,0,0,0,0,0,0,0,0,0,0,0,0,0,0,0,0,0,0,0,255,139,139,420,0,0,1,1,0,0,0,100,100,100,100,0,0,100,-1,0,100,1000,0,1,1,-1,0,0,0,0,0,0,0,420,0,420,0,0,0,0,0,0,[0|0|0|0]
6300560,Hand-to-Hand - Default Attack,0.4,0,0,0,0,0,-1,-1,-1,-1,-1,1,1,-1,-1,-1,-1,-1,-1,0,100,100,100,100,100,9900,100,100,0,0,0,0,0,0,0,0,0,0,0,0,10,0,0,0,0,0,0,0,0,0,0,0,0,0,0,1,255,1,6,0,255,0,2,0,0,0,0,0,0,0,0,0,0,1,0,0,0,0,0,0,0,0,0,0,-1,-1,2100,2010,-1,-1,-1,-1,-1,-1,-1,-1,-1,-1,-1,-1,-1,-1,-1,-1,-1,-1,-1,-1,-1,-1,-1,-1,-1,-1,-1,-1,0,0,0,0,0,0,0,0,0,0,0,0,-1,-1,-1,-1,-1,-1,-1,-1,-1,-1,-1,-1,-1,-1,-1,-1,-1,-1,-1,-1,-1,-1,-1,-1,0,0,0,0,0,0,0,0,0,0,0,0,0,0,0,0,0,0,0,0,0,0,0,0,255,139,139,100,0,0,1,1,0,0,0,100,100,100,100,0,0,100,-1,0,100,1000,0,1,1,-1,0,0,0,0,0,0,0,100,0,100,0,0,0,0,0,0,[0|0|0|0]
6300561,Hand-to-Hand - Default Attack,0.4,0,0,0,0,0,350501,350601,20382301,1665,1667,1,1,-1,-1,-1,-1,-1,-1,0,280,280,280,280,100,9900,100,100,0,0,0,0,0,0,0,0,0,0,0,0,10,0,0,0,0,0,0,0,0,0,0,0,0,0,0,1,255,1,6,0,255,0,2,0,0,0,0,0,0,0,0,0,0,1,0,0,0,0,0,0,0,0,0,0,-1,-1,2100,2010,-1,-1,-1,-1,-1,-1,-1,-1,-1,-1,-1,-1,-1,-1,-1,-1,-1,-1,-1,-1,-1,-1,-1,-1,-1,-1,-1,-1,0,0,0,0,0,0,0,0,0,0,0,0,-1,-1,-1,-1,-1,-1,-1,-1,-1,-1,-1,-1,-1,-1,-1,-1,-1,-1,-1,-1,-1,-1,-1,-1,0,0,0,0,0,0,0,0,0,0,0,0,0,0,0,0,0,0,0,0,0,0,0,0,255,139,139,280,0,0,1,1,0,0,0,100,100,100,100,0,0,100,-1,0,100,0,0,1,1,-1,0,0,0,0,0,0,0,280,0,280,0,0,0,0,0,0,[0|0|0|0]
6300590,Hand-to-Hand - Default Attack,0.5,0,0,0,0,0,-1,-1,-1,-1,-1,94,94,-1,-1,95,-1,-1,-1,0,0,0,0,0,0,9900,100,100,0,0,0,0,0,0,0,0,0,0,0,0,0,0,0,0,0,0,0,0,0,0,0,0,0,2,0,3,0,1,6,0,255,1,1,0,0,0,0,0,0,0,0,1,0,1,0,0,0,0,0,0,0,0,0,0,-1,-1,2100,2010,-1,-1,-1,-1,-1,-1,-1,-1,-1,-1,-1,-1,-1,-1,-1,-1,-1,-1,-1,-1,-1,-1,-1,-1,-1,-1,-1,-1,0,0,0,0,0,0,0,0,0,0,0,0,-1,-1,-1,-1,-1,-1,-1,-1,-1,-1,-1,-1,-1,-1,-1,-1,-1,-1,-1,-1,-1,-1,-1,-1,0,0,0,0,0,0,0,0,0,0,0,0,0,0,0,0,0,0,0,0,0,0,0,0,255,139,139,0,0,0,1,1,0,0,0,0,0,0,0,0,0,100,-1,-1,-1,0,0,1,1,-1,0,0,0,0,0,0,0,0,0,0,0,0,0,0,0,0,[0|0|0|0]
6300591,Hand-to-Hand - Default Attack,0.55,0,0,0,0,0,-1,-1,-1,-1,-1,131,131,-1,-1,-1,-1,-1,-1,0,0,0,0,0,0,100,0,100,0,0,0,0,0,0,0,0,0,0,0,0,0,0,0,0,0,0,0,0,0,0,0,0,0,0,0,3,0,0,255,0,255,1,0,0,0,0,0,0,0,0,0,1,0,1,0,0,0,0,0,0,0,0,0,0,-1,-1,2100,2010,-1,-1,-1,-1,-1,-1,-1,-1,-1,-1,-1,-1,-1,-1,-1,-1,-1,-1,-1,-1,-1,-1,-1,-1,-1,-1,-1,-1,0,0,0,0,0,0,0,0,0,0,0,0,-1,-1,-1,-1,-1,-1,-1,-1,-1,-1,-1,-1,-1,-1,-1,-1,-1,-1,-1,-1,-1,-1,-1,-1,0,0,0,0,0,0,0,0,0,0,0,0,0,0,0,0,0,0,0,0,0,0,0,0,255,139,139,0,0,0,1,1,0,0,0,100,100,100,100,0,0,100,-1,-1,-1,0,0,1,1,-1,0,0,0,0,0,0,0,0,0,0,0,0,0,0,0,0,[0|0|0|0]
6300600,Hand-to-Hand - Default Attack,0.55,0.2,0,0,0.3,0.08,6903,-1,-1,1665,1667,1,1,-1,-1,-1,-1,-1,-1,0,110,110,110,110,110,120,100,100,0,101,0,0,0,0,0,0,0,0,0,0,10,0,0,0,0,2,0,0,0,0,0,0,1,0,0,1,255,1,255,0,255,0,0,0,0,0,0,0,0,0,0,0,1,1,0,0,0,0,0,0,0,0,0,0,-1,-1,2100,2010,-1,-1,-1,-1,-1,-1,-1,-1,-1,-1,-1,-1,-1,-1,-1,-1,-1,-1,-1,-1,-1,-1,-1,-1,-1,-1,-1,-1,0,0,0,0,0,0,0,0,0,0,0,0,-1,-1,-1,-1,-1,-1,-1,-1,-1,-1,-1,-1,-1,-1,-1,-1,-1,-1,-1,-1,-1,-1,-1,-1,0,0,0,0,0,0,0,0,0,0,0,0,0,0,0,0,0,0,0,0,0,0,0,0,255,139,139,110,0,0,0,1,0,0,0,100,100,100,100,0,0,100,-1,0,100,100,0,1,1,-1,0,0,100,0,0,0,0,110,0,110,0,0,0,0,0,0,[0|0|0|0]
6300605,Hand-to-Hand - Default Attack,0.55,0.2,0,0,0.3,0.08,6903,-1,-1,1665,1667,1,1,-1,-1,-1,-1,-1,-1,0,110,110,110,110,110,120,100,100,0,101,0,0,0,0,0,0,0,0,0,0,10,0,0,0,0,2,0,0,0,0,0,0,1,0,0,1,255,1,255,0,255,0,0,0,0,0,0,0,0,0,0,0,0,1,0,0,0,0,0,0,0,0,0,0,-1,-1,2100,2010,-1,-1,-1,-1,-1,-1,-1,-1,-1,-1,-1,-1,-1,-1,-1,-1,-1,-1,-1,-1,-1,-1,-1,-1,-1,-1,-1,-1,0,0,0,0,0,0,0,0,0,0,0,0,-1,-1,-1,-1,-1,-1,-1,-1,-1,-1,-1,-1,-1,-1,-1,-1,-1,-1,-1,-1,-1,-1,-1,-1,0,0,0,0,0,0,0,0,0,0,0,0,0,0,0,0,0,0,0,0,0,0,0,0,255,139,139,110,0,0,0,1,0,0,0,100,100,100,100,0,0,100,-1,0,100,100,0,1,1,-1,0,0,100,0,0,0,0,110,0,110,0,0,0,0,0,0,[0|0|0|0]
6300610,Hand-to-Hand - Default Attack,0.55,0.2,0,0,0.3,0.08,6903,-1,-1,1665,1667,1,1,-1,-1,-1,-1,-1,-1,0,110,110,110,110,110,120,100,100,104,101,0,0,0,0,0,0,0,0,0,0,10,0,0,0,0,2,0,0,0,0,0,0,1,0,0,1,255,1,255,0,255,0,0,0,0,0,0,0,0,0,0,0,1,1,0,0,0,0,0,0,0,0,0,0,-1,-1,2100,2010,-1,-1,-1,-1,-1,-1,-1,-1,-1,-1,-1,-1,-1,-1,-1,-1,-1,-1,-1,-1,-1,-1,-1,-1,-1,-1,-1,-1,0,0,0,0,0,0,0,0,0,0,0,0,-1,-1,-1,-1,-1,-1,-1,-1,-1,-1,-1,-1,-1,-1,-1,-1,-1,-1,-1,-1,-1,-1,-1,-1,0,0,0,0,0,0,0,0,0,0,0,0,0,0,0,0,0,0,0,0,0,0,0,0,255,139,139,110,0,0,0,1,0,0,0,100,100,100,100,0,0,100,-1,0,100,100,0,1,1,-1,0,0,200,0,0,0,0,110,0,110,0,0,0,0,0,0,[0|0|0|0]
6300630,Hand-to-Hand - Default Attack,0.55,0.2,0,0,0.4,0.08,6903,-1,-1,-1,-1,1,1,-1,-1,-1,-1,-1,-1,0,90,90,90,90,90,9900,100,100,0,101,0,0,0,0,0,0,0,0,0,0,10,0,0,0,0,2,0,0,0,0,0,0,1,0,0,1,255,1,255,0,255,0,0,0,0,0,0,0,0,0,0,0,0,1,0,0,0,0,0,0,0,0,0,0,-1,-1,2100,2010,-1,-1,-1,-1,-1,-1,-1,-1,-1,-1,-1,-1,-1,-1,-1,-1,-1,-1,-1,-1,-1,-1,-1,-1,-1,-1,-1,-1,0,0,0,0,0,0,0,0,0,0,0,0,-1,-1,-1,-1,-1,-1,-1,-1,-1,-1,-1,-1,-1,-1,-1,-1,-1,-1,-1,-1,-1,-1,-1,-1,0,0,0,0,0,0,0,0,0,0,0,0,0,0,0,0,0,0,0,0,0,0,0,0,255,139,139,90,0,0,0,1,0,0,0,100,100,100,100,0,0,100,-1,0,100,30,0,1,1,-1,0,0,50,0,0,0,0,90,0,90,0,0,0,0,0,0,[0|0|0|0]
6300632,Hand-to-Hand - Default Attack,0.55,0.2,0,0,0.6,0.08,6904,-1,-1,1665,1667,1,1,-1,-1,-1,-1,-1,-1,0,130,130,130,130,170,200,100,100,0,101,0,0,0,0,0,0,0,0,0,0,10,0,0,0,0,2,0,0,0,0,0,0,1,0,0,1,255,1,255,0,255,0,0,0,0,0,0,0,0,0,0,0,0,1,0,0,0,0,0,0,0,0,0,0,-1,-1,2100,2010,-1,-1,-1,-1,-1,-1,-1,-1,-1,-1,-1,-1,-1,-1,-1,-1,-1,-1,-1,-1,-1,-1,-1,-1,-1,-1,-1,-1,0,0,0,0,0,0,0,0,0,0,0,0,-1,-1,-1,-1,-1,-1,-1,-1,-1,-1,-1,-1,-1,-1,-1,-1,-1,-1,-1,-1,-1,-1,-1,-1,0,0,0,0,0,0,0,0,0,0,0,0,0,0,0,0,0,0,0,0,0,0,0,0,255,139,139,130,0,0,0,1,0,0,0,100,100,100,100,0,0,100,-1,0,100,130,0,1,1,-1,0,0,200,0,0,0,0,130,0,130,0,0,0,0,0,0,[0|0|0|0]
6300633,Hand-to-Hand - Default Bullet,0.55,0.2,0,0,0.3,0.08,6904,-1,-1,1665,1667,1,1,-1,-1,-1,-1,-1,-1,0,115,115,115,115,170,200,100,100,0,101,0,0,0,0,0,0,0,0,0,0,10,0,0,0,0,2,0,0,0,0,0,0,1,0,0,1,255,1,255,0,255,0,0,0,0,0,0,0,0,0,0,0,0,1,0,0,0,0,0,0,0,0,0,0,-1,-1,2100,2010,-1,-1,-1,-1,-1,-1,-1,-1,-1,-1,-1,-1,-1,-1,-1,-1,-1,-1,-1,-1,-1,-1,-1,-1,-1,-1,-1,-1,0,0,0,0,0,0,0,0,0,0,0,0,-1,-1,-1,-1,-1,-1,-1,-1,-1,-1,-1,-1,-1,-1,-1,-1,-1,-1,-1,-1,-1,-1,-1,-1,0,0,0,0,0,0,0,0,0,0,0,0,0,0,0,0,0,0,0,0,0,0,0,0,255,139,139,115,0,0,0,1,0,0,0,100,100,100,100,0,0,100,-1,0,100,130,0,1,1,-1,0,0,200,0,0,0,0,115,0,115,0,0,0,0,0,0,[0|0|0|0]
6300635,Hand-to-Hand - Default Attack,0.55,0.2,0,0,0.8,0.08,6906,-1,-1,1665,1667,1,1,-1,-1,-1,-1,-1,-1,0,170,170,170,170,240,400,100,100,100,101,0,0,0,0,0,0,0,0,0,0,10,0,0,0,0,2,0,0,0,0,0,0,2,0,0,1,255,1,255,0,255,0,0,0,0,0,0,0,0,0,0,0,2,1,0,0,0,0,0,0,0,0,0,0,-1,-1,2100,2010,-1,-1,-1,-1,-1,-1,-1,-1,-1,-1,-1,-1,-1,-1,-1,-1,-1,-1,-1,-1,-1,-1,-1,-1,-1,-1,-1,-1,0,0,0,0,0,0,0,0,0,0,0,0,-1,-1,-1,-1,-1,-1,-1,-1,-1,-1,-1,-1,-1,-1,-1,-1,-1,-1,-1,-1,-1,-1,-1,-1,0,0,0,0,0,0,0,0,0,0,0,0,0,0,0,0,0,0,0,0,0,0,0,0,255,139,139,170,0,0,0,1,0,0,0,100,100,100,100,0,0,100,-1,0,100,180,0,1,1,-1,0,0,600,0,0,0,0,170,0,170,0,0,0,0,0,0,[0|0|0|0]
6300636,Hand-to-Hand - Default Bullet,0.55,0.2,0,0,0.3,0.08,6906,-1,-1,1665,1667,1,1,-1,-1,-1,-1,-1,-1,0,150,150,150,150,240,400,100,100,100,101,0,0,0,0,0,0,0,0,0,0,10,0,0,0,0,2,0,0,0,0,0,0,2,0,0,1,255,1,255,0,255,0,0,0,0,0,0,0,0,0,0,0,2,1,0,0,0,0,0,0,0,0,0,0,-1,-1,2100,2010,-1,-1,-1,-1,-1,-1,-1,-1,-1,-1,-1,-1,-1,-1,-1,-1,-1,-1,-1,-1,-1,-1,-1,-1,-1,-1,-1,-1,0,0,0,0,0,0,0,0,0,0,0,0,-1,-1,-1,-1,-1,-1,-1,-1,-1,-1,-1,-1,-1,-1,-1,-1,-1,-1,-1,-1,-1,-1,-1,-1,0,0,0,0,0,0,0,0,0,0,0,0,0,0,0,0,0,0,0,0,0,0,0,0,255,139,139,150,0,0,0,1,0,0,0,100,100,100,100,0,0,100,-1,0,100,180,0,1,1,-1,0,0,600,0,0,0,0,150,0,150,0,0,0,0,0,0,[0|0|0|0]
6300700,Hand-to-Hand - Default Attack,0.55,0.2,0,0,0.3,0.08,6903,-1,-1,1665,1667,1,1,-1,-1,-1,-1,-1,-1,0,110,110,110,110,110,120,100,100,0,101,0,0,0,0,0,0,0,0,0,0,10,0,0,0,0,2,0,0,0,0,0,0,1,0,0,1,255,1,255,0,255,0,0,0,0,0,0,0,0,0,0,0,1,1,0,0,0,0,0,0,0,0,0,0,-1,-1,2100,2010,-1,-1,-1,-1,-1,-1,-1,-1,-1,-1,-1,-1,-1,-1,-1,-1,-1,-1,-1,-1,-1,-1,-1,-1,-1,-1,-1,-1,0,0,0,0,0,0,0,0,0,0,0,0,-1,-1,-1,-1,-1,-1,-1,-1,-1,-1,-1,-1,-1,-1,-1,-1,-1,-1,-1,-1,-1,-1,-1,-1,0,0,0,0,0,0,0,0,0,0,0,0,0,0,0,0,0,0,0,0,0,0,0,0,255,139,139,110,0,0,0,1,0,0,0,100,100,100,100,0,0,100,-1,0,100,100,0,1,1,-1,0,0,100,0,0,0,0,110,0,110,0,0,0,0,0,0,[0|0|0|0]
6300705,Hand-to-Hand - Default Attack,0.55,0.2,0,0,0.3,0.08,6903,-1,-1,1665,1667,1,1,-1,-1,-1,-1,-1,-1,0,110,110,110,110,110,120,100,100,0,101,0,0,0,0,0,0,0,0,0,0,10,0,0,0,0,2,0,0,0,0,0,0,1,0,0,1,255,1,255,0,255,0,0,0,0,0,0,0,0,0,0,0,0,1,0,0,0,0,0,0,0,0,0,0,-1,-1,2100,2010,-1,-1,-1,-1,-1,-1,-1,-1,-1,-1,-1,-1,-1,-1,-1,-1,-1,-1,-1,-1,-1,-1,-1,-1,-1,-1,-1,-1,0,0,0,0,0,0,0,0,0,0,0,0,-1,-1,-1,-1,-1,-1,-1,-1,-1,-1,-1,-1,-1,-1,-1,-1,-1,-1,-1,-1,-1,-1,-1,-1,0,0,0,0,0,0,0,0,0,0,0,0,0,0,0,0,0,0,0,0,0,0,0,0,255,139,139,110,0,0,0,1,0,0,0,100,100,100,100,0,0,100,-1,0,100,100,0,1,1,-1,0,0,100,0,0,0,0,110,0,110,0,0,0,0,0,0,[0|0|0|0]
6300710,Hand-to-Hand - Default Attack,0.55,0.2,0,0,0.3,0.08,6903,-1,-1,1665,1667,1,1,-1,-1,-1,-1,-1,-1,0,110,110,110,110,110,120,100,100,104,101,0,0,0,0,0,0,0,0,0,0,10,0,0,0,0,2,0,0,0,0,0,0,1,0,0,1,255,1,255,0,255,0,0,0,0,0,0,0,0,0,0,0,1,1,0,0,0,0,0,0,0,0,0,0,-1,-1,2100,2010,-1,-1,-1,-1,-1,-1,-1,-1,-1,-1,-1,-1,-1,-1,-1,-1,-1,-1,-1,-1,-1,-1,-1,-1,-1,-1,-1,-1,0,0,0,0,0,0,0,0,0,0,0,0,-1,-1,-1,-1,-1,-1,-1,-1,-1,-1,-1,-1,-1,-1,-1,-1,-1,-1,-1,-1,-1,-1,-1,-1,0,0,0,0,0,0,0,0,0,0,0,0,0,0,0,0,0,0,0,0,0,0,0,0,255,139,139,110,0,0,0,1,0,0,0,100,100,100,100,0,0,100,-1,0,100,100,0,1,1,-1,0,0,200,0,0,0,0,110,0,110,0,0,0,0,0,0,[0|0|0|0]
6300730,Hand-to-Hand - Default Attack,0.55,0.2,0,0,0.4,0.08,6903,-1,-1,-1,-1,1,1,-1,-1,-1,-1,-1,-1,0,90,90,90,90,90,9900,100,100,0,101,0,0,0,0,0,0,0,0,0,0,10,0,0,0,0,2,0,0,0,0,0,0,1,0,0,1,255,1,255,0,255,0,0,0,0,0,0,0,0,0,0,0,0,1,0,0,0,0,0,0,0,0,0,0,-1,-1,2100,2010,-1,-1,-1,-1,-1,-1,-1,-1,-1,-1,-1,-1,-1,-1,-1,-1,-1,-1,-1,-1,-1,-1,-1,-1,-1,-1,-1,-1,0,0,0,0,0,0,0,0,0,0,0,0,-1,-1,-1,-1,-1,-1,-1,-1,-1,-1,-1,-1,-1,-1,-1,-1,-1,-1,-1,-1,-1,-1,-1,-1,0,0,0,0,0,0,0,0,0,0,0,0,0,0,0,0,0,0,0,0,0,0,0,0,255,139,139,90,0,0,0,1,0,0,0,100,100,100,100,0,0,100,-1,0,100,30,0,1,1,-1,0,0,50,0,0,0,0,90,0,90,0,0,0,0,0,0,[0|0|0|0]
6300732,Hand-to-Hand - Default Attack,0.55,0.2,0,0,0.6,0.08,6904,-1,-1,1665,1667,1,1,-1,-1,-1,-1,-1,-1,0,130,130,130,130,170,200,100,100,0,101,0,0,0,0,0,0,0,0,0,0,10,0,0,0,0,2,0,0,0,0,0,0,1,0,0,1,255,1,255,0,255,0,0,0,0,0,0,0,0,0,0,0,0,1,0,0,0,0,0,0,0,0,0,0,-1,-1,2100,2010,-1,-1,-1,-1,-1,-1,-1,-1,-1,-1,-1,-1,-1,-1,-1,-1,-1,-1,-1,-1,-1,-1,-1,-1,-1,-1,-1,-1,0,0,0,0,0,0,0,0,0,0,0,0,-1,-1,-1,-1,-1,-1,-1,-1,-1,-1,-1,-1,-1,-1,-1,-1,-1,-1,-1,-1,-1,-1,-1,-1,0,0,0,0,0,0,0,0,0,0,0,0,0,0,0,0,0,0,0,0,0,0,0,0,255,139,139,130,0,0,0,1,0,0,0,100,100,100,100,0,0,100,-1,0,100,130,0,1,1,-1,0,0,200,0,0,0,0,130,0,130,0,0,0,0,0,0,[0|0|0|0]
6300733,Hand-to-Hand - Default Bullet,0.55,0.2,0,0,0.3,0.08,6904,-1,-1,1665,1667,1,1,-1,-1,-1,-1,-1,-1,0,115,115,115,115,170,200,100,100,0,101,0,0,0,0,0,0,0,0,0,0,10,0,0,0,0,2,0,0,0,0,0,0,1,0,0,1,255,1,255,0,255,0,0,0,0,0,0,0,0,0,0,0,0,1,0,0,0,0,0,0,0,0,0,0,-1,-1,2100,2010,-1,-1,-1,-1,-1,-1,-1,-1,-1,-1,-1,-1,-1,-1,-1,-1,-1,-1,-1,-1,-1,-1,-1,-1,-1,-1,-1,-1,0,0,0,0,0,0,0,0,0,0,0,0,-1,-1,-1,-1,-1,-1,-1,-1,-1,-1,-1,-1,-1,-1,-1,-1,-1,-1,-1,-1,-1,-1,-1,-1,0,0,0,0,0,0,0,0,0,0,0,0,0,0,0,0,0,0,0,0,0,0,0,0,255,139,139,115,0,0,0,1,0,0,0,100,100,100,100,0,0,100,-1,0,100,130,0,1,1,-1,0,0,200,0,0,0,0,115,0,115,0,0,0,0,0,0,[0|0|0|0]
6300735,Hand-to-Hand - Default Attack,0.55,0.2,0,0,0.8,0.08,6906,-1,-1,1665,1667,1,1,-1,-1,-1,-1,-1,-1,0,170,170,170,170,240,400,100,100,100,101,0,0,0,0,0,0,0,0,0,0,10,0,0,0,0,2,0,0,0,0,0,0,2,0,0,1,255,1,255,0,255,0,0,0,0,0,0,0,0,0,0,0,2,1,0,0,0,0,0,0,0,0,0,0,-1,-1,2100,2010,-1,-1,-1,-1,-1,-1,-1,-1,-1,-1,-1,-1,-1,-1,-1,-1,-1,-1,-1,-1,-1,-1,-1,-1,-1,-1,-1,-1,0,0,0,0,0,0,0,0,0,0,0,0,-1,-1,-1,-1,-1,-1,-1,-1,-1,-1,-1,-1,-1,-1,-1,-1,-1,-1,-1,-1,-1,-1,-1,-1,0,0,0,0,0,0,0,0,0,0,0,0,0,0,0,0,0,0,0,0,0,0,0,0,255,139,139,170,0,0,0,1,0,0,0,100,100,100,100,0,0,100,-1,0,100,180,0,1,1,-1,0,0,600,0,0,0,0,170,0,170,0,0,0,0,0,0,[0|0|0|0]
6300736,Hand-to-Hand - Default Bullet,0.55,0.2,0,0,0.3,0.08,6906,-1,-1,1665,1667,1,1,-1,-1,-1,-1,-1,-1,0,150,150,150,150,240,400,100,100,100,101,0,0,0,0,0,0,0,0,0,0,10,0,0,0,0,2,0,0,0,0,0,0,2,0,0,1,255,1,255,0,255,0,0,0,0,0,0,0,0,0,0,0,2,1,0,0,0,0,0,0,0,0,0,0,-1,-1,2100,2010,-1,-1,-1,-1,-1,-1,-1,-1,-1,-1,-1,-1,-1,-1,-1,-1,-1,-1,-1,-1,-1,-1,-1,-1,-1,-1,-1,-1,0,0,0,0,0,0,0,0,0,0,0,0,-1,-1,-1,-1,-1,-1,-1,-1,-1,-1,-1,-1,-1,-1,-1,-1,-1,-1,-1,-1,-1,-1,-1,-1,0,0,0,0,0,0,0,0,0,0,0,0,0,0,0,0,0,0,0,0,0,0,0,0,255,139,139,150,0,0,0,1,0,0,0,100,100,100,100,0,0,100,-1,0,100,180,0,1,1,-1,0,0,600,0,0,0,0,150,0,150,0,0,0,0,0,0,[0|0|0|0]
6300800,Hand-to-Hand - Default Attack,0.4,0.2,0,0,1,0.04,6902,-1,-1,1665,-1,1,1,-1,-1,-1,-1,-1,-1,0,92,92,92,92,90,500,100,100,0,0,0,0,0,0,0,0,0,0,0,0,10,0,0,0,0,2,0,0,0,0,0,0,1,0,0,1,255,1,255,0,255,0,0,0,0,0,0,0,0,0,0,0,4,1,0,0,0,0,0,0,0,0,0,0,-1,-1,2100,2010,-1,-1,-1,-1,-1,-1,-1,-1,-1,-1,-1,-1,-1,-1,-1,-1,-1,-1,-1,-1,-1,-1,-1,-1,-1,-1,-1,-1,0,0,0,0,0,0,0,0,0,0,0,0,-1,-1,-1,-1,-1,-1,-1,-1,-1,-1,-1,-1,-1,-1,-1,-1,-1,-1,-1,-1,-1,-1,-1,-1,0,0,0,0,0,0,0,0,0,0,0,0,0,0,0,0,0,0,0,0,0,0,0,0,255,139,139,92,0,0,0,0,0,0,0,65,90,100,100,0,0,100,-1,0,100,100,0,1,1,-1,0,0,60,0,0,0,0,92,0,92,0,0,0,0,0,0,[0|0|0|0]
6300805,Hand-to-Hand - Default Attack,0.5,0.2,0,0,0.5,0.04,6902,-1,-1,-1,1667,2,2,-1,-1,-1,-1,-1,-1,0,92,92,92,92,90,500,100,100,0,0,0,0,0,0,0,0,0,0,0,0,10,0,0,0,0,2,0,0,0,0,0,0,1,0,0,1,255,1,255,0,255,0,0,0,0,0,0,0,0,0,0,0,3,1,0,0,0,0,0,0,0,9,0,0,-1,-1,2100,2010,-1,-1,-1,-1,-1,-1,-1,-1,-1,-1,-1,-1,-1,-1,-1,-1,-1,-1,-1,-1,-1,-1,-1,-1,-1,-1,-1,-1,0,0,0,0,0,0,0,0,0,0,0,0,-1,-1,-1,-1,-1,-1,-1,-1,-1,-1,-1,-1,-1,-1,-1,-1,-1,-1,-1,-1,-1,-1,-1,-1,0,0,0,0,0,0,0,0,0,0,0,0,0,0,0,0,0,0,0,0,0,0,0,0,255,139,139,92,0,0,0,0,0,0,0,65,90,100,100,0,0,100,-1,0,100,100,0,1,1,-1,0,0,60,0,0,0,0,92,0,92,0,0,0,0,0,0,[0|0|0|0]
6300810,Hand-to-Hand - Default Attack,0.5,0,0,0,0.5,0.04,6902,-1,-1,1665,-1,5,0,-1,-1,930,0,-1,-1,0,94,94,94,94,135,500,100,100,0,0,0,0,0,0,0,0,0,0,0,0,10,0,0,0,0,0,0,0,0,0,0,0,1,0,0,1,255,1,255,0,255,0,0,0,0,0,0,0,0,0,0,0,4,1,0,0,0,0,0,0,0,9,0,0,-1,-1,2100,2010,-1,-1,-1,-1,-1,-1,-1,-1,-1,-1,-1,-1,-1,-1,-1,-1,-1,-1,-1,-1,-1,-1,-1,-1,-1,-1,-1,-1,0,0,0,0,0,0,0,0,0,0,0,0,-1,-1,-1,-1,-1,-1,-1,-1,-1,-1,-1,-1,-1,-1,-1,-1,-1,-1,-1,-1,-1,-1,-1,-1,0,0,0,0,0,0,0,0,0,0,0,0,0,0,0,0,0,0,0,0,0,0,0,0,255,139,139,94,0,0,0,0,0,0,0,65,90,100,100,0,0,100,-1,0,100,100,0,1,1,-1,0,0,90,0,0,0,0,94,0,94,0,0,0,0,0,0,[0|0|0|0]
6300811,Hand-to-Hand - Default Attack,0.4,0,0,0,0.5,0.04,6902,-1,-1,1665,-1,5,0,-1,-1,240,0,-1,-1,0,94,94,94,94,135,500,100,100,0,0,0,0,0,0,0,0,0,0,0,0,10,0,0,0,0,0,0,0,0,0,0,0,1,2,0,1,255,1,255,0,255,0,0,0,0,0,0,0,0,0,0,0,4,1,0,0,0,0,0,0,0,9,0,0,-1,-1,2100,2010,-1,-1,-1,-1,-1,-1,-1,-1,-1,-1,-1,-1,-1,-1,-1,-1,-1,-1,-1,-1,-1,-1,-1,-1,-1,-1,-1,-1,0,0,0,0,0,0,0,0,0,0,0,0,-1,-1,-1,-1,-1,-1,-1,-1,-1,-1,-1,-1,-1,-1,-1,-1,-1,-1,-1,-1,-1,-1,-1,-1,0,0,0,0,0,0,0,0,0,0,0,0,0,0,0,0,0,0,0,0,0,0,0,0,255,139,139,94,0,0,0,0,0,0,0,65,90,100,100,0,0,100,-1,0,100,100,0,1,1,-1,0,0,90,0,0,0,0,94,0,94,0,0,0,0,0,0,[0|0|0|0]
6300815,Hand-to-Hand - Default Attack,0.4,0,0,0,1.5,0.04,6902,-1,-1,-1,1667,5,0,-1,-1,930,0,-1,-1,0,94,94,94,94,135,500,100,100,0,0,0,0,0,0,0,0,0,0,0,0,10,0,0,0,0,0,0,0,0,0,0,0,1,0,0,1,255,1,255,0,255,0,0,0,0,0,0,0,0,0,0,0,4,1,0,0,0,0,0,0,0,0,0,0,-1,-1,2100,2010,-1,-1,-1,-1,-1,-1,-1,-1,-1,-1,-1,-1,-1,-1,-1,-1,-1,-1,-1,-1,-1,-1,-1,-1,-1,-1,-1,-1,0,0,0,0,0,0,0,0,0,0,0,0,-1,-1,-1,-1,-1,-1,-1,-1,-1,-1,-1,-1,-1,-1,-1,-1,-1,-1,-1,-1,-1,-1,-1,-1,0,0,0,0,0,0,0,0,0,0,0,0,0,0,0,0,0,0,0,0,0,0,0,0,255,139,139,94,0,0,0,0,0,0,0,65,90,100,100,0,0,100,-1,0,100,100,0,1,1,-1,0,0,90,0,0,0,0,94,0,94,0,0,0,0,0,0,[0|0|0|0]
6300816,Hand-to-Hand - Default Attack,0.4,0,0,0,1.5,0.04,6902,-1,-1,-1,1667,5,0,-1,-1,240,0,-1,-1,0,94,94,94,94,135,500,100,100,0,0,0,0,0,0,0,0,0,0,0,0,10,0,0,0,0,0,0,0,0,0,0,0,1,2,0,1,255,1,255,0,255,0,0,0,0,0,0,0,0,0,0,0,4,1,0,0,0,0,0,0,0,0,0,0,-1,-1,2100,2010,-1,-1,-1,-1,-1,-1,-1,-1,-1,-1,-1,-1,-1,-1,-1,-1,-1,-1,-1,-1,-1,-1,-1,-1,-1,-1,-1,-1,0,0,0,0,0,0,0,0,0,0,0,0,-1,-1,-1,-1,-1,-1,-1,-1,-1,-1,-1,-1,-1,-1,-1,-1,-1,-1,-1,-1,-1,-1,-1,-1,0,0,0,0,0,0,0,0,0,0,0,0,0,0,0,0,0,0,0,0,0,0,0,0,255,139,139,94,0,0,0,0,0,0,0,65,90,100,100,0,0,100,-1,0,100,100,0,1,1,-1,0,0,90,0,0,0,0,94,0,94,0,0,0,0,0,0,[0|0|0|0]
6300820,Hand-to-Hand - Default Attack,0.4,0.2,0,0,1.3,0.04,6902,-1,-1,1665,-1,1,1,-1,-1,-1,-1,-1,-1,0,96,96,96,96,90,500,100,100,0,0,0,0,0,0,0,0,0,0,0,0,20,0,0,0,0,2,0,0,0,0,0,0,1,0,0,1,255,1,255,0,255,0,0,0,0,0,0,0,0,0,0,0,0,1,0,0,0,0,0,0,0,9,0,0,-1,-1,2100,2010,-1,-1,-1,-1,-1,-1,-1,-1,-1,-1,-1,-1,-1,-1,-1,-1,-1,-1,-1,-1,-1,-1,-1,-1,-1,-1,-1,-1,0,0,0,0,0,0,0,0,0,0,0,0,-1,-1,-1,-1,-1,-1,-1,-1,-1,-1,-1,-1,-1,-1,-1,-1,-1,-1,-1,-1,-1,-1,-1,-1,0,0,0,0,0,0,0,0,0,0,0,0,0,0,0,0,0,0,0,0,0,0,0,0,255,139,139,96,0,0,0,0,0,0,0,100,100,100,100,0,0,100,-1,0,100,105,0,1,1,-1,0,0,120,0,0,0,0,96,0,96,0,0,0,0,0,0,[0|0|0|0]
6300825,Hand-to-Hand - Default Attack,0.4,0,0,0,1,0.04,6902,-1,-1,-1,1667,6,0,-1,-1,940,0,-1,-1,0,96,96,96,96,135,500,100,100,0,0,0,0,0,0,0,0,0,0,0,0,10,0,0,0,0,0,0,0,0,0,0,0,1,0,0,1,255,1,255,0,255,0,0,0,0,0,0,0,0,0,0,0,3,1,0,0,0,0,0,0,0,0,0,0,-1,-1,2100,2010,-1,-1,-1,-1,-1,-1,-1,-1,-1,-1,-1,-1,-1,-1,-1,-1,-1,-1,-1,-1,-1,-1,-1,-1,-1,-1,-1,-1,0,0,0,0,0,0,0,0,0,0,0,0,-1,-1,-1,-1,-1,-1,-1,-1,-1,-1,-1,-1,-1,-1,-1,-1,-1,-1,-1,-1,-1,-1,-1,-1,0,0,0,0,0,0,0,0,0,0,0,0,0,0,0,0,0,0,0,0,0,0,0,0,255,139,139,96,0,0,0,0,0,0,0,65,90,100,100,0,0,100,-1,0,100,105,0,1,1,-1,0,0,90,0,0,0,0,96,0,96,0,0,0,0,0,0,[0|0|0|0]
6300826,Hand-to-Hand - Default Attack,0.4,0,0,0,1,0.04,6902,-1,-1,-1,1667,6,0,-1,-1,240,0,-1,-1,0,96,96,96,96,135,500,100,100,0,0,0,0,0,0,0,0,0,0,0,0,10,0,0,0,0,0,0,0,0,0,0,0,1,2,0,1,255,1,255,0,255,0,0,0,0,0,0,0,0,0,0,0,3,1,0,0,0,0,0,0,0,0,0,0,-1,-1,2100,2010,-1,-1,-1,-1,-1,-1,-1,-1,-1,-1,-1,-1,-1,-1,-1,-1,-1,-1,-1,-1,-1,-1,-1,-1,-1,-1,-1,-1,0,0,0,0,0,0,0,0,0,0,0,0,-1,-1,-1,-1,-1,-1,-1,-1,-1,-1,-1,-1,-1,-1,-1,-1,-1,-1,-1,-1,-1,-1,-1,-1,0,0,0,0,0,0,0,0,0,0,0,0,0,0,0,0,0,0,0,0,0,0,0,0,255,139,139,96,0,0,0,0,0,0,0,65,90,100,100,0,0,100,-1,0,100,105,0,1,1,-1,0,0,90,0,0,0,0,96,0,96,0,0,0,0,0,0,[0|0|0|0]
6300830,Hand-to-Hand - Default Attack,0.4,0.2,0,0,1,0.04,6902,-1,-1,1665,-1,1,1,-1,-1,-1,-1,-1,-1,0,98,98,98,98,90,500,100,100,0,0,0,0,0,0,0,0,0,0,0,0,10,0,0,0,0,2,0,0,0,0,0,0,1,0,0,1,255,1,255,0,255,0,0,0,0,0,0,0,0,0,0,0,4,1,0,0,0,0,0,0,0,0,0,0,-1,-1,2100,2010,-1,-1,-1,-1,-1,-1,-1,-1,-1,-1,-1,-1,-1,-1,-1,-1,-1,-1,-1,-1,-1,-1,-1,-1,-1,-1,-1,-1,0,0,0,0,0,0,0,0,0,0,0,0,-1,-1,-1,-1,-1,-1,-1,-1,-1,-1,-1,-1,-1,-1,-1,-1,-1,-1,-1,-1,-1,-1,-1,-1,0,0,0,0,0,0,0,0,0,0,0,0,0,0,0,0,0,0,0,0,0,0,0,0,255,139,139,98,0,0,0,0,0,0,0,65,90,100,100,0,0,100,-1,0,100,105,0,1,1,-1,0,0,60,0,0,0,0,98,0,98,0,0,0,0,0,0,[0|0|0|0]
6300835,Hand-to-Hand - Default Attack,0.4,0.2,0,0,1.2,0.04,6902,-1,-1,-1,1667,831,831,-1,-1,-1,-1,-1,-1,0,98,98,98,98,90,500,100,100,0,0,0,0,0,0,0,0,0,0,0,0,10,0,0,0,0,2,0,0,0,0,0,0,1,0,0,1,255,1,255,0,255,0,0,0,0,0,0,0,0,0,0,0,0,1,0,0,0,0,0,0,0,9,0,0,-1,-1,2100,2010,-1,-1,-1,-1,-1,-1,-1,-1,-1,-1,-1,-1,-1,-1,-1,-1,-1,-1,-1,-1,-1,-1,-1,-1,-1,-1,-1,-1,0,0,0,0,0,0,0,0,0,0,0,0,-1,-1,-1,-1,-1,-1,-1,-1,-1,-1,-1,-1,-1,-1,-1,-1,-1,-1,-1,-1,-1,-1,-1,-1,0,0,0,0,0,0,0,0,0,0,0,0,0,0,0,0,0,0,0,0,0,0,0,0,255,139,139,98,0,0,0,0,0,0,0,65,90,100,100,0,0,100,-1,0,100,105,0,1,1,-1,0,0,60,0,0,0,0,98,0,98,0,0,0,0,0,0,[0|0|0|0]
6300840,Hand-to-Hand - Default Attack,0.4,0,0,0,0.8,0.04,6902,-1,-1,1665,-1,5,0,-1,-1,930,0,-1,-1,0,100,100,100,100,135,500,100,100,0,0,0,0,0,0,0,0,0,0,0,0,10,0,0,0,0,0,0,0,0,0,0,0,1,0,0,1,255,1,255,0,255,0,0,0,0,0,0,0,0,0,0,0,3,1,0,0,0,0,0,0,0,9,0,0,-1,-1,2100,2010,-1,-1,-1,-1,-1,-1,-1,-1,-1,-1,-1,-1,-1,-1,-1,-1,-1,-1,-1,-1,-1,-1,-1,-1,-1,-1,-1,-1,0,0,0,0,0,0,0,0,0,0,0,0,-1,-1,-1,-1,-1,-1,-1,-1,-1,-1,-1,-1,-1,-1,-1,-1,-1,-1,-1,-1,-1,-1,-1,-1,0,0,0,0,0,0,0,0,0,0,0,0,0,0,0,0,0,0,0,0,0,0,0,0,255,139,139,100,0,0,0,0,0,0,0,65,90,100,100,0,0,100,-1,0,100,105,0,1,1,-1,0,0,90,0,0,0,0,100,0,100,0,0,0,0,0,0,[0|0|0|0]
6300841,Hand-to-Hand - Default Attack,0.4,0,0,0,0.8,0.04,6902,-1,-1,1665,-1,5,0,-1,-1,240,0,-1,-1,0,100,100,100,100,135,500,100,100,0,0,0,0,0,0,0,0,0,0,0,0,10,0,0,0,0,0,0,0,0,0,0,0,1,2,0,1,255,1,255,0,255,0,0,0,0,0,0,0,0,0,0,0,3,1,0,0,0,0,0,0,0,9,0,0,-1,-1,2100,2010,-1,-1,-1,-1,-1,-1,-1,-1,-1,-1,-1,-1,-1,-1,-1,-1,-1,-1,-1,-1,-1,-1,-1,-1,-1,-1,-1,-1,0,0,0,0,0,0,0,0,0,0,0,0,-1,-1,-1,-1,-1,-1,-1,-1,-1,-1,-1,-1,-1,-1,-1,-1,-1,-1,-1,-1,-1,-1,-1,-1,0,0,0,0,0,0,0,0,0,0,0,0,0,0,0,0,0,0,0,0,0,0,0,0,255,139,139,100,0,0,0,0,0,0,0,65,90,100,100,0,0,100,-1,0,100,105,0,1,1,-1,0,0,90,0,0,0,0,100,0,100,0,0,0,0,0,0,[0|0|0|0]
6300845,Hand-to-Hand - Default Attack,0.4,0.2,0,0,1.4,0.04,6902,-1,-1,-1,1667,2,2,-1,-1,-1,-1,-1,-1,0,100,100,100,100,90,500,100,100,0,0,0,0,0,0,0,0,0,0,0,0,20,0,0,0,0,2,0,0,0,0,0,0,1,0,0,1,255,1,255,0,255,0,0,0,0,0,0,0,0,0,0,0,0,1,0,0,0,0,0,0,0,0,0,0,-1,-1,2100,2010,-1,-1,-1,-1,-1,-1,-1,-1,-1,-1,-1,-1,-1,-1,-1,-1,-1,-1,-1,-1,-1,-1,-1,-1,-1,-1,-1,-1,0,0,0,0,0,0,0,0,0,0,0,0,-1,-1,-1,-1,-1,-1,-1,-1,-1,-1,-1,-1,-1,-1,-1,-1,-1,-1,-1,-1,-1,-1,-1,-1,0,0,0,0,0,0,0,0,0,0,0,0,0,0,0,0,0,0,0,0,0,0,0,0,255,139,139,100,0,0,0,0,0,0,0,100,100,100,100,0,0,100,-1,0,100,105,0,1,1,-1,0,0,120,0,0,0,0,100,0,100,0,0,0,0,0,0,[0|0|0|0]
6300850,Hand-to-Hand - Default Attack,0.4,0.2,0,0,1.4,0.04,6902,-1,-1,1665,-1,1,1,-1,-1,-1,-1,-1,-1,0,106,106,106,106,90,500,100,100,104,0,0,0,0,0,0,0,0,0,0,0,10,0,0,0,0,2,0,0,0,0,0,0,1,0,0,1,255,1,255,0,255,0,0,0,0,0,0,0,0,0,0,0,0,1,0,0,0,0,0,0,0,9,0,0,-1,-1,2100,2010,-1,-1,-1,-1,-1,-1,-1,-1,-1,-1,-1,-1,-1,-1,-1,-1,-1,-1,-1,-1,-1,-1,-1,-1,-1,-1,-1,-1,0,0,0,0,0,0,0,0,0,0,0,0,-1,-1,-1,-1,-1,-1,-1,-1,-1,-1,-1,-1,-1,-1,-1,-1,-1,-1,-1,-1,-1,-1,-1,-1,0,0,0,0,0,0,0,0,0,0,0,0,0,0,0,0,0,0,0,0,0,0,0,0,255,139,139,106,0,0,0,0,0,0,0,65,90,100,100,0,0,100,-1,0,100,110,0,1,1,-1,0,0,120,0,0,0,0,106,0,106,0,0,0,0,0,0,[0|0|0|0]
6300855,Hand-to-Hand - Default Attack,0.4,0.2,0,0,1.4,0.04,6902,-1,-1,-1,1667,2,2,-1,-1,-1,-1,-1,-1,0,106,106,106,106,90,500,100,100,104,0,0,0,0,0,0,0,0,0,0,0,10,0,0,0,0,2,0,0,0,0,0,0,1,0,0,1,255,1,255,0,255,0,0,0,0,0,0,0,0,0,0,0,0,1,0,0,0,0,0,0,0,0,0,0,-1,-1,2100,2010,-1,-1,-1,-1,-1,-1,-1,-1,-1,-1,-1,-1,-1,-1,-1,-1,-1,-1,-1,-1,-1,-1,-1,-1,-1,-1,-1,-1,0,0,0,0,0,0,0,0,0,0,0,0,-1,-1,-1,-1,-1,-1,-1,-1,-1,-1,-1,-1,-1,-1,-1,-1,-1,-1,-1,-1,-1,-1,-1,-1,0,0,0,0,0,0,0,0,0,0,0,0,0,0,0,0,0,0,0,0,0,0,0,0,255,139,139,106,0,0,0,0,0,0,0,65,90,100,100,0,0,100,-1,0,100,110,0,1,1,-1,0,0,120,0,0,0,0,106,0,106,0,0,0,0,0,0,[0|0|0|0]
6300860,Hand-to-Hand - Default Attack,0.4,0.2,0,0,1.3,0.04,6903,-1,-1,1665,-1,1,1,-1,-1,-1,-1,-1,-1,0,100,100,100,100,100,500,100,100,122,0,0,0,0,0,0,0,0,0,0,0,10,0,0,0,0,2,0,0,0,0,0,0,1,0,0,1,255,1,255,0,255,0,0,0,0,0,0,0,0,0,0,0,4,1,0,0,0,0,0,0,0,9,0,0,-1,-1,2100,2010,-1,-1,-1,-1,-1,-1,-1,-1,-1,-1,-1,-1,-1,-1,-1,-1,-1,-1,-1,-1,-1,-1,-1,-1,-1,-1,-1,-1,0,0,0,0,0,0,0,0,0,0,0,0,-1,-1,-1,-1,-1,-1,-1,-1,-1,-1,-1,-1,-1,-1,-1,-1,-1,-1,-1,-1,-1,-1,-1,-1,0,0,0,0,0,0,0,0,0,0,0,0,0,0,0,0,0,0,0,0,0,0,0,0,255,139,139,100,0,0,0,0,0,0,0,65,90,100,100,0,0,100,-1,0,100,110,0,1,1,-1,0,0,60,0,0,0,0,100,0,100,0,0,0,0,0,0,[0|0|0|0]
6300865,Hand-to-Hand - Default Attack,0.4,0.2,0,0,1,0.04,6903,-1,-1,-1,1667,2,2,-1,-1,-1,-1,-1,-1,0,95,95,95,95,100,500,100,100,122,0,0,0,0,0,0,0,0,0,0,0,10,0,0,0,0,2,0,0,0,0,0,0,1,0,0,1,255,1,255,0,255,0,0,0,0,0,0,0,0,0,0,0,3,1,0,0,0,0,0,0,0,0,0,0,-1,-1,2100,2010,-1,-1,-1,-1,-1,-1,-1,-1,-1,-1,-1,-1,-1,-1,-1,-1,-1,-1,-1,-1,-1,-1,-1,-1,-1,-1,-1,-1,0,0,0,0,0,0,0,0,0,0,0,0,-1,-1,-1,-1,-1,-1,-1,-1,-1,-1,-1,-1,-1,-1,-1,-1,-1,-1,-1,-1,-1,-1,-1,-1,0,0,0,0,0,0,0,0,0,0,0,0,0,0,0,0,0,0,0,0,0,0,0,0,255,139,139,95,0,0,0,0,0,0,0,65,90,100,100,0,0,100,-1,0,100,110,0,1,1,-1,0,0,60,0,0,0,0,95,0,95,0,0,0,0,0,0,[0|0|0|0]
6300870,Hand-to-Hand - Default Attack,0.4,0.2,0,0,1,0.04,6903,-1,-1,1665,1667,1,1,-1,-1,-1,-1,-1,-1,0,85,85,85,85,100,500,100,100,121,0,0,0,0,0,0,0,0,0,0,0,10,0,0,0,0,2,0,0,0,0,0,0,1,0,0,1,255,1,255,0,255,0,0,0,0,0,0,0,0,0,0,0,0,1,0,0,0,0,0,0,0,9,0,0,-1,-1,2100,2010,-1,-1,-1,-1,-1,-1,-1,-1,-1,-1,-1,-1,-1,-1,-1,-1,-1,-1,-1,-1,-1,-1,-1,-1,-1,-1,-1,-1,0,0,0,0,0,0,0,0,0,0,0,0,-1,-1,-1,-1,-1,-1,-1,-1,-1,-1,-1,-1,-1,-1,-1,-1,-1,-1,-1,-1,-1,-1,-1,-1,0,0,0,0,0,0,0,0,0,0,0,0,0,0,0,0,0,0,0,0,0,0,0,0,255,139,139,85,0,0,0,0,0,0,0,65,90,100,100,0,0,100,-1,0,100,90,0,1,1,-1,0,0,60,0,0,0,0,85,0,85,0,0,0,0,0,0,[0|0|0|0]
6300875,Hand-to-Hand - Default Attack,0.4,0,0,0,1,0.04,6903,-1,-1,-1,1667,6,0,-1,-1,940,0,-1,-1,0,85,85,85,85,100,500,100,100,121,0,0,0,0,0,0,0,0,0,0,0,10,0,0,0,0,0,0,0,0,0,0,0,1,0,0,1,255,1,255,0,255,0,0,0,0,0,0,0,0,0,0,0,4,1,0,0,0,0,0,0,0,0,0,0,-1,-1,2100,2010,-1,-1,-1,-1,-1,-1,-1,-1,-1,-1,-1,-1,-1,-1,-1,-1,-1,-1,-1,-1,-1,-1,-1,-1,-1,-1,-1,-1,0,0,0,0,0,0,0,0,0,0,0,0,-1,-1,-1,-1,-1,-1,-1,-1,-1,-1,-1,-1,-1,-1,-1,-1,-1,-1,-1,-1,-1,-1,-1,-1,0,0,0,0,0,0,0,0,0,0,0,0,0,0,0,0,0,0,0,0,0,0,0,0,255,139,139,85,0,0,0,0,0,0,0,65,90,100,100,0,0,100,-1,0,100,90,0,1,1,-1,0,0,60,0,0,0,0,85,0,85,0,0,0,0,0,0,[0|0|0|0]
6300876,Hand-to-Hand - Default Attack,0.4,0,0,0,1,0.04,6903,-1,-1,-1,1667,6,0,-1,-1,240,0,-1,-1,0,85,85,85,85,100,500,100,100,121,0,0,0,0,0,0,0,0,0,0,0,10,0,0,0,0,0,0,0,0,0,0,0,1,2,0,1,255,1,255,0,255,0,0,0,0,0,0,0,0,0,0,0,4,1,0,0,0,0,0,0,0,0,0,0,-1,-1,2100,2010,-1,-1,-1,-1,-1,-1,-1,-1,-1,-1,-1,-1,-1,-1,-1,-1,-1,-1,-1,-1,-1,-1,-1,-1,-1,-1,-1,-1,0,0,0,0,0,0,0,0,0,0,0,0,-1,-1,-1,-1,-1,-1,-1,-1,-1,-1,-1,-1,-1,-1,-1,-1,-1,-1,-1,-1,-1,-1,-1,-1,0,0,0,0,0,0,0,0,0,0,0,0,0,0,0,0,0,0,0,0,0,0,0,0,255,139,139,85,0,0,0,0,0,0,0,65,90,100,100,0,0,100,-1,0,100,90,0,1,1,-1,0,0,60,0,0,0,0,85,0,85,0,0,0,0,0,0,[0|0|0|0]
6300880,Hand-to-Hand - Default Attack,0.4,0,0,0,1.1,0.04,6903,-1,-1,1665,-1,5,0,-1,-1,930,0,-1,-1,0,85,85,85,85,100,500,100,100,121,0,0,0,0,0,0,0,0,0,0,0,20,0,0,0,0,0,0,0,0,0,0,0,1,0,0,1,255,1,255,0,255,0,0,0,0,0,0,0,0,0,0,0,1,1,0,0,0,0,0,0,0,9,0,0,-1,-1,2100,2010,-1,-1,-1,-1,-1,-1,-1,-1,-1,-1,-1,-1,-1,-1,-1,-1,-1,-1,-1,-1,-1,-1,-1,-1,-1,-1,-1,-1,0,0,0,0,0,0,0,0,0,0,0,0,-1,-1,-1,-1,-1,-1,-1,-1,-1,-1,-1,-1,-1,-1,-1,-1,-1,-1,-1,-1,-1,-1,-1,-1,0,0,0,0,0,0,0,0,0,0,0,0,0,0,0,0,0,0,0,0,0,0,0,0,255,139,139,85,0,0,0,0,0,0,0,65,90,100,100,0,0,100,-1,0,100,90,0,1,1,-1,0,0,60,0,0,0,0,85,0,85,0,0,0,0,0,0,[0|0|0|0]
6300881,Hand-to-Hand - Default Attack,0.4,0,0,0,1.1,0.04,6903,-1,-1,1665,-1,5,0,-1,-1,240,0,-1,-1,0,85,85,85,85,150,500,100,100,121,0,0,0,0,0,0,0,0,0,0,0,20,0,0,0,0,0,0,0,0,0,0,0,1,2,0,1,255,1,255,0,255,0,0,0,0,0,0,0,0,0,0,0,1,1,0,0,0,0,0,0,0,9,0,0,-1,-1,2100,2010,-1,-1,-1,-1,-1,-1,-1,-1,-1,-1,-1,-1,-1,-1,-1,-1,-1,-1,-1,-1,-1,-1,-1,-1,-1,-1,-1,-1,0,0,0,0,0,0,0,0,0,0,0,0,-1,-1,-1,-1,-1,-1,-1,-1,-1,-1,-1,-1,-1,-1,-1,-1,-1,-1,-1,-1,-1,-1,-1,-1,0,0,0,0,0,0,0,0,0,0,0,0,0,0,0,0,0,0,0,0,0,0,0,0,255,139,139,85,0,0,0,0,0,0,0,65,90,100,100,0,0,100,-1,0,100,90,0,1,1,-1,0,0,90,0,0,0,0,85,0,85,0,0,0,0,0,0,[0|0|0|0]
6300885,Hand-to-Hand - Default Attack,0.4,0.2,0,0,1,0.04,6903,-1,-1,-1,1667,2,2,-1,-1,-1,-1,-1,-1,0,85,85,85,85,100,500,100,100,121,0,0,0,0,0,0,0,0,0,0,0,20,0,0,0,0,2,0,0,0,0,0,0,1,0,0,1,255,1,255,0,255,0,0,0,0,0,0,0,0,0,0,0,3,1,0,0,0,0,0,0,0,0,0,0,-1,-1,2100,2010,-1,-1,-1,-1,-1,-1,-1,-1,-1,-1,-1,-1,-1,-1,-1,-1,-1,-1,-1,-1,-1,-1,-1,-1,-1,-1,-1,-1,0,0,0,0,0,0,0,0,0,0,0,0,-1,-1,-1,-1,-1,-1,-1,-1,-1,-1,-1,-1,-1,-1,-1,-1,-1,-1,-1,-1,-1,-1,-1,-1,0,0,0,0,0,0,0,0,0,0,0,0,0,0,0,0,0,0,0,0,0,0,0,0,255,139,139,85,0,0,0,0,0,0,0,65,90,100,100,0,0,100,-1,0,100,90,0,1,1,-1,0,0,60,0,0,0,0,85,0,85,0,0,0,0,0,0,[0|0|0|0]
6300890,Hand-to-Hand - Default Attack,0.5,0,0,0,0.4,0.04,6904,-1,-1,1665,-1,5,0,-1,-1,930,0,-1,-1,0,115,115,115,115,150,9900,100,100,102,0,0,0,0,0,0,0,0,0,0,0,20,0,0,0,0,0,0,0,0,0,0,0,1,0,0,1,255,1,255,0,255,0,0,0,0,0,0,0,0,0,0,0,3,1,0,0,0,0,0,0,0,9,0,0,-1,-1,2100,2010,-1,-1,-1,-1,-1,-1,-1,-1,-1,-1,-1,-1,-1,-1,-1,-1,-1,-1,-1,-1,-1,-1,-1,-1,-1,-1,-1,-1,0,0,0,0,0,0,0,0,0,0,0,0,-1,-1,-1,-1,-1,-1,-1,-1,-1,-1,-1,-1,-1,-1,-1,-1,-1,-1,-1,-1,-1,-1,-1,-1,0,0,0,0,0,0,0,0,0,0,0,0,0,0,0,0,0,0,0,0,0,0,0,0,255,139,139,115,0,0,0,0,0,0,0,65,90,100,100,0,0,100,-1,0,100,130,0,1,1,-1,0,0,240,0,0,0,0,115,0,115,0,0,0,0,0,0,[0|0|0|0]
6300891,Hand-to-Hand - Default Bullet,0.5,0,0,0,0.3,0.04,6904,-1,-1,1665,-1,5,0,-1,-1,930,0,-1,-1,0,97,97,97,97,150,9900,100,100,102,0,0,0,0,0,0,0,0,0,0,0,20,0,0,0,0,0,0,0,0,0,0,0,2,0,0,1,255,1,255,0,255,0,0,0,0,0,0,0,0,0,0,0,3,1,0,0,0,0,0,0,0,9,0,0,-1,-1,2100,2010,-1,-1,-1,-1,-1,-1,-1,-1,-1,-1,-1,-1,-1,-1,-1,-1,-1,-1,-1,-1,-1,-1,-1,-1,-1,-1,-1,-1,0,0,0,0,0,0,0,0,0,0,0,0,-1,-1,-1,-1,-1,-1,-1,-1,-1,-1,-1,-1,-1,-1,-1,-1,-1,-1,-1,-1,-1,-1,-1,-1,0,0,0,0,0,0,0,0,0,0,0,0,0,0,0,0,0,0,0,0,0,0,0,0,255,139,139,97,0,0,0,0,0,0,0,65,90,100,100,0,0,100,-1,0,100,130,0,1,1,-1,0,0,240,0,0,0,0,97,0,97,0,0,0,0,0,0,[0|0|0|0]
6300895,Hand-to-Hand - Default Attack,0.5,0,0,0,1.2,0.04,6904,-1,-1,-1,1667,6,0,-1,-1,940,0,-1,-1,0,115,115,115,115,150,9900,100,100,102,0,0,0,0,0,0,0,0,0,0,0,20,0,0,0,0,0,0,0,0,0,0,0,1,0,0,1,255,1,255,0,255,0,0,0,0,0,0,0,0,0,0,0,4,1,0,0,0,0,0,0,0,0,0,0,-1,-1,2100,2010,-1,-1,-1,-1,-1,-1,-1,-1,-1,-1,-1,-1,-1,-1,-1,-1,-1,-1,-1,-1,-1,-1,-1,-1,-1,-1,-1,-1,0,0,0,0,0,0,0,0,0,0,0,0,-1,-1,-1,-1,-1,-1,-1,-1,-1,-1,-1,-1,-1,-1,-1,-1,-1,-1,-1,-1,-1,-1,-1,-1,0,0,0,0,0,0,0,0,0,0,0,0,0,0,0,0,0,0,0,0,0,0,0,0,255,139,139,115,0,0,0,0,0,0,0,65,90,100,100,0,0,100,-1,0,100,130,0,1,1,-1,0,0,240,0,0,0,0,115,0,115,0,0,0,0,0,0,[0|0|0|0]
6300896,Hand-to-Hand - Default Bullet,0.5,0,0,0,0.3,0.04,6904,-1,-1,-1,1667,6,0,-1,-1,940,0,-1,-1,0,97,97,97,97,150,9900,100,100,102,0,0,0,0,0,0,0,0,0,0,0,20,0,0,0,0,0,0,0,0,0,0,0,2,0,0,1,255,1,255,0,255,0,0,0,0,0,0,0,0,0,0,0,4,1,0,0,0,0,0,0,0,0,0,0,-1,-1,2100,2010,-1,-1,-1,-1,-1,-1,-1,-1,-1,-1,-1,-1,-1,-1,-1,-1,-1,-1,-1,-1,-1,-1,-1,-1,-1,-1,-1,-1,0,0,0,0,0,0,0,0,0,0,0,0,-1,-1,-1,-1,-1,-1,-1,-1,-1,-1,-1,-1,-1,-1,-1,-1,-1,-1,-1,-1,-1,-1,-1,-1,0,0,0,0,0,0,0,0,0,0,0,0,0,0,0,0,0,0,0,0,0,0,0,0,255,139,139,97,0,0,0,0,0,0,0,65,90,100,100,0,0,100,-1,0,100,130,0,1,1,-1,0,0,240,0,0,0,0,97,0,97,0,0,0,0,0,0,[0|0|0|0]
6301000,Dane's Footwork - Attack,0.4,0,0,0,0.7,0.08,6902,-1,-1,1665,-1,5,0,-1,-1,930,0,-1,-1,0,100,100,100,100,150,100,100,100,0,0,0,0,0,0,0,0,0,0,0,0,10,0,0,0,0,0,0,0,0,0,0,0,1,0,0,1,255,1,255,0,255,0,0,0,0,0,0,0,0,0,0,0,4,1,0,0,0,0,0,0,0,0,0,0,-1,-1,2100,2010,-1,-1,-1,-1,-1,-1,-1,-1,-1,-1,-1,-1,-1,-1,-1,-1,-1,-1,-1,-1,-1,-1,-1,-1,-1,-1,-1,-1,0,0,0,0,0,0,0,0,0,0,0,0,-1,-1,-1,-1,-1,-1,-1,-1,-1,-1,-1,-1,-1,-1,-1,-1,-1,-1,-1,-1,-1,-1,-1,-1,0,0,0,0,0,0,0,0,0,0,0,0,0,0,0,0,0,0,0,0,0,0,0,0,255,139,139,100,0,0,0,0,0,0,0,100,100,100,100,0,0,100,-1,0,100,100,0,1,1,-1,0,0,150,0,0,0,0,100,0,100,0,0,0,0,0,0,[0|0|0|0]
6301009,Dane's Footwork - Attack,0.4,0,0,0,0.7,0.08,6902,-1,-1,1665,-1,5,0,-1,-1,240,0,-1,-1,0,100,100,100,100,150,100,100,100,0,0,0,0,0,0,0,0,0,0,0,0,10,0,0,0,0,0,0,0,0,0,0,0,1,2,0,1,255,1,255,0,255,0,0,0,0,0,0,0,0,0,0,0,4,1,0,0,0,0,0,0,0,0,0,0,-1,-1,2100,2010,-1,-1,-1,-1,-1,-1,-1,-1,-1,-1,-1,-1,-1,-1,-1,-1,-1,-1,-1,-1,-1,-1,-1,-1,-1,-1,-1,-1,0,0,0,0,0,0,0,0,0,0,0,0,-1,-1,-1,-1,-1,-1,-1,-1,-1,-1,-1,-1,-1,-1,-1,-1,-1,-1,-1,-1,-1,-1,-1,-1,0,0,0,0,0,0,0,0,0,0,0,0,0,0,0,0,0,0,0,0,0,0,0,0,255,139,139,100,0,0,0,0,0,0,0,100,100,100,100,0,0,100,-1,0,100,100,0,1,1,-1,0,0,150,0,0,0,0,100,0,100,0,0,0,0,0,0,[0|0|0|0]
6301060,Dane's Footwork - Bullet,0.4,0,0,0,0.3,0.04,6906,-1,-1,-1,1667,5,0,-1,-1,240,0,-1,-1,0,120,120,120,120,120,500,100,100,100,0,0,0,0,0,0,0,0,0,0,0,20,0,0,0,0,0,0,0,0,0,0,0,2,2,0,1,255,1,255,0,255,0,0,0,0,0,0,0,0,0,0,0,0,1,0,0,0,0,0,0,0,0,0,0,-1,-1,2100,2010,-1,-1,-1,-1,-1,-1,-1,-1,-1,-1,-1,-1,-1,-1,-1,-1,-1,-1,-1,-1,-1,-1,-1,-1,-1,-1,-1,-1,0,0,0,0,0,0,0,0,0,0,0,0,-1,-1,-1,-1,-1,-1,-1,-1,-1,-1,-1,-1,-1,-1,-1,-1,-1,-1,-1,-1,-1,-1,-1,-1,0,0,0,0,0,0,0,0,0,0,0,0,0,0,0,0,0,0,0,0,0,0,0,0,255,139,139,120,0,0,0,1,0,0,0,65,90,100,100,0,0,100,-1,0,100,150,0,1,1,-1,0,0,350,0,0,0,0,120,0,120,0,0,0,0,0,0,[0|0|0|0]
6301061,Dane's Footwork - Bullet,0.4,0,0,0,0.3,0.04,6904,-1,-1,1665,-1,5,0,-1,-1,240,0,-1,-1,0,105,105,105,105,90,500,100,100,0,0,0,0,0,0,0,0,0,0,0,0,20,0,0,0,0,0,0,0,0,0,0,0,1,2,0,1,255,1,255,0,255,0,0,0,0,0,0,0,0,0,0,0,4,1,0,0,0,0,0,0,0,0,0,0,-1,-1,2100,2010,-1,-1,-1,-1,-1,-1,-1,-1,-1,-1,-1,-1,-1,-1,-1,-1,-1,-1,-1,-1,-1,-1,-1,-1,-1,-1,-1,-1,0,0,0,0,0,0,0,0,0,0,0,0,-1,-1,-1,-1,-1,-1,-1,-1,-1,-1,-1,-1,-1,-1,-1,-1,-1,-1,-1,-1,-1,-1,-1,-1,0,0,0,0,0,0,0,0,0,0,0,0,0,0,0,0,0,0,0,0,0,0,0,0,255,139,139,105,0,0,0,1,0,0,0,65,90,100,100,0,0,100,-1,0,100,130,0,1,1,-1,0,0,90,0,0,0,0,105,0,105,0,0,0,0,0,0,[0|0|0|0]
6301100,Dane's Footwork - Attack,0.4,0,0,0,1.2,0.08,6904,-1,-1,1665,-1,5,0,-1,-1,930,0,-1,-1,0,120,120,120,120,200,120,100,100,0,0,0,0,0,0,0,0,0,0,0,0,10,0,0,0,0,0,0,0,0,0,0,0,1,0,0,1,255,1,255,0,255,0,0,0,0,0,0,0,0,0,0,0,4,1,0,0,0,0,0,0,0,0,0,0,-1,-1,2100,2010,-1,-1,-1,-1,-1,-1,-1,-1,-1,-1,-1,-1,-1,-1,-1,-1,-1,-1,-1,-1,-1,-1,-1,-1,-1,-1,-1,-1,0,0,0,0,0,0,0,0,0,0,0,0,-1,-1,-1,-1,-1,-1,-1,-1,-1,-1,-1,-1,-1,-1,-1,-1,-1,-1,-1,-1,-1,-1,-1,-1,0,0,0,0,0,0,0,0,0,0,0,0,0,0,0,0,0,0,0,0,0,0,0,0,255,139,139,120,0,0,0,0,0,0,0,100,100,100,100,0,0,100,-1,0,100,130,0,1,1,-1,0,0,300,0,0,0,0,120,0,120,0,0,0,0,0,0,[0|0|0|0]
6301101,Dane's Footwork - Attack,0.4,0,0,0,1.2,0.08,6904,-1,-1,1665,-1,5,0,-1,-1,240,0,-1,-1,0,120,120,120,120,200,120,100,100,0,0,0,0,0,0,0,0,0,0,0,0,10,0,0,0,0,0,0,0,0,0,0,0,1,2,0,1,255,1,255,0,255,0,0,0,0,0,0,0,0,0,0,0,4,1,0,0,0,0,0,0,0,0,0,0,-1,-1,2100,2010,-1,-1,-1,-1,-1,-1,-1,-1,-1,-1,-1,-1,-1,-1,-1,-1,-1,-1,-1,-1,-1,-1,-1,-1,-1,-1,-1,-1,0,0,0,0,0,0,0,0,0,0,0,0,-1,-1,-1,-1,-1,-1,-1,-1,-1,-1,-1,-1,-1,-1,-1,-1,-1,-1,-1,-1,-1,-1,-1,-1,0,0,0,0,0,0,0,0,0,0,0,0,0,0,0,0,0,0,0,0,0,0,0,0,255,139,139,120,0,0,0,0,0,0,0,100,100,100,100,0,0,100,-1,0,100,130,0,1,1,-1,0,0,300,0,0,0,0,120,0,120,0,0,0,0,0,0,[0|0|0|0]
6301102,Dane's Footwork - Bullet,0.4,0,0,0,0.3,0.08,6904,-1,-1,1665,-1,5,0,-1,-1,240,0,-1,-1,0,105,105,105,105,200,120,100,100,0,0,0,0,0,0,0,0,0,0,0,0,10,0,0,0,0,0,0,0,0,0,0,0,1,2,0,1,255,1,255,0,255,0,0,0,0,0,0,0,0,0,0,0,4,1,0,0,0,0,0,0,0,0,0,0,-1,-1,2100,2010,-1,-1,-1,-1,-1,-1,-1,-1,-1,-1,-1,-1,-1,-1,-1,-1,-1,-1,-1,-1,-1,-1,-1,-1,-1,-1,-1,-1,0,0,0,0,0,0,0,0,0,0,0,0,-1,-1,-1,-1,-1,-1,-1,-1,-1,-1,-1,-1,-1,-1,-1,-1,-1,-1,-1,-1,-1,-1,-1,-1,0,0,0,0,0,0,0,0,0,0,0,0,0,0,0,0,0,0,0,0,0,0,0,0,255,139,139,105,0,0,0,0,0,0,0,100,100,100,100,0,0,100,-1,0,100,130,0,1,1,-1,0,0,300,0,0,0,0,105,0,105,0,0,0,0,0,0,[0|0|0|0]
6301105,Dane's Footwork - Attack,0.4,0,0,0,1.2,0.08,6906,-1,-1,1665,-1,5,0,-1,-1,930,0,-1,-1,0,150,150,150,150,300,400,100,100,100,0,0,0,0,0,0,0,0,0,0,0,10,0,0,0,0,0,0,0,0,0,0,0,2,0,0,1,255,1,255,0,255,0,0,0,0,0,0,0,0,0,0,0,4,1,0,0,0,0,0,0,0,0,0,0,-1,-1,2100,2010,-1,-1,-1,-1,-1,-1,-1,-1,-1,-1,-1,-1,-1,-1,-1,-1,-1,-1,-1,-1,-1,-1,-1,-1,-1,-1,-1,-1,0,0,0,0,0,0,0,0,0,0,0,0,-1,-1,-1,-1,-1,-1,-1,-1,-1,-1,-1,-1,-1,-1,-1,-1,-1,-1,-1,-1,-1,-1,-1,-1,0,0,0,0,0,0,0,0,0,0,0,0,0,0,0,0,0,0,0,0,0,0,0,0,255,139,139,150,0,0,0,0,0,0,0,100,100,100,100,0,0,100,-1,0,100,150,0,1,1,-1,0,0,700,0,0,0,0,150,0,150,0,0,0,0,0,0,[0|0|0|0]
6301106,Dane's Footwork - Attack,0.4,0,0,0,1.2,0.08,6906,-1,-1,1665,-1,5,0,-1,-1,240,0,-1,-1,0,150,150,150,150,300,400,100,100,100,0,0,0,0,0,0,0,0,0,0,0,10,0,0,0,0,0,0,0,0,0,0,0,2,2,0,1,255,1,255,0,255,0,0,0,0,0,0,0,0,0,0,0,4,1,0,0,0,0,0,0,0,0,0,0,-1,-1,2100,2010,-1,-1,-1,-1,-1,-1,-1,-1,-1,-1,-1,-1,-1,-1,-1,-1,-1,-1,-1,-1,-1,-1,-1,-1,-1,-1,-1,-1,0,0,0,0,0,0,0,0,0,0,0,0,-1,-1,-1,-1,-1,-1,-1,-1,-1,-1,-1,-1,-1,-1,-1,-1,-1,-1,-1,-1,-1,-1,-1,-1,0,0,0,0,0,0,0,0,0,0,0,0,0,0,0,0,0,0,0,0,0,0,0,0,255,139,139,150,0,0,0,0,0,0,0,100,100,100,100,0,0,100,-1,0,100,150,0,1,1,-1,0,0,700,0,0,0,0,150,0,150,0,0,0,0,0,0,[0|0|0|0]
6301107,Dane's Footwork - Bullet,0.4,0,0,0,0.3,0.08,6906,-1,-1,1665,-1,5,0,-1,-1,240,0,-1,-1,0,135,135,135,135,300,400,100,100,100,0,0,0,0,0,0,0,0,0,0,0,10,0,0,0,0,0,0,0,0,0,0,0,2,2,0,1,255,1,255,0,255,0,0,0,0,0,0,0,0,0,0,0,4,1,0,0,0,0,0,0,0,0,0,0,-1,-1,2100,2010,-1,-1,-1,-1,-1,-1,-1,-1,-1,-1,-1,-1,-1,-1,-1,-1,-1,-1,-1,-1,-1,-1,-1,-1,-1,-1,-1,-1,0,0,0,0,0,0,0,0,0,0,0,0,-1,-1,-1,-1,-1,-1,-1,-1,-1,-1,-1,-1,-1,-1,-1,-1,-1,-1,-1,-1,-1,-1,-1,-1,0,0,0,0,0,0,0,0,0,0,0,0,0,0,0,0,0,0,0,0,0,0,0,0,255,139,139,135,0,0,0,0,0,0,0,100,100,100,100,0,0,100,-1,0,100,150,0,1,1,-1,0,0,700,0,0,0,0,135,0,135,0,0,0,0,0,0,[0|0|0|0]
6301110,Dane's Footwork - Attack,0.4,0,0,0,1.2,0.08,6906,-1,-1,1665,-1,5,0,-1,-1,930,0,-1,-1,0,120,120,120,120,200,400,100,100,0,0,0,0,0,0,0,0,0,0,0,0,10,0,0,0,0,0,0,0,0,0,0,0,1,0,0,1,255,1,255,0,255,0,0,0,0,0,0,0,0,0,0,0,0,1,0,0,0,0,0,0,0,0,0,0,-1,-1,2100,2010,-1,-1,-1,-1,-1,-1,-1,-1,-1,-1,-1,-1,-1,-1,-1,-1,-1,-1,-1,-1,-1,-1,-1,-1,-1,-1,-1,-1,0,0,0,0,0,0,0,0,0,0,0,0,-1,-1,-1,-1,-1,-1,-1,-1,-1,-1,-1,-1,-1,-1,-1,-1,-1,-1,-1,-1,-1,-1,-1,-1,0,0,0,0,0,0,0,0,0,0,0,0,0,0,0,0,0,0,0,0,0,0,0,0,255,139,139,120,0,0,0,0,0,0,0,100,100,100,100,0,0,100,-1,0,100,150,0,1,1,-1,0,0,300,0,0,0,0,120,0,120,0,0,0,0,0,0,[0|0|0|0]
6301111,Dane's Footwork - Attack,0.4,0,0,0,1.2,0.08,6906,-1,-1,1665,-1,5,0,-1,-1,240,0,-1,-1,0,120,120,120,120,200,400,100,100,0,0,0,0,0,0,0,0,0,0,0,0,10,0,0,0,0,0,0,0,0,0,0,0,1,0,0,1,255,1,255,0,255,0,0,0,0,0,0,0,0,0,0,0,0,1,0,0,0,0,0,0,0,0,0,0,-1,-1,2100,2010,-1,-1,-1,-1,-1,-1,-1,-1,-1,-1,-1,-1,-1,-1,-1,-1,-1,-1,-1,-1,-1,-1,-1,-1,-1,-1,-1,-1,0,0,0,0,0,0,0,0,0,0,0,0,-1,-1,-1,-1,-1,-1,-1,-1,-1,-1,-1,-1,-1,-1,-1,-1,-1,-1,-1,-1,-1,-1,-1,-1,0,0,0,0,0,0,0,0,0,0,0,0,0,0,0,0,0,0,0,0,0,0,0,0,255,139,139,120,0,0,0,0,0,0,0,100,100,100,100,0,0,100,-1,0,100,150,0,1,1,-1,0,0,300,0,0,0,0,120,0,120,0,0,0,0,0,0,[0|0|0|0]
6301112,Dane's Footwork - Bullet,0.4,0,0,0,0.3,0.08,6906,-1,-1,1665,-1,5,0,-1,-1,240,0,-1,-1,0,105,105,105,105,200,400,100,100,0,0,0,0,0,0,0,0,0,0,0,0,10,0,0,0,0,0,0,0,0,0,0,0,1,2,0,1,255,1,255,0,255,0,0,0,0,0,0,0,0,0,0,0,0,1,0,0,0,0,0,0,0,0,0,0,-1,-1,2100,2010,-1,-1,-1,-1,-1,-1,-1,-1,-1,-1,-1,-1,-1,-1,-1,-1,-1,-1,-1,-1,-1,-1,-1,-1,-1,-1,-1,-1,0,0,0,0,0,0,0,0,0,0,0,0,-1,-1,-1,-1,-1,-1,-1,-1,-1,-1,-1,-1,-1,-1,-1,-1,-1,-1,-1,-1,-1,-1,-1,-1,0,0,0,0,0,0,0,0,0,0,0,0,0,0,0,0,0,0,0,0,0,0,0,0,255,139,139,105,0,0,0,0,0,0,0,100,100,100,100,0,0,100,-1,0,100,150,0,1,1,-1,0,0,300,0,0,0,0,105,0,105,0,0,0,0,0,0,[0|0|0|0]
6301115,Dane's Footwork - Attack,0.4,0,0,0,1.2,0.08,6906,-1,-1,1665,-1,5,0,-1,-1,930,0,-1,-1,0,150,150,150,150,300,400,100,100,100,0,0,0,0,0,0,0,0,0,0,0,10,0,0,0,0,0,0,0,0,0,0,0,2,0,0,1,255,1,255,0,255,0,0,0,0,0,0,0,0,0,0,0,0,1,0,0,0,0,0,0,0,0,0,0,-1,-1,2100,2010,-1,-1,-1,-1,-1,-1,-1,-1,-1,-1,-1,-1,-1,-1,-1,-1,-1,-1,-1,-1,-1,-1,-1,-1,-1,-1,-1,-1,0,0,0,0,0,0,0,0,0,0,0,0,-1,-1,-1,-1,-1,-1,-1,-1,-1,-1,-1,-1,-1,-1,-1,-1,-1,-1,-1,-1,-1,-1,-1,-1,0,0,0,0,0,0,0,0,0,0,0,0,0,0,0,0,0,0,0,0,0,0,0,0,255,139,139,150,0,0,0,0,0,0,0,100,100,100,100,0,0,100,-1,0,100,150,0,1,1,-1,0,0,700,0,0,0,0,150,0,150,0,0,0,0,0,0,[0|0|0|0]
6301116,Dane's Footwork - Attack,0.4,0,0,0,1.2,0.08,6906,-1,-1,1665,-1,5,0,-1,-1,240,0,-1,-1,0,150,150,150,150,300,400,100,100,100,0,0,0,0,0,0,0,0,0,0,0,10,0,0,0,0,0,0,0,0,0,0,0,2,2,0,1,255,1,255,0,255,0,0,0,0,0,0,0,0,0,0,0,0,1,0,0,0,0,0,0,0,0,0,0,-1,-1,2100,2010,-1,-1,-1,-1,-1,-1,-1,-1,-1,-1,-1,-1,-1,-1,-1,-1,-1,-1,-1,-1,-1,-1,-1,-1,-1,-1,-1,-1,0,0,0,0,0,0,0,0,0,0,0,0,-1,-1,-1,-1,-1,-1,-1,-1,-1,-1,-1,-1,-1,-1,-1,-1,-1,-1,-1,-1,-1,-1,-1,-1,0,0,0,0,0,0,0,0,0,0,0,0,0,0,0,0,0,0,0,0,0,0,0,0,255,139,139,150,0,0,0,0,0,0,0,100,100,100,100,0,0,100,-1,0,100,150,0,1,1,-1,0,0,700,0,0,0,0,150,0,150,0,0,0,0,0,0,[0|0|0|0]
6301117,Dane's Footwork - Bullet,0.4,0,0,0,0.3,0.08,6906,-1,-1,1665,-1,5,0,-1,-1,240,0,-1,-1,0,135,135,135,135,300,400,100,100,100,0,0,0,0,0,0,0,0,0,0,0,10,0,0,0,0,0,0,0,0,0,0,0,2,2,0,1,255,1,255,0,255,0,0,0,0,0,0,0,0,0,0,0,0,1,0,0,0,0,0,0,0,0,0,0,-1,-1,2100,2010,-1,-1,-1,-1,-1,-1,-1,-1,-1,-1,-1,-1,-1,-1,-1,-1,-1,-1,-1,-1,-1,-1,-1,-1,-1,-1,-1,-1,0,0,0,0,0,0,0,0,0,0,0,0,-1,-1,-1,-1,-1,-1,-1,-1,-1,-1,-1,-1,-1,-1,-1,-1,-1,-1,-1,-1,-1,-1,-1,-1,0,0,0,0,0,0,0,0,0,0,0,0,0,0,0,0,0,0,0,0,0,0,0,0,255,139,139,135,0,0,0,0,0,0,0,100,100,100,100,0,0,100,-1,0,100,150,0,1,1,-1,0,0,700,0,0,0,0,135,0,135,0,0,0,0,0,0,[0|0|0|0]
6301200,Dane's Footwork - Attack,0.4,0,0,0,0.5,0.04,6902,-1,-1,1665,1667,6,0,-1,-1,940,0,-1,-1,0,92,92,92,92,135,500,100,100,0,0,0,0,0,0,0,0,0,0,0,0,10,0,0,0,0,0,0,0,0,0,0,0,1,0,0,1,255,1,255,0,255,0,0,0,0,0,0,0,0,0,0,0,0,1,0,0,0,0,0,0,0,9,0,0,-1,-1,2100,2010,-1,-1,-1,-1,-1,-1,-1,-1,-1,-1,-1,-1,-1,-1,-1,-1,-1,-1,-1,-1,-1,-1,-1,-1,-1,-1,-1,-1,0,0,0,0,0,0,0,0,0,0,0,0,-1,-1,-1,-1,-1,-1,-1,-1,-1,-1,-1,-1,-1,-1,-1,-1,-1,-1,-1,-1,-1,-1,-1,-1,0,0,0,0,0,0,0,0,0,0,0,0,0,0,0,0,0,0,0,0,0,0,0,0,255,139,139,92,0,0,0,1,0,0,0,65,90,100,100,0,0,100,-1,0,100,100,0,1,1,-1,0,0,90,0,0,0,0,92,0,92,0,0,0,0,0,0,[0|0|0|0]
6301201,Dane's Footwork - Attack,0.4,0,0,0,0.5,0.04,6902,-1,-1,1665,1667,6,0,-1,-1,240,0,-1,-1,0,92,92,92,92,135,500,100,100,0,0,0,0,0,0,0,0,0,0,0,0,10,0,0,0,0,0,0,0,0,0,0,0,1,2,0,1,255,1,255,0,255,0,0,0,0,0,0,0,0,0,0,0,0,1,0,0,0,0,0,0,0,9,0,0,-1,-1,2100,2010,-1,-1,-1,-1,-1,-1,-1,-1,-1,-1,-1,-1,-1,-1,-1,-1,-1,-1,-1,-1,-1,-1,-1,-1,-1,-1,-1,-1,0,0,0,0,0,0,0,0,0,0,0,0,-1,-1,-1,-1,-1,-1,-1,-1,-1,-1,-1,-1,-1,-1,-1,-1,-1,-1,-1,-1,-1,-1,-1,-1,0,0,0,0,0,0,0,0,0,0,0,0,0,0,0,0,0,0,0,0,0,0,0,0,255,139,139,92,0,0,0,1,0,0,0,65,90,100,100,0,0,100,-1,0,100,100,0,1,1,-1,0,0,90,0,0,0,0,92,0,92,0,0,0,0,0,0,[0|0|0|0]
6301203,Dane's Footwork - Attack,0.4,0,0,0,1.2,0.04,6902,-1,-1,1665,1667,6,0,-1,-1,940,0,-1,-1,0,92,92,92,92,135,500,100,100,0,0,0,0,0,0,0,0,0,0,0,0,10,0,0,0,0,0,0,0,0,0,0,0,1,0,0,1,255,1,255,0,255,0,0,0,0,0,0,0,0,0,0,0,4,1,0,0,0,0,0,0,0,0,0,0,-1,-1,2100,2010,-1,-1,-1,-1,-1,-1,-1,-1,-1,-1,-1,-1,-1,-1,-1,-1,-1,-1,-1,-1,-1,-1,-1,-1,-1,-1,-1,-1,0,0,0,0,0,0,0,0,0,0,0,0,-1,-1,-1,-1,-1,-1,-1,-1,-1,-1,-1,-1,-1,-1,-1,-1,-1,-1,-1,-1,-1,-1,-1,-1,0,0,0,0,0,0,0,0,0,0,0,0,0,0,0,0,0,0,0,0,0,0,0,0,255,139,139,92,0,0,0,1,0,0,0,65,90,100,100,0,0,100,-1,0,100,100,0,1,1,-1,0,0,90,0,0,0,0,92,0,92,0,0,0,0,0,0,[0|0|0|0]
6301204,Dane's Footwork - Attack,0.4,0,0,0,1.2,0.04,6902,-1,-1,1665,1667,6,0,-1,-1,240,0,-1,-1,0,92,92,92,92,135,500,100,100,0,0,0,0,0,0,0,0,0,0,0,0,10,0,0,0,0,0,0,0,0,0,0,0,1,2,0,1,255,1,255,0,255,0,0,0,0,0,0,0,0,0,0,0,4,1,0,0,0,0,0,0,0,0,0,0,-1,-1,2100,2010,-1,-1,-1,-1,-1,-1,-1,-1,-1,-1,-1,-1,-1,-1,-1,-1,-1,-1,-1,-1,-1,-1,-1,-1,-1,-1,-1,-1,0,0,0,0,0,0,0,0,0,0,0,0,-1,-1,-1,-1,-1,-1,-1,-1,-1,-1,-1,-1,-1,-1,-1,-1,-1,-1,-1,-1,-1,-1,-1,-1,0,0,0,0,0,0,0,0,0,0,0,0,0,0,0,0,0,0,0,0,0,0,0,0,255,139,139,92,0,0,0,1,0,0,0,65,90,100,100,0,0,100,-1,0,100,100,0,1,1,-1,0,0,90,0,0,0,0,92,0,92,0,0,0,0,0,0,[0|0|0|0]
6301250,Dane's Footwork - Attack,0.4,0,0,0,1.2,0.04,6902,-1,-1,1665,-1,6,0,-1,-1,940,0,-1,-1,0,106,106,106,106,135,500,100,100,104,0,0,0,0,0,0,0,0,0,0,0,10,0,0,0,0,0,0,0,0,0,0,0,1,0,0,1,255,1,255,0,255,0,0,0,0,0,0,0,0,0,0,0,1,1,0,0,0,0,0,0,0,0,0,0,-1,-1,2100,2010,-1,-1,-1,-1,-1,-1,-1,-1,-1,-1,-1,-1,-1,-1,-1,-1,-1,-1,-1,-1,-1,-1,-1,-1,-1,-1,-1,-1,0,0,0,0,0,0,0,0,0,0,0,0,-1,-1,-1,-1,-1,-1,-1,-1,-1,-1,-1,-1,-1,-1,-1,-1,-1,-1,-1,-1,-1,-1,-1,-1,0,0,0,0,0,0,0,0,0,0,0,0,0,0,0,0,0,0,0,0,0,0,0,0,255,139,139,106,0,0,0,1,0,0,0,65,90,100,100,0,0,100,-1,0,100,110,0,1,1,-1,0,0,120,0,0,0,0,106,0,106,0,0,0,0,0,0,[0|0|0|0]
6301251,Dane's Footwork - Attack,0.4,0,0,0,1.2,0.04,6902,-1,-1,1665,-1,6,0,-1,-1,240,0,-1,-1,0,106,106,106,106,135,500,100,100,104,0,0,0,0,0,0,0,0,0,0,0,10,0,0,0,0,0,0,0,0,0,0,0,1,2,0,1,255,1,255,0,255,0,0,0,0,0,0,0,0,0,0,0,1,1,0,0,0,0,0,0,0,0,0,0,-1,-1,2100,2010,-1,-1,-1,-1,-1,-1,-1,-1,-1,-1,-1,-1,-1,-1,-1,-1,-1,-1,-1,-1,-1,-1,-1,-1,-1,-1,-1,-1,0,0,0,0,0,0,0,0,0,0,0,0,-1,-1,-1,-1,-1,-1,-1,-1,-1,-1,-1,-1,-1,-1,-1,-1,-1,-1,-1,-1,-1,-1,-1,-1,0,0,0,0,0,0,0,0,0,0,0,0,0,0,0,0,0,0,0,0,0,0,0,0,255,139,139,106,0,0,0,1,0,0,0,65,90,100,100,0,0,100,-1,0,100,110,0,1,1,-1,0,0,120,0,0,0,0,106,0,106,0,0,0,0,0,0,[0|0|0|0]
6301300,Dane's Footwork - Attack,0.4,0,0,0,0.5,0.04,6904,-1,-1,1665,-1,5,0,-1,-1,930,0,-1,-1,0,105,105,105,105,90,500,100,100,0,0,0,0,0,0,0,0,0,0,0,0,20,0,0,0,0,0,0,0,0,0,0,0,1,0,0,1,255,1,255,0,255,0,0,0,0,0,0,0,0,0,0,0,4,1,0,0,0,0,0,0,0,9,0,0,-1,-1,2100,2010,-1,-1,-1,-1,-1,-1,-1,-1,-1,-1,-1,-1,-1,-1,-1,-1,-1,-1,-1,-1,-1,-1,-1,-1,-1,-1,-1,-1,0,0,0,0,0,0,0,0,0,0,0,0,-1,-1,-1,-1,-1,-1,-1,-1,-1,-1,-1,-1,-1,-1,-1,-1,-1,-1,-1,-1,-1,-1,-1,-1,0,0,0,0,0,0,0,0,0,0,0,0,0,0,0,0,0,0,0,0,0,0,0,0,255,139,139,105,0,0,0,1,0,0,0,65,90,100,100,0,0,100,-1,0,100,130,0,1,1,-1,0,0,90,0,0,0,0,105,0,105,0,0,0,0,0,0,[0|0|0|0]
6301301,Dane's Footwork - Attack,0.4,0,0,0,0.5,0.04,6904,-1,-1,1665,-1,5,0,-1,-1,240,0,-1,-1,0,105,105,105,105,90,500,100,100,0,0,0,0,0,0,0,0,0,0,0,0,20,0,0,0,0,0,0,0,0,0,0,0,1,2,0,1,255,1,255,0,255,0,0,0,0,0,0,0,0,0,0,0,4,1,0,0,0,0,0,0,0,9,0,0,-1,-1,2100,2010,-1,-1,-1,-1,-1,-1,-1,-1,-1,-1,-1,-1,-1,-1,-1,-1,-1,-1,-1,-1,-1,-1,-1,-1,-1,-1,-1,-1,0,0,0,0,0,0,0,0,0,0,0,0,-1,-1,-1,-1,-1,-1,-1,-1,-1,-1,-1,-1,-1,-1,-1,-1,-1,-1,-1,-1,-1,-1,-1,-1,0,0,0,0,0,0,0,0,0,0,0,0,0,0,0,0,0,0,0,0,0,0,0,0,255,139,139,105,0,0,0,1,0,0,0,65,90,100,100,0,0,100,-1,0,100,130,0,1,1,-1,0,0,90,0,0,0,0,105,0,105,0,0,0,0,0,0,[0|0|0|0]
6301302,Dane's Footwork - Bullet,0.4,0,0,0,0.3,0.04,6904,-1,-1,1665,-1,5,0,-1,-1,240,0,-1,-1,0,94,94,94,94,90,500,100,100,0,0,0,0,0,0,0,0,0,0,0,0,20,0,0,0,0,0,0,0,0,0,0,0,1,2,0,1,255,1,255,0,255,0,0,0,0,0,0,0,0,0,0,0,4,1,0,0,0,0,0,0,0,9,0,0,-1,-1,2100,2010,-1,-1,-1,-1,-1,-1,-1,-1,-1,-1,-1,-1,-1,-1,-1,-1,-1,-1,-1,-1,-1,-1,-1,-1,-1,-1,-1,-1,0,0,0,0,0,0,0,0,0,0,0,0,-1,-1,-1,-1,-1,-1,-1,-1,-1,-1,-1,-1,-1,-1,-1,-1,-1,-1,-1,-1,-1,-1,-1,-1,0,0,0,0,0,0,0,0,0,0,0,0,0,0,0,0,0,0,0,0,0,0,0,0,255,139,139,94,0,0,0,1,0,0,0,65,90,100,100,0,0,100,-1,0,100,130,0,1,1,-1,0,0,90,0,0,0,0,94,0,94,0,0,0,0,0,0,[0|0|0|0]
6301303,Dane's Footwork - Attack,0.4,0,0,0,1.2,0.04,6904,-1,-1,1665,-1,5,0,-1,-1,930,0,-1,-1,0,126,126,126,126,90,500,100,100,0,0,0,0,0,0,0,0,0,0,0,0,20,0,0,0,0,0,0,0,0,0,0,0,1,0,0,1,255,1,255,0,255,0,0,0,0,0,0,0,0,0,0,0,0,1,0,0,0,0,0,0,0,0,0,0,-1,-1,2100,2010,-1,-1,-1,-1,-1,-1,-1,-1,-1,-1,-1,-1,-1,-1,-1,-1,-1,-1,-1,-1,-1,-1,-1,-1,-1,-1,-1,-1,0,0,0,0,0,0,0,0,0,0,0,0,-1,-1,-1,-1,-1,-1,-1,-1,-1,-1,-1,-1,-1,-1,-1,-1,-1,-1,-1,-1,-1,-1,-1,-1,0,0,0,0,0,0,0,0,0,0,0,0,0,0,0,0,0,0,0,0,0,0,0,0,255,139,139,126,0,0,0,1,0,0,0,65,90,100,100,0,0,100,-1,0,100,130,0,1,1,-1,0,0,90,0,0,0,0,126,0,126,0,0,0,0,0,0,[0|0|0|0]
6301304,Dane's Footwork - Attack,0.4,0,0,0,1.2,0.04,6904,-1,-1,1665,-1,5,0,-1,-1,240,0,-1,-1,0,126,126,126,126,90,500,100,100,0,0,0,0,0,0,0,0,0,0,0,0,20,0,0,0,0,0,0,0,0,0,0,0,1,2,0,1,255,1,255,0,255,0,0,0,0,0,0,0,0,0,0,0,0,1,0,0,0,0,0,0,0,0,0,0,-1,-1,2100,2010,-1,-1,-1,-1,-1,-1,-1,-1,-1,-1,-1,-1,-1,-1,-1,-1,-1,-1,-1,-1,-1,-1,-1,-1,-1,-1,-1,-1,0,0,0,0,0,0,0,0,0,0,0,0,-1,-1,-1,-1,-1,-1,-1,-1,-1,-1,-1,-1,-1,-1,-1,-1,-1,-1,-1,-1,-1,-1,-1,-1,0,0,0,0,0,0,0,0,0,0,0,0,0,0,0,0,0,0,0,0,0,0,0,0,255,139,139,126,0,0,0,1,0,0,0,65,90,100,100,0,0,100,-1,0,100,130,0,1,1,-1,0,0,90,0,0,0,0,126,0,126,0,0,0,0,0,0,[0|0|0|0]
6301305,Dane's Footwork - Attack,0.4,0,0,0,0.6,0.04,6906,-1,-1,-1,1667,5,0,-1,-1,930,0,-1,-1,0,130,130,130,130,120,500,100,100,100,0,0,0,0,0,0,0,0,0,0,0,20,0,0,0,0,0,0,0,0,0,0,0,2,0,0,1,255,1,255,0,255,0,0,0,0,0,0,0,0,0,0,0,4,1,0,0,0,0,0,0,0,9,0,0,-1,-1,2100,2010,-1,-1,-1,-1,-1,-1,-1,-1,-1,-1,-1,-1,-1,-1,-1,-1,-1,-1,-1,-1,-1,-1,-1,-1,-1,-1,-1,-1,0,0,0,0,0,0,0,0,0,0,0,0,-1,-1,-1,-1,-1,-1,-1,-1,-1,-1,-1,-1,-1,-1,-1,-1,-1,-1,-1,-1,-1,-1,-1,-1,0,0,0,0,0,0,0,0,0,0,0,0,0,0,0,0,0,0,0,0,0,0,0,0,255,139,139,130,0,0,0,1,0,0,0,65,90,100,100,0,0,100,-1,0,100,150,0,1,1,-1,0,0,350,0,0,0,0,130,0,130,0,0,0,0,0,0,[0|0|0|0]
6301306,Dane's Footwork - Attack,0.4,0,0,0,0.6,0.04,6906,-1,-1,-1,1667,5,0,-1,-1,240,0,-1,-1,0,130,130,130,130,120,500,100,100,100,0,0,0,0,0,0,0,0,0,0,0,20,0,0,0,0,0,0,0,0,0,0,0,2,2,0,1,255,1,255,0,255,0,0,0,0,0,0,0,0,0,0,0,4,1,0,0,0,0,0,0,0,9,0,0,-1,-1,2100,2010,-1,-1,-1,-1,-1,-1,-1,-1,-1,-1,-1,-1,-1,-1,-1,-1,-1,-1,-1,-1,-1,-1,-1,-1,-1,-1,-1,-1,0,0,0,0,0,0,0,0,0,0,0,0,-1,-1,-1,-1,-1,-1,-1,-1,-1,-1,-1,-1,-1,-1,-1,-1,-1,-1,-1,-1,-1,-1,-1,-1,0,0,0,0,0,0,0,0,0,0,0,0,0,0,0,0,0,0,0,0,0,0,0,0,255,139,139,130,0,0,0,1,0,0,0,65,90,100,100,0,0,100,-1,0,100,150,0,1,1,-1,0,0,350,0,0,0,0,130,0,130,0,0,0,0,0,0,[0|0|0|0]
6301307,Dane's Footwork - Bullet,0.4,0,0,0,0.3,0.04,6906,-1,-1,-1,1667,5,0,-1,-1,240,0,-1,-1,0,115,115,115,115,120,500,100,100,100,0,0,0,0,0,0,0,0,0,0,0,20,0,0,0,0,0,0,0,0,0,0,0,2,2,0,1,255,1,255,0,255,0,0,0,0,0,0,0,0,0,0,0,4,1,0,0,0,0,0,0,0,9,0,0,-1,-1,2100,2010,-1,-1,-1,-1,-1,-1,-1,-1,-1,-1,-1,-1,-1,-1,-1,-1,-1,-1,-1,-1,-1,-1,-1,-1,-1,-1,-1,-1,0,0,0,0,0,0,0,0,0,0,0,0,-1,-1,-1,-1,-1,-1,-1,-1,-1,-1,-1,-1,-1,-1,-1,-1,-1,-1,-1,-1,-1,-1,-1,-1,0,0,0,0,0,0,0,0,0,0,0,0,0,0,0,0,0,0,0,0,0,0,0,0,255,139,139,115,0,0,0,1,0,0,0,65,90,100,100,0,0,100,-1,0,100,150,0,1,1,-1,0,0,350,0,0,0,0,115,0,115,0,0,0,0,0,0,[0|0|0|0]
6301308,Dane's Footwork - Attack,0.4,0,0,0,1.2,0.04,6906,-1,-1,-1,1667,5,0,-1,-1,930,0,-1,-1,0,150,150,150,150,120,500,100,100,100,0,0,0,0,0,0,0,0,0,0,0,20,0,0,0,0,0,0,0,0,0,0,0,2,0,0,1,255,1,255,0,255,0,0,0,0,0,0,0,0,0,0,0,0,1,0,0,0,0,0,0,0,0,0,0,-1,-1,2100,2010,-1,-1,-1,-1,-1,-1,-1,-1,-1,-1,-1,-1,-1,-1,-1,-1,-1,-1,-1,-1,-1,-1,-1,-1,-1,-1,-1,-1,0,0,0,0,0,0,0,0,0,0,0,0,-1,-1,-1,-1,-1,-1,-1,-1,-1,-1,-1,-1,-1,-1,-1,-1,-1,-1,-1,-1,-1,-1,-1,-1,0,0,0,0,0,0,0,0,0,0,0,0,0,0,0,0,0,0,0,0,0,0,0,0,255,139,139,150,0,0,0,1,0,0,0,65,90,100,100,0,0,100,-1,0,100,150,0,1,1,-1,0,0,350,0,0,0,0,150,0,150,0,0,0,0,0,0,[0|0|0|0]
6301309,Dane's Footwork - Attack,0.4,0,0,0,1.2,0.04,6906,-1,-1,-1,1667,5,0,-1,-1,240,0,-1,-1,0,150,150,150,150,120,500,100,100,100,0,0,0,0,0,0,0,0,0,0,0,20,0,0,0,0,0,0,0,0,0,0,0,2,2,0,1,255,1,255,0,255,0,0,0,0,0,0,0,0,0,0,0,0,1,0,0,0,0,0,0,0,0,0,0,-1,-1,2100,2010,-1,-1,-1,-1,-1,-1,-1,-1,-1,-1,-1,-1,-1,-1,-1,-1,-1,-1,-1,-1,-1,-1,-1,-1,-1,-1,-1,-1,0,0,0,0,0,0,0,0,0,0,0,0,-1,-1,-1,-1,-1,-1,-1,-1,-1,-1,-1,-1,-1,-1,-1,-1,-1,-1,-1,-1,-1,-1,-1,-1,0,0,0,0,0,0,0,0,0,0,0,0,0,0,0,0,0,0,0,0,0,0,0,0,255,139,139,150,0,0,0,1,0,0,0,65,90,100,100,0,0,100,-1,0,100,150,0,1,1,-1,0,0,350,0,0,0,0,150,0,150,0,0,0,0,0,0,[0|0|0|0]
6301310,Dane's Footwork - Attack,0.4,0.2,0,0,0.5,0.04,6906,-1,-1,-1,1667,2,2,-1,-1,-1,-1,-1,-1,0,105,105,105,105,60,500,100,100,0,0,0,0,0,0,0,0,0,0,0,0,20,0,0,0,0,2,0,0,0,0,0,0,1,0,0,1,255,1,255,0,255,0,0,0,0,0,0,0,0,0,0,0,3,1,0,0,0,0,0,0,0,9,0,0,-1,-1,2100,2010,-1,-1,-1,-1,-1,-1,-1,-1,-1,-1,-1,-1,-1,-1,-1,-1,-1,-1,-1,-1,-1,-1,-1,-1,-1,-1,-1,-1,0,0,0,0,0,0,0,0,0,0,0,0,-1,-1,-1,-1,-1,-1,-1,-1,-1,-1,-1,-1,-1,-1,-1,-1,-1,-1,-1,-1,-1,-1,-1,-1,0,0,0,0,0,0,0,0,0,0,0,0,0,0,0,0,0,0,0,0,0,0,0,0,255,139,139,105,0,0,0,1,0,0,0,65,90,100,100,0,0,100,-1,0,100,150,0,1,1,-1,0,0,60,0,0,0,0,105,0,105,0,0,0,0,0,0,[0|0|0|0]
6301311,Dane's Footwork - Bullet,0.4,0.2,0,0,0.3,0.04,6906,-1,-1,-1,1667,2,2,-1,-1,-1,-1,-1,-1,0,94,94,94,94,60,500,100,100,0,0,0,0,0,0,0,0,0,0,0,0,20,0,0,0,0,2,0,0,0,0,0,0,1,0,0,1,255,1,255,0,255,0,0,0,0,0,0,0,0,0,0,0,3,1,0,0,0,0,0,0,0,9,0,0,-1,-1,2100,2010,-1,-1,-1,-1,-1,-1,-1,-1,-1,-1,-1,-1,-1,-1,-1,-1,-1,-1,-1,-1,-1,-1,-1,-1,-1,-1,-1,-1,0,0,0,0,0,0,0,0,0,0,0,0,-1,-1,-1,-1,-1,-1,-1,-1,-1,-1,-1,-1,-1,-1,-1,-1,-1,-1,-1,-1,-1,-1,-1,-1,0,0,0,0,0,0,0,0,0,0,0,0,0,0,0,0,0,0,0,0,0,0,0,0,255,139,139,94,0,0,0,1,0,0,0,65,90,100,100,0,0,100,-1,0,100,150,0,1,1,-1,0,0,60,0,0,0,0,94,0,94,0,0,0,0,0,0,[0|0|0|0]
6301312,Dane's Footwork - Bullet,0.4,0,0,0,0.3,0.04,6906,-1,-1,-1,1667,5,0,-1,-1,930,0,-1,-1,0,110,110,110,110,90,500,100,100,0,0,0,0,0,0,0,0,0,0,0,0,20,0,0,0,0,0,0,0,0,0,0,0,1,0,0,1,255,1,255,0,255,0,0,0,0,0,0,0,0,0,0,0,0,1,0,0,0,0,0,0,0,0,0,0,-1,-1,2100,2010,-1,-1,-1,-1,-1,-1,-1,-1,-1,-1,-1,-1,-1,-1,-1,-1,-1,-1,-1,-1,-1,-1,-1,-1,-1,-1,-1,-1,0,0,0,0,0,0,0,0,0,0,0,0,-1,-1,-1,-1,-1,-1,-1,-1,-1,-1,-1,-1,-1,-1,-1,-1,-1,-1,-1,-1,-1,-1,-1,-1,0,0,0,0,0,0,0,0,0,0,0,0,0,0,0,0,0,0,0,0,0,0,0,0,255,139,139,110,0,0,0,1,0,0,0,65,90,100,100,0,0,100,-1,0,100,150,0,1,1,-1,0,0,90,0,0,0,0,110,0,110,0,0,0,0,0,0,[0|0|0|0]
6301313,Dane's Footwork - Attack,0.4,0,0,0,1.2,0.04,6906,-1,-1,-1,1667,5,0,-1,-1,930,0,-1,-1,0,126,126,126,126,90,500,100,100,0,0,0,0,0,0,0,0,0,0,0,0,20,0,0,0,0,0,0,0,0,0,0,0,1,0,0,1,255,1,255,0,255,0,0,0,0,0,0,0,0,0,0,0,0,1,0,0,0,0,0,0,0,0,0,0,-1,-1,2100,2010,-1,-1,-1,-1,-1,-1,-1,-1,-1,-1,-1,-1,-1,-1,-1,-1,-1,-1,-1,-1,-1,-1,-1,-1,-1,-1,-1,-1,0,0,0,0,0,0,0,0,0,0,0,0,-1,-1,-1,-1,-1,-1,-1,-1,-1,-1,-1,-1,-1,-1,-1,-1,-1,-1,-1,-1,-1,-1,-1,-1,0,0,0,0,0,0,0,0,0,0,0,0,0,0,0,0,0,0,0,0,0,0,0,0,255,139,139,126,0,0,0,1,0,0,0,65,90,100,100,0,0,100,-1,0,100,150,0,1,1,-1,0,0,90,0,0,0,0,126,0,126,0,0,0,0,0,0,[0|0|0|0]
6301314,Dane's Footwork - Attack,0.4,0,0,0,1.2,0.04,6906,-1,-1,-1,1667,5,0,-1,-1,240,0,-1,-1,0,126,126,126,126,90,500,100,100,0,0,0,0,0,0,0,0,0,0,0,0,20,0,0,0,0,0,0,0,0,0,0,0,1,2,0,1,255,1,255,0,255,0,0,0,0,0,0,0,0,0,0,0,0,1,0,0,0,0,0,0,0,0,0,0,-1,-1,2100,2010,-1,-1,-1,-1,-1,-1,-1,-1,-1,-1,-1,-1,-1,-1,-1,-1,-1,-1,-1,-1,-1,-1,-1,-1,-1,-1,-1,-1,0,0,0,0,0,0,0,0,0,0,0,0,-1,-1,-1,-1,-1,-1,-1,-1,-1,-1,-1,-1,-1,-1,-1,-1,-1,-1,-1,-1,-1,-1,-1,-1,0,0,0,0,0,0,0,0,0,0,0,0,0,0,0,0,0,0,0,0,0,0,0,0,255,139,139,126,0,0,0,1,0,0,0,65,90,100,100,0,0,100,-1,0,100,150,0,1,1,-1,0,0,90,0,0,0,0,126,0,126,0,0,0,0,0,0,[0|0|0|0]
6301315,Dane's Footwork - Attack,0.4,0.2,0,0,0.6,0.04,6906,-1,-1,-1,1667,2,2,-1,-1,-1,-1,-1,-1,0,130,130,130,130,80,500,100,100,100,0,0,0,0,0,0,0,0,0,0,0,20,0,0,0,0,2,0,0,0,0,0,0,2,0,0,1,255,1,255,0,255,0,0,0,0,0,0,0,0,0,0,0,3,1,0,0,0,0,0,0,0,9,0,0,-1,-1,2100,2010,-1,-1,-1,-1,-1,-1,-1,-1,-1,-1,-1,-1,-1,-1,-1,-1,-1,-1,-1,-1,-1,-1,-1,-1,-1,-1,-1,-1,0,0,0,0,0,0,0,0,0,0,0,0,-1,-1,-1,-1,-1,-1,-1,-1,-1,-1,-1,-1,-1,-1,-1,-1,-1,-1,-1,-1,-1,-1,-1,-1,0,0,0,0,0,0,0,0,0,0,0,0,0,0,0,0,0,0,0,0,0,0,0,0,255,139,139,130,0,0,0,1,0,0,0,65,90,100,100,0,0,100,-1,0,100,150,0,1,1,-1,0,0,300,0,0,0,0,130,0,130,0,0,0,0,0,0,[0|0|0|0]
6301316,Dane's Footwork - Bullet,0.4,0.2,0,0,0.3,0.04,6906,-1,-1,-1,1667,2,2,-1,-1,-1,-1,-1,-1,0,115,115,115,115,80,500,100,100,100,0,0,0,0,0,0,0,0,0,0,0,20,0,0,0,0,2,0,0,0,0,0,0,2,0,0,1,255,1,255,0,255,0,0,0,0,0,0,0,0,0,0,0,3,1,0,0,0,0,0,0,0,9,0,0,-1,-1,2100,2010,-1,-1,-1,-1,-1,-1,-1,-1,-1,-1,-1,-1,-1,-1,-1,-1,-1,-1,-1,-1,-1,-1,-1,-1,-1,-1,-1,-1,0,0,0,0,0,0,0,0,0,0,0,0,-1,-1,-1,-1,-1,-1,-1,-1,-1,-1,-1,-1,-1,-1,-1,-1,-1,-1,-1,-1,-1,-1,-1,-1,0,0,0,0,0,0,0,0,0,0,0,0,0,0,0,0,0,0,0,0,0,0,0,0,255,139,139,115,0,0,0,1,0,0,0,65,90,100,100,0,0,100,-1,0,100,150,0,1,1,-1,0,0,300,0,0,0,0,115,0,115,0,0,0,0,0,0,[0|0|0|0]
6301317,Dane's Footwork - Bullet,0.4,0,0,0,0.3,0.04,6906,-1,-1,-1,1667,5,0,-1,-1,930,0,-1,-1,0,135,135,135,135,120,500,100,100,100,0,0,0,0,0,0,0,0,0,0,0,20,0,0,0,0,0,0,0,0,0,0,0,2,0,0,1,255,1,255,0,255,0,0,0,0,0,0,0,0,0,0,0,0,1,0,0,0,0,0,0,0,0,0,0,-1,-1,2100,2010,-1,-1,-1,-1,-1,-1,-1,-1,-1,-1,-1,-1,-1,-1,-1,-1,-1,-1,-1,-1,-1,-1,-1,-1,-1,-1,-1,-1,0,0,0,0,0,0,0,0,0,0,0,0,-1,-1,-1,-1,-1,-1,-1,-1,-1,-1,-1,-1,-1,-1,-1,-1,-1,-1,-1,-1,-1,-1,-1,-1,0,0,0,0,0,0,0,0,0,0,0,0,0,0,0,0,0,0,0,0,0,0,0,0,255,139,139,135,0,0,0,1,0,0,0,65,90,100,100,0,0,100,-1,0,100,150,0,1,1,-1,0,0,350,0,0,0,0,135,0,135,0,0,0,0,0,0,[0|0|0|0]
6301318,Dane's Footwork - Attack,0.4,0,0,0,1.2,0.04,6906,-1,-1,-1,1667,5,0,-1,-1,930,0,-1,-1,0,150,150,150,150,120,500,100,100,100,0,0,0,0,0,0,0,0,0,0,0,20,0,0,0,0,0,0,0,0,0,0,0,2,0,0,1,255,1,255,0,255,0,0,0,0,0,0,0,0,0,0,0,0,1,0,0,0,0,0,0,0,0,0,0,-1,-1,2100,2010,-1,-1,-1,-1,-1,-1,-1,-1,-1,-1,-1,-1,-1,-1,-1,-1,-1,-1,-1,-1,-1,-1,-1,-1,-1,-1,-1,-1,0,0,0,0,0,0,0,0,0,0,0,0,-1,-1,-1,-1,-1,-1,-1,-1,-1,-1,-1,-1,-1,-1,-1,-1,-1,-1,-1,-1,-1,-1,-1,-1,0,0,0,0,0,0,0,0,0,0,0,0,0,0,0,0,0,0,0,0,0,0,0,0,255,139,139,150,0,0,0,1,0,0,0,65,90,100,100,0,0,100,-1,0,100,150,0,1,1,-1,0,0,350,0,0,0,0,150,0,150,0,0,0,0,0,0,[0|0|0|0]
6301319,Dane's Footwork - Attack,0.4,0,0,0,1.2,0.04,6906,-1,-1,-1,1667,5,0,-1,-1,240,0,-1,-1,0,150,150,150,150,120,500,100,100,100,0,0,0,0,0,0,0,0,0,0,0,20,0,0,0,0,0,0,0,0,0,0,0,2,2,0,1,255,1,255,0,255,0,0,0,0,0,0,0,0,0,0,0,0,1,0,0,0,0,0,0,0,0,0,0,-1,-1,2100,2010,-1,-1,-1,-1,-1,-1,-1,-1,-1,-1,-1,-1,-1,-1,-1,-1,-1,-1,-1,-1,-1,-1,-1,-1,-1,-1,-1,-1,0,0,0,0,0,0,0,0,0,0,0,0,-1,-1,-1,-1,-1,-1,-1,-1,-1,-1,-1,-1,-1,-1,-1,-1,-1,-1,-1,-1,-1,-1,-1,-1,0,0,0,0,0,0,0,0,0,0,0,0,0,0,0,0,0,0,0,0,0,0,0,0,255,139,139,150,0,0,0,1,0,0,0,65,90,100,100,0,0,100,-1,0,100,150,0,1,1,-1,0,0,350,0,0,0,0,150,0,150,0,0,0,0,0,0,[0|0|0|0]
6301400,Dane's Footwork - Attack,0.4,0,0,0,0.7,0.08,6902,-1,-1,-1,1667,6,0,-1,-1,940,0,-1,-1,0,100,100,100,100,150,100,100,100,0,0,0,0,0,0,0,0,0,0,0,0,10,0,0,0,0,0,0,0,0,0,0,0,1,0,0,1,255,1,255,0,255,0,0,0,0,0,0,0,0,0,0,0,3,1,0,0,0,0,0,0,0,0,0,0,-1,-1,2100,2010,-1,-1,-1,-1,-1,-1,-1,-1,-1,-1,-1,-1,-1,-1,-1,-1,-1,-1,-1,-1,-1,-1,-1,-1,-1,-1,-1,-1,0,0,0,0,0,0,0,0,0,0,0,0,-1,-1,-1,-1,-1,-1,-1,-1,-1,-1,-1,-1,-1,-1,-1,-1,-1,-1,-1,-1,-1,-1,-1,-1,0,0,0,0,0,0,0,0,0,0,0,0,0,0,0,0,0,0,0,0,0,0,0,0,255,139,139,100,0,0,0,0,0,0,0,100,100,100,100,0,0,100,-1,0,100,100,0,1,1,-1,0,0,150,0,0,0,0,100,0,100,0,0,0,0,0,0,[0|0|0|0]
6301401,Dane's Footwork - Attack,0.4,0,0,0,0.7,0.08,6902,-1,-1,-1,1667,6,0,-1,-1,240,0,-1,-1,0,100,100,100,100,150,100,100,100,0,0,0,0,0,0,0,0,0,0,0,0,10,0,0,0,0,0,0,0,0,0,0,0,1,2,0,1,255,1,255,0,255,0,0,0,0,0,0,0,0,0,0,0,3,1,0,0,0,0,0,0,0,0,0,0,-1,-1,2100,2010,-1,-1,-1,-1,-1,-1,-1,-1,-1,-1,-1,-1,-1,-1,-1,-1,-1,-1,-1,-1,-1,-1,-1,-1,-1,-1,-1,-1,0,0,0,0,0,0,0,0,0,0,0,0,-1,-1,-1,-1,-1,-1,-1,-1,-1,-1,-1,-1,-1,-1,-1,-1,-1,-1,-1,-1,-1,-1,-1,-1,0,0,0,0,0,0,0,0,0,0,0,0,0,0,0,0,0,0,0,0,0,0,0,0,255,139,139,100,0,0,0,0,0,0,0,100,100,100,100,0,0,100,-1,0,100,100,0,1,1,-1,0,0,150,0,0,0,0,100,0,100,0,0,0,0,0,0,[0|0|0|0]
6400000,Reverse-hand Blade - Default Attack,0.4,0.2,0,0,1.15,0.08,6902,-1,-1,1665,-1,100,120,-1,-1,110,-1,-1,-1,0,100,100,100,100,100,100,100,100,0,0,0,0,0,0,0,0,0,0,0,0,10,0,0,0,0,2,0,0,0,0,0,0,1,0,0,253,255,0,255,0,255,0,0,0,0,0,0,0,0,0,0,0,0,1,0,0,0,0,0,0,0,0,0,0,-1,-1,2100,2010,-1,-1,-1,-1,-1,-1,-1,-1,-1,-1,-1,-1,-1,-1,-1,-1,-1,-1,-1,-1,-1,-1,-1,-1,-1,-1,-1,-1,0,0,0,0,0,0,0,0,0,0,0,0,-1,-1,-1,-1,-1,-1,-1,-1,-1,-1,-1,-1,-1,-1,-1,-1,-1,-1,-1,-1,-1,-1,-1,-1,0,0,0,0,0,0,0,0,0,0,0,0,0,0,0,0,0,0,0,0,0,0,0,0,255,139,139,100,0,0,0,0,0,0,0,100,100,100,100,0,0,100,-1,0,100,100,0,1,1,-1,0,0,100,0,0,0,0,100,0,100,0,0,0,0,130,0,[0|0|0|0]
6400010,Reverse-hand Blade - Default Attack,0.4,0.2,0,0,1.1,0.08,6902,-1,-1,1665,-1,100,120,-1,-1,110,-1,-1,-1,0,101,101,101,101,100,100,100,100,0,0,0,0,0,0,0,0,0,0,0,0,10,0,0,0,0,2,0,0,0,0,0,0,1,0,0,253,255,0,255,0,255,0,0,0,0,0,0,0,0,0,0,0,4,1,0,0,0,0,0,0,0,0,0,0,-1,-1,2100,2010,-1,-1,-1,-1,-1,-1,-1,-1,-1,-1,-1,-1,-1,-1,-1,-1,-1,-1,-1,-1,-1,-1,-1,-1,-1,-1,-1,-1,0,0,0,0,0,0,0,0,0,0,0,0,-1,-1,-1,-1,-1,-1,-1,-1,-1,-1,-1,-1,-1,-1,-1,-1,-1,-1,-1,-1,-1,-1,-1,-1,0,0,0,0,0,0,0,0,0,0,0,0,0,0,0,0,0,0,0,0,0,0,0,0,255,139,139,101,0,0,0,0,0,0,0,100,100,100,100,0,0,100,-1,0,100,100,0,1,1,-1,0,0,100,0,0,0,0,101,0,101,0,0,0,0,130,0,[0|0|0|0]
6400020,Reverse-hand Blade - Default Attack,0.4,0.2,0,0,1.15,0.08,6902,-1,-1,1665,-1,100,120,-1,-1,110,-1,-1,-1,0,102,102,102,102,100,100,100,100,0,0,0,0,0,0,0,0,0,0,0,0,10,0,0,0,0,2,0,0,0,0,0,0,1,0,0,252,255,2,255,0,255,0,0,0,0,0,0,0,0,0,0,0,0,1,0,0,0,0,0,0,0,0,0,0,-1,-1,2100,2010,-1,-1,-1,-1,-1,-1,-1,-1,-1,-1,-1,-1,-1,-1,-1,-1,-1,-1,-1,-1,-1,-1,-1,-1,-1,-1,-1,-1,0,0,0,0,0,0,0,0,0,0,0,0,-1,-1,-1,-1,-1,-1,-1,-1,-1,-1,-1,-1,-1,-1,-1,-1,-1,-1,-1,-1,-1,-1,-1,-1,0,0,0,0,0,0,0,0,0,0,0,0,0,0,0,0,0,0,0,0,0,0,0,0,255,139,139,102,0,0,0,0,0,0,0,100,100,100,100,0,0,100,-1,0,100,105,0,1,1,-1,0,0,100,0,0,0,0,102,0,102,0,0,0,0,130,0,[0|0|0|0]
6400030,Reverse-hand Blade - Default Attack,0.4,0.2,0,0,0.85,0.08,6902,-1,-1,1665,-1,100,120,-1,-1,110,-1,-1,-1,0,103,103,103,103,100,100,100,100,0,0,0,0,0,0,0,0,0,0,0,0,10,0,0,0,0,2,0,0,0,0,0,0,1,0,0,253,255,0,255,0,255,0,0,0,0,0,0,0,0,0,0,0,3,1,0,0,0,0,0,0,0,0,0,0,-1,-1,2100,2010,-1,-1,-1,-1,-1,-1,-1,-1,-1,-1,-1,-1,-1,-1,-1,-1,-1,-1,-1,-1,-1,-1,-1,-1,-1,-1,-1,-1,0,0,0,0,0,0,0,0,0,0,0,0,-1,-1,-1,-1,-1,-1,-1,-1,-1,-1,-1,-1,-1,-1,-1,-1,-1,-1,-1,-1,-1,-1,-1,-1,0,0,0,0,0,0,0,0,0,0,0,0,0,0,0,0,0,0,0,0,0,0,0,0,255,139,139,103,0,0,0,0,0,0,0,100,100,100,100,0,0,100,-1,0,100,105,0,1,1,-1,0,0,100,0,0,0,0,103,0,103,0,0,0,0,130,0,[0|0|0|0]
6400040,Reverse-hand Blade - Default Attack,0.4,0.2,0,0,1.15,0.08,6902,-1,-1,1665,-1,100,120,-1,-1,110,-1,-1,-1,0,104,104,104,104,100,100,100,100,0,0,0,0,0,0,0,0,0,0,0,0,10,0,0,0,0,2,0,0,0,0,0,0,1,0,0,253,255,0,255,0,255,0,0,0,0,0,0,0,0,0,0,0,4,1,0,0,0,0,0,0,0,0,0,0,-1,-1,2100,2010,-1,-1,-1,-1,-1,-1,-1,-1,-1,-1,-1,-1,-1,-1,-1,-1,-1,-1,-1,-1,-1,-1,-1,-1,-1,-1,-1,-1,0,0,0,0,0,0,0,0,0,0,0,0,-1,-1,-1,-1,-1,-1,-1,-1,-1,-1,-1,-1,-1,-1,-1,-1,-1,-1,-1,-1,-1,-1,-1,-1,0,0,0,0,0,0,0,0,0,0,0,0,0,0,0,0,0,0,0,0,0,0,0,0,255,139,139,104,0,0,0,0,0,0,0,100,100,100,100,0,0,100,-1,0,100,105,0,1,1,-1,0,0,100,0,0,0,0,104,0,104,0,0,0,0,130,0,[0|0|0|0]
6400050,Reverse-hand Blade - Default Attack,0.4,0.2,0,0,1.2,0.08,6902,-1,-1,1665,-1,110,120,-1,-1,100,-1,-1,-1,0,110,110,110,110,100,100,100,100,104,0,0,0,0,0,0,0,0,0,0,0,10,0,0,0,0,2,0,0,0,0,0,0,2,0,0,253,255,0,255,0,255,0,0,0,0,0,0,0,0,0,0,0,0,1,0,0,0,0,0,0,0,0,0,0,-1,-1,2100,2010,-1,-1,-1,-1,-1,-1,-1,-1,-1,-1,-1,-1,-1,-1,-1,-1,-1,-1,-1,-1,-1,-1,-1,-1,-1,-1,-1,-1,0,0,0,0,0,0,0,0,0,0,0,0,-1,-1,-1,-1,-1,-1,-1,-1,-1,-1,-1,-1,-1,-1,-1,-1,-1,-1,-1,-1,-1,-1,-1,-1,0,0,0,0,0,0,0,0,0,0,0,0,0,0,0,0,0,0,0,0,0,0,0,0,255,139,139,110,0,0,0,0,0,0,0,100,100,100,100,0,0,100,-1,0,100,110,0,1,1,-1,0,0,200,0,0,0,0,110,0,110,0,0,0,0,130,0,[0|0|0|0]
6400100,Reverse-hand Blade - Default Attack,0.4,0.2,0,0,1.7,0.08,6904,-1,-1,1665,-1,100,120,-1,-1,110,-1,-1,-1,0,125,125,125,125,140,120,100,100,0,0,0,0,0,0,0,0,0,0,0,0,10,0,0,0,0,2,0,0,0,0,0,0,2,0,0,253,255,0,255,0,255,0,0,0,0,0,0,0,0,0,0,0,4,1,0,0,0,0,0,0,0,0,0,0,-1,-1,2100,2010,-1,-1,-1,-1,-1,-1,-1,-1,-1,-1,-1,-1,-1,-1,-1,-1,-1,-1,-1,-1,-1,-1,-1,-1,-1,-1,-1,-1,0,0,0,0,0,0,0,0,0,0,0,0,-1,-1,-1,-1,-1,-1,-1,-1,-1,-1,-1,-1,-1,-1,-1,-1,-1,-1,-1,-1,-1,-1,-1,-1,0,0,0,0,0,0,0,0,0,0,0,0,0,0,0,0,0,0,0,0,0,0,0,0,255,139,139,125,0,0,0,0,0,0,0,100,100,100,100,0,0,100,-1,0,100,130,0,1,1,-1,0,0,200,0,0,0,0,125,0,125,0,0,0,0,130,0,[0|0|0|0]
6400101,Reverse-hand Blade - Default Attack,0.4,0.2,0,0,1.7,0.08,6904,-1,-1,1665,-1,100,120,-1,-1,110,-1,-1,-1,0,125,125,125,125,140,120,100,100,0,0,0,0,0,0,0,0,0,0,0,0,10,0,0,0,0,2,0,0,0,0,0,0,2,0,0,253,255,0,255,0,255,0,0,0,0,0,0,0,0,0,0,0,3,1,0,0,0,0,0,0,0,0,0,0,-1,-1,2100,2010,-1,-1,-1,-1,-1,-1,-1,-1,-1,-1,-1,-1,-1,-1,-1,-1,-1,-1,-1,-1,-1,-1,-1,-1,-1,-1,-1,-1,0,0,0,0,0,0,0,0,0,0,0,0,-1,-1,-1,-1,-1,-1,-1,-1,-1,-1,-1,-1,-1,-1,-1,-1,-1,-1,-1,-1,-1,-1,-1,-1,0,0,0,0,0,0,0,0,0,0,0,0,0,0,0,0,0,0,0,0,0,0,0,0,255,139,139,125,0,0,0,0,0,0,0,100,100,100,100,0,0,100,-1,0,100,130,0,1,1,-1,0,0,200,0,0,0,0,125,0,125,0,0,0,0,130,0,[0|0|0|0]
6400105,Reverse-hand Blade - Default Attack,0.4,0.2,0,0,1.75,0.08,6906,-1,-1,1665,-1,100,120,-1,-1,110,-1,-1,-1,0,160,160,160,160,200,400,100,100,100,0,0,0,0,0,0,0,0,0,0,0,10,0,0,0,0,2,0,0,0,0,0,0,2,0,0,253,255,0,255,0,255,0,0,0,0,0,0,0,0,0,0,0,4,1,0,0,0,0,0,0,0,0,0,0,-1,-1,2100,2010,-1,-1,-1,-1,-1,-1,-1,-1,-1,-1,-1,-1,-1,-1,-1,-1,-1,-1,-1,-1,-1,-1,-1,-1,-1,-1,-1,-1,0,0,0,0,0,0,0,0,0,0,0,0,-1,-1,-1,-1,-1,-1,-1,-1,-1,-1,-1,-1,-1,-1,-1,-1,-1,-1,-1,-1,-1,-1,-1,-1,0,0,0,0,0,0,0,0,0,0,0,0,0,0,0,0,0,0,0,0,0,0,0,0,255,139,139,160,0,0,0,0,0,0,0,100,100,100,100,0,0,100,-1,0,100,150,0,1,1,-1,0,0,600,0,0,0,0,160,0,160,0,0,0,0,130,0,[0|0|0|0]
6400106,Reverse-hand Blade - Default Attack,0.4,0.2,0,0,1.85,0.08,6906,-1,-1,1665,-1,100,120,-1,-1,110,-1,-1,-1,0,160,160,160,160,200,400,100,100,100,0,0,0,0,0,0,0,0,0,0,0,10,0,0,0,0,2,0,0,0,0,0,0,2,0,0,253,255,0,255,0,255,0,0,0,0,0,0,0,0,0,0,0,3,1,0,0,0,0,0,0,0,0,0,0,-1,-1,2100,2010,-1,-1,-1,-1,-1,-1,-1,-1,-1,-1,-1,-1,-1,-1,-1,-1,-1,-1,-1,-1,-1,-1,-1,-1,-1,-1,-1,-1,0,0,0,0,0,0,0,0,0,0,0,0,-1,-1,-1,-1,-1,-1,-1,-1,-1,-1,-1,-1,-1,-1,-1,-1,-1,-1,-1,-1,-1,-1,-1,-1,0,0,0,0,0,0,0,0,0,0,0,0,0,0,0,0,0,0,0,0,0,0,0,0,255,139,139,160,0,0,0,0,0,0,0,100,100,100,100,0,0,100,-1,0,100,150,0,1,1,-1,0,0,600,0,0,0,0,160,0,160,0,0,0,0,130,0,[0|0|0|0]
6400110,Reverse-hand Blade - Default Attack,0.4,0.2,0,0,1.65,0.08,6904,-1,-1,1665,-1,100,120,-1,-1,110,-1,-1,-1,0,125,125,125,125,125,125,100,100,0,0,0,0,0,0,0,0,0,0,0,0,10,0,0,0,0,2,0,0,0,0,0,0,2,0,0,253,255,0,255,0,255,0,0,0,0,0,0,0,0,0,0,0,0,1,0,0,0,0,0,0,0,0,0,0,-1,-1,2100,2010,-1,-1,-1,-1,-1,-1,-1,-1,-1,-1,-1,-1,-1,-1,-1,-1,-1,-1,-1,-1,-1,-1,-1,-1,-1,-1,-1,-1,0,0,0,0,0,0,0,0,0,0,0,0,-1,-1,-1,-1,-1,-1,-1,-1,-1,-1,-1,-1,-1,-1,-1,-1,-1,-1,-1,-1,-1,-1,-1,-1,0,0,0,0,0,0,0,0,0,0,0,0,0,0,0,0,0,0,0,0,0,0,0,0,255,139,139,125,0,0,0,0,0,0,0,100,100,100,100,0,0,100,-1,0,100,130,0,1,1,-1,0,0,200,0,0,0,0,125,0,125,0,0,0,0,130,0,[0|0|0|0]
6400115,Reverse-hand Blade - Default Attack,0.4,0.2,0,0,1.75,0.04,6904,-1,-1,-1,-1,100,120,-1,-1,110,-1,-1,-1,0,125,125,125,125,125,125,100,100,100,0,0,0,0,0,0,0,0,0,0,0,10,0,0,0,0,2,0,0,0,0,0,0,2,0,0,253,255,0,255,0,255,0,0,0,0,0,0,0,0,0,0,0,4,1,0,0,0,0,0,0,0,0,0,0,-1,-1,2100,2010,-1,-1,-1,-1,-1,-1,-1,-1,-1,-1,-1,-1,-1,-1,-1,-1,-1,-1,-1,-1,-1,-1,-1,-1,-1,-1,-1,-1,0,0,0,0,0,0,0,0,0,0,0,0,-1,-1,-1,-1,-1,-1,-1,-1,-1,-1,-1,-1,-1,-1,-1,-1,-1,-1,-1,-1,-1,-1,-1,-1,0,0,0,0,0,0,0,0,0,0,0,0,0,0,0,0,0,0,0,0,0,0,0,0,255,139,139,125,0,0,0,0,0,0,0,65,90,100,100,0,0,100,-1,0,100,130,0,1,1,-1,0,0,200,0,0,0,0,125,0,125,0,0,0,0,130,0,[0|0|0|0]
6400116,Reverse-hand Blade - Default Attack,0.4,0.2,0,0,1.25,0.08,6906,-1,-1,1665,-1,100,120,-1,-1,110,-1,-1,-1,0,135,135,135,135,200,400,100,100,100,0,0,0,0,0,0,0,0,0,0,0,10,0,0,0,0,2,0,0,0,0,0,0,2,0,0,253,255,0,255,0,255,0,0,0,0,0,0,0,0,0,0,0,0,1,0,0,0,0,0,0,0,0,0,0,-1,-1,2100,2010,-1,-1,-1,-1,-1,-1,-1,-1,-1,-1,-1,-1,-1,-1,-1,-1,-1,-1,-1,-1,-1,-1,-1,-1,-1,-1,-1,-1,0,0,0,0,0,0,0,0,0,0,0,0,-1,-1,-1,-1,-1,-1,-1,-1,-1,-1,-1,-1,-1,-1,-1,-1,-1,-1,-1,-1,-1,-1,-1,-1,0,0,0,0,0,0,0,0,0,0,0,0,0,0,0,0,0,0,0,0,0,0,0,0,255,139,139,135,0,0,0,0,0,0,0,65,90,100,100,0,0,100,-1,-1,100,150,0,1,1,-1,0,0,400,0,0,0,0,135,0,135,0,0,0,0,130,0,[0|0|0|0]
6400120,Reverse-hand Blade - Default Attack,0.4,0.2,0,0,1.3,0.08,6903,-1,-1,1665,-1,100,120,-1,-1,110,-1,-1,-1,0,105,105,105,105,120,120,100,100,122,0,0,0,0,0,0,0,0,0,0,0,10,0,0,0,0,2,0,0,0,0,0,0,1,0,0,253,255,0,255,0,255,0,0,0,0,0,0,0,0,0,0,0,0,1,0,0,0,0,0,0,0,0,0,0,-1,-1,2100,2010,-1,-1,-1,-1,-1,-1,-1,-1,-1,-1,-1,-1,-1,-1,-1,-1,-1,-1,-1,-1,-1,-1,-1,-1,-1,-1,-1,-1,0,0,0,0,0,0,0,0,0,0,0,0,-1,-1,-1,-1,-1,-1,-1,-1,-1,-1,-1,-1,-1,-1,-1,-1,-1,-1,-1,-1,-1,-1,-1,-1,0,0,0,0,0,0,0,0,0,0,0,0,0,0,0,0,0,0,0,0,0,0,0,0,255,139,139,105,0,0,0,0,0,0,0,100,100,100,100,0,0,100,-1,0,100,110,0,1,1,-1,0,0,100,0,0,0,0,105,0,105,0,0,0,0,130,0,[0|0|0|0]
6400125,Reverse-hand Blade - Default Attack,0.4,0.2,0,0,1.7,0.08,6903,-1,-1,-1,-1,100,120,-1,-1,110,-1,-1,-1,0,102,102,102,102,100,100,100,100,122,0,0,0,0,0,0,0,0,0,0,0,10,0,0,0,0,2,0,0,0,0,0,0,1,0,0,253,255,0,255,0,255,0,0,0,0,0,0,0,0,0,0,0,4,1,0,0,0,0,0,0,0,0,0,0,-1,-1,2100,2010,-1,-1,-1,-1,-1,-1,-1,-1,-1,-1,-1,-1,-1,-1,-1,-1,-1,-1,-1,-1,-1,-1,-1,-1,-1,-1,-1,-1,0,0,0,0,0,0,0,0,0,0,0,0,-1,-1,-1,-1,-1,-1,-1,-1,-1,-1,-1,-1,-1,-1,-1,-1,-1,-1,-1,-1,-1,-1,-1,-1,0,0,0,0,0,0,0,0,0,0,0,0,0,0,0,0,0,0,0,0,0,0,0,0,255,139,139,102,0,0,0,0,0,0,0,65,90,100,100,0,0,100,-1,0,100,100,0,1,1,-1,0,0,100,0,0,0,0,102,0,102,0,0,0,0,130,0,[0|0|0|0]
6400126,Reverse-hand Blade - Default Attack,0.4,0.2,0,0,1.8,0.08,6903,-1,-1,1665,-1,110,120,-1,-1,100,-1,-1,-1,0,115,115,115,115,150,400,100,100,122,0,0,0,0,0,0,0,0,0,0,0,10,0,0,0,0,2,0,0,0,0,0,0,2,0,0,252,255,2,255,0,255,0,0,0,0,0,0,0,0,0,0,0,0,1,0,0,0,0,0,0,0,0,0,0,-1,-1,2100,2010,-1,-1,-1,-1,-1,-1,-1,-1,-1,-1,-1,-1,-1,-1,-1,-1,-1,-1,-1,-1,-1,-1,-1,-1,-1,-1,-1,-1,0,0,0,0,0,0,0,0,0,0,0,0,-1,-1,-1,-1,-1,-1,-1,-1,-1,-1,-1,-1,-1,-1,-1,-1,-1,-1,-1,-1,-1,-1,-1,-1,0,0,0,0,0,0,0,0,0,0,0,0,0,0,0,0,0,0,0,0,0,0,0,0,255,139,139,115,0,0,0,0,0,0,0,65,90,100,100,0,0,100,-1,0,100,130,0,1,1,-1,0,0,100,0,0,0,0,115,0,115,0,0,0,0,130,0,[0|0|0|0]
6400130,Reverse-hand Blade - Default Attack,0.4,0.2,0,0,1.2,0.08,6903,-1,-1,1665,-1,100,120,-1,-1,110,-1,-1,-1,0,90,90,90,90,110,200,100,100,121,0,0,0,0,0,0,0,0,0,0,0,10,0,0,0,0,2,0,0,0,0,0,0,1,0,0,253,255,0,255,0,255,0,0,0,0,0,0,0,0,0,0,0,4,1,0,0,0,0,0,0,0,0,0,0,-1,-1,2100,2010,-1,-1,-1,-1,-1,-1,-1,-1,-1,-1,-1,-1,-1,-1,-1,-1,-1,-1,-1,-1,-1,-1,-1,-1,-1,-1,-1,-1,0,0,0,0,0,0,0,0,0,0,0,0,-1,-1,-1,-1,-1,-1,-1,-1,-1,-1,-1,-1,-1,-1,-1,-1,-1,-1,-1,-1,-1,-1,-1,-1,0,0,0,0,0,0,0,0,0,0,0,0,0,0,0,0,0,0,0,0,0,0,0,0,255,139,139,90,0,0,0,0,0,0,0,100,100,100,100,0,0,100,-1,0,100,90,0,1,1,-1,0,0,100,0,0,0,0,90,0,90,0,0,0,0,130,0,[0|0|0|0]
6400140,Reverse-hand Blade - Default Attack,0.4,0.2,0,0,1.4,0.08,6903,-1,-1,1665,-1,100,120,-1,-1,110,-1,-1,-1,0,90,90,90,90,110,200,100,100,121,0,0,0,0,0,0,0,0,0,0,0,10,0,0,0,0,2,0,0,0,0,0,0,1,0,0,253,255,0,255,0,255,0,0,0,0,0,0,0,0,0,0,0,3,1,0,0,0,0,0,0,0,0,0,0,-1,-1,2100,2010,-1,-1,-1,-1,-1,-1,-1,-1,-1,-1,-1,-1,-1,-1,-1,-1,-1,-1,-1,-1,-1,-1,-1,-1,-1,-1,-1,-1,0,0,0,0,0,0,0,0,0,0,0,0,-1,-1,-1,-1,-1,-1,-1,-1,-1,-1,-1,-1,-1,-1,-1,-1,-1,-1,-1,-1,-1,-1,-1,-1,0,0,0,0,0,0,0,0,0,0,0,0,0,0,0,0,0,0,0,0,0,0,0,0,255,139,139,90,0,0,0,0,0,0,0,100,100,100,100,0,0,100,-1,0,100,90,0,1,1,-1,0,0,100,0,0,0,0,90,0,90,0,0,0,0,130,0,[0|0|0|0]
6400150,Reverse-hand Blade - Default Attack,0.4,0.2,0,0,1.2,0.08,6903,-1,-1,1665,-1,100,120,-1,-1,110,-1,-1,-1,0,107,107,107,107,100,9900,100,100,102,0,0,0,0,0,0,0,0,0,0,0,10,0,0,0,0,2,0,0,0,0,0,0,1,0,0,253,255,0,255,0,255,0,0,0,0,0,0,0,0,0,0,0,1,1,0,0,0,0,0,0,0,0,0,0,-1,-1,2100,2010,-1,-1,-1,-1,-1,-1,-1,-1,-1,-1,-1,-1,-1,-1,-1,-1,-1,-1,-1,-1,-1,-1,-1,-1,-1,-1,-1,-1,0,0,0,0,0,0,0,0,0,0,0,0,-1,-1,-1,-1,-1,-1,-1,-1,-1,-1,-1,-1,-1,-1,-1,-1,-1,-1,-1,-1,-1,-1,-1,-1,0,0,0,0,0,0,0,0,0,0,0,0,0,0,0,0,0,0,0,0,0,0,0,0,255,139,139,107,0,0,0,0,0,0,0,100,100,100,100,0,0,100,-1,0,100,130,0,1,1,-1,0,0,150,0,0,0,0,107,0,107,0,0,0,0,130,0,[0|0|0|0]
6400160,Reverse-hand Blade - Default Attack,0.4,0.2,0,0,1.25,0.08,6904,-1,-1,1665,-1,100,120,-1,-1,110,-1,-1,-1,0,122,122,122,122,200,9900,100,100,102,0,0,0,0,0,0,0,0,0,0,0,10,0,0,0,0,2,0,0,0,0,0,0,2,0,0,253,255,0,255,0,255,0,0,0,0,0,0,0,0,0,0,0,0,1,0,0,0,0,0,0,0,0,0,0,-1,-1,2100,2010,-1,-1,-1,-1,-1,-1,-1,-1,-1,-1,-1,-1,-1,-1,-1,-1,-1,-1,-1,-1,-1,-1,-1,-1,-1,-1,-1,-1,0,0,0,0,0,0,0,0,0,0,0,0,-1,-1,-1,-1,-1,-1,-1,-1,-1,-1,-1,-1,-1,-1,-1,-1,-1,-1,-1,-1,-1,-1,-1,-1,0,0,0,0,0,0,0,0,0,0,0,0,0,0,0,0,0,0,0,0,0,0,0,0,255,139,139,122,0,0,0,0,0,0,0,100,100,100,100,0,0,100,-1,0,100,140,0,1,1,-1,0,0,400,0,0,0,0,122,0,122,0,0,0,0,130,0,[0|0|0|0]
6400161,Reverse-hand Blade - Default Attack,0.4,0.2,0,0,1,0.04,6904,-1,-1,1665,-1,100,120,-1,-1,110,-1,-1,-1,0,127,127,127,127,200,9900,100,100,102,0,0,0,0,0,0,0,0,0,0,0,10,0,0,0,0,2,0,0,0,0,0,0,2,0,0,253,255,0,255,0,255,0,0,0,0,0,0,0,0,0,0,0,4,1,0,0,0,0,0,0,0,0,0,0,-1,-1,2100,2010,-1,-1,-1,-1,-1,-1,-1,-1,-1,-1,-1,-1,-1,-1,-1,-1,-1,-1,-1,-1,-1,-1,-1,-1,-1,-1,-1,-1,0,0,0,0,0,0,0,0,0,0,0,0,-1,-1,-1,-1,-1,-1,-1,-1,-1,-1,-1,-1,-1,-1,-1,-1,-1,-1,-1,-1,-1,-1,-1,-1,0,0,0,0,0,0,0,0,0,0,0,0,0,0,0,0,0,0,0,0,0,0,0,0,255,139,139,127,0,0,0,0,0,0,0,100,100,100,100,0,0,100,-1,-1,100,140,0,1,1,-1,0,0,200,0,0,0,0,127,0,127,0,0,0,0,130,0,[0|0|0|0]
6400180,Reverse-hand Blade - Default Attack,0.4,0.2,0,0,1.45,0.04,6903,-1,-1,-1,-1,100,120,-1,-1,110,-1,-1,-1,0,75,75,75,75,50,9900,100,100,103,0,0,0,0,0,0,0,0,0,0,0,10,0,0,0,0,2,0,0,0,0,0,0,2,0,0,253,255,0,255,0,255,0,0,0,0,0,0,0,0,0,0,0,4,1,0,0,0,0,0,0,0,0,0,0,-1,-1,2100,2010,-1,-1,-1,-1,-1,-1,-1,-1,-1,-1,-1,-1,-1,-1,-1,-1,-1,-1,-1,-1,-1,-1,-1,-1,-1,-1,-1,-1,0,0,0,0,0,0,0,0,0,0,0,0,-1,-1,-1,-1,-1,-1,-1,-1,-1,-1,-1,-1,-1,-1,-1,-1,-1,-1,-1,-1,-1,-1,-1,-1,0,0,0,0,0,0,0,0,0,0,0,0,0,0,0,0,0,0,0,0,0,0,0,0,255,139,139,75,0,0,0,0,0,0,0,65,90,100,100,0,0,100,-1,0,100,50,0,1,1,-1,0,0,200,0,0,0,0,75,0,75,0,0,0,0,130,0,[0|0|0|0]
6400181,Reverse-hand Blade - Default Attack,0.4,0.2,0,0,1.35,0.08,6906,-1,-1,1665,-1,100,120,-1,-1,110,-1,-1,-1,0,130,130,130,130,170,9900,100,100,103,0,0,0,0,0,0,0,0,0,0,0,10,0,0,0,0,2,0,0,0,0,0,0,2,0,0,253,255,0,255,0,255,0,0,0,0,0,0,0,0,0,0,0,0,1,0,0,0,0,0,0,0,0,0,0,-1,-1,2100,2010,-1,-1,-1,-1,-1,-1,-1,-1,-1,-1,-1,-1,-1,-1,-1,-1,-1,-1,-1,-1,-1,-1,-1,-1,-1,-1,-1,-1,0,0,0,0,0,0,0,0,0,0,0,0,-1,-1,-1,-1,-1,-1,-1,-1,-1,-1,-1,-1,-1,-1,-1,-1,-1,-1,-1,-1,-1,-1,-1,-1,0,0,0,0,0,0,0,0,0,0,0,0,0,0,0,0,0,0,0,0,0,0,0,0,255,139,139,130,0,0,0,0,0,0,0,65,90,100,100,0,0,100,-1,0,100,150,0,1,1,-1,0,0,400,0,0,0,0,130,0,130,0,0,0,0,130,0,[0|0|0|0]
6400200,Reverse-hand Blade - Default Attack,0.4,0.2,0,0,0.75,0.04,6902,-1,-1,-1,-1,10120,10120,-1,-1,10100,-1,-1,-1,0,90,90,90,90,92,100,100,100,0,0,0,0,0,0,0,0,0,0,0,0,10,0,0,0,0,2,0,0,0,0,0,0,1,0,0,253,255,0,255,0,255,0,0,0,0,0,0,0,0,0,0,0,0,1,0,0,0,0,0,0,0,0,0,0,-1,-1,2100,2010,-1,-1,-1,-1,-1,-1,-1,-1,-1,-1,-1,-1,-1,-1,-1,-1,-1,-1,-1,-1,-1,-1,-1,-1,-1,-1,-1,-1,0,0,0,0,0,0,0,0,0,0,0,0,-1,-1,-1,-1,-1,-1,-1,-1,-1,-1,-1,-1,-1,-1,-1,-1,-1,-1,-1,-1,-1,-1,-1,-1,0,0,0,0,0,0,0,0,0,0,0,0,0,0,0,0,0,0,0,0,0,0,0,0,255,139,139,90,0,0,0,1,0,0,0,60,90,100,100,0,0,100,-1,0,100,100,0,1,1,-1,0,0,60,0,0,0,0,90,0,90,0,0,0,0,130,0,[0|0|0|0]
6400203,Reverse-hand Blade - Default Attack,0.4,0.2,0,0,0.8,0.04,6902,-1,-1,1665,1667,11120,11120,-1,-1,11100,-1,-1,-1,0,90,90,90,90,92,100,100,100,0,0,0,0,0,0,0,0,0,0,0,0,10,0,0,0,0,2,0,0,0,0,0,0,1,0,0,253,255,0,255,0,255,0,0,0,0,0,0,0,0,0,0,0,3,1,0,0,0,0,0,0,0,9,0,0,-1,-1,2100,2010,-1,-1,-1,-1,-1,-1,-1,-1,-1,-1,-1,-1,-1,-1,-1,-1,-1,-1,-1,-1,-1,-1,-1,-1,-1,-1,-1,-1,0,0,0,0,0,0,0,0,0,0,0,0,-1,-1,-1,-1,-1,-1,-1,-1,-1,-1,-1,-1,-1,-1,-1,-1,-1,-1,-1,-1,-1,-1,-1,-1,0,0,0,0,0,0,0,0,0,0,0,0,0,0,0,0,0,0,0,0,0,0,0,0,255,139,139,90,0,0,0,1,0,0,0,65,90,100,100,0,0,100,-1,0,100,100,0,1,1,-1,0,0,60,0,0,0,0,90,0,90,0,0,0,0,130,0,[0|0|0|0]
6400210,Reverse-hand Blade - Default Attack,0.4,0.2,0,0,0.7,0.04,6902,-1,-1,1665,1667,10120,10120,-1,-1,10100,-1,-1,-1,0,91,91,91,91,93,100,100,100,0,0,0,0,0,0,0,0,0,0,0,0,10,0,0,0,0,2,0,0,0,0,0,0,1,0,0,253,255,0,255,0,255,0,0,0,0,0,0,0,0,0,0,0,0,1,0,0,0,0,0,0,0,9,0,0,-1,-1,2100,2010,-1,-1,-1,-1,-1,-1,-1,-1,-1,-1,-1,-1,-1,-1,-1,-1,-1,-1,-1,-1,-1,-1,-1,-1,-1,-1,-1,-1,0,0,0,0,0,0,0,0,0,0,0,0,-1,-1,-1,-1,-1,-1,-1,-1,-1,-1,-1,-1,-1,-1,-1,-1,-1,-1,-1,-1,-1,-1,-1,-1,0,0,0,0,0,0,0,0,0,0,0,0,0,0,0,0,0,0,0,0,0,0,0,0,255,139,139,91,0,0,0,1,0,0,0,65,90,100,100,0,0,100,-1,0,100,100,0,1,1,-1,0,0,60,0,0,0,0,91,0,91,0,0,0,0,130,0,[0|0|0|0]
6400213,Reverse-hand Blade - Default Attack,0.4,0.2,0,0,0.7,0.04,6902,-1,-1,-1,-1,11120,11120,-1,-1,11100,-1,-1,-1,0,91,91,91,91,93,100,100,100,0,0,0,0,0,0,0,0,0,0,0,0,10,0,0,0,0,2,0,0,0,0,0,0,1,0,0,252,255,2,255,0,255,0,0,0,0,0,0,0,0,0,0,0,4,1,0,0,0,0,0,0,0,0,0,0,-1,-1,2100,2010,-1,-1,-1,-1,-1,-1,-1,-1,-1,-1,-1,-1,-1,-1,-1,-1,-1,-1,-1,-1,-1,-1,-1,-1,-1,-1,-1,-1,0,0,0,0,0,0,0,0,0,0,0,0,-1,-1,-1,-1,-1,-1,-1,-1,-1,-1,-1,-1,-1,-1,-1,-1,-1,-1,-1,-1,-1,-1,-1,-1,0,0,0,0,0,0,0,0,0,0,0,0,0,0,0,0,0,0,0,0,0,0,0,0,255,139,139,91,0,0,0,1,0,0,0,65,90,100,100,0,0,100,-1,0,100,100,0,1,1,-1,0,0,60,0,0,0,0,91,0,91,0,0,0,0,130,0,[0|0|0|0]
6400220,Reverse-hand Blade - Default Attack,0.4,0.2,0,0,0.7,0.04,6902,-1,-1,1665,1667,10120,10120,-1,-1,10100,-1,-1,-1,0,92,92,92,92,94,100,100,100,0,0,0,0,0,0,0,0,0,0,0,0,20,0,0,0,0,2,0,0,0,0,0,0,1,0,0,253,255,0,255,0,255,0,0,0,0,0,0,0,0,0,0,0,0,1,0,0,0,0,0,0,0,9,0,0,-1,-1,2100,2010,-1,-1,-1,-1,-1,-1,-1,-1,-1,-1,-1,-1,-1,-1,-1,-1,-1,-1,-1,-1,-1,-1,-1,-1,-1,-1,-1,-1,0,0,0,0,0,0,0,0,0,0,0,0,-1,-1,-1,-1,-1,-1,-1,-1,-1,-1,-1,-1,-1,-1,-1,-1,-1,-1,-1,-1,-1,-1,-1,-1,0,0,0,0,0,0,0,0,0,0,0,0,0,0,0,0,0,0,0,0,0,0,0,0,255,139,139,92,0,0,0,1,0,0,0,65,90,100,100,0,0,100,-1,0,100,100,0,1,1,-1,0,0,60,0,0,0,0,92,0,92,0,0,0,0,130,0,[0|0|0|0]
6400223,Reverse-hand Blade - Default Attack,0.4,0.2,0,0,0.8,0.04,6902,-1,-1,-1,-1,11120,11120,-1,-1,11100,-1,-1,-1,0,92,92,92,92,94,100,100,100,0,0,0,0,0,0,0,0,0,0,0,0,20,0,0,0,0,2,0,0,0,0,0,0,1,0,0,253,255,0,255,0,255,0,0,0,0,0,0,0,0,0,0,0,0,1,0,0,0,0,0,0,0,0,0,0,-1,-1,2100,2010,-1,-1,-1,-1,-1,-1,-1,-1,-1,-1,-1,-1,-1,-1,-1,-1,-1,-1,-1,-1,-1,-1,-1,-1,-1,-1,-1,-1,0,0,0,0,0,0,0,0,0,0,0,0,-1,-1,-1,-1,-1,-1,-1,-1,-1,-1,-1,-1,-1,-1,-1,-1,-1,-1,-1,-1,-1,-1,-1,-1,0,0,0,0,0,0,0,0,0,0,0,0,0,0,0,0,0,0,0,0,0,0,0,0,255,139,139,92,0,0,0,1,0,0,0,65,90,100,100,0,0,100,-1,0,100,100,0,1,1,-1,0,0,60,0,0,0,0,92,0,92,0,0,0,0,130,0,[0|0|0|0]
6400230,Reverse-hand Blade - Default Attack,0.4,0.2,0,0,0.9,0.04,6902,-1,-1,1665,1667,10120,10120,-1,-1,10100,-1,-1,-1,0,107,107,107,107,95,100,500,100,0,0,0,0,0,0,0,0,0,0,0,0,10,0,0,0,0,2,0,0,0,0,0,0,1,0,0,252,255,2,255,0,255,0,0,0,0,0,0,0,0,0,0,0,0,1,0,0,0,0,0,0,0,0,0,0,-1,-1,2100,2010,-1,-1,-1,-1,-1,-1,-1,-1,-1,-1,-1,-1,-1,-1,-1,-1,-1,-1,-1,-1,-1,-1,-1,-1,-1,-1,-1,-1,0,0,0,0,0,0,0,0,0,0,0,0,-1,-1,-1,-1,-1,-1,-1,-1,-1,-1,-1,-1,-1,-1,-1,-1,-1,-1,-1,-1,-1,-1,-1,-1,0,0,0,0,0,0,0,0,0,0,0,0,0,0,0,0,0,0,0,0,0,0,0,0,255,139,139,107,0,0,0,1,0,0,0,100,100,100,100,0,0,100,-1,0,100,100,0,1,1,-1,0,0,120,0,0,0,0,107,0,107,0,0,0,0,130,0,[0|0|0|0]
6400240,Reverse-hand Blade - Default Attack,0.4,0.2,0,0,0.85,0.04,6902,-1,-1,-1,-1,10120,10120,-1,-1,10100,-1,-1,-1,0,93,93,93,93,96,100,100,100,0,0,0,0,0,0,0,0,0,0,0,0,20,0,0,0,0,2,0,0,0,0,0,0,1,0,0,253,255,0,255,0,255,0,0,0,0,0,0,0,0,0,0,0,4,1,0,0,0,0,0,0,0,9,0,0,-1,-1,2100,2010,-1,-1,-1,-1,-1,-1,-1,-1,-1,-1,-1,-1,-1,-1,-1,-1,-1,-1,-1,-1,-1,-1,-1,-1,-1,-1,-1,-1,0,0,0,0,0,0,0,0,0,0,0,0,-1,-1,-1,-1,-1,-1,-1,-1,-1,-1,-1,-1,-1,-1,-1,-1,-1,-1,-1,-1,-1,-1,-1,-1,0,0,0,0,0,0,0,0,0,0,0,0,0,0,0,0,0,0,0,0,0,0,0,0,255,139,139,93,0,0,0,1,0,0,0,65,90,100,100,0,0,100,-1,0,100,100,0,1,1,-1,0,0,60,0,0,0,0,93,0,93,0,0,0,0,130,0,[0|0|0|0]
6400243,Reverse-hand Blade - Default Attack,0.4,0.2,0,0,0.85,0.04,6902,-1,-1,1665,1667,11120,11120,-1,-1,11100,-1,-1,-1,0,93,93,93,93,96,100,100,100,0,0,0,0,0,0,0,0,0,0,0,0,20,0,0,0,0,2,0,0,0,0,0,0,1,0,0,252,255,2,255,0,255,0,0,0,0,0,0,0,0,0,0,0,0,1,0,0,0,0,0,0,0,0,0,0,-1,-1,2100,2010,-1,-1,-1,-1,-1,-1,-1,-1,-1,-1,-1,-1,-1,-1,-1,-1,-1,-1,-1,-1,-1,-1,-1,-1,-1,-1,-1,-1,0,0,0,0,0,0,0,0,0,0,0,0,-1,-1,-1,-1,-1,-1,-1,-1,-1,-1,-1,-1,-1,-1,-1,-1,-1,-1,-1,-1,-1,-1,-1,-1,0,0,0,0,0,0,0,0,0,0,0,0,0,0,0,0,0,0,0,0,0,0,0,0,255,139,139,93,0,0,0,1,0,0,0,65,90,100,100,0,0,100,-1,0,100,100,0,1,1,-1,0,0,60,0,0,0,0,93,0,93,0,0,0,0,130,0,[0|0|0|0]
6400250,Reverse-hand Blade - Default Attack,0.4,0.2,0,0,1.1,0.04,6902,-1,-1,1665,1667,10120,10120,-1,-1,10100,-1,-1,-1,0,94,94,94,94,102,100,100,100,104,0,0,0,0,0,0,0,0,0,0,0,10,0,0,0,0,2,0,0,0,0,0,0,1,0,0,253,255,0,255,0,255,0,0,0,0,0,0,0,0,0,0,0,4,1,0,0,0,0,0,0,0,0,0,0,-1,-1,2100,2010,-1,-1,-1,-1,-1,-1,-1,-1,-1,-1,-1,-1,-1,-1,-1,-1,-1,-1,-1,-1,-1,-1,-1,-1,-1,-1,-1,-1,0,0,0,0,0,0,0,0,0,0,0,0,-1,-1,-1,-1,-1,-1,-1,-1,-1,-1,-1,-1,-1,-1,-1,-1,-1,-1,-1,-1,-1,-1,-1,-1,0,0,0,0,0,0,0,0,0,0,0,0,0,0,0,0,0,0,0,0,0,0,0,0,255,139,139,94,0,0,0,1,0,0,0,65,90,100,100,0,0,100,-1,0,100,100,0,1,1,-1,0,0,120,0,0,0,0,94,0,94,0,0,0,0,130,0,[0|0|0|0]
6400253,Reverse-hand Blade - Default Attack,0.4,0.2,0,0,1.1,0.04,6902,-1,-1,-1,-1,11120,11120,-1,-1,11100,-1,-1,-1,0,94,94,94,94,102,100,100,100,104,0,0,0,0,0,0,0,0,0,0,0,10,0,0,0,0,2,0,0,0,0,0,0,1,0,0,253,255,0,255,0,255,0,0,0,0,0,0,0,0,0,0,0,3,1,0,0,0,0,0,0,0,9,0,0,-1,-1,2100,2010,-1,-1,-1,-1,-1,-1,-1,-1,-1,-1,-1,-1,-1,-1,-1,-1,-1,-1,-1,-1,-1,-1,-1,-1,-1,-1,-1,-1,0,0,0,0,0,0,0,0,0,0,0,0,-1,-1,-1,-1,-1,-1,-1,-1,-1,-1,-1,-1,-1,-1,-1,-1,-1,-1,-1,-1,-1,-1,-1,-1,0,0,0,0,0,0,0,0,0,0,0,0,0,0,0,0,0,0,0,0,0,0,0,0,255,139,139,94,0,0,0,1,0,0,0,65,90,100,100,0,0,100,-1,0,100,100,0,1,1,-1,0,0,120,0,0,0,0,94,0,94,0,0,0,0,130,0,[0|0|0|0]
6400300,Reverse-hand Blade - Default Attack,0.4,0.2,0,0,1.3,0.04,6904,-1,-1,1665,1667,10120,10120,-1,-1,10100,-1,-1,-1,0,97,97,97,97,120,400,100,100,0,0,0,0,0,0,0,0,0,0,0,0,20,0,0,0,0,2,0,0,0,0,0,0,1,0,0,253,255,0,255,0,255,0,0,0,0,0,0,0,0,0,0,0,4,1,0,0,0,0,0,0,0,9,0,0,-1,-1,2100,2010,-1,-1,-1,-1,-1,-1,-1,-1,-1,-1,-1,-1,-1,-1,-1,-1,-1,-1,-1,-1,-1,-1,-1,-1,-1,-1,-1,-1,0,0,0,0,0,0,0,0,0,0,0,0,-1,-1,-1,-1,-1,-1,-1,-1,-1,-1,-1,-1,-1,-1,-1,-1,-1,-1,-1,-1,-1,-1,-1,-1,0,0,0,0,0,0,0,0,0,0,0,0,0,0,0,0,0,0,0,0,0,0,0,0,255,139,139,99,0,0,0,1,0,0,0,65,100,100,100,0,0,100,-1,0,100,150,0,1,1,-1,0,0,120,0,0,0,0,97,0,97,0,0,0,0,130,0,[0|0|0|0]
6400303,Reverse-hand Blade - Default Attack,0.4,0.2,0,0,1.3,0.04,6904,-1,-1,1665,1667,11120,11120,-1,-1,11100,-1,-1,-1,0,97,97,97,97,120,400,100,100,0,0,0,0,0,0,0,0,0,0,0,0,20,0,0,0,0,2,0,0,0,0,0,0,1,0,0,253,255,0,255,0,255,0,0,0,0,0,0,0,0,0,0,0,3,1,0,0,0,0,0,0,0,0,0,0,-1,-1,2100,2010,-1,-1,-1,-1,-1,-1,-1,-1,-1,-1,-1,-1,-1,-1,-1,-1,-1,-1,-1,-1,-1,-1,-1,-1,-1,-1,-1,-1,0,0,0,0,0,0,0,0,0,0,0,0,-1,-1,-1,-1,-1,-1,-1,-1,-1,-1,-1,-1,-1,-1,-1,-1,-1,-1,-1,-1,-1,-1,-1,-1,0,0,0,0,0,0,0,0,0,0,0,0,0,0,0,0,0,0,0,0,0,0,0,0,255,139,139,99,0,0,0,1,0,0,0,65,100,100,100,0,0,100,-1,0,100,150,0,1,1,-1,0,0,120,0,0,0,0,97,0,97,0,0,0,0,130,0,[0|0|0|0]
6400305,Reverse-hand Blade - Default Attack,0.4,0.2,0,0,1.5,0.04,6906,-1,-1,1665,1667,10120,10120,-1,-1,10100,-1,-1,-1,0,108,108,108,108,195,400,100,100,100,0,0,0,0,0,0,0,0,0,0,0,20,0,0,0,0,2,0,0,0,0,0,0,2,0,0,253,255,0,255,0,255,0,0,0,0,0,0,0,0,0,0,0,4,1,0,0,0,0,0,0,0,9,0,0,-1,-1,2100,2010,-1,-1,-1,-1,-1,-1,-1,-1,-1,-1,-1,-1,-1,-1,-1,-1,-1,-1,-1,-1,-1,-1,-1,-1,-1,-1,-1,-1,0,0,0,0,0,0,0,0,0,0,0,0,-1,-1,-1,-1,-1,-1,-1,-1,-1,-1,-1,-1,-1,-1,-1,-1,-1,-1,-1,-1,-1,-1,-1,-1,0,0,0,0,0,0,0,0,0,0,0,0,0,0,0,0,0,0,0,0,0,0,0,0,255,139,139,108,0,0,0,1,0,0,0,65,100,100,100,0,0,100,-1,0,100,150,0,1,1,-1,0,0,330,0,0,0,0,108,0,108,0,0,0,0,130,0,[0|0|0|0]
6400308,Reverse-hand Blade - Default Attack,0.4,0.2,0,0,1.5,0.04,6906,-1,-1,1665,1667,11120,11120,-1,-1,11100,-1,-1,-1,0,108,108,108,108,195,400,100,100,100,0,0,0,0,0,0,0,0,0,0,0,20,0,0,0,0,2,0,0,0,0,0,0,2,0,0,253,255,0,255,0,255,0,0,0,0,0,0,0,0,0,0,0,3,1,0,0,0,0,0,0,0,0,0,0,-1,-1,2100,2010,-1,-1,-1,-1,-1,-1,-1,-1,-1,-1,-1,-1,-1,-1,-1,-1,-1,-1,-1,-1,-1,-1,-1,-1,-1,-1,-1,-1,0,0,0,0,0,0,0,0,0,0,0,0,-1,-1,-1,-1,-1,-1,-1,-1,-1,-1,-1,-1,-1,-1,-1,-1,-1,-1,-1,-1,-1,-1,-1,-1,0,0,0,0,0,0,0,0,0,0,0,0,0,0,0,0,0,0,0,0,0,0,0,0,255,139,139,108,0,0,0,1,0,0,0,65,100,100,100,0,0,100,-1,0,100,150,0,1,1,-1,0,0,330,0,0,0,0,108,0,108,0,0,0,0,130,0,[0|0|0|0]
6400310,Reverse-hand Blade - Default Attack,0.4,0.2,0,0,1.4,0.04,6904,-1,-1,-1,-1,10120,10120,-1,-1,10100,-1,-1,-1,0,98,96,96,96,96,100,100,100,0,0,0,0,0,0,0,0,0,0,0,0,20,0,0,0,0,2,0,0,0,0,0,0,1,0,0,252,255,2,255,0,255,0,0,0,0,0,0,0,0,0,0,0,0,1,0,0,0,0,0,0,0,9,0,0,-1,-1,2100,2010,-1,-1,-1,-1,-1,-1,-1,-1,-1,-1,-1,-1,-1,-1,-1,-1,-1,-1,-1,-1,-1,-1,-1,-1,-1,-1,-1,-1,0,0,0,0,0,0,0,0,0,0,0,0,-1,-1,-1,-1,-1,-1,-1,-1,-1,-1,-1,-1,-1,-1,-1,-1,-1,-1,-1,-1,-1,-1,-1,-1,0,0,0,0,0,0,0,0,0,0,0,0,0,0,0,0,0,0,0,0,0,0,0,0,255,139,139,96,0,0,0,1,0,0,0,65,90,100,100,0,0,100,-1,0,100,100,0,1,1,-1,0,0,120,0,0,0,0,98,0,98,0,0,0,0,130,0,[0|0|0|0]
6400313,Reverse-hand Blade - Default Attack,0.4,0.2,0,0,1.4,0.04,6904,-1,-1,1665,1667,11120,11120,-1,-1,11100,-1,-1,-1,0,108,108,108,108,100,100,100,100,0,0,0,0,0,0,0,0,0,0,0,0,20,0,0,0,0,2,0,0,0,0,0,0,1,0,0,253,255,0,255,0,255,0,0,0,0,0,0,0,0,0,0,0,3,1,0,0,0,0,0,0,0,0,0,0,-1,-1,2100,2010,-1,-1,-1,-1,-1,-1,-1,-1,-1,-1,-1,-1,-1,-1,-1,-1,-1,-1,-1,-1,-1,-1,-1,-1,-1,-1,-1,-1,0,0,0,0,0,0,0,0,0,0,0,0,-1,-1,-1,-1,-1,-1,-1,-1,-1,-1,-1,-1,-1,-1,-1,-1,-1,-1,-1,-1,-1,-1,-1,-1,0,0,0,0,0,0,0,0,0,0,0,0,0,0,0,0,0,0,0,0,0,0,0,0,255,139,139,108,0,0,0,1,0,0,0,65,90,100,100,0,0,100,-1,0,100,100,0,1,1,-1,0,0,120,0,0,0,0,108,0,108,0,0,0,0,130,0,[0|0|0|0]
6400315,Reverse-hand Blade - Default Attack,0.4,0.2,0,0,1.5,0.04,6906,-1,-1,-1,-1,10120,10120,-1,-1,10100,-1,-1,-1,0,78,78,78,78,102,100,100,100,100,0,0,0,0,0,0,0,0,0,0,0,20,0,0,0,0,2,0,0,0,0,0,0,2,0,0,252,255,2,255,0,255,0,0,0,0,0,0,0,0,0,0,0,0,1,0,0,0,0,0,0,0,9,0,0,-1,-1,2100,2010,-1,-1,-1,-1,-1,-1,-1,-1,-1,-1,-1,-1,-1,-1,-1,-1,-1,-1,-1,-1,-1,-1,-1,-1,-1,-1,-1,-1,0,0,0,0,0,0,0,0,0,0,0,0,-1,-1,-1,-1,-1,-1,-1,-1,-1,-1,-1,-1,-1,-1,-1,-1,-1,-1,-1,-1,-1,-1,-1,-1,0,0,0,0,0,0,0,0,0,0,0,0,0,0,0,0,0,0,0,0,0,0,0,0,255,139,139,78,0,0,0,1,0,0,0,50,88,100,100,0,0,100,-1,0,100,100,0,1,1,-1,0,0,220,0,0,0,0,78,0,78,0,0,0,0,130,0,[0|0|0|0]
6400316,Reverse-hand Blade - Default Attack,0.4,0.2,0,0,1.5,0.04,6906,-1,-1,-1,-1,10120,10120,-1,-1,10100,-1,-1,-1,0,102,102,102,102,102,100,100,100,100,0,0,0,0,0,0,0,0,0,0,0,20,0,0,0,0,2,0,0,0,0,0,0,2,0,0,252,255,2,255,0,255,0,0,0,0,0,0,0,0,0,0,0,0,1,0,0,0,0,0,0,0,9,0,0,-1,-1,2100,2010,-1,-1,-1,-1,-1,-1,-1,-1,-1,-1,-1,-1,-1,-1,-1,-1,-1,-1,-1,-1,-1,-1,-1,-1,-1,-1,-1,-1,0,0,0,0,0,0,0,0,0,0,0,0,-1,-1,-1,-1,-1,-1,-1,-1,-1,-1,-1,-1,-1,-1,-1,-1,-1,-1,-1,-1,-1,-1,-1,-1,0,0,0,0,0,0,0,0,0,0,0,0,0,0,0,0,0,0,0,0,0,0,0,0,255,139,139,102,0,0,0,1,0,0,0,50,88,100,100,0,0,100,-1,0,100,100,0,1,1,-1,0,0,220,0,0,0,0,102,0,102,0,0,0,0,130,0,[0|0|0|0]
6400318,Reverse-hand Blade - Default Attack,0.4,0.2,0,0,1.2,0.04,6906,-1,-1,1665,1667,11120,11120,-1,-1,11100,-1,-1,-1,0,86,86,86,86,102,100,100,100,100,0,0,0,0,0,0,0,0,0,0,0,20,0,0,0,0,2,0,0,0,0,0,0,2,0,0,253,255,0,255,0,255,0,0,0,0,0,0,0,0,0,0,0,3,1,0,0,0,0,0,0,0,0,0,0,-1,-1,2100,2010,-1,-1,-1,-1,-1,-1,-1,-1,-1,-1,-1,-1,-1,-1,-1,-1,-1,-1,-1,-1,-1,-1,-1,-1,-1,-1,-1,-1,0,0,0,0,0,0,0,0,0,0,0,0,-1,-1,-1,-1,-1,-1,-1,-1,-1,-1,-1,-1,-1,-1,-1,-1,-1,-1,-1,-1,-1,-1,-1,-1,0,0,0,0,0,0,0,0,0,0,0,0,0,0,0,0,0,0,0,0,0,0,0,0,255,139,139,86,0,0,0,1,0,0,0,50,88,100,100,0,0,100,-1,0,100,100,0,1,1,-1,0,0,220,0,0,0,0,86,0,86,0,0,0,0,130,0,[0|0|0|0]
6400320,Reverse-hand Blade - Default Attack,0.4,0.2,0,0,1.3,0.08,6903,-1,-1,-1,-1,10120,10120,-1,-1,10100,-1,-1,-1,0,91,91,91,91,96,100,100,100,122,0,0,0,0,0,0,0,0,0,0,0,10,0,0,0,0,2,0,0,0,0,0,0,1,0,0,253,255,0,255,0,255,0,0,0,0,0,0,0,0,0,0,0,4,1,0,0,0,0,0,0,0,9,0,0,-1,-1,2100,2010,-1,-1,-1,-1,-1,-1,-1,-1,-1,-1,-1,-1,-1,-1,-1,-1,-1,-1,-1,-1,-1,-1,-1,-1,-1,-1,-1,-1,0,0,0,0,0,0,0,0,0,0,0,0,-1,-1,-1,-1,-1,-1,-1,-1,-1,-1,-1,-1,-1,-1,-1,-1,-1,-1,-1,-1,-1,-1,-1,-1,0,0,0,0,0,0,0,0,0,0,0,0,0,0,0,0,0,0,0,0,0,0,0,0,255,139,139,91,0,0,0,1,0,0,0,65,90,100,100,0,0,100,-1,0,100,100,0,1,1,-1,0,0,60,0,0,0,0,91,0,91,0,0,0,0,130,0,[0|0|0|0]
6400323,Reverse-hand Blade - Default Attack,0.4,0.2,0,0,1.3,0.08,6903,-1,-1,1665,1667,11120,11120,-1,-1,11100,-1,-1,-1,0,93,93,93,93,96,100,100,100,122,0,0,0,0,0,0,0,0,0,0,0,10,0,0,0,0,2,0,0,0,0,0,0,1,0,0,253,255,0,255,0,255,0,0,0,0,0,0,0,0,0,0,0,4,1,0,0,0,0,0,0,0,0,0,0,-1,-1,2100,2010,-1,-1,-1,-1,-1,-1,-1,-1,-1,-1,-1,-1,-1,-1,-1,-1,-1,-1,-1,-1,-1,-1,-1,-1,-1,-1,-1,-1,0,0,0,0,0,0,0,0,0,0,0,0,-1,-1,-1,-1,-1,-1,-1,-1,-1,-1,-1,-1,-1,-1,-1,-1,-1,-1,-1,-1,-1,-1,-1,-1,0,0,0,0,0,0,0,0,0,0,0,0,0,0,0,0,0,0,0,0,0,0,0,0,255,139,139,93,0,0,0,1,0,0,0,65,90,100,100,0,0,100,-1,0,100,100,0,1,1,-1,0,0,60,0,0,0,0,93,0,93,0,0,0,0,130,0,[0|0|0|0]
6400325,Reverse-hand Blade - Default Attack,0.4,0.2,0,0,1.6,0.08,6903,-1,-1,-1,-1,10120,10120,-1,-1,10100,-1,-1,-1,0,50,50,50,50,50,100,100,100,122,0,0,0,0,0,0,0,0,0,0,0,10,0,0,0,0,2,0,0,0,0,0,0,2,0,0,253,255,0,255,0,255,0,0,0,0,0,0,0,0,0,0,0,4,1,0,0,0,0,0,0,0,9,0,0,-1,-1,2100,2010,-1,-1,-1,-1,-1,-1,-1,-1,-1,-1,-1,-1,-1,-1,-1,-1,-1,-1,-1,-1,-1,-1,-1,-1,-1,-1,-1,-1,0,0,0,0,0,0,0,0,0,0,0,0,-1,-1,-1,-1,-1,-1,-1,-1,-1,-1,-1,-1,-1,-1,-1,-1,-1,-1,-1,-1,-1,-1,-1,-1,0,0,0,0,0,0,0,0,0,0,0,0,0,0,0,0,0,0,0,0,0,0,0,0,255,139,139,50,0,0,0,1,0,0,0,50,50,100,100,0,0,100,-1,0,100,100,0,1,1,-1,0,0,60,0,0,0,0,50,0,50,0,0,0,0,130,0,[0|0|0|0]
6400326,Reverse-hand Blade - Default Attack,0.4,0.2,0,0,1.6,0.08,6903,-1,-1,-1,-1,11120,11120,-1,-1,11100,-1,-1,-1,0,50,50,50,50,50,100,100,100,122,0,0,0,0,0,0,0,0,0,0,0,10,0,0,0,0,2,0,0,0,0,0,0,2,0,0,253,255,0,255,0,255,0,0,0,0,0,0,0,0,0,0,0,3,1,0,0,0,0,0,0,0,9,0,0,-1,-1,2100,2010,-1,-1,-1,-1,-1,-1,-1,-1,-1,-1,-1,-1,-1,-1,-1,-1,-1,-1,-1,-1,-1,-1,-1,-1,-1,-1,-1,-1,0,0,0,0,0,0,0,0,0,0,0,0,-1,-1,-1,-1,-1,-1,-1,-1,-1,-1,-1,-1,-1,-1,-1,-1,-1,-1,-1,-1,-1,-1,-1,-1,0,0,0,0,0,0,0,0,0,0,0,0,0,0,0,0,0,0,0,0,0,0,0,0,255,139,139,50,0,0,0,1,0,0,0,50,50,100,100,0,0,100,-1,0,100,100,0,1,1,-1,0,0,60,0,0,0,0,50,0,50,0,0,0,0,130,0,[0|0|0|0]
6400327,Reverse-hand Blade - Default Attack,0.4,0.2,0,0,1.55,0.08,6903,-1,-1,1665,1667,10120,10120,-1,-1,10100,-1,-1,-1,0,88,88,88,88,94,100,100,100,122,0,0,0,0,0,0,0,0,0,0,0,10,0,0,0,0,2,0,0,0,0,0,0,2,0,0,252,255,2,255,0,255,0,0,0,0,0,0,0,0,0,0,0,3,1,0,0,0,0,0,0,0,9,0,0,-1,-1,2100,2010,-1,-1,-1,-1,-1,-1,-1,-1,-1,-1,-1,-1,-1,-1,-1,-1,-1,-1,-1,-1,-1,-1,-1,-1,-1,-1,-1,-1,0,0,0,0,0,0,0,0,0,0,0,0,-1,-1,-1,-1,-1,-1,-1,-1,-1,-1,-1,-1,-1,-1,-1,-1,-1,-1,-1,-1,-1,-1,-1,-1,0,0,0,0,0,0,0,0,0,0,0,0,0,0,0,0,0,0,0,0,0,0,0,0,255,139,139,88,0,0,0,1,0,0,0,50,90,100,100,0,0,100,-1,0,100,100,0,1,1,-1,0,0,60,0,0,0,0,88,0,88,0,0,0,0,130,0,[0|0|0|0]
6400328,Reverse-hand Blade - Default Attack,0.4,0.2,0,0,1.55,0.08,6903,-1,-1,-1,-1,11120,11120,-1,-1,11100,-1,-1,-1,0,88,88,88,88,94,100,100,100,122,0,0,0,0,0,0,0,0,0,0,0,10,0,0,0,0,2,0,0,0,0,0,0,2,0,0,252,255,2,255,0,255,0,0,0,0,0,0,0,0,0,0,0,4,1,0,0,0,0,0,0,0,0,0,0,-1,-1,2100,2010,-1,-1,-1,-1,-1,-1,-1,-1,-1,-1,-1,-1,-1,-1,-1,-1,-1,-1,-1,-1,-1,-1,-1,-1,-1,-1,-1,-1,0,0,0,0,0,0,0,0,0,0,0,0,-1,-1,-1,-1,-1,-1,-1,-1,-1,-1,-1,-1,-1,-1,-1,-1,-1,-1,-1,-1,-1,-1,-1,-1,0,0,0,0,0,0,0,0,0,0,0,0,0,0,0,0,0,0,0,0,0,0,0,0,255,139,139,88,0,0,0,1,0,0,0,50,90,100,100,0,0,100,-1,0,100,100,0,1,1,-1,0,0,60,0,0,0,0,88,0,88,0,0,0,0,130,0,[0|0|0|0]
6400330,Reverse-hand Blade - Default Attack,0.4,0.2,0,0,0.85,0.08,6903,-1,-1,1665,1667,10120,10120,-1,-1,10100,-1,-1,-1,0,88,88,88,88,84,100,200,100,121,0,0,0,0,0,0,0,0,0,0,0,10,0,0,0,0,2,0,0,0,0,0,0,1,0,0,253,255,0,255,0,255,0,0,0,0,0,0,0,0,0,0,0,0,1,0,0,0,0,0,0,0,9,0,0,-1,-1,2100,2010,-1,-1,-1,-1,-1,-1,-1,-1,-1,-1,-1,-1,-1,-1,-1,-1,-1,-1,-1,-1,-1,-1,-1,-1,-1,-1,-1,-1,0,0,0,0,0,0,0,0,0,0,0,0,-1,-1,-1,-1,-1,-1,-1,-1,-1,-1,-1,-1,-1,-1,-1,-1,-1,-1,-1,-1,-1,-1,-1,-1,0,0,0,0,0,0,0,0,0,0,0,0,0,0,0,0,0,0,0,0,0,0,0,0,255,139,139,88,0,0,0,1,0,0,0,65,90,100,100,0,0,100,-1,0,100,100,0,1,1,-1,0,0,60,0,0,0,0,88,0,88,0,0,0,0,130,0,[0|0|0|0]
6400333,Reverse-hand Blade - Default Attack,0.4,0.2,0,0,0.85,0.08,6903,-1,-1,-1,-1,11120,11120,-1,-1,11100,-1,-1,-1,0,88,88,88,88,84,100,200,100,121,0,0,0,0,0,0,0,0,0,0,0,10,0,0,0,0,2,0,0,0,0,0,0,1,0,0,253,255,0,255,0,255,0,0,0,0,0,0,0,0,0,0,0,0,1,0,0,0,0,0,0,0,0,0,0,-1,-1,2100,2010,-1,-1,-1,-1,-1,-1,-1,-1,-1,-1,-1,-1,-1,-1,-1,-1,-1,-1,-1,-1,-1,-1,-1,-1,-1,-1,-1,-1,0,0,0,0,0,0,0,0,0,0,0,0,-1,-1,-1,-1,-1,-1,-1,-1,-1,-1,-1,-1,-1,-1,-1,-1,-1,-1,-1,-1,-1,-1,-1,-1,0,0,0,0,0,0,0,0,0,0,0,0,0,0,0,0,0,0,0,0,0,0,0,0,255,139,139,88,0,0,0,1,0,0,0,65,90,100,100,0,0,100,-1,0,100,100,0,1,1,-1,0,0,60,0,0,0,0,88,0,88,0,0,0,0,130,0,[0|0|0|0]
6400340,Reverse-hand Blade - Default Attack,0.4,0.2,0,0,0.7,0.08,6903,-1,-1,-1,-1,10120,10120,-1,-1,10100,-1,-1,-1,0,89,89,89,89,87,100,200,100,121,0,0,0,0,0,0,0,0,0,0,0,20,0,0,0,0,2,0,0,0,0,0,0,1,0,0,252,255,2,255,0,255,0,0,0,0,0,0,0,0,0,0,0,0,1,0,0,0,0,0,0,0,9,0,0,-1,-1,2100,2010,-1,-1,-1,-1,-1,-1,-1,-1,-1,-1,-1,-1,-1,-1,-1,-1,-1,-1,-1,-1,-1,-1,-1,-1,-1,-1,-1,-1,0,0,0,0,0,0,0,0,0,0,0,0,-1,-1,-1,-1,-1,-1,-1,-1,-1,-1,-1,-1,-1,-1,-1,-1,-1,-1,-1,-1,-1,-1,-1,-1,0,0,0,0,0,0,0,0,0,0,0,0,0,0,0,0,0,0,0,0,0,0,0,0,255,139,139,89,0,0,0,1,0,0,0,65,90,100,100,0,0,100,-1,0,100,100,0,1,1,-1,0,0,60,0,0,0,0,89,0,89,0,0,0,0,130,0,[0|0|0|0]
6400343,Reverse-hand Blade - Default Attack,0.4,0.2,0,0,0.9,0.08,6903,-1,-1,1665,1667,11120,11120,-1,-1,11100,-1,-1,-1,0,92,92,92,92,87,100,200,100,121,0,0,0,0,0,0,0,0,0,0,0,20,0,0,0,0,2,0,0,0,0,0,0,1,0,0,253,255,0,255,0,255,0,0,0,0,0,0,0,0,0,0,0,4,1,0,0,0,0,0,0,0,0,0,0,-1,-1,2100,2010,-1,-1,-1,-1,-1,-1,-1,-1,-1,-1,-1,-1,-1,-1,-1,-1,-1,-1,-1,-1,-1,-1,-1,-1,-1,-1,-1,-1,0,0,0,0,0,0,0,0,0,0,0,0,-1,-1,-1,-1,-1,-1,-1,-1,-1,-1,-1,-1,-1,-1,-1,-1,-1,-1,-1,-1,-1,-1,-1,-1,0,0,0,0,0,0,0,0,0,0,0,0,0,0,0,0,0,0,0,0,0,0,0,0,255,139,139,92,0,0,0,1,0,0,0,65,90,100,100,0,0,100,-1,0,100,100,0,1,1,-1,0,0,60,0,0,0,0,92,0,92,0,0,0,0,130,0,[0|0|0|0]
6400350,Reverse-hand Blade - Default Attack,0.4,0.2,0,0,0.85,0.08,6903,-1,-1,1665,1667,10120,10120,-1,-1,10100,-1,-1,-1,0,86,86,86,86,93,9900,100,100,102,0,0,0,0,0,0,0,0,0,0,0,20,0,0,0,0,2,0,0,0,0,0,0,1,0,0,253,255,0,255,0,255,0,0,0,0,0,0,0,0,0,0,0,0,1,0,0,0,0,0,0,0,9,0,0,-1,-1,2100,2010,-1,-1,-1,-1,-1,-1,-1,-1,-1,-1,-1,-1,-1,-1,-1,-1,-1,-1,-1,-1,-1,-1,-1,-1,-1,-1,-1,-1,0,0,0,0,0,0,0,0,0,0,0,0,-1,-1,-1,-1,-1,-1,-1,-1,-1,-1,-1,-1,-1,-1,-1,-1,-1,-1,-1,-1,-1,-1,-1,-1,0,0,0,0,0,0,0,0,0,0,0,0,0,0,0,0,0,0,0,0,0,0,0,0,255,139,139,86,0,0,0,1,0,0,0,65,90,100,100,0,0,100,-1,0,100,100,0,1,1,-1,0,0,90,0,0,0,0,86,0,86,0,0,0,0,130,0,[0|0|0|0]
6400353,Reverse-hand Blade - Default Attack,0.4,0.2,0,0,0.85,0.08,6903,-1,-1,-1,-1,11120,11120,-1,-1,11100,-1,-1,-1,0,86,86,86,86,93,9900,100,100,102,0,0,0,0,0,0,0,0,0,0,0,20,0,0,0,0,2,0,0,0,0,0,0,1,0,0,253,255,0,255,0,255,0,0,0,0,0,0,0,0,0,0,0,0,1,0,0,0,0,0,0,0,0,0,0,-1,-1,2100,2010,-1,-1,-1,-1,-1,-1,-1,-1,-1,-1,-1,-1,-1,-1,-1,-1,-1,-1,-1,-1,-1,-1,-1,-1,-1,-1,-1,-1,0,0,0,0,0,0,0,0,0,0,0,0,-1,-1,-1,-1,-1,-1,-1,-1,-1,-1,-1,-1,-1,-1,-1,-1,-1,-1,-1,-1,-1,-1,-1,-1,0,0,0,0,0,0,0,0,0,0,0,0,0,0,0,0,0,0,0,0,0,0,0,0,255,139,139,86,0,0,0,1,0,0,0,65,90,100,100,0,0,100,-1,0,100,100,0,1,1,-1,0,0,90,0,0,0,0,86,0,86,0,0,0,0,130,0,[0|0|0|0]
6400360,Reverse-hand Blade - Default Attack,0.4,0.2,0,0,1.65,0.08,6904,-1,-1,1665,1667,10120,10120,-1,-1,10100,-1,-1,-1,0,99,99,99,99,101,9900,100,100,102,0,0,0,0,0,0,0,0,0,0,0,20,0,0,0,0,2,0,0,0,0,0,0,2,0,0,253,255,0,255,0,255,0,0,0,0,0,0,0,0,0,0,0,4,1,0,0,0,0,0,0,0,0,0,0,-1,-1,2100,2010,-1,-1,-1,-1,-1,-1,-1,-1,-1,-1,-1,-1,-1,-1,-1,-1,-1,-1,-1,-1,-1,-1,-1,-1,-1,-1,-1,-1,0,0,0,0,0,0,0,0,0,0,0,0,-1,-1,-1,-1,-1,-1,-1,-1,-1,-1,-1,-1,-1,-1,-1,-1,-1,-1,-1,-1,-1,-1,-1,-1,0,0,0,0,0,0,0,0,0,0,0,0,0,0,0,0,0,0,0,0,0,0,0,0,255,139,139,99,0,0,0,1,0,0,0,100,100,100,100,0,0,100,-1,0,100,140,0,1,1,-1,0,0,220,0,0,0,0,99,0,99,0,0,0,0,130,0,[0|0|0|0]
6400363,Reverse-hand Blade - Default Attack,0.4,0.2,0,0,1.65,0.08,6904,-1,-1,-1,-1,11120,11120,-1,-1,11100,-1,-1,-1,0,99,99,99,99,101,9900,100,100,102,0,0,0,0,0,0,0,0,0,0,0,20,0,0,0,0,2,0,0,0,0,0,0,2,0,0,253,255,0,255,0,255,0,0,0,0,0,0,0,0,0,0,0,3,1,0,0,0,0,0,0,0,9,0,0,-1,-1,2100,2010,-1,-1,-1,-1,-1,-1,-1,-1,-1,-1,-1,-1,-1,-1,-1,-1,-1,-1,-1,-1,-1,-1,-1,-1,-1,-1,-1,-1,0,0,0,0,0,0,0,0,0,0,0,0,-1,-1,-1,-1,-1,-1,-1,-1,-1,-1,-1,-1,-1,-1,-1,-1,-1,-1,-1,-1,-1,-1,-1,-1,0,0,0,0,0,0,0,0,0,0,0,0,0,0,0,0,0,0,0,0,0,0,0,0,255,139,139,99,0,0,0,1,0,0,0,100,100,100,100,0,0,100,-1,0,100,140,0,1,1,-1,0,0,220,0,0,0,0,99,0,99,0,0,0,0,130,0,[0|0|0|0]
6400380,Reverse-hand Blade - Default Attack,0.4,0.2,0,0,1.55,0.08,6903,-1,-1,-1,-1,10120,10120,-1,-1,10100,-1,-1,-1,0,78,78,78,78,95,9900,120,100,103,0,0,0,0,0,0,0,0,0,0,0,10,0,0,0,0,2,0,0,0,0,0,0,2,0,0,253,255,0,255,0,255,0,0,0,0,0,0,0,0,0,0,0,4,1,0,0,0,0,0,0,0,9,0,0,-1,-1,2100,2010,-1,-1,-1,-1,-1,-1,-1,-1,-1,-1,-1,-1,-1,-1,-1,-1,-1,-1,-1,-1,-1,-1,-1,-1,-1,-1,-1,-1,0,0,0,0,0,0,0,0,0,0,0,0,-1,-1,-1,-1,-1,-1,-1,-1,-1,-1,-1,-1,-1,-1,-1,-1,-1,-1,-1,-1,-1,-1,-1,-1,0,0,0,0,0,0,0,0,0,0,0,0,0,0,0,0,0,0,0,0,0,0,0,0,255,139,139,78,0,0,0,1,0,0,0,50,50,100,100,0,0,40,-1,0,100,100,0,1,1,-1,0,0,165,0,0,0,0,78,0,78,0,0,0,0,130,0,[0|0|0|0]
6400381,Reverse-hand Blade - Default Attack,0.4,0.2,0,0,1.6,0.08,6903,-1,-1,-1,-1,11120,11120,-1,-1,11100,-1,-1,-1,0,96,96,96,96,95,9900,120,100,103,0,0,0,0,0,0,0,0,0,0,0,10,0,0,0,0,2,0,0,0,0,0,0,2,0,0,252,255,2,255,0,255,0,0,0,0,0,0,0,0,0,0,0,0,1,0,0,0,0,0,0,0,9,0,0,-1,-1,2100,2010,-1,-1,-1,-1,-1,-1,-1,-1,-1,-1,-1,-1,-1,-1,-1,-1,-1,-1,-1,-1,-1,-1,-1,-1,-1,-1,-1,-1,0,0,0,0,0,0,0,0,0,0,0,0,-1,-1,-1,-1,-1,-1,-1,-1,-1,-1,-1,-1,-1,-1,-1,-1,-1,-1,-1,-1,-1,-1,-1,-1,0,0,0,0,0,0,0,0,0,0,0,0,0,0,0,0,0,0,0,0,0,0,0,0,255,139,139,96,0,0,0,1,0,0,0,50,50,100,100,0,0,40,-1,0,100,100,0,1,1,-1,0,0,165,0,0,0,0,96,0,96,0,0,0,0,130,0,[0|0|0|0]
6400382,Reverse-hand Blade - Default Attack,0.4,0.2,0,0,1.6,0.08,6903,-1,-1,1665,1667,10120,10120,-1,-1,10100,-1,-1,-1,0,80,80,80,80,98,9900,100,100,103,0,0,0,0,0,0,0,0,0,0,0,10,0,0,0,0,2,0,0,0,0,0,0,2,0,0,253,255,0,255,0,255,0,0,0,0,0,0,0,0,0,0,0,4,1,0,0,0,0,0,0,0,9,0,0,-1,-1,2100,2010,-1,-1,-1,-1,-1,-1,-1,-1,-1,-1,-1,-1,-1,-1,-1,-1,-1,-1,-1,-1,-1,-1,-1,-1,-1,-1,-1,-1,0,0,0,0,0,0,0,0,0,0,0,0,-1,-1,-1,-1,-1,-1,-1,-1,-1,-1,-1,-1,-1,-1,-1,-1,-1,-1,-1,-1,-1,-1,-1,-1,0,0,0,0,0,0,0,0,0,0,0,0,0,0,0,0,0,0,0,0,0,0,0,0,255,139,139,80,0,0,0,1,0,0,0,50,90,100,100,0,0,65,-1,0,100,100,0,1,1,-1,0,0,165,0,0,0,0,80,0,80,0,0,0,0,130,0,[0|0|0|0]
6400383,Reverse-hand Blade - Default Attack,0.4,0.2,0,0,1.65,0.08,6903,-1,-1,-1,-1,11120,11120,-1,-1,11100,-1,-1,-1,0,98,98,98,98,102,9900,100,100,103,0,0,0,0,0,0,0,0,0,0,0,10,0,0,0,0,2,0,0,0,0,0,0,2,0,0,252,255,2,255,0,255,0,0,0,0,0,0,0,0,0,0,0,0,1,0,0,0,0,0,0,0,0,0,0,-1,-1,2100,2010,-1,-1,-1,-1,-1,-1,-1,-1,-1,-1,-1,-1,-1,-1,-1,-1,-1,-1,-1,-1,-1,-1,-1,-1,-1,-1,-1,-1,0,0,0,0,0,0,0,0,0,0,0,0,-1,-1,-1,-1,-1,-1,-1,-1,-1,-1,-1,-1,-1,-1,-1,-1,-1,-1,-1,-1,-1,-1,-1,-1,0,0,0,0,0,0,0,0,0,0,0,0,0,0,0,0,0,0,0,0,0,0,0,0,255,139,139,98,0,0,0,1,0,0,0,50,90,100,100,0,0,65,-1,0,100,100,0,1,1,-1,0,0,165,0,0,0,0,98,0,98,0,0,0,0,130,0,[0|0|0|0]
6400400,Reverse-hand Blade - Default Attack,0.4,0.2,0,0,1.15,0.08,6902,-1,-1,-1,1667,100,120,-1,-1,110,-1,-1,-1,0,100,100,100,100,100,100,100,100,0,0,0,0,0,0,0,0,0,0,0,0,10,0,0,0,0,2,0,0,0,0,0,0,1,0,0,253,255,0,255,0,255,0,0,0,0,0,0,0,0,0,0,0,0,1,0,0,0,0,0,0,0,0,0,0,-1,-1,2100,2010,-1,-1,-1,-1,-1,-1,-1,-1,-1,-1,-1,-1,-1,-1,-1,-1,-1,-1,-1,-1,-1,-1,-1,-1,-1,-1,-1,-1,0,0,0,0,0,0,0,0,0,0,0,0,-1,-1,-1,-1,-1,-1,-1,-1,-1,-1,-1,-1,-1,-1,-1,-1,-1,-1,-1,-1,-1,-1,-1,-1,0,0,0,0,0,0,0,0,0,0,0,0,0,0,0,0,0,0,0,0,0,0,0,0,255,139,139,100,0,0,0,0,0,0,0,100,100,100,100,0,0,100,-1,0,100,100,0,1,1,-1,0,0,100,0,0,0,0,100,0,100,0,0,0,0,130,0,[0|0|0|0]
6400410,Reverse-hand Blade - Default Attack,0.4,0.2,0,0,1.1,0.08,6902,-1,-1,-1,1667,100,120,-1,-1,110,-1,-1,-1,0,101,101,101,101,100,100,100,100,0,0,0,0,0,0,0,0,0,0,0,0,10,0,0,0,0,2,0,0,0,0,0,0,1,0,0,253,255,0,255,0,255,0,0,0,0,0,0,0,0,0,0,0,3,1,0,0,0,0,0,0,0,0,0,0,-1,-1,2100,2010,-1,-1,-1,-1,-1,-1,-1,-1,-1,-1,-1,-1,-1,-1,-1,-1,-1,-1,-1,-1,-1,-1,-1,-1,-1,-1,-1,-1,0,0,0,0,0,0,0,0,0,0,0,0,-1,-1,-1,-1,-1,-1,-1,-1,-1,-1,-1,-1,-1,-1,-1,-1,-1,-1,-1,-1,-1,-1,-1,-1,0,0,0,0,0,0,0,0,0,0,0,0,0,0,0,0,0,0,0,0,0,0,0,0,255,139,139,101,0,0,0,0,0,0,0,100,100,100,100,0,0,100,-1,0,100,100,0,1,1,-1,0,0,100,0,0,0,0,101,0,101,0,0,0,0,130,0,[0|0|0|0]
6400420,Reverse-hand Blade - Default Attack,0.4,0.2,0,0,1.15,0.08,6902,-1,-1,-1,1667,100,120,-1,-1,110,-1,-1,-1,0,102,102,102,102,100,100,100,100,0,0,0,0,0,0,0,0,0,0,0,0,10,0,0,0,0,2,0,0,0,0,0,0,1,0,0,252,255,2,255,0,255,0,0,0,0,0,0,0,0,0,0,0,0,1,0,0,0,0,0,0,0,0,0,0,-1,-1,2100,2010,-1,-1,-1,-1,-1,-1,-1,-1,-1,-1,-1,-1,-1,-1,-1,-1,-1,-1,-1,-1,-1,-1,-1,-1,-1,-1,-1,-1,0,0,0,0,0,0,0,0,0,0,0,0,-1,-1,-1,-1,-1,-1,-1,-1,-1,-1,-1,-1,-1,-1,-1,-1,-1,-1,-1,-1,-1,-1,-1,-1,0,0,0,0,0,0,0,0,0,0,0,0,0,0,0,0,0,0,0,0,0,0,0,0,255,139,139,102,0,0,0,0,0,0,0,100,100,100,100,0,0,100,-1,0,100,105,0,1,1,-1,0,0,100,0,0,0,0,102,0,102,0,0,0,0,130,0,[0|0|0|0]
6400430,Reverse-hand Blade - Default Attack,0.4,0.2,0,0,0.85,0.08,6902,-1,-1,-1,1667,100,120,-1,-1,110,-1,-1,-1,0,103,103,103,103,100,100,100,100,0,0,0,0,0,0,0,0,0,0,0,0,10,0,0,0,0,2,0,0,0,0,0,0,1,0,0,253,255,0,255,0,255,0,0,0,0,0,0,0,0,0,0,0,4,1,0,0,0,0,0,0,0,0,0,0,-1,-1,2100,2010,-1,-1,-1,-1,-1,-1,-1,-1,-1,-1,-1,-1,-1,-1,-1,-1,-1,-1,-1,-1,-1,-1,-1,-1,-1,-1,-1,-1,0,0,0,0,0,0,0,0,0,0,0,0,-1,-1,-1,-1,-1,-1,-1,-1,-1,-1,-1,-1,-1,-1,-1,-1,-1,-1,-1,-1,-1,-1,-1,-1,0,0,0,0,0,0,0,0,0,0,0,0,0,0,0,0,0,0,0,0,0,0,0,0,255,139,139,103,0,0,0,0,0,0,0,100,100,100,100,0,0,100,-1,0,100,105,0,1,1,-1,0,0,100,0,0,0,0,103,0,103,0,0,0,0,130,0,[0|0|0|0]
6400440,Reverse-hand Blade - Default Attack,0.4,0.2,0,0,1.15,0.08,6902,-1,-1,-1,1667,100,120,-1,-1,110,-1,-1,-1,0,104,104,104,104,100,100,100,100,0,0,0,0,0,0,0,0,0,0,0,0,10,0,0,0,0,2,0,0,0,0,0,0,1,0,0,253,255,0,255,0,255,0,0,0,0,0,0,0,0,0,0,0,3,1,0,0,0,0,0,0,0,0,0,0,-1,-1,2100,2010,-1,-1,-1,-1,-1,-1,-1,-1,-1,-1,-1,-1,-1,-1,-1,-1,-1,-1,-1,-1,-1,-1,-1,-1,-1,-1,-1,-1,0,0,0,0,0,0,0,0,0,0,0,0,-1,-1,-1,-1,-1,-1,-1,-1,-1,-1,-1,-1,-1,-1,-1,-1,-1,-1,-1,-1,-1,-1,-1,-1,0,0,0,0,0,0,0,0,0,0,0,0,0,0,0,0,0,0,0,0,0,0,0,0,255,139,139,104,0,0,0,0,0,0,0,100,100,100,100,0,0,100,-1,0,100,105,0,1,1,-1,0,0,100,0,0,0,0,104,0,104,0,0,0,0,130,0,[0|0|0|0]
6400450,Reverse-hand Blade - Default Attack,0.4,0.2,0,0,1.2,0.08,6902,-1,-1,-1,1667,110,120,-1,-1,100,-1,-1,-1,0,110,110,110,110,100,100,100,100,104,0,0,0,0,0,0,0,0,0,0,0,10,0,0,0,0,2,0,0,0,0,0,0,2,0,0,253,255,0,255,0,255,0,0,0,0,0,0,0,0,0,0,0,0,1,0,0,0,0,0,0,0,0,0,0,-1,-1,2100,2010,-1,-1,-1,-1,-1,-1,-1,-1,-1,-1,-1,-1,-1,-1,-1,-1,-1,-1,-1,-1,-1,-1,-1,-1,-1,-1,-1,-1,0,0,0,0,0,0,0,0,0,0,0,0,-1,-1,-1,-1,-1,-1,-1,-1,-1,-1,-1,-1,-1,-1,-1,-1,-1,-1,-1,-1,-1,-1,-1,-1,0,0,0,0,0,0,0,0,0,0,0,0,0,0,0,0,0,0,0,0,0,0,0,0,255,139,139,110,0,0,0,0,0,0,0,100,100,100,100,0,0,100,-1,0,100,110,0,1,1,-1,0,0,200,0,0,0,0,110,0,110,0,0,0,0,130,0,[0|0|0|0]
6400460,Reverse-hand Blade - Default Attack,0.4,0.2,0,0,0,0,-1,-1,-1,-1,1667,100,120,-1,-1,110,-1,-1,-1,0,0,0,0,0,0,100,100,100,0,0,0,0,0,0,0,0,0,0,0,0,0,0,0,0,0,2,0,0,0,0,0,0,0,0,0,3,255,0,255,0,255,0,0,0,0,0,0,0,0,0,0,0,0,1,0,0,0,0,0,0,0,0,0,0,-1,-1,2100,2010,-1,-1,-1,-1,-1,-1,-1,-1,-1,-1,-1,-1,-1,-1,-1,-1,-1,-1,-1,-1,-1,-1,-1,-1,-1,-1,-1,-1,0,0,0,0,0,0,0,0,0,0,0,0,-1,-1,-1,-1,-1,-1,-1,-1,-1,-1,-1,-1,-1,-1,-1,-1,-1,-1,-1,-1,-1,-1,-1,-1,0,0,0,0,0,0,0,0,0,0,0,0,0,0,0,0,0,0,0,0,0,0,0,0,255,139,139,0,0,0,1,0,0,0,0,100,100,100,100,0,0,100,-1,-1,-1,0,0,1,1,-1,0,0,0,0,0,0,0,0,0,0,0,0,0,0,130,0,[0|0|0|0]
6400470,Reverse-hand Blade - Default Attack,0.4,0.2,0,0,0,0,-1,-1,-1,-1,1667,100,120,-1,-1,110,-1,-1,-1,0,0,0,0,0,0,100,100,100,0,0,0,0,0,0,0,0,0,0,0,0,0,0,0,0,0,2,0,0,0,0,0,0,0,0,0,3,255,0,255,0,255,0,0,0,0,0,0,0,0,0,0,0,0,1,0,0,0,0,0,0,0,0,0,0,-1,-1,2100,2010,-1,-1,-1,-1,-1,-1,-1,-1,-1,-1,-1,-1,-1,-1,-1,-1,-1,-1,-1,-1,-1,-1,-1,-1,-1,-1,-1,-1,0,0,0,0,0,0,0,0,0,0,0,0,-1,-1,-1,-1,-1,-1,-1,-1,-1,-1,-1,-1,-1,-1,-1,-1,-1,-1,-1,-1,-1,-1,-1,-1,0,0,0,0,0,0,0,0,0,0,0,0,0,0,0,0,0,0,0,0,0,0,0,0,255,139,139,0,0,0,1,0,0,0,0,100,100,100,100,0,0,100,-1,-1,-1,0,0,1,1,-1,0,0,0,0,0,0,0,0,0,0,0,0,0,0,130,0,[0|0|0|0]
6400480,Reverse-hand Blade - Default Attack,0.4,0.2,0,0,0,0,-1,-1,-1,-1,1667,100,120,-1,-1,110,-1,-1,-1,0,0,0,0,0,0,100,0,100,0,0,0,0,0,0,0,0,0,0,0,0,0,0,-50,0,0,2,0,0,0,0,0,0,0,0,0,3,255,0,255,0,255,0,0,0,0,0,0,0,0,0,0,0,0,1,0,0,0,0,0,0,0,0,0,0,-1,-1,2100,2010,-1,-1,-1,-1,-1,-1,-1,-1,-1,-1,-1,-1,-1,-1,-1,-1,-1,-1,-1,-1,-1,-1,-1,-1,-1,-1,-1,-1,0,0,0,0,0,0,0,0,0,0,0,0,-1,-1,-1,-1,-1,-1,-1,-1,-1,-1,-1,-1,-1,-1,-1,-1,-1,-1,-1,-1,-1,-1,-1,-1,0,0,0,0,0,0,0,0,0,0,0,0,0,0,0,0,0,0,0,0,0,0,0,0,255,139,139,0,0,0,1,0,0,0,0,100,100,100,100,0,0,100,-1,-1,-1,0,0,1,1,-1,0,0,0,0,0,0,0,0,0,0,0,0,0,0,130,0,[0|0|0|0]
6400500,Reverse-hand Blade - Default Attack,0.4,0,0,0,0,0,-1,-1,-1,-1,-1,120,-1,-1,-1,-1,-1,-1,-1,0,50,50,50,50,100,9900,100,100,0,0,0,0,0,0,0,0,0,0,0,0,10,0,0,0,0,0,0,0,0,0,0,0,0,0,0,252,255,2,255,0,255,0,2,0,0,0,0,0,0,0,0,0,0,1,0,0,0,0,0,0,0,0,0,0,-1,-1,2100,2010,-1,-1,-1,-1,-1,-1,-1,-1,-1,-1,-1,-1,-1,-1,-1,-1,-1,-1,-1,-1,-1,-1,-1,-1,-1,-1,-1,-1,0,0,0,0,0,0,0,0,0,0,0,0,-1,-1,-1,-1,-1,-1,-1,-1,-1,-1,-1,-1,-1,-1,-1,-1,-1,-1,-1,-1,-1,-1,-1,-1,0,0,0,0,0,0,0,0,0,0,0,0,0,0,0,0,0,0,0,0,0,0,0,0,255,139,139,50,0,0,1,1,0,0,0,100,100,100,100,0,1,100,-1,0,100,1000,0,1,1,-1,0,0,0,0,0,0,0,50,0,50,0,0,0,0,130,0,[0|0|0|0]
6400501,Reverse-hand Blade - Default Attack,0.4,0,0,0,0,0,350510,350610,20382301,1665,1667,120,-1,-1,-1,-1,-1,-1,-1,0,220,220,220,220,100,9900,100,100,0,0,0,0,0,0,0,0,0,0,0,0,10,0,0,0,0,0,0,0,0,0,0,0,0,0,0,252,255,2,255,0,255,0,2,0,0,0,0,0,0,0,0,0,0,1,0,0,0,0,0,0,0,0,0,0,-1,-1,2100,2010,-1,-1,-1,-1,-1,-1,-1,-1,-1,-1,-1,-1,-1,-1,-1,-1,-1,-1,-1,-1,-1,-1,-1,-1,-1,-1,-1,-1,0,0,0,0,0,0,0,0,0,0,0,0,-1,-1,-1,-1,-1,-1,-1,-1,-1,-1,-1,-1,-1,-1,-1,-1,-1,-1,-1,-1,-1,-1,-1,-1,0,0,0,0,0,0,0,0,0,0,0,0,0,0,0,0,0,0,0,0,0,0,0,0,255,139,139,220,0,0,1,1,0,0,0,100,100,100,100,0,1,100,-1,0,100,0,0,1,1,-1,0,0,0,0,0,0,0,220,0,220,0,0,0,0,130,0,[0|0|0|0]
6400509,Reverse-hand Blade - Default Attack,0.4,0.2,0,0,0.6,0.08,-1,-1,-1,1665,1667,100,120,-1,-1,110,-1,-1,-1,0,100,100,100,100,100,100,100,100,0,0,0,0,0,0,0,0,0,0,0,0,10,0,0,0,0,2,0,0,0,0,0,0,8,0,0,252,255,2,255,0,255,0,0,0,0,0,0,0,0,0,0,0,0,1,0,0,0,0,0,0,0,0,0,0,-1,-1,2100,2010,-1,-1,-1,-1,-1,-1,-1,-1,-1,-1,-1,-1,-1,-1,-1,-1,-1,-1,-1,-1,-1,-1,-1,-1,-1,-1,-1,-1,0,0,0,0,0,0,0,0,0,0,0,0,-1,-1,-1,-1,-1,-1,-1,-1,-1,-1,-1,-1,-1,-1,-1,-1,-1,-1,-1,-1,-1,-1,-1,-1,0,0,0,0,0,0,0,0,0,0,0,0,0,0,0,0,0,0,0,0,0,0,0,0,255,139,139,100,0,0,1,1,0,0,0,100,100,100,100,0,0,100,-1,0,100,0,0,1,1,-1,0,0,0,0,0,0,0,100,0,100,0,0,0,0,130,0,[0|0|0|0]
6400510,Reverse-hand Blade - Default Attack,0.4,0.2,0,0,0,0,350510,350610,-1,-1,-1,100,120,-1,-1,110,-1,-1,-1,0,50,50,50,50,100,9900,100,100,0,0,0,0,0,0,0,0,0,0,0,0,10,0,0,0,0,2,0,0,0,0,0,0,0,0,0,252,255,2,255,0,255,0,2,0,0,0,0,0,0,0,0,0,0,1,0,0,0,0,0,0,0,0,0,0,-1,-1,2100,2010,-1,-1,-1,-1,-1,-1,-1,-1,-1,-1,-1,-1,-1,-1,-1,-1,-1,-1,-1,-1,-1,-1,-1,-1,-1,-1,-1,-1,0,0,0,0,0,0,0,0,0,0,0,0,-1,-1,-1,-1,-1,-1,-1,-1,-1,-1,-1,-1,-1,-1,-1,-1,-1,-1,-1,-1,-1,-1,-1,-1,0,0,0,0,0,0,0,0,0,0,0,0,0,0,0,0,0,0,0,0,0,0,0,0,255,139,139,50,0,0,1,1,0,0,0,100,100,100,100,0,0,100,-1,0,100,1000,0,1,1,-1,0,0,0,0,0,0,0,50,0,50,0,0,0,0,130,0,[0|0|0|0]
6400511,Reverse-hand Blade - Default Attack,0.4,0.2,0,0,0,0,350510,350610,20382301,1665,1667,100,120,-1,-1,110,-1,-1,-1,0,300,300,300,300,100,9900,100,100,0,0,0,0,0,0,0,0,0,0,0,0,10,0,0,0,0,2,0,0,0,0,0,0,0,0,0,252,255,2,255,0,255,0,2,0,0,0,0,0,0,0,0,0,0,1,0,0,0,0,0,0,0,0,0,0,-1,-1,2100,2010,-1,-1,-1,-1,-1,-1,-1,-1,-1,-1,-1,-1,-1,-1,-1,-1,-1,-1,-1,-1,-1,-1,-1,-1,-1,-1,-1,-1,0,0,0,0,0,0,0,0,0,0,0,0,-1,-1,-1,-1,-1,-1,-1,-1,-1,-1,-1,-1,-1,-1,-1,-1,-1,-1,-1,-1,-1,-1,-1,-1,0,0,0,0,0,0,0,0,0,0,0,0,0,0,0,0,0,0,0,0,0,0,0,0,255,139,139,300,0,0,1,1,0,0,0,100,100,100,100,0,0,100,-1,0,100,0,0,1,1,-1,0,0,0,0,0,0,0,300,0,300,0,0,0,0,130,0,[0|0|0|0]
6400530,Reverse-hand Blade - Default Attack,0.4,0,0,0,0,0,350510,350610,20382301,1665,1667,100,-1,-1,-1,110,-1,-1,-1,0,400,400,400,400,100,9900,100,100,0,0,0,0,0,0,0,0,0,0,0,0,20,0,0,0,0,0,0,0,0,0,0,0,0,0,0,252,255,2,6,0,255,0,2,0,0,0,0,0,0,0,0,1,0,1,0,0,0,0,0,0,0,0,0,0,-1,-1,0,0,-1,-1,-1,-1,-1,-1,-1,-1,-1,-1,-1,-1,-1,-1,-1,-1,-1,-1,-1,-1,-1,-1,-1,-1,-1,-1,-1,-1,0,0,0,0,0,0,0,0,0,0,0,0,-1,-1,-1,-1,-1,-1,-1,-1,-1,-1,-1,-1,-1,-1,-1,-1,-1,-1,-1,-1,-1,-1,-1,-1,0,0,0,0,0,0,0,0,0,0,0,0,0,0,0,0,0,0,0,0,0,0,0,0,255,139,139,400,0,0,1,1,0,0,0,100,100,100,100,0,0,100,-1,0,100,1000,0,1,1,-1,0,0,0,0,0,0,0,400,0,400,0,0,0,0,130,0,[0|0|0|0]
6400550,Reverse-hand Blade - Default Attack,0.4,0.2,0,0,0,0,350510,350610,20382301,1665,1667,100,120,-1,-1,110,-1,-1,-1,0,420,420,420,420,100,9900,100,100,0,0,0,0,0,0,0,0,0,0,0,0,10,0,0,0,0,2,0,0,0,0,0,0,0,0,0,252,255,2,255,0,255,0,2,0,0,0,0,0,0,0,0,0,0,1,0,0,0,0,0,0,0,0,0,0,-1,-1,2100,2010,-1,-1,-1,-1,-1,-1,-1,-1,-1,-1,-1,-1,-1,-1,-1,-1,-1,-1,-1,-1,-1,-1,-1,-1,-1,-1,-1,-1,0,0,0,0,0,0,0,0,0,0,0,0,-1,-1,-1,-1,-1,-1,-1,-1,-1,-1,-1,-1,-1,-1,-1,-1,-1,-1,-1,-1,-1,-1,-1,-1,0,0,0,0,0,0,0,0,0,0,0,0,0,0,0,0,0,0,0,0,0,0,0,0,255,139,139,420,0,0,1,1,0,0,0,100,100,100,100,0,0,100,-1,0,100,1000,0,1,1,-1,0,0,0,0,0,0,0,420,0,420,0,0,0,0,130,0,[0|0|0|0]
6400560,Reverse-hand Blade - Default Attack,0.4,0.2,0,0,0,0,-1,-1,-1,-1,-1,100,120,-1,-1,110,-1,-1,-1,0,100,100,100,100,100,9900,100,100,0,0,0,0,0,0,0,0,0,0,0,0,10,0,0,0,0,2,0,0,0,0,0,0,0,0,0,252,255,2,255,0,255,0,2,0,0,0,0,0,0,0,0,0,0,1,0,0,0,0,0,0,0,0,0,0,-1,-1,2100,2010,-1,-1,-1,-1,-1,-1,-1,-1,-1,-1,-1,-1,-1,-1,-1,-1,-1,-1,-1,-1,-1,-1,-1,-1,-1,-1,-1,-1,0,0,0,0,0,0,0,0,0,0,0,0,-1,-1,-1,-1,-1,-1,-1,-1,-1,-1,-1,-1,-1,-1,-1,-1,-1,-1,-1,-1,-1,-1,-1,-1,0,0,0,0,0,0,0,0,0,0,0,0,0,0,0,0,0,0,0,0,0,0,0,0,255,139,139,100,0,0,1,1,0,0,0,100,100,100,100,0,0,100,-1,0,100,1000,0,1,1,-1,0,0,0,0,0,0,0,100,0,100,0,0,0,0,130,0,[0|0|0|0]
6400561,Reverse-hand Blade - Default Attack,0.4,0.2,0,0,0,0,350510,350610,20382301,1665,1667,100,120,-1,-1,110,-1,-1,-1,0,280,280,280,280,100,9900,100,100,0,0,0,0,0,0,0,0,0,0,0,0,10,0,0,0,0,2,0,0,0,0,0,0,0,0,0,252,255,2,255,0,255,0,2,0,0,0,0,0,0,0,0,0,0,1,0,0,0,0,0,0,0,0,0,0,-1,-1,2100,2010,-1,-1,-1,-1,-1,-1,-1,-1,-1,-1,-1,-1,-1,-1,-1,-1,-1,-1,-1,-1,-1,-1,-1,-1,-1,-1,-1,-1,0,0,0,0,0,0,0,0,0,0,0,0,-1,-1,-1,-1,-1,-1,-1,-1,-1,-1,-1,-1,-1,-1,-1,-1,-1,-1,-1,-1,-1,-1,-1,-1,0,0,0,0,0,0,0,0,0,0,0,0,0,0,0,0,0,0,0,0,0,0,0,0,255,139,139,280,0,0,1,1,0,0,0,100,100,100,100,0,0,100,-1,0,100,0,0,1,1,-1,0,0,0,0,0,0,0,280,0,280,0,0,0,0,130,0,[0|0|0|0]
6400590,Reverse-hand Blade - Default Attack,0.5,0,0,0,0,0,-1,-1,-1,-1,-1,94,-1,-1,-1,95,-1,-1,-1,0,0,0,0,0,0,9900,100,100,0,0,0,0,0,0,0,0,0,0,0,0,0,0,0,0,0,0,0,0,0,0,0,0,0,2,0,3,0,0,6,0,255,1,1,0,0,0,0,0,0,0,0,1,0,1,0,0,0,0,0,0,0,0,0,0,-1,-1,2100,2010,-1,-1,-1,-1,-1,-1,-1,-1,-1,-1,-1,-1,-1,-1,-1,-1,-1,-1,-1,-1,-1,-1,-1,-1,-1,-1,-1,-1,0,0,0,0,0,0,0,0,0,0,0,0,-1,-1,-1,-1,-1,-1,-1,-1,-1,-1,-1,-1,-1,-1,-1,-1,-1,-1,-1,-1,-1,-1,-1,-1,0,0,0,0,0,0,0,0,0,0,0,0,0,0,0,0,0,0,0,0,0,0,0,0,255,139,139,0,0,0,1,1,0,0,0,0,0,0,0,0,0,100,-1,-1,-1,0,0,1,1,-1,0,0,0,0,0,0,0,0,0,0,0,0,0,0,130,0,[0|0|0|0]
6400591,Reverse-hand Blade - Default Attack,0.4,0.2,0,0,0,0,-1,-1,-1,-1,-1,100,120,-1,-1,110,-1,-1,-1,0,0,0,0,0,0,100,0,100,0,0,0,0,0,0,0,0,0,0,0,0,0,0,0,0,0,2,0,0,0,0,0,0,0,0,0,3,255,0,255,0,255,1,0,0,0,0,0,0,0,0,0,0,0,1,0,0,0,0,0,0,0,0,0,0,-1,-1,2100,2010,-1,-1,-1,-1,-1,-1,-1,-1,-1,-1,-1,-1,-1,-1,-1,-1,-1,-1,-1,-1,-1,-1,-1,-1,-1,-1,-1,-1,0,0,0,0,0,0,0,0,0,0,0,0,-1,-1,-1,-1,-1,-1,-1,-1,-1,-1,-1,-1,-1,-1,-1,-1,-1,-1,-1,-1,-1,-1,-1,-1,0,0,0,0,0,0,0,0,0,0,0,0,0,0,0,0,0,0,0,0,0,0,0,0,255,139,139,0,0,0,1,1,0,0,0,100,100,100,100,0,0,100,-1,-1,-1,0,0,1,1,-1,0,0,0,0,0,0,0,0,0,0,0,0,0,0,130,0,[0|0|0|0]
6400600,Reverse-hand Blade - Default Attack,0.4,0.2,0,0,0.3,0.08,6903,-1,-1,1665,1667,100,120,-1,-1,110,-1,-1,-1,0,110,110,110,110,110,120,100,100,0,101,0,0,0,0,0,0,0,0,0,0,10,0,0,0,0,2,0,0,0,0,0,0,1,0,0,253,255,0,255,0,255,0,0,0,0,0,0,0,0,0,0,0,1,1,0,0,0,0,0,0,0,0,0,0,-1,-1,2100,2010,-1,-1,-1,-1,-1,-1,-1,-1,-1,-1,-1,-1,-1,-1,-1,-1,-1,-1,-1,-1,-1,-1,-1,-1,-1,-1,-1,-1,0,0,0,0,0,0,0,0,0,0,0,0,-1,-1,-1,-1,-1,-1,-1,-1,-1,-1,-1,-1,-1,-1,-1,-1,-1,-1,-1,-1,-1,-1,-1,-1,0,0,0,0,0,0,0,0,0,0,0,0,0,0,0,0,0,0,0,0,0,0,0,0,255,139,139,110,0,0,0,1,0,0,0,100,100,100,100,0,0,100,-1,0,100,100,0,1,1,-1,0,0,100,0,0,0,0,110,0,110,0,0,0,0,130,0,[0|0|0|0]
6400605,Reverse-hand Blade - Default Attack,0.4,0.2,0,0,0.3,0.08,6903,-1,-1,1665,1667,100,120,-1,-1,110,-1,-1,-1,0,110,110,110,110,110,120,100,100,0,101,0,0,0,0,0,0,0,0,0,0,10,0,0,0,0,2,0,0,0,0,0,0,1,0,0,253,255,0,255,0,255,0,0,0,0,0,0,0,0,0,0,0,0,1,0,0,0,0,0,0,0,0,0,0,-1,-1,2100,2010,-1,-1,-1,-1,-1,-1,-1,-1,-1,-1,-1,-1,-1,-1,-1,-1,-1,-1,-1,-1,-1,-1,-1,-1,-1,-1,-1,-1,0,0,0,0,0,0,0,0,0,0,0,0,-1,-1,-1,-1,-1,-1,-1,-1,-1,-1,-1,-1,-1,-1,-1,-1,-1,-1,-1,-1,-1,-1,-1,-1,0,0,0,0,0,0,0,0,0,0,0,0,0,0,0,0,0,0,0,0,0,0,0,0,255,139,139,110,0,0,0,1,0,0,0,100,100,100,100,0,0,100,-1,0,100,100,0,1,1,-1,0,0,100,0,0,0,0,110,0,110,0,0,0,0,130,0,[0|0|0|0]
6400610,Reverse-hand Blade - Default Attack,0.4,0.2,0,0,0.3,0.08,6903,-1,-1,1665,1667,100,120,-1,-1,110,-1,-1,-1,0,110,110,110,110,110,120,100,100,104,101,0,0,0,0,0,0,0,0,0,0,10,0,0,0,0,2,0,0,0,0,0,0,1,0,0,253,255,0,255,0,255,0,0,0,0,0,0,0,0,0,0,0,1,1,0,0,0,0,0,0,0,0,0,0,-1,-1,2100,2010,-1,-1,-1,-1,-1,-1,-1,-1,-1,-1,-1,-1,-1,-1,-1,-1,-1,-1,-1,-1,-1,-1,-1,-1,-1,-1,-1,-1,0,0,0,0,0,0,0,0,0,0,0,0,-1,-1,-1,-1,-1,-1,-1,-1,-1,-1,-1,-1,-1,-1,-1,-1,-1,-1,-1,-1,-1,-1,-1,-1,0,0,0,0,0,0,0,0,0,0,0,0,0,0,0,0,0,0,0,0,0,0,0,0,255,139,139,110,0,0,0,1,0,0,0,100,100,100,100,0,0,100,-1,0,100,100,0,1,1,-1,0,0,200,0,0,0,0,110,0,110,0,0,0,0,130,0,[0|0|0|0]
6400630,Reverse-hand Blade - Default Attack,0.4,0.2,0,0,0.4,0.08,6903,-1,-1,-1,-1,100,120,-1,-1,110,-1,-1,-1,0,90,90,90,90,90,9900,100,100,0,101,0,0,0,0,0,0,0,0,0,0,10,0,0,0,0,2,0,0,0,0,0,0,1,0,0,253,255,0,255,0,255,0,0,0,0,0,0,0,0,0,0,0,0,1,0,0,0,0,0,0,0,0,0,0,-1,-1,2100,2010,-1,-1,-1,-1,-1,-1,-1,-1,-1,-1,-1,-1,-1,-1,-1,-1,-1,-1,-1,-1,-1,-1,-1,-1,-1,-1,-1,-1,0,0,0,0,0,0,0,0,0,0,0,0,-1,-1,-1,-1,-1,-1,-1,-1,-1,-1,-1,-1,-1,-1,-1,-1,-1,-1,-1,-1,-1,-1,-1,-1,0,0,0,0,0,0,0,0,0,0,0,0,0,0,0,0,0,0,0,0,0,0,0,0,255,139,139,90,0,0,0,1,0,0,0,100,100,100,100,0,0,100,-1,0,100,30,0,1,1,-1,0,0,50,0,0,0,0,90,0,90,0,0,0,0,130,0,[0|0|0|0]
6400632,Reverse-hand Blade - Default Attack,0.4,0.2,0,0,0.6,0.08,6904,-1,-1,1665,1667,100,120,-1,-1,110,-1,-1,-1,0,130,130,130,130,170,100,100,100,0,101,0,0,0,0,0,0,0,0,0,0,10,0,0,0,0,2,0,0,0,0,0,0,1,0,0,253,255,0,255,0,255,0,0,0,0,0,0,0,0,0,0,0,0,1,0,0,0,0,0,0,0,0,0,0,-1,-1,2100,2010,-1,-1,-1,-1,-1,-1,-1,-1,-1,-1,-1,-1,-1,-1,-1,-1,-1,-1,-1,-1,-1,-1,-1,-1,-1,-1,-1,-1,0,0,0,0,0,0,0,0,0,0,0,0,-1,-1,-1,-1,-1,-1,-1,-1,-1,-1,-1,-1,-1,-1,-1,-1,-1,-1,-1,-1,-1,-1,-1,-1,0,0,0,0,0,0,0,0,0,0,0,0,0,0,0,0,0,0,0,0,0,0,0,0,255,139,139,130,0,0,0,1,0,0,0,100,100,100,100,0,0,100,-1,0,100,130,0,1,1,-1,0,0,200,0,0,0,0,130,0,130,0,0,0,0,130,0,[0|0|0|0]
6400635,Reverse-hand Blade - Default Attack,0.4,0.2,0,0,0.8,0.08,6906,-1,-1,1665,1667,100,120,-1,-1,110,-1,-1,-1,0,170,170,170,170,240,100,100,100,100,101,0,0,0,0,0,0,0,0,0,0,10,0,0,0,0,2,0,0,0,0,0,0,2,0,0,253,255,0,255,0,255,0,0,0,0,0,0,0,0,0,0,0,2,1,0,0,0,0,0,0,0,0,0,0,-1,-1,2100,2010,-1,-1,-1,-1,-1,-1,-1,-1,-1,-1,-1,-1,-1,-1,-1,-1,-1,-1,-1,-1,-1,-1,-1,-1,-1,-1,-1,-1,0,0,0,0,0,0,0,0,0,0,0,0,-1,-1,-1,-1,-1,-1,-1,-1,-1,-1,-1,-1,-1,-1,-1,-1,-1,-1,-1,-1,-1,-1,-1,-1,0,0,0,0,0,0,0,0,0,0,0,0,0,0,0,0,0,0,0,0,0,0,0,0,255,139,139,170,0,0,0,1,0,0,0,100,100,100,100,0,0,100,-1,0,100,180,0,1,1,-1,0,0,600,0,0,0,0,170,0,170,0,0,0,0,130,0,[0|0|0|0]
6400700,Reverse-hand Blade - Default Attack,0.4,0.2,0,0,0.3,0.08,6903,-1,-1,1665,1667,100,120,-1,-1,110,-1,-1,-1,0,110,110,110,110,110,100,100,100,0,101,0,0,0,0,0,0,0,0,0,0,10,0,0,0,0,2,0,0,0,0,0,0,1,0,0,253,255,0,255,0,255,0,0,0,0,0,0,0,0,0,0,0,1,1,0,0,0,0,0,0,0,0,0,0,-1,-1,2100,2010,-1,-1,-1,-1,-1,-1,-1,-1,-1,-1,-1,-1,-1,-1,-1,-1,-1,-1,-1,-1,-1,-1,-1,-1,-1,-1,-1,-1,0,0,0,0,0,0,0,0,0,0,0,0,-1,-1,-1,-1,-1,-1,-1,-1,-1,-1,-1,-1,-1,-1,-1,-1,-1,-1,-1,-1,-1,-1,-1,-1,0,0,0,0,0,0,0,0,0,0,0,0,0,0,0,0,0,0,0,0,0,0,0,0,255,139,139,110,0,0,0,1,0,0,0,100,100,100,100,0,0,100,-1,0,100,100,0,1,1,-1,0,0,100,0,0,0,0,110,0,110,0,0,0,0,130,0,[0|0|0|0]
6400705,Reverse-hand Blade - Default Attack,0.4,0.2,0,0,0.3,0.08,6903,-1,-1,1665,1667,100,120,-1,-1,110,-1,-1,-1,0,110,110,110,110,110,100,100,100,0,101,0,0,0,0,0,0,0,0,0,0,10,0,0,0,0,2,0,0,0,0,0,0,1,0,0,253,255,0,255,0,255,0,0,0,0,0,0,0,0,0,0,0,0,1,0,0,0,0,0,0,0,0,0,0,-1,-1,2100,2010,-1,-1,-1,-1,-1,-1,-1,-1,-1,-1,-1,-1,-1,-1,-1,-1,-1,-1,-1,-1,-1,-1,-1,-1,-1,-1,-1,-1,0,0,0,0,0,0,0,0,0,0,0,0,-1,-1,-1,-1,-1,-1,-1,-1,-1,-1,-1,-1,-1,-1,-1,-1,-1,-1,-1,-1,-1,-1,-1,-1,0,0,0,0,0,0,0,0,0,0,0,0,0,0,0,0,0,0,0,0,0,0,0,0,255,139,139,110,0,0,0,1,0,0,0,100,100,100,100,0,0,100,-1,0,100,100,0,1,1,-1,0,0,100,0,0,0,0,110,0,110,0,0,0,0,130,0,[0|0|0|0]
6400710,Reverse-hand Blade - Default Attack,0.4,0.2,0,0,0.3,0.08,6903,-1,-1,1665,1667,100,120,-1,-1,110,-1,-1,-1,0,110,110,110,110,110,100,100,100,104,101,0,0,0,0,0,0,0,0,0,0,10,0,0,0,0,2,0,0,0,0,0,0,1,0,0,253,255,0,255,0,255,0,0,0,0,0,0,0,0,0,0,0,1,1,0,0,0,0,0,0,0,0,0,0,-1,-1,2100,2010,-1,-1,-1,-1,-1,-1,-1,-1,-1,-1,-1,-1,-1,-1,-1,-1,-1,-1,-1,-1,-1,-1,-1,-1,-1,-1,-1,-1,0,0,0,0,0,0,0,0,0,0,0,0,-1,-1,-1,-1,-1,-1,-1,-1,-1,-1,-1,-1,-1,-1,-1,-1,-1,-1,-1,-1,-1,-1,-1,-1,0,0,0,0,0,0,0,0,0,0,0,0,0,0,0,0,0,0,0,0,0,0,0,0,255,139,139,110,0,0,0,1,0,0,0,100,100,100,100,0,0,100,-1,0,100,100,0,1,1,-1,0,0,200,0,0,0,0,110,0,110,0,0,0,0,130,0,[0|0|0|0]
6400730,Reverse-hand Blade - Default Attack,0.4,0.2,0,0,0.4,0.08,6903,-1,-1,-1,-1,100,120,-1,-1,110,-1,-1,-1,0,90,90,90,90,90,9900,100,100,0,101,0,0,0,0,0,0,0,0,0,0,10,0,0,0,0,2,0,0,0,0,0,0,1,0,0,253,255,0,255,0,255,0,0,0,0,0,0,0,0,0,0,0,0,1,0,0,0,0,0,0,0,0,0,0,-1,-1,2100,2010,-1,-1,-1,-1,-1,-1,-1,-1,-1,-1,-1,-1,-1,-1,-1,-1,-1,-1,-1,-1,-1,-1,-1,-1,-1,-1,-1,-1,0,0,0,0,0,0,0,0,0,0,0,0,-1,-1,-1,-1,-1,-1,-1,-1,-1,-1,-1,-1,-1,-1,-1,-1,-1,-1,-1,-1,-1,-1,-1,-1,0,0,0,0,0,0,0,0,0,0,0,0,0,0,0,0,0,0,0,0,0,0,0,0,255,139,139,90,0,0,0,1,0,0,0,100,100,100,100,0,0,100,-1,0,100,30,0,1,1,-1,0,0,50,0,0,0,0,90,0,90,0,0,0,0,130,0,[0|0|0|0]
6400732,Reverse-hand Blade - Default Attack,0.4,0.2,0,0,0.6,0.08,6904,-1,-1,1665,1667,100,120,-1,-1,110,-1,-1,-1,0,130,130,130,130,170,100,100,100,0,101,0,0,0,0,0,0,0,0,0,0,10,0,0,0,0,2,0,0,0,0,0,0,1,0,0,253,255,0,255,0,255,0,0,0,0,0,0,0,0,0,0,0,0,1,0,0,0,0,0,0,0,0,0,0,-1,-1,2100,2010,-1,-1,-1,-1,-1,-1,-1,-1,-1,-1,-1,-1,-1,-1,-1,-1,-1,-1,-1,-1,-1,-1,-1,-1,-1,-1,-1,-1,0,0,0,0,0,0,0,0,0,0,0,0,-1,-1,-1,-1,-1,-1,-1,-1,-1,-1,-1,-1,-1,-1,-1,-1,-1,-1,-1,-1,-1,-1,-1,-1,0,0,0,0,0,0,0,0,0,0,0,0,0,0,0,0,0,0,0,0,0,0,0,0,255,139,139,130,0,0,0,1,0,0,0,100,100,100,100,0,0,100,-1,0,100,130,0,1,1,-1,0,0,200,0,0,0,0,130,0,130,0,0,0,0,130,0,[0|0|0|0]
6400735,Reverse-hand Blade - Default Attack,0.4,0.2,0,0,0.8,0.08,6906,-1,-1,1665,1667,100,120,-1,-1,110,-1,-1,-1,0,170,170,170,170,240,100,100,100,100,101,0,0,0,0,0,0,0,0,0,0,10,0,0,0,0,2,0,0,0,0,0,0,2,0,0,253,255,0,255,0,255,0,0,0,0,0,0,0,0,0,0,0,2,1,0,0,0,0,0,0,0,0,0,0,-1,-1,2100,2010,-1,-1,-1,-1,-1,-1,-1,-1,-1,-1,-1,-1,-1,-1,-1,-1,-1,-1,-1,-1,-1,-1,-1,-1,-1,-1,-1,-1,0,0,0,0,0,0,0,0,0,0,0,0,-1,-1,-1,-1,-1,-1,-1,-1,-1,-1,-1,-1,-1,-1,-1,-1,-1,-1,-1,-1,-1,-1,-1,-1,0,0,0,0,0,0,0,0,0,0,0,0,0,0,0,0,0,0,0,0,0,0,0,0,255,139,139,170,0,0,0,1,0,0,0,100,100,100,100,0,0,100,-1,0,100,180,0,1,1,-1,0,0,600,0,0,0,0,170,0,170,0,0,0,0,130,0,[0|0|0|0]
6400800,Reverse-hand Blade - Default Attack,0.4,0.2,0,0,0.75,0.04,6902,-1,-1,1665,-1,100,120,-1,-1,110,-1,-1,-1,0,90,90,90,90,92,100,100,100,0,0,0,0,0,0,0,0,0,0,0,0,10,0,0,0,0,2,0,0,0,0,0,0,1,0,0,253,255,0,255,0,255,0,0,0,0,0,0,0,0,0,0,0,0,1,0,0,0,0,0,0,0,0,0,0,-1,-1,2100,2010,-1,-1,-1,-1,-1,-1,-1,-1,-1,-1,-1,-1,-1,-1,-1,-1,-1,-1,-1,-1,-1,-1,-1,-1,-1,-1,-1,-1,0,0,0,0,0,0,0,0,0,0,0,0,-1,-1,-1,-1,-1,-1,-1,-1,-1,-1,-1,-1,-1,-1,-1,-1,-1,-1,-1,-1,-1,-1,-1,-1,0,0,0,0,0,0,0,0,0,0,0,0,0,0,0,0,0,0,0,0,0,0,0,0,255,139,139,90,0,0,0,0,0,0,0,65,90,100,100,0,0,100,-1,0,100,100,0,1,1,-1,0,0,60,0,0,0,0,90,0,90,0,0,0,0,130,0,[0|0|0|0]
6400805,Reverse-hand Blade - Default Attack,0.4,0.2,0,0,0.8,0.04,6902,-1,-1,-1,1667,100,120,-1,-1,110,-1,-1,-1,0,90,90,90,90,92,100,100,100,0,0,0,0,0,0,0,0,0,0,0,0,10,0,0,0,0,2,0,0,0,0,0,0,1,0,0,253,255,0,255,0,255,0,0,0,0,0,0,0,0,0,0,0,3,1,0,0,0,0,0,0,0,9,0,0,-1,-1,2100,2010,-1,-1,-1,-1,-1,-1,-1,-1,-1,-1,-1,-1,-1,-1,-1,-1,-1,-1,-1,-1,-1,-1,-1,-1,-1,-1,-1,-1,0,0,0,0,0,0,0,0,0,0,0,0,-1,-1,-1,-1,-1,-1,-1,-1,-1,-1,-1,-1,-1,-1,-1,-1,-1,-1,-1,-1,-1,-1,-1,-1,0,0,0,0,0,0,0,0,0,0,0,0,0,0,0,0,0,0,0,0,0,0,0,0,255,139,139,90,0,0,0,0,0,0,0,65,90,100,100,0,0,100,-1,0,100,100,0,1,1,-1,0,0,60,0,0,0,0,90,0,90,0,0,0,0,130,0,[0|0|0|0]
6400810,Reverse-hand Blade - Default Attack,0.4,0.2,0,0,0.7,0.04,6902,-1,-1,-1,1667,100,120,-1,-1,110,-1,-1,-1,0,91,91,91,91,93,100,100,100,0,0,0,0,0,0,0,0,0,0,0,0,10,0,0,0,0,2,0,0,0,0,0,0,1,0,0,252,255,2,255,0,255,0,0,0,0,0,0,0,0,0,0,0,0,1,0,0,0,0,0,0,0,9,0,0,-1,-1,2100,2010,-1,-1,-1,-1,-1,-1,-1,-1,-1,-1,-1,-1,-1,-1,-1,-1,-1,-1,-1,-1,-1,-1,-1,-1,-1,-1,-1,-1,0,0,0,0,0,0,0,0,0,0,0,0,-1,-1,-1,-1,-1,-1,-1,-1,-1,-1,-1,-1,-1,-1,-1,-1,-1,-1,-1,-1,-1,-1,-1,-1,0,0,0,0,0,0,0,0,0,0,0,0,0,0,0,0,0,0,0,0,0,0,0,0,255,139,139,91,0,0,0,0,0,0,0,65,90,100,100,0,0,100,-1,0,100,100,0,1,1,-1,0,0,60,0,0,0,0,91,0,91,0,0,0,0,130,0,[0|0|0|0]
6400815,Reverse-hand Blade - Default Attack,0.4,0.2,0,0,0.7,0.04,6902,-1,-1,1665,-1,100,120,-1,-1,110,-1,-1,-1,0,91,91,91,91,93,100,100,100,0,0,0,0,0,0,0,0,0,0,0,0,10,0,0,0,0,2,0,0,0,0,0,0,1,0,0,253,255,0,255,0,255,0,0,0,0,0,0,0,0,0,0,0,4,1,0,0,0,0,0,0,0,0,0,0,-1,-1,2100,2010,-1,-1,-1,-1,-1,-1,-1,-1,-1,-1,-1,-1,-1,-1,-1,-1,-1,-1,-1,-1,-1,-1,-1,-1,-1,-1,-1,-1,0,0,0,0,0,0,0,0,0,0,0,0,-1,-1,-1,-1,-1,-1,-1,-1,-1,-1,-1,-1,-1,-1,-1,-1,-1,-1,-1,-1,-1,-1,-1,-1,0,0,0,0,0,0,0,0,0,0,0,0,0,0,0,0,0,0,0,0,0,0,0,0,255,139,139,91,0,0,0,0,0,0,0,65,90,100,100,0,0,100,-1,0,100,100,0,1,1,-1,0,0,60,0,0,0,0,91,0,91,0,0,0,0,130,0,[0|0|0|0]
6400820,Reverse-hand Blade - Default Attack,0.4,0.2,0,0,0.7,0.04,6902,-1,-1,-1,1667,100,120,-1,-1,110,-1,-1,-1,0,92,92,92,92,94,100,100,100,0,0,0,0,0,0,0,0,0,0,0,0,20,0,0,0,0,2,0,0,0,0,0,0,1,0,0,253,255,0,255,0,255,0,0,0,0,0,0,0,0,0,0,0,0,1,0,0,0,0,0,0,0,9,0,0,-1,-1,2100,2010,-1,-1,-1,-1,-1,-1,-1,-1,-1,-1,-1,-1,-1,-1,-1,-1,-1,-1,-1,-1,-1,-1,-1,-1,-1,-1,-1,-1,0,0,0,0,0,0,0,0,0,0,0,0,-1,-1,-1,-1,-1,-1,-1,-1,-1,-1,-1,-1,-1,-1,-1,-1,-1,-1,-1,-1,-1,-1,-1,-1,0,0,0,0,0,0,0,0,0,0,0,0,0,0,0,0,0,0,0,0,0,0,0,0,255,139,139,92,0,0,0,0,0,0,0,65,90,100,100,0,0,100,-1,0,100,100,0,1,1,-1,0,0,60,0,0,0,0,92,0,92,0,0,0,0,130,0,[0|0|0|0]
6400825,Reverse-hand Blade - Default Attack,0.4,0.2,0,0,0.8,0.04,6902,-1,-1,1665,-1,100,120,-1,-1,110,-1,-1,-1,0,92,92,92,92,94,100,100,100,0,0,0,0,0,0,0,0,0,0,0,0,10,0,0,0,0,2,0,0,0,0,0,0,1,0,0,253,255,0,255,0,255,0,0,0,0,0,0,0,0,0,0,0,0,1,0,0,0,0,0,0,0,0,0,0,-1,-1,2100,2010,-1,-1,-1,-1,-1,-1,-1,-1,-1,-1,-1,-1,-1,-1,-1,-1,-1,-1,-1,-1,-1,-1,-1,-1,-1,-1,-1,-1,0,0,0,0,0,0,0,0,0,0,0,0,-1,-1,-1,-1,-1,-1,-1,-1,-1,-1,-1,-1,-1,-1,-1,-1,-1,-1,-1,-1,-1,-1,-1,-1,0,0,0,0,0,0,0,0,0,0,0,0,0,0,0,0,0,0,0,0,0,0,0,0,255,139,139,92,0,0,0,0,0,0,0,65,90,100,100,0,0,100,-1,0,100,100,0,1,1,-1,0,0,60,0,0,0,0,92,0,92,0,0,0,0,130,0,[0|0|0|0]
6400830,Reverse-hand Blade - Default Attack,0.4,0.2,0,0,0.9,0.04,6902,-1,-1,1665,-1,100,120,-1,-1,110,-1,-1,-1,0,107,107,107,107,95,100,500,100,0,0,0,0,0,0,0,0,0,0,0,0,10,0,0,0,0,2,0,0,0,0,0,0,1,0,0,252,255,2,255,0,255,0,0,0,0,0,0,0,0,0,0,0,0,1,0,0,0,0,0,0,0,0,0,0,-1,-1,2100,2010,-1,-1,-1,-1,-1,-1,-1,-1,-1,-1,-1,-1,-1,-1,-1,-1,-1,-1,-1,-1,-1,-1,-1,-1,-1,-1,-1,-1,0,0,0,0,0,0,0,0,0,0,0,0,-1,-1,-1,-1,-1,-1,-1,-1,-1,-1,-1,-1,-1,-1,-1,-1,-1,-1,-1,-1,-1,-1,-1,-1,0,0,0,0,0,0,0,0,0,0,0,0,0,0,0,0,0,0,0,0,0,0,0,0,255,139,139,107,0,0,0,0,0,0,0,130,100,100,100,0,0,100,-1,0,100,100,0,1,1,-1,0,0,120,0,0,0,0,107,0,107,0,0,0,0,130,0,[0|0|0|0]
6400840,Reverse-hand Blade - Default Attack,0.4,0.2,0,0,0.85,0.04,6902,-1,-1,1665,-1,100,120,-1,-1,110,-1,-1,-1,0,93,93,93,93,96,100,100,100,0,0,0,0,0,0,0,0,0,0,0,0,10,0,0,0,0,2,0,0,0,0,0,0,1,0,0,253,255,0,255,0,255,0,0,0,0,0,0,0,0,0,0,0,4,1,0,0,0,0,0,0,0,9,0,0,-1,-1,2100,2010,-1,-1,-1,-1,-1,-1,-1,-1,-1,-1,-1,-1,-1,-1,-1,-1,-1,-1,-1,-1,-1,-1,-1,-1,-1,-1,-1,-1,0,0,0,0,0,0,0,0,0,0,0,0,-1,-1,-1,-1,-1,-1,-1,-1,-1,-1,-1,-1,-1,-1,-1,-1,-1,-1,-1,-1,-1,-1,-1,-1,0,0,0,0,0,0,0,0,0,0,0,0,0,0,0,0,0,0,0,0,0,0,0,0,255,139,139,93,0,0,0,0,0,0,0,65,90,100,100,0,0,100,-1,0,100,100,0,1,1,-1,0,0,60,0,0,0,0,93,0,93,0,0,0,0,130,0,[0|0|0|0]
6400845,Reverse-hand Blade - Default Attack,0.4,0.2,0,0,0.85,0.04,6902,-1,-1,-1,1667,100,120,-1,-1,110,-1,-1,-1,0,93,93,93,93,96,100,100,100,0,0,0,0,0,0,0,0,0,0,0,0,20,0,0,0,0,2,0,0,0,0,0,0,1,0,0,252,255,2,255,0,255,0,0,0,0,0,0,0,0,0,0,0,0,1,0,0,0,0,0,0,0,0,0,0,-1,-1,2100,2010,-1,-1,-1,-1,-1,-1,-1,-1,-1,-1,-1,-1,-1,-1,-1,-1,-1,-1,-1,-1,-1,-1,-1,-1,-1,-1,-1,-1,0,0,0,0,0,0,0,0,0,0,0,0,-1,-1,-1,-1,-1,-1,-1,-1,-1,-1,-1,-1,-1,-1,-1,-1,-1,-1,-1,-1,-1,-1,-1,-1,0,0,0,0,0,0,0,0,0,0,0,0,0,0,0,0,0,0,0,0,0,0,0,0,255,139,139,93,0,0,0,0,0,0,0,65,90,100,100,0,0,100,-1,0,100,100,0,1,1,-1,0,0,60,0,0,0,0,93,0,93,0,0,0,0,130,0,[0|0|0|0]
6400850,Reverse-hand Blade - Default Attack,0.4,0.2,0,0,1.1,0.04,6902,-1,-1,-1,1667,100,120,-1,-1,110,-1,-1,-1,0,94,94,94,94,102,100,100,100,104,0,0,0,0,0,0,0,0,0,0,0,10,0,0,0,0,2,0,0,0,0,0,0,1,0,0,253,255,0,255,0,255,0,0,0,0,0,0,0,0,0,0,0,4,1,0,0,0,0,0,0,0,9,0,0,-1,-1,2100,2010,-1,-1,-1,-1,-1,-1,-1,-1,-1,-1,-1,-1,-1,-1,-1,-1,-1,-1,-1,-1,-1,-1,-1,-1,-1,-1,-1,-1,0,0,0,0,0,0,0,0,0,0,0,0,-1,-1,-1,-1,-1,-1,-1,-1,-1,-1,-1,-1,-1,-1,-1,-1,-1,-1,-1,-1,-1,-1,-1,-1,0,0,0,0,0,0,0,0,0,0,0,0,0,0,0,0,0,0,0,0,0,0,0,0,255,139,139,94,0,0,0,0,0,0,0,65,90,100,100,0,0,100,-1,0,100,100,0,1,1,-1,0,0,120,0,0,0,0,94,0,94,0,0,0,0,130,0,[0|0|0|0]
6400855,Reverse-hand Blade - Default Attack,0.4,0.2,0,0,1.1,0.04,6902,-1,-1,1665,-1,100,120,-1,-1,110,-1,-1,-1,0,94,94,94,94,102,100,100,100,104,0,0,0,0,0,0,0,0,0,0,0,10,0,0,0,0,2,0,0,0,0,0,0,1,0,0,253,255,0,255,0,255,0,0,0,0,0,0,0,0,0,0,0,3,1,0,0,0,0,0,0,0,0,0,0,-1,-1,2100,2010,-1,-1,-1,-1,-1,-1,-1,-1,-1,-1,-1,-1,-1,-1,-1,-1,-1,-1,-1,-1,-1,-1,-1,-1,-1,-1,-1,-1,0,0,0,0,0,0,0,0,0,0,0,0,-1,-1,-1,-1,-1,-1,-1,-1,-1,-1,-1,-1,-1,-1,-1,-1,-1,-1,-1,-1,-1,-1,-1,-1,0,0,0,0,0,0,0,0,0,0,0,0,0,0,0,0,0,0,0,0,0,0,0,0,255,139,139,94,0,0,0,0,0,0,0,65,90,100,100,0,0,100,-1,0,100,100,0,1,1,-1,0,0,120,0,0,0,0,94,0,94,0,0,0,0,130,0,[0|0|0|0]
6400860,Reverse-hand Blade - Default Attack,0.4,0.2,0,0,1.3,0.04,6903,-1,-1,1665,-1,100,120,-1,-1,110,-1,-1,-1,0,91,91,91,91,96,100,100,100,122,0,0,0,0,0,0,0,0,0,0,0,10,0,0,0,0,2,0,0,0,0,0,0,1,0,0,253,255,0,255,0,255,0,0,0,0,0,0,0,0,0,0,0,4,1,0,0,0,0,0,0,0,9,0,0,-1,-1,2100,2010,-1,-1,-1,-1,-1,-1,-1,-1,-1,-1,-1,-1,-1,-1,-1,-1,-1,-1,-1,-1,-1,-1,-1,-1,-1,-1,-1,-1,0,0,0,0,0,0,0,0,0,0,0,0,-1,-1,-1,-1,-1,-1,-1,-1,-1,-1,-1,-1,-1,-1,-1,-1,-1,-1,-1,-1,-1,-1,-1,-1,0,0,0,0,0,0,0,0,0,0,0,0,0,0,0,0,0,0,0,0,0,0,0,0,255,139,139,91,0,0,0,0,0,0,0,65,90,100,100,0,0,100,-1,0,100,100,0,1,1,-1,0,0,60,0,0,0,0,91,0,91,0,0,0,0,130,0,[0|0|0|0]
6400865,Reverse-hand Blade - Default Attack,0.4,0.2,0,0,1,0.04,6903,-1,-1,-1,1667,100,120,-1,-1,110,-1,-1,-1,0,93,93,93,93,96,100,100,100,122,0,0,0,0,0,0,0,0,0,0,0,10,0,0,0,0,2,0,0,0,0,0,0,1,0,0,253,255,0,255,0,255,0,0,0,0,0,0,0,0,0,0,0,4,1,0,0,0,0,0,0,0,0,0,0,-1,-1,2100,2010,-1,-1,-1,-1,-1,-1,-1,-1,-1,-1,-1,-1,-1,-1,-1,-1,-1,-1,-1,-1,-1,-1,-1,-1,-1,-1,-1,-1,0,0,0,0,0,0,0,0,0,0,0,0,-1,-1,-1,-1,-1,-1,-1,-1,-1,-1,-1,-1,-1,-1,-1,-1,-1,-1,-1,-1,-1,-1,-1,-1,0,0,0,0,0,0,0,0,0,0,0,0,0,0,0,0,0,0,0,0,0,0,0,0,255,139,139,93,0,0,0,0,0,0,0,65,90,100,100,0,0,100,-1,0,100,100,0,1,1,-1,0,0,60,0,0,0,0,93,0,93,0,0,0,0,130,0,[0|0|0|0]
6400870,Reverse-hand Blade - Default Attack,0.4,0.2,0,0,0.85,0.04,6903,-1,-1,1665,-1,100,120,-1,-1,110,-1,-1,-1,0,88,88,88,88,84,100,200,100,121,0,0,0,0,0,0,0,0,0,0,0,10,0,0,0,0,2,0,0,0,0,0,0,1,0,0,253,255,0,255,0,255,0,0,0,0,0,0,0,0,0,0,0,0,1,0,0,0,0,0,0,0,9,0,0,-1,-1,2100,2010,-1,-1,-1,-1,-1,-1,-1,-1,-1,-1,-1,-1,-1,-1,-1,-1,-1,-1,-1,-1,-1,-1,-1,-1,-1,-1,-1,-1,0,0,0,0,0,0,0,0,0,0,0,0,-1,-1,-1,-1,-1,-1,-1,-1,-1,-1,-1,-1,-1,-1,-1,-1,-1,-1,-1,-1,-1,-1,-1,-1,0,0,0,0,0,0,0,0,0,0,0,0,0,0,0,0,0,0,0,0,0,0,0,0,255,139,139,88,0,0,0,0,0,0,0,65,90,100,100,0,0,100,-1,0,100,100,0,1,1,-1,0,0,60,0,0,0,0,88,0,88,0,0,0,0,130,0,[0|0|0|0]
6400875,Reverse-hand Blade - Default Attack,0.4,0.2,0,0,0.85,0.04,6903,-1,-1,-1,1667,100,120,-1,-1,110,-1,-1,-1,0,88,88,88,88,84,100,200,100,121,0,0,0,0,0,0,0,0,0,0,0,10,0,0,0,0,2,0,0,0,0,0,0,1,0,0,253,255,0,255,0,255,0,0,0,0,0,0,0,0,0,0,0,0,1,0,0,0,0,0,0,0,0,0,0,-1,-1,2100,2010,-1,-1,-1,-1,-1,-1,-1,-1,-1,-1,-1,-1,-1,-1,-1,-1,-1,-1,-1,-1,-1,-1,-1,-1,-1,-1,-1,-1,0,0,0,0,0,0,0,0,0,0,0,0,-1,-1,-1,-1,-1,-1,-1,-1,-1,-1,-1,-1,-1,-1,-1,-1,-1,-1,-1,-1,-1,-1,-1,-1,0,0,0,0,0,0,0,0,0,0,0,0,0,0,0,0,0,0,0,0,0,0,0,0,255,139,139,88,0,0,0,0,0,0,0,65,90,100,100,0,0,100,-1,0,100,100,0,1,1,-1,0,0,60,0,0,0,0,88,0,88,0,0,0,0,130,0,[0|0|0|0]
6400880,Reverse-hand Blade - Default Attack,0.4,0.2,0,0,0.7,0.04,6903,-1,-1,1665,-1,100,120,-1,-1,110,-1,-1,-1,0,89,89,89,89,87,100,200,100,121,0,0,0,0,0,0,0,0,0,0,0,20,0,0,0,0,2,0,0,0,0,0,0,1,0,0,252,255,2,255,0,255,0,0,0,0,0,0,0,0,0,0,0,0,1,0,0,0,0,0,0,0,9,0,0,-1,-1,2100,2010,-1,-1,-1,-1,-1,-1,-1,-1,-1,-1,-1,-1,-1,-1,-1,-1,-1,-1,-1,-1,-1,-1,-1,-1,-1,-1,-1,-1,0,0,0,0,0,0,0,0,0,0,0,0,-1,-1,-1,-1,-1,-1,-1,-1,-1,-1,-1,-1,-1,-1,-1,-1,-1,-1,-1,-1,-1,-1,-1,-1,0,0,0,0,0,0,0,0,0,0,0,0,0,0,0,0,0,0,0,0,0,0,0,0,255,139,139,89,0,0,0,0,0,0,0,65,90,100,100,0,0,100,-1,0,100,100,0,1,1,-1,0,0,60,0,0,0,0,89,0,89,0,0,0,0,130,0,[0|0|0|0]
6400885,Reverse-hand Blade - Default Attack,0.4,0.2,0,0,0.9,0.04,6903,-1,-1,-1,1667,100,120,-1,-1,110,-1,-1,-1,0,92,92,92,92,87,100,200,100,121,0,0,0,0,0,0,0,0,0,0,0,20,0,0,0,0,2,0,0,0,0,0,0,1,0,0,253,255,0,255,0,255,0,0,0,0,0,0,0,0,0,0,0,4,1,0,0,0,0,0,0,0,0,0,0,-1,-1,2100,2010,-1,-1,-1,-1,-1,-1,-1,-1,-1,-1,-1,-1,-1,-1,-1,-1,-1,-1,-1,-1,-1,-1,-1,-1,-1,-1,-1,-1,0,0,0,0,0,0,0,0,0,0,0,0,-1,-1,-1,-1,-1,-1,-1,-1,-1,-1,-1,-1,-1,-1,-1,-1,-1,-1,-1,-1,-1,-1,-1,-1,0,0,0,0,0,0,0,0,0,0,0,0,0,0,0,0,0,0,0,0,0,0,0,0,255,139,139,92,0,0,0,0,0,0,0,65,90,100,100,0,0,100,-1,0,100,100,0,1,1,-1,0,0,60,0,0,0,0,92,0,92,0,0,0,0,130,0,[0|0|0|0]
6400890,Reverse-hand Blade - Default Attack,0.4,0.2,0,0,0.4,0.04,6904,-1,-1,1665,-1,100,120,-1,-1,110,-1,-1,-1,0,99,99,99,99,101,9900,100,100,102,0,0,0,0,0,0,0,0,0,0,0,20,0,0,0,0,2,0,0,0,0,0,0,1,0,0,253,255,0,255,0,255,0,0,0,0,0,0,0,0,0,0,0,0,1,0,0,0,0,0,0,0,9,0,0,-1,-1,2100,2010,-1,-1,-1,-1,-1,-1,-1,-1,-1,-1,-1,-1,-1,-1,-1,-1,-1,-1,-1,-1,-1,-1,-1,-1,-1,-1,-1,-1,0,0,0,0,0,0,0,0,0,0,0,0,-1,-1,-1,-1,-1,-1,-1,-1,-1,-1,-1,-1,-1,-1,-1,-1,-1,-1,-1,-1,-1,-1,-1,-1,0,0,0,0,0,0,0,0,0,0,0,0,0,0,0,0,0,0,0,0,0,0,0,0,255,139,139,99,0,0,0,0,0,0,0,65,90,100,100,0,0,100,-1,0,100,100,0,1,1,-1,0,0,220,0,0,0,0,99,0,99,0,0,0,0,130,0,[0|0|0|0]
6400895,Reverse-hand Blade - Default Attack,0.4,0.2,0,0,1.2,0.04,6904,-1,-1,-1,1667,100,120,-1,-1,110,-1,-1,-1,0,99,99,99,99,101,9900,100,100,102,0,0,0,0,0,0,0,0,0,0,0,20,0,0,0,0,2,0,0,0,0,0,0,1,0,0,253,255,0,255,0,255,0,0,0,0,0,0,0,0,0,0,0,0,1,0,0,0,0,0,0,0,0,0,0,-1,-1,2100,2010,-1,-1,-1,-1,-1,-1,-1,-1,-1,-1,-1,-1,-1,-1,-1,-1,-1,-1,-1,-1,-1,-1,-1,-1,-1,-1,-1,-1,0,0,0,0,0,0,0,0,0,0,0,0,-1,-1,-1,-1,-1,-1,-1,-1,-1,-1,-1,-1,-1,-1,-1,-1,-1,-1,-1,-1,-1,-1,-1,-1,0,0,0,0,0,0,0,0,0,0,0,0,0,0,0,0,0,0,0,0,0,0,0,0,255,139,139,99,0,0,0,0,0,0,0,65,90,100,100,0,0,100,-1,0,100,100,0,1,1,-1,0,0,220,0,0,0,0,99,0,99,0,0,0,0,130,0,[0|0|0|0]
6401100,Smithscript Cirque - Bullet,0.4,0,0,0,0.8,0,-1,-1,-1,-1,-1,6,0,-1,-1,940,0,-1,-1,0,120,120,120,120,120,100,100,100,0,0,0,0,0,0,0,0,0,0,0,0,10,0,0,0,0,0,0,0,0,0,0,0,1,1,0,253,255,0,255,0,255,0,0,0,0,0,0,0,0,0,0,0,0,1,0,0,0,0,0,0,0,0,0,0,-1,-1,2100,2010,-1,-1,-1,-1,-1,-1,-1,-1,-1,-1,-1,-1,-1,-1,-1,-1,-1,-1,-1,-1,-1,-1,-1,-1,-1,-1,-1,-1,0,0,0,0,0,0,0,0,0,0,0,0,-1,-1,-1,-1,-1,-1,-1,-1,-1,-1,-1,-1,-1,-1,-1,-1,-1,-1,-1,-1,-1,-1,-1,-1,0,0,0,0,0,0,0,0,0,0,0,0,0,0,0,0,0,0,0,0,0,0,0,0,255,139,139,120,0,0,0,0,0,0,0,100,100,100,100,0,0,100,-1,0,100,130,0,1,1,-1,0,0,100,0,0,-1,119,120,0,120,0,0,0,0,130,0,[0|0|0|0]
6401105,Smithscript Cirque - Bullet,0.4,0,0,0,1,0,-1,-1,-1,-1,-1,6,0,-1,-1,940,0,-1,-1,0,150,150,150,150,150,100,100,100,100,0,0,0,0,0,0,0,0,0,0,0,10,0,0,0,0,0,0,0,0,0,0,0,2,1,0,253,255,0,255,0,255,0,0,0,0,0,0,0,0,0,0,0,0,1,0,0,0,0,0,0,0,0,0,0,-1,-1,2100,2010,-1,-1,-1,-1,-1,-1,-1,-1,-1,-1,-1,-1,-1,-1,-1,-1,-1,-1,-1,-1,-1,-1,-1,-1,-1,-1,-1,-1,0,0,0,0,0,0,0,0,0,0,0,0,-1,-1,-1,-1,-1,-1,-1,-1,-1,-1,-1,-1,-1,-1,-1,-1,-1,-1,-1,-1,-1,-1,-1,-1,0,0,0,0,0,0,0,0,0,0,0,0,0,0,0,0,0,0,0,0,0,0,0,0,255,139,139,150,0,0,0,0,0,0,0,100,100,100,100,0,0,100,-1,0,100,150,0,1,1,-1,0,0,150,0,0,-1,119,150,0,150,0,0,0,0,130,0,[0|0|0|0]
6401110,Smithscript Cirque - Bullet,0.4,0.2,0,0,0.8,0,-1,-1,-1,-1,-1,1,1,-1,-1,-1,-1,-1,-1,0,120,120,120,120,100,100,100,100,0,0,0,0,0,0,0,0,0,0,0,0,10,0,0,0,0,2,0,0,0,0,0,0,1,1,0,253,255,0,255,0,255,0,0,0,0,0,0,0,0,0,0,0,0,1,0,0,0,0,0,0,0,0,0,0,-1,-1,2100,2010,-1,-1,-1,-1,-1,-1,-1,-1,-1,-1,-1,-1,-1,-1,-1,-1,-1,-1,-1,-1,-1,-1,-1,-1,-1,-1,-1,-1,0,0,0,0,0,0,0,0,0,0,0,0,-1,-1,-1,-1,-1,-1,-1,-1,-1,-1,-1,-1,-1,-1,-1,-1,-1,-1,-1,-1,-1,-1,-1,-1,0,0,0,0,0,0,0,0,0,0,0,0,0,0,0,0,0,0,0,0,0,0,0,0,255,139,139,120,0,0,0,0,0,0,0,100,100,100,100,0,0,100,-1,0,100,130,0,1,1,-1,0,0,100,0,0,-1,119,120,0,120,0,0,0,0,130,0,[0|0|0|0]
6401115,Smithscript Cirque - Bullet,0.4,0.2,0,0,1,0,-1,-1,-1,-1,-1,1,1,-1,-1,-1,-1,-1,-1,0,150,150,150,150,150,100,100,100,100,0,0,0,0,0,0,0,0,0,0,0,10,0,0,0,0,2,0,0,0,0,0,0,2,1,0,253,255,0,255,0,255,0,0,0,0,0,0,0,0,0,0,0,0,1,0,0,0,0,0,0,0,0,0,0,-1,-1,2100,2010,-1,-1,-1,-1,-1,-1,-1,-1,-1,-1,-1,-1,-1,-1,-1,-1,-1,-1,-1,-1,-1,-1,-1,-1,-1,-1,-1,-1,0,0,0,0,0,0,0,0,0,0,0,0,-1,-1,-1,-1,-1,-1,-1,-1,-1,-1,-1,-1,-1,-1,-1,-1,-1,-1,-1,-1,-1,-1,-1,-1,0,0,0,0,0,0,0,0,0,0,0,0,0,0,0,0,0,0,0,0,0,0,0,0,255,139,139,150,0,0,0,0,0,0,0,100,100,100,100,0,0,100,-1,0,100,150,0,1,1,-1,0,0,150,0,0,-1,119,150,0,150,0,0,0,0,130,0,[0|0|0|0]
6401125,Smithscript Cirque - Bullet,0.5,0,0,0,1.2,0,-1,-1,-1,-1,-1,5,0,-1,-1,930,0,-1,-1,0,120,120,120,120,100,100,100,100,122,0,0,0,0,0,0,0,0,0,0,0,10,0,0,0,0,0,0,0,0,0,0,0,1,1,0,253,255,0,255,0,255,0,0,0,0,0,0,0,0,0,0,0,0,1,0,0,0,0,0,0,0,0,0,0,-1,-1,2100,2010,-1,-1,-1,-1,-1,-1,-1,-1,-1,-1,-1,-1,-1,-1,-1,-1,-1,-1,-1,-1,-1,-1,-1,-1,-1,-1,-1,-1,0,0,0,0,0,0,0,0,0,0,0,0,-1,-1,-1,-1,-1,-1,-1,-1,-1,-1,-1,-1,-1,-1,-1,-1,-1,-1,-1,-1,-1,-1,-1,-1,0,0,0,0,0,0,0,0,0,0,0,0,0,0,0,0,0,0,0,0,0,0,0,0,255,139,139,120,0,0,0,0,0,0,0,100,100,100,100,0,0,100,-1,0,100,130,0,1,1,-1,0,0,100,0,0,-1,119,120,0,120,0,0,0,0,130,0,[0|0|0|0]
6401160,Smithscript Cirque - Bullet,0.5,0,0,0,0.9,0,-1,-1,-1,-1,-1,5,0,-1,-1,930,0,-1,-1,0,122,122,122,122,200,100,100,100,102,0,0,0,0,0,0,0,0,0,0,0,10,0,0,0,0,0,0,0,0,0,0,0,1,1,0,253,255,0,255,0,255,0,0,0,0,0,0,0,0,0,0,0,0,1,0,0,0,0,0,0,0,0,0,0,-1,-1,2100,2010,-1,-1,-1,-1,-1,-1,-1,-1,-1,-1,-1,-1,-1,-1,-1,-1,-1,-1,-1,-1,-1,-1,-1,-1,-1,-1,-1,-1,0,0,0,0,0,0,0,0,0,0,0,0,-1,-1,-1,-1,-1,-1,-1,-1,-1,-1,-1,-1,-1,-1,-1,-1,-1,-1,-1,-1,-1,-1,-1,-1,0,0,0,0,0,0,0,0,0,0,0,0,0,0,0,0,0,0,0,0,0,0,0,0,255,139,139,122,0,0,0,0,0,0,0,100,100,100,100,0,0,100,-1,0,100,140,0,1,1,-1,0,0,100,0,0,-1,119,122,0,122,0,0,0,0,130,0,[0|0|0|0]
6401180,Smithscript Cirque - Bullet,0.5,0,0,0,1.4,0,-1,-1,-1,-1,-1,5,0,-1,-1,930,0,-1,-1,0,130,130,130,130,300,100,100,60000,103,0,0,0,0,0,0,0,0,0,0,0,10,0,0,0,0,0,0,0,0,0,0,0,1,1,0,253,255,0,255,0,255,0,0,0,0,0,0,0,0,0,0,0,0,1,0,0,0,0,0,0,0,0,0,0,-1,-1,2100,2010,-1,-1,-1,-1,-1,-1,-1,-1,-1,-1,-1,-1,-1,-1,-1,-1,-1,-1,-1,-1,-1,-1,-1,-1,-1,-1,-1,-1,0,0,0,0,0,0,0,0,0,0,0,0,-1,-1,-1,-1,-1,-1,-1,-1,-1,-1,-1,-1,-1,-1,-1,-1,-1,-1,-1,-1,-1,-1,-1,-1,0,0,0,0,0,0,0,0,0,0,0,0,0,0,0,0,0,0,0,0,0,0,0,0,255,139,139,130,0,0,0,0,0,0,0,100,100,100,100,0,0,100,-1,0,100,100,0,1,1,-1,0,0,150,0,0,-1,119,130,0,130,0,0,0,0,130,0,[0|0|0|0]
6401300,Smithscript Cirque - Bullet,0.4,0.2,0,0,0.4,0,-1,-1,-1,-1,-1,1,1,-1,-1,-1,-1,-1,-1,0,88,88,88,88,85,100,100,100,0,0,0,0,0,0,0,0,0,0,0,0,20,0,0,0,0,2,0,0,0,0,0,0,1,1,0,253,255,0,255,0,255,0,0,0,0,0,0,0,0,0,0,0,0,1,0,0,0,0,0,0,0,0,0,0,-1,-1,2100,2010,-1,-1,-1,-1,-1,-1,-1,-1,-1,-1,-1,-1,-1,-1,-1,-1,-1,-1,-1,-1,-1,-1,-1,-1,-1,-1,-1,-1,0,0,0,0,0,0,0,0,0,0,0,0,-1,-1,-1,-1,-1,-1,-1,-1,-1,-1,-1,-1,-1,-1,-1,-1,-1,-1,-1,-1,-1,-1,-1,-1,0,0,0,0,0,0,0,0,0,0,0,0,0,0,0,0,0,0,0,0,0,0,0,0,255,139,139,88,0,0,0,1,0,0,0,65,90,100,100,0,0,100,-1,0,100,130,0,1,1,-1,0,0,55,0,0,-1,119,88,0,88,0,0,0,0,130,0,[0|0|0|0]
6401303,Smithscript Cirque - Bullet,0.4,0,0,0,0.4,0,-1,-1,-1,-1,-1,6,0,-1,-1,940,-1,-1,-1,0,88,88,88,88,85,100,100,100,0,0,0,0,0,0,0,0,0,0,0,0,20,0,0,0,0,0,0,0,0,0,0,0,1,1,0,253,255,0,255,0,255,0,0,0,0,0,0,0,0,0,0,0,0,1,0,0,0,0,0,0,0,9,0,0,-1,-1,2100,2010,-1,-1,-1,-1,-1,-1,-1,-1,-1,-1,-1,-1,-1,-1,-1,-1,-1,-1,-1,-1,-1,-1,-1,-1,-1,-1,-1,-1,0,0,0,0,0,0,0,0,0,0,0,0,-1,-1,-1,-1,-1,-1,-1,-1,-1,-1,-1,-1,-1,-1,-1,-1,-1,-1,-1,-1,-1,-1,-1,-1,0,0,0,0,0,0,0,0,0,0,0,0,0,0,0,0,0,0,0,0,0,0,0,0,255,139,139,88,0,0,0,1,0,0,0,65,90,100,100,0,0,100,-1,0,100,130,0,1,1,-1,0,0,55,0,0,-1,119,88,0,88,0,0,0,0,130,0,[0|0|0|0]
6401305,Smithscript Cirque - Bullet,0.4,0.2,0,0,0.5,0,-1,-1,-1,-1,-1,1,1,-1,-1,-1,-1,-1,-1,0,98,98,98,98,100,100,100,100,100,0,0,0,0,0,0,0,0,0,0,0,20,0,0,0,0,2,0,0,0,0,0,0,2,1,0,253,255,0,255,0,255,0,0,0,0,0,0,0,0,0,0,0,0,1,0,0,0,0,0,0,0,0,0,0,-1,-1,2100,2010,-1,-1,-1,-1,-1,-1,-1,-1,-1,-1,-1,-1,-1,-1,-1,-1,-1,-1,-1,-1,-1,-1,-1,-1,-1,-1,-1,-1,0,0,0,0,0,0,0,0,0,0,0,0,-1,-1,-1,-1,-1,-1,-1,-1,-1,-1,-1,-1,-1,-1,-1,-1,-1,-1,-1,-1,-1,-1,-1,-1,0,0,0,0,0,0,0,0,0,0,0,0,0,0,0,0,0,0,0,0,0,0,0,0,255,139,139,98,0,0,0,1,0,0,0,65,90,100,100,0,0,100,-1,0,100,150,0,1,1,-1,0,0,80,0,0,-1,119,98,0,98,0,0,0,0,130,0,[0|0|0|0]
6401308,Smithscript Cirque - Bullet,0.4,0,0,0,0.5,0,-1,-1,-1,-1,-1,6,0,-1,-1,940,-1,-1,-1,0,98,98,98,98,100,100,100,100,100,0,0,0,0,0,0,0,0,0,0,0,20,0,0,0,0,0,0,0,0,0,0,0,2,1,0,253,255,0,255,0,255,0,0,0,0,0,0,0,0,0,0,0,0,1,0,0,0,0,0,0,0,9,0,0,-1,-1,2100,2010,-1,-1,-1,-1,-1,-1,-1,-1,-1,-1,-1,-1,-1,-1,-1,-1,-1,-1,-1,-1,-1,-1,-1,-1,-1,-1,-1,-1,0,0,0,0,0,0,0,0,0,0,0,0,-1,-1,-1,-1,-1,-1,-1,-1,-1,-1,-1,-1,-1,-1,-1,-1,-1,-1,-1,-1,-1,-1,-1,-1,0,0,0,0,0,0,0,0,0,0,0,0,0,0,0,0,0,0,0,0,0,0,0,0,255,139,139,98,0,0,0,1,0,0,0,65,90,100,100,0,0,100,-1,0,100,150,0,1,1,-1,0,0,80,0,0,-1,119,98,0,98,0,0,0,0,130,0,[0|0|0|0]
6401310,Smithscript Cirque - Bullet,0.4,0.2,0,0,0.4,0,-1,-1,-1,-1,-1,1,1,-1,-1,-1,-1,-1,-1,0,92,92,92,92,90,100,100,100,0,0,0,0,0,0,0,0,0,0,0,0,20,0,0,0,0,2,0,0,0,0,0,0,1,1,0,253,255,0,255,0,255,0,0,0,0,0,0,0,0,0,0,0,0,1,0,0,0,0,0,0,0,9,0,0,-1,-1,2100,2010,-1,-1,-1,-1,-1,-1,-1,-1,-1,-1,-1,-1,-1,-1,-1,-1,-1,-1,-1,-1,-1,-1,-1,-1,-1,-1,-1,-1,0,0,0,0,0,0,0,0,0,0,0,0,-1,-1,-1,-1,-1,-1,-1,-1,-1,-1,-1,-1,-1,-1,-1,-1,-1,-1,-1,-1,-1,-1,-1,-1,0,0,0,0,0,0,0,0,0,0,0,0,0,0,0,0,0,0,0,0,0,0,0,0,255,139,139,92,0,0,0,1,0,0,0,65,90,100,100,0,0,100,-1,0,100,130,0,1,1,-1,0,0,55,0,0,-1,119,92,0,92,0,0,0,0,130,0,[0|0|0|0]
6401313,Smithscript Cirque - Bullet,0.4,0.2,0,0,0.4,0,-1,-1,-1,-1,-1,2,2,-1,-1,-1,-1,-1,-1,0,92,92,92,92,90,100,100,100,0,0,0,0,0,0,0,0,0,0,0,0,20,0,0,0,0,2,0,0,0,0,0,0,1,1,0,253,255,0,255,0,255,0,0,0,0,0,0,0,0,0,0,0,0,1,0,0,0,0,0,0,0,0,0,0,-1,-1,2100,2010,-1,-1,-1,-1,-1,-1,-1,-1,-1,-1,-1,-1,-1,-1,-1,-1,-1,-1,-1,-1,-1,-1,-1,-1,-1,-1,-1,-1,0,0,0,0,0,0,0,0,0,0,0,0,-1,-1,-1,-1,-1,-1,-1,-1,-1,-1,-1,-1,-1,-1,-1,-1,-1,-1,-1,-1,-1,-1,-1,-1,0,0,0,0,0,0,0,0,0,0,0,0,0,0,0,0,0,0,0,0,0,0,0,0,255,139,139,92,0,0,0,1,0,0,0,65,90,100,100,0,0,100,-1,0,100,130,0,1,1,-1,0,0,55,0,0,-1,119,92,0,92,0,0,0,0,130,0,[0|0|0|0]
6401315,Smithscript Cirque - Bullet,0.4,0.2,0,0,0.7,0,-1,-1,-1,-1,-1,1,1,-1,-1,-1,-1,-1,-1,0,102,102,102,102,110,100,100,100,100,0,0,0,0,0,0,0,0,0,0,0,20,0,0,0,0,2,0,0,0,0,0,0,2,1,0,253,255,0,255,0,255,0,0,0,0,0,0,0,0,0,0,0,0,1,0,0,0,0,0,0,0,9,0,0,-1,-1,2100,2010,-1,-1,-1,-1,-1,-1,-1,-1,-1,-1,-1,-1,-1,-1,-1,-1,-1,-1,-1,-1,-1,-1,-1,-1,-1,-1,-1,-1,0,0,0,0,0,0,0,0,0,0,0,0,-1,-1,-1,-1,-1,-1,-1,-1,-1,-1,-1,-1,-1,-1,-1,-1,-1,-1,-1,-1,-1,-1,-1,-1,0,0,0,0,0,0,0,0,0,0,0,0,0,0,0,0,0,0,0,0,0,0,0,0,255,139,139,102,0,0,0,1,0,0,0,65,90,100,100,0,0,100,-1,0,100,150,0,1,1,-1,0,0,80,0,0,-1,119,102,0,102,0,0,0,0,130,0,[0|0|0|0]
6401318,Smithscript Cirque - Bullet,0.4,0.2,0,0,0.7,0,-1,-1,-1,-1,-1,2,2,-1,-1,-1,-1,-1,-1,0,102,102,102,102,110,100,100,100,100,0,0,0,0,0,0,0,0,0,0,0,20,0,0,0,0,2,0,0,0,0,0,0,2,1,0,253,255,0,255,0,255,0,0,0,0,0,0,0,0,0,0,0,0,1,0,0,0,0,0,0,0,0,0,0,-1,-1,2100,2010,-1,-1,-1,-1,-1,-1,-1,-1,-1,-1,-1,-1,-1,-1,-1,-1,-1,-1,-1,-1,-1,-1,-1,-1,-1,-1,-1,-1,0,0,0,0,0,0,0,0,0,0,0,0,-1,-1,-1,-1,-1,-1,-1,-1,-1,-1,-1,-1,-1,-1,-1,-1,-1,-1,-1,-1,-1,-1,-1,-1,0,0,0,0,0,0,0,0,0,0,0,0,0,0,0,0,0,0,0,0,0,0,0,0,255,139,139,102,0,0,0,1,0,0,0,65,90,100,100,0,0,100,-1,0,100,150,0,1,1,-1,0,0,80,0,0,-1,119,102,0,102,0,0,0,0,130,0,[0|0|0|0]
6401325,Smithscript Cirque - Bullet,0.4,0,0,0,0.8,0,-1,-1,-1,-1,-1,5,0,-1,-1,930,-1,-1,-1,0,70,70,70,70,90,100,100,100,122,0,0,0,0,0,0,0,0,0,0,0,10,0,0,0,0,0,0,0,0,0,0,0,1,1,0,253,255,0,255,0,255,0,0,0,0,0,0,0,0,0,0,0,0,1,0,0,0,0,0,0,0,0,0,0,-1,-1,2100,2010,-1,-1,-1,-1,-1,-1,-1,-1,-1,-1,-1,-1,-1,-1,-1,-1,-1,-1,-1,-1,-1,-1,-1,-1,-1,-1,-1,-1,0,0,0,0,0,0,0,0,0,0,0,0,-1,-1,-1,-1,-1,-1,-1,-1,-1,-1,-1,-1,-1,-1,-1,-1,-1,-1,-1,-1,-1,-1,-1,-1,0,0,0,0,0,0,0,0,0,0,0,0,0,0,0,0,0,0,0,0,0,0,0,0,255,139,139,70,0,0,0,1,0,0,0,65,90,100,100,0,0,100,-1,0,100,130,0,1,1,-1,0,0,55,0,0,-1,119,70,0,70,0,0,0,0,130,0,[0|0|0|0]
6401328,Smithscript Cirque - Bullet,0.4,0,0,0,0.8,0,-1,-1,-1,-1,-1,6,0,-1,-1,940,-1,-1,-1,0,70,70,70,70,90,100,100,100,122,0,0,0,0,0,0,0,0,0,0,0,10,0,0,0,0,0,0,0,0,0,0,0,1,1,0,253,255,0,255,0,255,0,0,0,0,0,0,0,0,0,0,0,0,1,0,0,0,0,0,0,0,9,0,0,-1,-1,2100,2010,-1,-1,-1,-1,-1,-1,-1,-1,-1,-1,-1,-1,-1,-1,-1,-1,-1,-1,-1,-1,-1,-1,-1,-1,-1,-1,-1,-1,0,0,0,0,0,0,0,0,0,0,0,0,-1,-1,-1,-1,-1,-1,-1,-1,-1,-1,-1,-1,-1,-1,-1,-1,-1,-1,-1,-1,-1,-1,-1,-1,0,0,0,0,0,0,0,0,0,0,0,0,0,0,0,0,0,0,0,0,0,0,0,0,255,139,139,70,0,0,0,1,0,0,0,65,90,100,100,0,0,100,-1,0,100,130,0,1,1,-1,0,0,55,0,0,-1,119,70,0,70,0,0,0,0,130,0,[0|0|0|0]
6401360,Smithscript Cirque - Bullet,0.5,0,0,0,0.7,0,-1,-1,-1,-1,-1,5,0,-1,-1,930,-1,-1,-1,0,88,88,88,88,110,100,100,100,102,0,0,0,0,0,0,0,0,0,0,0,20,0,0,0,0,0,0,0,0,0,0,0,1,1,0,253,255,0,255,0,255,0,0,0,0,0,0,0,0,0,0,0,0,1,0,0,0,0,0,0,0,0,0,0,-1,-1,2100,2010,-1,-1,-1,-1,-1,-1,-1,-1,-1,-1,-1,-1,-1,-1,-1,-1,-1,-1,-1,-1,-1,-1,-1,-1,-1,-1,-1,-1,0,0,0,0,0,0,0,0,0,0,0,0,-1,-1,-1,-1,-1,-1,-1,-1,-1,-1,-1,-1,-1,-1,-1,-1,-1,-1,-1,-1,-1,-1,-1,-1,0,0,0,0,0,0,0,0,0,0,0,0,0,0,0,0,0,0,0,0,0,0,0,0,255,139,139,88,0,0,0,1,0,0,0,65,90,100,100,0,0,100,-1,0,100,140,0,1,1,-1,0,0,55,0,0,-1,119,88,0,88,0,0,0,0,130,0,[0|0|0|0]
6401363,Smithscript Cirque - Bullet,0.5,0,0,0,0.7,0,-1,-1,-1,-1,-1,6,0,-1,-1,940,-1,-1,-1,0,85,85,85,85,110,100,100,100,102,0,0,0,0,0,0,0,0,0,0,0,20,0,0,0,0,0,0,0,0,0,0,0,1,1,0,253,255,0,255,0,255,0,0,0,0,0,0,0,0,0,0,0,0,1,0,0,0,0,0,0,0,9,0,0,-1,-1,2100,2010,-1,-1,-1,-1,-1,-1,-1,-1,-1,-1,-1,-1,-1,-1,-1,-1,-1,-1,-1,-1,-1,-1,-1,-1,-1,-1,-1,-1,0,0,0,0,0,0,0,0,0,0,0,0,-1,-1,-1,-1,-1,-1,-1,-1,-1,-1,-1,-1,-1,-1,-1,-1,-1,-1,-1,-1,-1,-1,-1,-1,0,0,0,0,0,0,0,0,0,0,0,0,0,0,0,0,0,0,0,0,0,0,0,0,255,139,139,85,0,0,0,1,0,0,0,65,90,100,100,0,0,100,-1,0,100,140,0,1,1,-1,0,0,55,0,0,-1,119,85,0,85,0,0,0,0,130,0,[0|0|0|0]
6401380,Smithscript Cirque - Bullet,0.4,0.2,0,0,0.8,0,-1,-1,-1,-1,-1,1,1,-1,-1,-1,-1,-1,-1,0,102,102,102,102,75,100,100,60000,103,0,0,0,0,0,0,0,0,0,0,0,10,0,0,0,0,2,0,0,0,0,0,0,1,1,0,253,255,0,255,0,255,0,0,0,0,0,0,0,0,0,0,0,0,1,0,0,0,0,0,0,0,0,0,0,-1,-1,2100,2010,-1,-1,-1,-1,-1,-1,-1,-1,-1,-1,-1,-1,-1,-1,-1,-1,-1,-1,-1,-1,-1,-1,-1,-1,-1,-1,-1,-1,0,0,0,0,0,0,0,0,0,0,0,0,-1,-1,-1,-1,-1,-1,-1,-1,-1,-1,-1,-1,-1,-1,-1,-1,-1,-1,-1,-1,-1,-1,-1,-1,0,0,0,0,0,0,0,0,0,0,0,0,0,0,0,0,0,0,0,0,0,0,0,0,255,139,139,102,0,0,0,1,0,0,0,65,90,100,100,0,0,100,-1,0,100,100,0,1,1,-1,0,0,80,0,0,-1,119,102,0,102,0,0,0,0,130,0,[0|0|0|0]
6401381,Smithscript Cirque - Bullet,0.4,0.2,0,0,0.8,0,-1,-1,-1,-1,-1,2,2,-1,-1,-1,-1,-1,-1,0,102,102,102,102,75,100,100,60000,103,0,0,0,0,0,0,0,0,0,0,0,10,0,0,0,0,2,0,0,0,0,0,0,1,1,0,253,255,0,255,0,255,0,0,0,0,0,0,0,0,0,0,0,0,1,0,0,0,0,0,0,0,9,0,0,-1,-1,2100,2010,-1,-1,-1,-1,-1,-1,-1,-1,-1,-1,-1,-1,-1,-1,-1,-1,-1,-1,-1,-1,-1,-1,-1,-1,-1,-1,-1,-1,0,0,0,0,0,0,0,0,0,0,0,0,-1,-1,-1,-1,-1,-1,-1,-1,-1,-1,-1,-1,-1,-1,-1,-1,-1,-1,-1,-1,-1,-1,-1,-1,0,0,0,0,0,0,0,0,0,0,0,0,0,0,0,0,0,0,0,0,0,0,0,0,255,139,139,102,0,0,0,1,0,0,0,65,90,100,100,0,0,100,-1,0,100,100,0,1,1,-1,0,0,80,0,0,-1,119,102,0,102,0,0,0,0,130,0,[0|0|0|0]
6401632,Smithscript Cirque - Bullet,0.55,0.2,0,0,0.6,0,-1,-1,-1,-1,-1,1,1,-1,-1,-1,-1,-1,-1,0,130,130,130,130,170,200,100,100,0,101,0,0,0,0,0,0,0,0,0,0,10,0,0,0,0,2,0,0,0,0,0,0,1,1,0,253,255,0,255,0,255,0,0,0,0,0,0,0,0,0,0,0,0,1,0,0,0,0,0,0,0,0,0,0,-1,-1,2100,2010,-1,-1,-1,-1,-1,-1,-1,-1,-1,-1,-1,-1,-1,-1,-1,-1,-1,-1,-1,-1,-1,-1,-1,-1,-1,-1,-1,-1,0,0,0,0,0,0,0,0,0,0,0,0,-1,-1,-1,-1,-1,-1,-1,-1,-1,-1,-1,-1,-1,-1,-1,-1,-1,-1,-1,-1,-1,-1,-1,-1,0,0,0,0,0,0,0,0,0,0,0,0,0,0,0,0,0,0,0,0,0,0,0,0,255,139,139,130,0,0,0,1,0,0,0,100,100,100,100,0,0,100,-1,0,100,130,0,1,1,-1,0,0,100,0,0,-1,119,130,0,130,0,0,0,0,130,0,[0|0|0|0]
6401635,Smithscript Cirque - Bullet,0.55,0.2,0,0,0.7,0,-1,-1,-1,-1,-1,1,1,-1,-1,-1,-1,-1,-1,0,170,170,170,170,220,300,100,100,100,101,0,0,0,0,0,0,0,0,0,0,10,0,0,0,0,2,0,0,0,0,0,0,2,1,0,253,255,0,255,0,255,0,0,0,0,0,0,0,0,0,0,0,0,1,0,0,0,0,0,0,0,0,0,0,-1,-1,2100,2010,-1,-1,-1,-1,-1,-1,-1,-1,-1,-1,-1,-1,-1,-1,-1,-1,-1,-1,-1,-1,-1,-1,-1,-1,-1,-1,-1,-1,0,0,0,0,0,0,0,0,0,0,0,0,-1,-1,-1,-1,-1,-1,-1,-1,-1,-1,-1,-1,-1,-1,-1,-1,-1,-1,-1,-1,-1,-1,-1,-1,0,0,0,0,0,0,0,0,0,0,0,0,0,0,0,0,0,0,0,0,0,0,0,0,255,139,139,170,0,0,0,1,0,0,0,100,100,100,100,0,0,100,-1,0,100,180,0,1,1,-1,0,0,150,0,0,-1,119,170,0,170,0,0,0,0,130,0,[0|0|0|0]
6600000,Great Katana - Default Attack,0.3,0.2,0,0,1,0.08,6903,-1,-1,1665,-1,120,120,-1,-1,100,-1,-1,-1,0,100,100,100,100,100,100,100,100,0,0,0,0,0,0,0,0,0,0,0,0,40,0,0,0,0,2,0,0,0,0,0,0,2,0,0,0,255,0,255,0,255,0,0,0,0,0,0,0,0,0,0,1,4,1,0,0,0,0,0,0,0,0,0,0,-1,-1,2100,2010,-1,-1,-1,-1,-1,-1,-1,-1,-1,-1,-1,-1,-1,-1,-1,-1,-1,-1,-1,-1,-1,-1,-1,-1,-1,-1,-1,-1,0,0,0,0,0,0,0,0,0,0,0,0,-1,-1,-1,-1,-1,-1,-1,-1,-1,-1,-1,-1,-1,-1,-1,-1,-1,-1,-1,-1,-1,-1,-1,-1,0,0,0,0,0,0,0,0,0,0,0,0,0,0,0,0,0,0,0,0,0,0,0,0,255,139,139,100,0,0,0,0,0,0,0,100,100,100,100,0,0,100,-1,0,100,100,0,1,1,-1,0,0,185,0,0,0,0,100,0,100,0,0,0,0,130,0,[0|0|0|0]
6600010,Great Katana - Default Attack,0.3,0.2,0,0,1.1,0.08,6903,-1,-1,1665,-1,120,120,-1,-1,100,-1,-1,-1,0,101,101,101,101,100,100,100,100,0,0,0,0,0,0,0,0,0,0,0,0,40,0,0,0,0,2,0,0,0,0,0,0,2,0,0,0,255,0,255,0,255,0,0,0,0,0,0,0,0,0,0,1,3,1,0,0,0,0,0,0,0,0,0,0,-1,-1,2100,2010,-1,-1,-1,-1,-1,-1,-1,-1,-1,-1,-1,-1,-1,-1,-1,-1,-1,-1,-1,-1,-1,-1,-1,-1,-1,-1,-1,-1,0,0,0,0,0,0,0,0,0,0,0,0,-1,-1,-1,-1,-1,-1,-1,-1,-1,-1,-1,-1,-1,-1,-1,-1,-1,-1,-1,-1,-1,-1,-1,-1,0,0,0,0,0,0,0,0,0,0,0,0,0,0,0,0,0,0,0,0,0,0,0,0,255,139,139,101,0,0,0,0,0,0,0,100,100,100,100,0,0,100,-1,0,100,100,0,1,1,-1,0,0,185,0,0,0,0,101,0,101,0,0,0,0,130,0,[0|0|0|0]
6600020,Great Katana - Default Attack,0.25,0.2,0,0,1.2,0.08,6903,-1,-1,1665,-1,120,120,-1,-1,100,-1,-1,-1,0,102,102,102,102,100,100,100,100,0,0,0,0,0,0,0,0,0,0,0,0,40,0,0,0,0,2,0,0,0,0,0,0,2,0,0,2,255,2,255,0,255,0,0,0,0,0,0,0,0,0,0,1,0,1,0,0,0,0,0,0,0,0,0,0,-1,-1,2100,2010,-1,-1,-1,-1,-1,-1,-1,-1,-1,-1,-1,-1,-1,-1,-1,-1,-1,-1,-1,-1,-1,-1,-1,-1,-1,-1,-1,-1,0,0,0,0,0,0,0,0,0,0,0,0,-1,-1,-1,-1,-1,-1,-1,-1,-1,-1,-1,-1,-1,-1,-1,-1,-1,-1,-1,-1,-1,-1,-1,-1,0,0,0,0,0,0,0,0,0,0,0,0,0,0,0,0,0,0,0,0,0,0,0,0,255,139,139,102,0,0,0,0,0,0,0,100,100,100,100,0,0,100,-1,0,100,105,0,1,1,-1,0,0,185,0,0,0,0,102,0,102,0,0,0,0,130,0,[0|0|0|0]
6600030,Great Katana - Default Attack,0.3,0.2,0,0,1.3,0.08,6903,-1,-1,1665,-1,120,120,-1,-1,100,-1,-1,-1,0,110,110,110,110,100,100,100,100,104,0,0,0,0,0,0,0,0,0,0,0,40,0,0,0,0,2,0,0,0,0,0,0,2,0,0,0,255,0,255,0,255,0,0,0,0,0,0,0,0,0,0,1,1,1,0,0,0,0,0,0,0,0,0,0,-1,-1,2100,2010,-1,-1,-1,-1,-1,-1,-1,-1,-1,-1,-1,-1,-1,-1,-1,-1,-1,-1,-1,-1,-1,-1,-1,-1,-1,-1,-1,-1,0,0,0,0,0,0,0,0,0,0,0,0,-1,-1,-1,-1,-1,-1,-1,-1,-1,-1,-1,-1,-1,-1,-1,-1,-1,-1,-1,-1,-1,-1,-1,-1,0,0,0,0,0,0,0,0,0,0,0,0,0,0,0,0,0,0,0,0,0,0,0,0,255,139,139,110,0,0,0,0,0,0,0,100,100,100,100,0,0,100,-1,0,100,110,0,1,1,-1,0,0,200,0,0,0,0,110,0,110,0,0,0,0,130,0,[0|0|0|0]
6600100,Great Katana - Default Attack,0.3,0.1,0,0,1,0.08,6904,-1,-1,1665,-1,120,120,-1,-1,100,110,-1,-1,0,125,125,125,125,140,120,100,100,0,0,0,0,0,0,0,0,0,0,0,0,40,0,0,0,0,2,0,0,0,0,0,0,2,0,0,0,255,0,255,0,255,0,0,0,0,0,0,0,0,0,0,1,4,1,0,0,0,0,0,0,0,0,0,0,-1,-1,2100,2010,-1,-1,-1,-1,-1,-1,-1,-1,-1,-1,-1,-1,-1,-1,-1,-1,-1,-1,-1,-1,-1,-1,-1,-1,-1,-1,-1,-1,0,0,0,0,0,0,0,0,0,0,0,0,-1,-1,-1,-1,-1,-1,-1,-1,-1,-1,-1,-1,-1,-1,-1,-1,-1,-1,-1,-1,-1,-1,-1,-1,0,0,0,0,0,0,0,0,0,0,0,0,0,0,0,0,0,0,0,0,0,0,0,0,255,139,139,125,0,0,0,0,0,0,0,100,100,100,100,0,0,100,-1,0,100,130,0,1,1,-1,0,0,200,0,0,0,0,125,0,125,0,0,0,0,130,0,[0|0|0|0]
6600105,Great Katana - Default Attack,0.3,0.1,0,0,1,0.08,6906,-1,-1,1665,-1,120,120,-1,-1,100,110,-1,-1,0,160,160,160,160,200,400,100,100,100,0,0,0,0,0,0,0,0,0,0,0,60,0,0,0,0,2,0,0,0,0,0,0,3,0,0,0,255,0,255,0,255,0,0,0,0,0,0,0,0,0,0,1,4,1,0,0,0,0,0,0,0,0,0,0,-1,-1,2100,2010,-1,-1,-1,-1,-1,-1,-1,-1,-1,-1,-1,-1,-1,-1,-1,-1,-1,-1,-1,-1,-1,-1,-1,-1,-1,-1,-1,-1,0,0,0,0,0,0,0,0,0,0,0,0,-1,-1,-1,-1,-1,-1,-1,-1,-1,-1,-1,-1,-1,-1,-1,-1,-1,-1,-1,-1,-1,-1,-1,-1,0,0,0,0,0,0,0,0,0,0,0,0,0,0,0,0,0,0,0,0,0,0,0,0,255,139,139,160,0,0,0,0,0,0,0,100,100,100,100,0,0,100,-1,0,100,150,0,1,1,-1,0,0,600,0,0,0,0,160,0,160,0,0,0,0,130,0,[0|0|0|0]
6600110,Great Katana - Default Attack,0.3,0.1,0,0,1,0.08,6904,-1,-1,1665,-1,120,120,-1,-1,100,110,-1,-1,0,125,125,125,125,140,120,100,100,0,0,0,0,0,0,0,0,0,0,0,0,40,0,0,0,0,2,0,0,0,0,0,0,2,0,0,0,255,0,255,0,255,0,0,0,0,0,0,0,0,0,0,1,3,1,0,0,0,0,0,0,0,0,0,0,-1,-1,2100,2010,-1,-1,-1,-1,-1,-1,-1,-1,-1,-1,-1,-1,-1,-1,-1,-1,-1,-1,-1,-1,-1,-1,-1,-1,-1,-1,-1,-1,0,0,0,0,0,0,0,0,0,0,0,0,-1,-1,-1,-1,-1,-1,-1,-1,-1,-1,-1,-1,-1,-1,-1,-1,-1,-1,-1,-1,-1,-1,-1,-1,0,0,0,0,0,0,0,0,0,0,0,0,0,0,0,0,0,0,0,0,0,0,0,0,255,139,139,125,0,0,0,0,0,0,0,100,100,100,100,0,0,100,-1,0,100,130,0,1,1,-1,0,0,200,0,0,0,0,125,0,125,0,0,0,0,130,0,[0|0|0|0]
6600115,Great Katana - Default Attack,0.3,0.1,0,0,1,0.08,6906,-1,-1,1665,-1,120,120,-1,-1,100,110,-1,-1,0,160,160,160,160,200,400,100,100,100,0,0,0,0,0,0,0,0,0,0,0,60,0,0,0,0,2,0,0,0,0,0,0,3,0,0,0,255,0,255,0,255,0,0,0,0,0,0,0,0,0,0,1,3,1,0,0,0,0,0,0,0,0,0,0,-1,-1,2100,2010,-1,-1,-1,-1,-1,-1,-1,-1,-1,-1,-1,-1,-1,-1,-1,-1,-1,-1,-1,-1,-1,-1,-1,-1,-1,-1,-1,-1,0,0,0,0,0,0,0,0,0,0,0,0,-1,-1,-1,-1,-1,-1,-1,-1,-1,-1,-1,-1,-1,-1,-1,-1,-1,-1,-1,-1,-1,-1,-1,-1,0,0,0,0,0,0,0,0,0,0,0,0,0,0,0,0,0,0,0,0,0,0,0,0,255,139,139,160,0,0,0,0,0,0,0,100,100,100,100,0,0,100,-1,0,100,150,0,1,1,-1,0,0,600,0,0,0,0,160,0,160,0,0,0,0,130,0,[0|0|0|0]
6600120,Great Katana - Default Attack,0.25,0.1,0,0,0.7,0.08,6903,-1,-1,1665,-1,120,120,-1,-1,100,110,-1,-1,0,105,105,105,105,120,120,100,100,122,0,0,0,0,0,0,0,0,0,0,0,40,0,0,0,0,2,0,0,0,0,0,0,2,0,0,2,255,2,255,0,255,0,0,0,0,0,0,0,0,0,0,1,0,1,0,0,0,0,0,0,0,0,0,0,-1,-1,2100,2010,-1,-1,-1,-1,-1,-1,-1,-1,-1,-1,-1,-1,-1,-1,-1,-1,-1,-1,-1,-1,-1,-1,-1,-1,-1,-1,-1,-1,0,0,0,0,0,0,0,0,0,0,0,0,-1,-1,-1,-1,-1,-1,-1,-1,-1,-1,-1,-1,-1,-1,-1,-1,-1,-1,-1,-1,-1,-1,-1,-1,0,0,0,0,0,0,0,0,0,0,0,0,0,0,0,0,0,0,0,0,0,0,0,0,255,139,139,105,0,0,0,0,0,0,0,100,100,100,100,0,0,100,-1,0,100,110,0,1,1,-1,0,0,185,0,0,0,0,105,0,105,0,0,0,0,130,0,[0|0|0|0]
6600125,Great Katana - Default Attack,0.3,0.1,0,0,1,0.08,6904,-1,-1,1665,-1,120,120,-1,-1,100,110,-1,-1,0,120,120,120,120,150,400,100,100,122,0,0,0,0,0,0,0,0,0,0,0,40,0,0,0,0,2,0,0,0,0,0,0,3,0,0,0,255,0,255,0,255,0,0,0,0,0,0,0,0,0,0,1,4,1,0,0,0,0,0,0,0,0,0,0,-1,-1,2100,2010,-1,-1,-1,-1,-1,-1,-1,-1,-1,-1,-1,-1,-1,-1,-1,-1,-1,-1,-1,-1,-1,-1,-1,-1,-1,-1,-1,-1,0,0,0,0,0,0,0,0,0,0,0,0,-1,-1,-1,-1,-1,-1,-1,-1,-1,-1,-1,-1,-1,-1,-1,-1,-1,-1,-1,-1,-1,-1,-1,-1,0,0,0,0,0,0,0,0,0,0,0,0,0,0,0,0,0,0,0,0,0,0,0,0,255,139,139,120,0,0,0,0,0,0,0,100,100,100,100,0,0,100,-1,0,100,130,0,1,1,-1,0,0,200,0,0,0,0,120,0,120,0,0,0,0,130,0,[0|0|0|0]
6600130,Great Katana - Default Attack,0.25,0.1,0,0,0.7,0.08,6903,-1,-1,1665,-1,120,120,-1,-1,100,110,-1,-1,0,90,90,90,90,110,200,100,100,121,0,0,0,0,0,0,0,0,0,0,0,40,0,0,0,0,2,0,0,0,0,0,0,2,0,0,2,255,2,255,0,255,0,0,0,0,0,0,0,0,0,0,1,1,1,0,0,0,0,0,0,0,0,0,0,-1,-1,2100,2010,-1,-1,-1,-1,-1,-1,-1,-1,-1,-1,-1,-1,-1,-1,-1,-1,-1,-1,-1,-1,-1,-1,-1,-1,-1,-1,-1,-1,0,0,0,0,0,0,0,0,0,0,0,0,-1,-1,-1,-1,-1,-1,-1,-1,-1,-1,-1,-1,-1,-1,-1,-1,-1,-1,-1,-1,-1,-1,-1,-1,0,0,0,0,0,0,0,0,0,0,0,0,0,0,0,0,0,0,0,0,0,0,0,0,255,139,139,90,0,0,0,0,0,0,0,100,100,100,100,0,0,100,-1,0,100,90,0,1,1,-1,0,0,185,0,0,0,0,90,0,90,0,0,0,0,130,0,[0|0|0|0]
6600140,Great Katana - Default Attack,0.25,0.1,0,0,1,0.08,6903,-1,-1,1665,-1,120,120,-1,-1,100,110,-1,-1,0,90,90,90,90,110,200,100,100,121,0,0,0,0,0,0,0,0,0,0,0,40,0,0,0,0,2,0,0,0,0,0,0,2,0,0,2,255,2,255,0,255,0,0,0,0,0,0,0,0,0,0,1,0,1,0,0,0,0,0,0,0,0,0,0,-1,-1,2100,2010,-1,-1,-1,-1,-1,-1,-1,-1,-1,-1,-1,-1,-1,-1,-1,-1,-1,-1,-1,-1,-1,-1,-1,-1,-1,-1,-1,-1,0,0,0,0,0,0,0,0,0,0,0,0,-1,-1,-1,-1,-1,-1,-1,-1,-1,-1,-1,-1,-1,-1,-1,-1,-1,-1,-1,-1,-1,-1,-1,-1,0,0,0,0,0,0,0,0,0,0,0,0,0,0,0,0,0,0,0,0,0,0,0,0,255,139,139,90,0,0,0,0,0,0,0,100,100,100,100,0,0,100,-1,0,100,90,0,1,1,-1,0,0,185,0,0,0,0,90,0,90,0,0,0,0,130,0,[0|0|0|0]
6600150,Great Katana - Default Attack,0.3,0.1,0,0,0.7,0.08,6903,-1,-1,1665,-1,120,120,-1,-1,100,110,-1,-1,0,107,107,107,107,100,9900,100,100,102,0,0,0,0,0,0,0,0,0,0,0,40,0,0,0,0,2,0,0,0,0,0,0,2,0,0,0,255,0,255,0,255,0,0,0,0,0,0,0,0,0,0,1,4,1,0,0,0,0,0,0,0,0,0,0,-1,-1,2100,2010,-1,-1,-1,-1,-1,-1,-1,-1,-1,-1,-1,-1,-1,-1,-1,-1,-1,-1,-1,-1,-1,-1,-1,-1,-1,-1,-1,-1,0,0,0,0,0,0,0,0,0,0,0,0,-1,-1,-1,-1,-1,-1,-1,-1,-1,-1,-1,-1,-1,-1,-1,-1,-1,-1,-1,-1,-1,-1,-1,-1,0,0,0,0,0,0,0,0,0,0,0,0,0,0,0,0,0,0,0,0,0,0,0,0,255,139,139,107,0,0,0,0,0,0,0,100,100,100,100,0,0,100,-1,0,100,130,0,1,1,-1,0,0,185,0,0,0,0,107,0,107,0,0,0,0,130,0,[0|0|0|0]
6600155,Great Katana - Default Attack,0.3,0.1,0,0,0.7,0.08,6903,-1,-1,1665,-1,120,120,-1,-1,100,110,-1,-1,0,107,107,107,107,100,9900,100,100,102,0,0,0,0,0,0,0,0,0,0,0,40,0,0,0,0,2,0,0,0,0,0,0,2,0,0,0,255,0,255,0,255,0,0,0,0,0,0,0,0,0,0,1,4,1,0,0,0,0,0,0,0,0,0,0,-1,-1,2100,2010,-1,-1,-1,-1,-1,-1,-1,-1,-1,-1,-1,-1,-1,-1,-1,-1,-1,-1,-1,-1,-1,-1,-1,-1,-1,-1,-1,-1,0,0,0,0,0,0,0,0,0,0,0,0,-1,-1,-1,-1,-1,-1,-1,-1,-1,-1,-1,-1,-1,-1,-1,-1,-1,-1,-1,-1,-1,-1,-1,-1,0,0,0,0,0,0,0,0,0,0,0,0,0,0,0,0,0,0,0,0,0,0,0,0,255,139,139,107,0,0,0,0,0,0,0,100,100,100,100,0,0,100,-1,0,100,130,0,1,1,-1,0,0,185,0,0,0,0,107,0,107,0,0,0,0,130,0,[0|0|0|0]
6600160,Great Katana - Default Attack,0.3,0.1,0,0,0.7,0.08,6904,-1,-1,1665,-1,120,120,-1,-1,100,110,-1,-1,0,130,130,130,130,200,9900,100,100,102,0,0,0,0,0,0,0,0,0,0,0,60,0,0,0,0,2,0,0,0,0,0,0,3,0,0,0,255,0,255,0,255,0,0,0,0,0,0,0,0,0,0,1,1,1,0,0,0,0,0,0,0,0,0,0,-1,-1,2100,2010,-1,-1,-1,-1,-1,-1,-1,-1,-1,-1,-1,-1,-1,-1,-1,-1,-1,-1,-1,-1,-1,-1,-1,-1,-1,-1,-1,-1,0,0,0,0,0,0,0,0,0,0,0,0,-1,-1,-1,-1,-1,-1,-1,-1,-1,-1,-1,-1,-1,-1,-1,-1,-1,-1,-1,-1,-1,-1,-1,-1,0,0,0,0,0,0,0,0,0,0,0,0,0,0,0,0,0,0,0,0,0,0,0,0,255,139,139,130,0,0,0,0,0,0,0,100,100,100,100,0,0,100,-1,0,100,140,0,1,1,-1,0,0,400,0,0,0,0,130,0,130,0,0,0,0,130,0,[0|0|0|0]
6600165,Great Katana - Default Attack,0.3,0.1,0,0,0.7,0.08,6904,-1,-1,1665,-1,120,120,-1,-1,100,110,-1,-1,0,130,130,130,130,200,9900,100,100,102,0,0,0,0,0,0,0,0,0,0,0,60,0,0,0,0,2,0,0,0,0,0,0,3,0,0,0,255,0,255,0,255,0,0,0,0,0,0,0,0,0,0,1,1,1,0,0,0,0,0,0,0,0,0,0,-1,-1,2100,2010,-1,-1,-1,-1,-1,-1,-1,-1,-1,-1,-1,-1,-1,-1,-1,-1,-1,-1,-1,-1,-1,-1,-1,-1,-1,-1,-1,-1,0,0,0,0,0,0,0,0,0,0,0,0,-1,-1,-1,-1,-1,-1,-1,-1,-1,-1,-1,-1,-1,-1,-1,-1,-1,-1,-1,-1,-1,-1,-1,-1,0,0,0,0,0,0,0,0,0,0,0,0,0,0,0,0,0,0,0,0,0,0,0,0,255,139,139,130,0,0,0,0,0,0,0,100,100,100,100,0,0,100,-1,0,100,140,0,1,1,-1,0,0,400,0,0,0,0,130,0,130,0,0,0,0,130,0,[0|0|0|0]
6600180,Great Katana - Default Attack,0.3,0.1,0,0,1.1,0.08,-1,-1,-1,1665,-1,120,120,-1,-1,100,110,-1,-1,0,125,125,125,125,110,9900,100,100,103,0,0,0,0,0,0,0,0,0,0,0,40,0,0,0,0,2,0,0,0,0,0,0,2,0,0,0,255,0,255,0,255,0,0,0,0,0,0,0,0,0,0,0,4,1,0,0,0,0,0,0,0,0,0,0,-1,-1,2100,2010,-1,-1,-1,-1,-1,-1,-1,-1,-1,-1,-1,-1,-1,-1,-1,-1,-1,-1,-1,-1,-1,-1,-1,-1,-1,-1,-1,-1,0,0,0,0,0,0,0,0,0,0,0,0,-1,-1,-1,-1,-1,-1,-1,-1,-1,-1,-1,-1,-1,-1,-1,-1,-1,-1,-1,-1,-1,-1,-1,-1,0,0,0,0,0,0,0,0,0,0,0,0,0,0,0,0,0,0,0,0,0,0,0,0,255,139,139,125,0,0,0,0,0,0,0,100,100,100,100,0,0,100,-1,0,100,100,0,1,1,-1,0,0,600,0,0,0,0,125,0,125,0,0,0,0,130,0,[0|0|0|0]
6600200,Great Katana - Default Attack,0.3,0.2,0,0,0.9,0.08,6903,-1,-1,1665,1667,120,120,-1,-1,100,-1,-1,-1,0,103,103,103,103,120,500,100,100,0,120,0,0,0,0,0,0,0,0,0,0,60,0,0,0,0,2,0,0,0,0,0,0,2,0,0,0,255,0,255,0,255,0,0,0,0,0,0,0,0,0,0,1,1,1,0,0,0,0,0,0,0,0,0,0,-1,-1,2100,2010,-1,-1,-1,-1,-1,-1,-1,-1,-1,-1,-1,-1,-1,-1,-1,-1,-1,-1,-1,-1,-1,-1,-1,-1,-1,-1,-1,-1,0,0,0,0,0,0,0,0,0,0,0,0,-1,-1,-1,-1,-1,-1,-1,-1,-1,-1,-1,-1,-1,-1,-1,-1,-1,-1,-1,-1,-1,-1,-1,-1,0,0,0,0,0,0,0,0,0,0,0,0,0,0,0,0,0,0,0,0,0,0,0,0,255,139,139,103,0,0,0,0,0,0,0,100,100,100,100,0,0,100,-1,0,100,100,0,1,1,-1,0,0,240,0,0,0,0,103,0,103,0,0,0,0,130,0,[0|0|0|0]
6600210,Great Katana - Default Attack,0.25,0.2,0,0,1,0.08,6903,-1,-1,1665,1667,120,120,-1,-1,100,-1,-1,-1,0,104,104,104,104,120,500,100,100,0,120,0,0,0,0,0,0,0,0,0,0,60,0,0,0,0,2,0,0,0,0,0,0,2,0,0,2,255,2,255,0,255,0,0,0,0,0,0,0,0,0,0,1,0,1,0,0,0,0,0,0,0,0,0,0,-1,-1,2100,2010,-1,-1,-1,-1,-1,-1,-1,-1,-1,-1,-1,-1,-1,-1,-1,-1,-1,-1,-1,-1,-1,-1,-1,-1,-1,-1,-1,-1,0,0,0,0,0,0,0,0,0,0,0,0,-1,-1,-1,-1,-1,-1,-1,-1,-1,-1,-1,-1,-1,-1,-1,-1,-1,-1,-1,-1,-1,-1,-1,-1,0,0,0,0,0,0,0,0,0,0,0,0,0,0,0,0,0,0,0,0,0,0,0,0,255,139,139,104,0,0,0,0,0,0,0,100,100,100,100,0,0,100,-1,0,100,100,0,1,1,-1,0,0,240,0,0,0,0,104,0,104,0,0,0,0,130,0,[0|0|0|0]
6600220,Great Katana - Default Attack,0.3,0.2,0,0,0.9,0.08,6903,-1,-1,1665,1667,120,120,-1,-1,100,-1,-1,-1,0,105,105,105,105,120,500,100,100,0,120,0,0,0,0,0,0,0,0,0,0,60,0,0,0,0,2,0,0,0,0,0,0,2,0,0,0,255,0,255,0,255,0,0,0,0,0,0,0,0,0,0,1,2,1,0,0,0,0,0,0,0,0,0,0,-1,-1,2100,2010,-1,-1,-1,-1,-1,-1,-1,-1,-1,-1,-1,-1,-1,-1,-1,-1,-1,-1,-1,-1,-1,-1,-1,-1,-1,-1,-1,-1,0,0,0,0,0,0,0,0,0,0,0,0,-1,-1,-1,-1,-1,-1,-1,-1,-1,-1,-1,-1,-1,-1,-1,-1,-1,-1,-1,-1,-1,-1,-1,-1,0,0,0,0,0,0,0,0,0,0,0,0,0,0,0,0,0,0,0,0,0,0,0,0,255,139,139,105,0,0,0,0,0,0,0,100,100,100,100,0,0,100,-1,0,100,105,0,1,1,-1,0,0,240,0,0,0,0,105,0,105,0,0,0,0,130,0,[0|0|0|0]
6600230,Great Katana - Default Attack,0.3,0.2,0,0,1,0.08,6903,-1,-1,1665,1667,120,120,-1,-1,100,-1,-1,-1,0,115,115,115,115,120,500,100,100,104,120,0,0,0,0,0,0,0,0,0,0,60,0,0,0,0,2,0,0,0,0,0,0,2,0,0,0,255,0,255,0,255,0,0,0,0,0,0,0,0,0,0,1,1,1,0,0,0,0,0,0,0,0,0,0,-1,-1,2100,2010,-1,-1,-1,-1,-1,-1,-1,-1,-1,-1,-1,-1,-1,-1,-1,-1,-1,-1,-1,-1,-1,-1,-1,-1,-1,-1,-1,-1,0,0,0,0,0,0,0,0,0,0,0,0,-1,-1,-1,-1,-1,-1,-1,-1,-1,-1,-1,-1,-1,-1,-1,-1,-1,-1,-1,-1,-1,-1,-1,-1,0,0,0,0,0,0,0,0,0,0,0,0,0,0,0,0,0,0,0,0,0,0,0,0,255,139,139,115,0,0,0,0,0,0,0,100,100,100,100,0,0,100,-1,0,100,110,0,1,1,-1,0,0,260,0,0,0,0,115,0,115,0,0,0,0,130,0,[0|0|0|0]
6600300,Great Katana - Default Attack,0.3,0.1,0,0,1,0.08,6904,-1,-1,1665,1667,120,120,-1,-1,100,110,-1,-1,0,130,130,130,130,170,500,100,100,0,120,0,0,0,0,0,0,0,0,0,0,60,0,0,0,0,2,0,0,0,0,0,0,2,0,0,0,255,0,255,0,255,0,0,0,0,0,0,0,0,0,0,1,4,1,0,0,0,0,0,0,0,0,0,0,-1,-1,2100,2010,-1,-1,-1,-1,-1,-1,-1,-1,-1,-1,-1,-1,-1,-1,-1,-1,-1,-1,-1,-1,-1,-1,-1,-1,-1,-1,-1,-1,0,0,0,0,0,0,0,0,0,0,0,0,-1,-1,-1,-1,-1,-1,-1,-1,-1,-1,-1,-1,-1,-1,-1,-1,-1,-1,-1,-1,-1,-1,-1,-1,0,0,0,0,0,0,0,0,0,0,0,0,0,0,0,0,0,0,0,0,0,0,0,0,255,139,139,130,0,0,0,0,0,0,0,100,100,100,100,0,0,100,-1,0,100,130,0,1,1,-1,0,0,220,0,0,0,0,130,0,130,0,0,0,0,130,0,[0|0|0|0]
6600305,Great Katana - Default Attack,0.3,0.1,0,0,1,0.08,6906,-1,-1,1665,1667,120,120,-1,-1,100,110,-1,-1,0,165,165,165,165,240,500,100,100,100,120,0,0,0,0,0,0,0,0,0,0,80,0,0,0,0,2,0,0,0,0,0,0,3,0,0,0,255,0,255,0,255,0,0,0,0,0,0,0,0,0,0,1,4,1,0,0,0,0,0,0,0,0,0,0,-1,-1,2100,2010,-1,-1,-1,-1,-1,-1,-1,-1,-1,-1,-1,-1,-1,-1,-1,-1,-1,-1,-1,-1,-1,-1,-1,-1,-1,-1,-1,-1,0,0,0,0,0,0,0,0,0,0,0,0,-1,-1,-1,-1,-1,-1,-1,-1,-1,-1,-1,-1,-1,-1,-1,-1,-1,-1,-1,-1,-1,-1,-1,-1,0,0,0,0,0,0,0,0,0,0,0,0,0,0,0,0,0,0,0,0,0,0,0,0,255,139,139,165,0,0,0,0,0,0,0,100,100,100,100,0,0,100,-1,0,100,150,0,1,1,-1,0,0,660,0,0,0,0,165,0,165,0,0,0,0,130,0,[0|0|0|0]
6600310,Great Katana - Default Attack,0.3,0.1,0,0,1,0.08,6904,-1,-1,1665,1667,120,120,-1,-1,100,110,-1,-1,0,130,130,130,130,170,500,100,100,0,120,0,0,0,0,0,0,0,0,0,0,60,0,0,0,0,2,0,0,0,0,0,0,2,0,0,0,255,0,255,0,255,0,0,0,0,0,0,0,0,0,0,1,3,1,0,0,0,0,0,0,0,0,0,0,-1,-1,2100,2010,-1,-1,-1,-1,-1,-1,-1,-1,-1,-1,-1,-1,-1,-1,-1,-1,-1,-1,-1,-1,-1,-1,-1,-1,-1,-1,-1,-1,0,0,0,0,0,0,0,0,0,0,0,0,-1,-1,-1,-1,-1,-1,-1,-1,-1,-1,-1,-1,-1,-1,-1,-1,-1,-1,-1,-1,-1,-1,-1,-1,0,0,0,0,0,0,0,0,0,0,0,0,0,0,0,0,0,0,0,0,0,0,0,0,255,139,139,130,0,0,0,0,0,0,0,100,100,100,100,0,0,100,-1,0,100,130,0,1,1,-1,0,0,220,0,0,0,0,130,0,130,0,0,0,0,130,0,[0|0|0|0]
6600315,Great Katana - Default Attack,0.3,0.1,0,0,1,0.08,6906,-1,-1,1665,1667,120,120,-1,-1,100,110,-1,-1,0,165,165,165,165,240,500,100,100,100,120,0,0,0,0,0,0,0,0,0,0,80,0,0,0,0,2,0,0,0,0,0,0,3,0,0,0,255,0,255,0,255,0,0,0,0,0,0,0,0,0,0,1,3,1,0,0,0,0,0,0,0,0,0,0,-1,-1,2100,2010,-1,-1,-1,-1,-1,-1,-1,-1,-1,-1,-1,-1,-1,-1,-1,-1,-1,-1,-1,-1,-1,-1,-1,-1,-1,-1,-1,-1,0,0,0,0,0,0,0,0,0,0,0,0,-1,-1,-1,-1,-1,-1,-1,-1,-1,-1,-1,-1,-1,-1,-1,-1,-1,-1,-1,-1,-1,-1,-1,-1,0,0,0,0,0,0,0,0,0,0,0,0,0,0,0,0,0,0,0,0,0,0,0,0,255,139,139,165,0,0,0,0,0,0,0,100,100,100,100,0,0,100,-1,0,100,150,0,1,1,-1,0,0,660,0,0,0,0,165,0,165,0,0,0,0,130,0,[0|0|0|0]
6600320,Great Katana - Default Attack,0.25,0.1,0,0,0.7,0.08,6903,-1,-1,1665,1667,120,120,-1,-1,100,110,-1,-1,0,110,110,110,110,140,500,100,100,122,120,0,0,0,0,0,0,0,0,0,0,60,0,0,0,0,2,0,0,0,0,0,0,2,0,0,2,255,2,255,0,255,0,0,0,0,0,0,0,0,0,0,1,0,1,0,0,0,0,0,0,0,0,0,0,-1,-1,2100,2010,-1,-1,-1,-1,-1,-1,-1,-1,-1,-1,-1,-1,-1,-1,-1,-1,-1,-1,-1,-1,-1,-1,-1,-1,-1,-1,-1,-1,0,0,0,0,0,0,0,0,0,0,0,0,-1,-1,-1,-1,-1,-1,-1,-1,-1,-1,-1,-1,-1,-1,-1,-1,-1,-1,-1,-1,-1,-1,-1,-1,0,0,0,0,0,0,0,0,0,0,0,0,0,0,0,0,0,0,0,0,0,0,0,0,255,139,139,110,0,0,0,0,0,0,0,100,100,100,100,0,0,100,-1,0,100,110,0,1,1,-1,0,0,240,0,0,0,0,110,0,110,0,0,0,0,130,0,[0|0|0|0]
6600325,Great Katana - Default Attack,0.3,0.1,0,0,1,0.08,6904,-1,-1,1665,1667,120,120,-1,-1,100,110,-1,-1,0,125,125,125,125,180,500,100,100,122,120,0,0,0,0,0,0,0,0,0,0,60,0,0,0,0,2,0,0,0,0,0,0,3,0,0,0,255,0,255,0,255,0,0,0,0,0,0,0,0,0,0,1,4,1,0,0,0,0,0,0,0,0,0,0,-1,-1,2100,2010,-1,-1,-1,-1,-1,-1,-1,-1,-1,-1,-1,-1,-1,-1,-1,-1,-1,-1,-1,-1,-1,-1,-1,-1,-1,-1,-1,-1,0,0,0,0,0,0,0,0,0,0,0,0,-1,-1,-1,-1,-1,-1,-1,-1,-1,-1,-1,-1,-1,-1,-1,-1,-1,-1,-1,-1,-1,-1,-1,-1,0,0,0,0,0,0,0,0,0,0,0,0,0,0,0,0,0,0,0,0,0,0,0,0,255,139,139,125,0,0,0,0,0,0,0,100,100,100,100,0,0,100,-1,0,100,130,0,1,1,-1,0,0,220,0,0,0,0,125,0,125,0,0,0,0,130,0,[0|0|0|0]
6600330,Great Katana - Default Attack,0.25,0.1,0,0,0.7,0.08,6903,-1,-1,1665,1667,120,120,-1,-1,100,110,-1,-1,0,95,95,95,95,130,500,100,100,121,120,0,0,0,0,0,0,0,0,0,0,60,0,0,0,0,2,0,0,0,0,0,0,2,0,0,2,255,2,255,0,255,0,0,0,0,0,0,0,0,0,0,1,1,1,0,0,0,0,0,0,0,0,0,0,-1,-1,2100,2010,-1,-1,-1,-1,-1,-1,-1,-1,-1,-1,-1,-1,-1,-1,-1,-1,-1,-1,-1,-1,-1,-1,-1,-1,-1,-1,-1,-1,0,0,0,0,0,0,0,0,0,0,0,0,-1,-1,-1,-1,-1,-1,-1,-1,-1,-1,-1,-1,-1,-1,-1,-1,-1,-1,-1,-1,-1,-1,-1,-1,0,0,0,0,0,0,0,0,0,0,0,0,0,0,0,0,0,0,0,0,0,0,0,0,255,139,139,95,0,0,0,0,0,0,0,100,100,100,100,0,0,100,-1,0,100,90,0,1,1,-1,0,0,240,0,0,0,0,95,0,95,0,0,0,0,130,0,[0|0|0|0]
6600340,Great Katana - Default Attack,0.25,0.1,0,0,1,0.08,6903,-1,-1,1665,1667,120,120,-1,-1,100,110,-1,-1,0,95,95,95,95,130,500,100,100,121,120,0,0,0,0,0,0,0,0,0,0,60,0,0,0,0,2,0,0,0,0,0,0,2,0,0,2,255,2,255,0,255,0,0,0,0,0,0,0,0,0,0,1,0,1,0,0,0,0,0,0,0,0,0,0,-1,-1,2100,2010,-1,-1,-1,-1,-1,-1,-1,-1,-1,-1,-1,-1,-1,-1,-1,-1,-1,-1,-1,-1,-1,-1,-1,-1,-1,-1,-1,-1,0,0,0,0,0,0,0,0,0,0,0,0,-1,-1,-1,-1,-1,-1,-1,-1,-1,-1,-1,-1,-1,-1,-1,-1,-1,-1,-1,-1,-1,-1,-1,-1,0,0,0,0,0,0,0,0,0,0,0,0,0,0,0,0,0,0,0,0,0,0,0,0,255,139,139,95,0,0,0,0,0,0,0,100,100,100,100,0,0,100,-1,0,100,90,0,1,1,-1,0,0,240,0,0,0,0,95,0,95,0,0,0,0,130,0,[0|0|0|0]
6600350,Great Katana - Default Attack,0.3,0.1,0,0,0.7,0.08,6903,-1,-1,1665,1667,120,120,-1,-1,100,110,-1,-1,0,110,110,110,110,120,9900,100,100,102,120,0,0,0,0,0,0,0,0,0,0,60,0,0,0,0,2,0,0,0,0,0,0,2,0,0,0,255,0,255,0,255,0,0,0,0,0,0,0,0,0,0,1,4,1,0,0,0,0,0,0,0,0,0,0,-1,-1,2100,2010,-1,-1,-1,-1,-1,-1,-1,-1,-1,-1,-1,-1,-1,-1,-1,-1,-1,-1,-1,-1,-1,-1,-1,-1,-1,-1,-1,-1,0,0,0,0,0,0,0,0,0,0,0,0,-1,-1,-1,-1,-1,-1,-1,-1,-1,-1,-1,-1,-1,-1,-1,-1,-1,-1,-1,-1,-1,-1,-1,-1,0,0,0,0,0,0,0,0,0,0,0,0,0,0,0,0,0,0,0,0,0,0,0,0,255,139,139,110,0,0,0,0,0,0,0,100,100,100,100,0,0,100,-1,0,100,130,0,1,1,-1,0,0,240,0,0,0,0,110,0,110,0,0,0,0,130,0,[0|0|0|0]
6600355,Great Katana - Default Attack,0.3,0.1,0,0,0.7,0.08,6903,-1,-1,1665,1667,120,120,-1,-1,100,110,-1,-1,0,110,110,110,110,120,9900,100,100,102,120,0,0,0,0,0,0,0,0,0,0,60,0,0,0,0,2,0,0,0,0,0,0,2,0,0,0,255,0,255,0,255,0,0,0,0,0,0,0,0,0,0,1,4,1,0,0,0,0,0,0,0,0,0,0,-1,-1,2100,2010,-1,-1,-1,-1,-1,-1,-1,-1,-1,-1,-1,-1,-1,-1,-1,-1,-1,-1,-1,-1,-1,-1,-1,-1,-1,-1,-1,-1,0,0,0,0,0,0,0,0,0,0,0,0,-1,-1,-1,-1,-1,-1,-1,-1,-1,-1,-1,-1,-1,-1,-1,-1,-1,-1,-1,-1,-1,-1,-1,-1,0,0,0,0,0,0,0,0,0,0,0,0,0,0,0,0,0,0,0,0,0,0,0,0,255,139,139,110,0,0,0,0,0,0,0,100,100,100,100,0,0,100,-1,0,100,130,0,1,1,-1,0,0,240,0,0,0,0,110,0,110,0,0,0,0,130,0,[0|0|0|0]
6600360,Great Katana - Default Attack,0.3,0.1,0,0,0.7,0.08,6904,-1,-1,1665,1667,120,120,-1,-1,100,110,-1,-1,0,135,135,135,135,240,9900,100,100,102,120,0,0,0,0,0,0,0,0,0,0,80,0,0,0,0,2,0,0,0,0,0,0,3,0,0,0,255,0,255,0,255,0,0,0,0,0,0,0,0,0,0,1,1,1,0,0,0,0,0,0,0,0,0,0,-1,-1,2100,2010,-1,-1,-1,-1,-1,-1,-1,-1,-1,-1,-1,-1,-1,-1,-1,-1,-1,-1,-1,-1,-1,-1,-1,-1,-1,-1,-1,-1,0,0,0,0,0,0,0,0,0,0,0,0,-1,-1,-1,-1,-1,-1,-1,-1,-1,-1,-1,-1,-1,-1,-1,-1,-1,-1,-1,-1,-1,-1,-1,-1,0,0,0,0,0,0,0,0,0,0,0,0,0,0,0,0,0,0,0,0,0,0,0,0,255,139,139,135,0,0,0,0,0,0,0,100,100,100,100,0,0,100,-1,0,100,140,0,1,1,-1,0,0,440,0,0,0,0,135,0,135,0,0,0,0,130,0,[0|0|0|0]
6600365,Great Katana - Default Attack,0.3,0.1,0,0,0.7,0.08,6904,-1,-1,1665,1667,120,120,-1,-1,100,110,-1,-1,0,135,135,135,135,240,9900,100,100,102,120,0,0,0,0,0,0,0,0,0,0,80,0,0,0,0,2,0,0,0,0,0,0,3,0,0,0,255,0,255,0,255,0,0,0,0,0,0,0,0,0,0,1,1,1,0,0,0,0,0,0,0,0,0,0,-1,-1,2100,2010,-1,-1,-1,-1,-1,-1,-1,-1,-1,-1,-1,-1,-1,-1,-1,-1,-1,-1,-1,-1,-1,-1,-1,-1,-1,-1,-1,-1,0,0,0,0,0,0,0,0,0,0,0,0,-1,-1,-1,-1,-1,-1,-1,-1,-1,-1,-1,-1,-1,-1,-1,-1,-1,-1,-1,-1,-1,-1,-1,-1,0,0,0,0,0,0,0,0,0,0,0,0,0,0,0,0,0,0,0,0,0,0,0,0,255,139,139,135,0,0,0,0,0,0,0,100,100,100,100,0,0,100,-1,0,100,140,0,1,1,-1,0,0,440,0,0,0,0,135,0,135,0,0,0,0,130,0,[0|0|0|0]
6600380,Great Katana - Default Attack,0.3,0.1,0,0,1.1,0.08,-1,-1,-1,1665,1667,120,120,-1,-1,100,110,-1,-1,0,130,130,130,130,130,9900,100,100,103,120,0,0,0,0,0,0,0,0,0,0,60,0,0,0,0,2,0,0,0,0,0,0,2,0,0,0,255,0,255,0,255,0,0,0,0,0,0,0,0,0,0,0,2,1,0,0,0,0,0,0,0,0,0,0,-1,-1,2100,2010,-1,-1,-1,-1,-1,-1,-1,-1,-1,-1,-1,-1,-1,-1,-1,-1,-1,-1,-1,-1,-1,-1,-1,-1,-1,-1,-1,-1,0,0,0,0,0,0,0,0,0,0,0,0,-1,-1,-1,-1,-1,-1,-1,-1,-1,-1,-1,-1,-1,-1,-1,-1,-1,-1,-1,-1,-1,-1,-1,-1,0,0,0,0,0,0,0,0,0,0,0,0,0,0,0,0,0,0,0,0,0,0,0,0,255,139,139,130,0,0,0,0,0,0,0,100,100,100,100,0,0,100,-1,0,100,100,0,1,1,-1,0,0,660,0,0,0,0,130,0,130,0,0,0,0,130,0,[0|0|0|0]
6600400,Great Katana - Default Attack,0.3,0.2,0,0,1,0.08,6903,-1,-1,-1,1667,120,120,-1,-1,100,-1,-1,-1,0,100,100,100,100,100,100,100,100,0,0,0,0,0,0,0,0,0,0,0,0,40,0,0,0,0,2,0,0,0,0,0,0,2,0,0,0,255,0,255,0,255,0,0,0,0,0,0,0,0,0,0,1,3,1,0,0,0,0,0,0,0,0,0,0,-1,-1,2100,2010,-1,-1,-1,-1,-1,-1,-1,-1,-1,-1,-1,-1,-1,-1,-1,-1,-1,-1,-1,-1,-1,-1,-1,-1,-1,-1,-1,-1,0,0,0,0,0,0,0,0,0,0,0,0,-1,-1,-1,-1,-1,-1,-1,-1,-1,-1,-1,-1,-1,-1,-1,-1,-1,-1,-1,-1,-1,-1,-1,-1,0,0,0,0,0,0,0,0,0,0,0,0,0,0,0,0,0,0,0,0,0,0,0,0,255,139,139,100,0,0,0,0,0,0,0,100,100,100,100,0,0,100,-1,0,100,100,0,1,1,-1,0,0,185,0,0,0,0,100,0,100,0,0,0,0,130,0,[0|0|0|0]
6600410,Great Katana - Default Attack,0.3,0.2,0,0,1.1,0.08,6903,-1,-1,-1,1667,120,120,-1,-1,100,-1,-1,-1,0,101,101,101,101,100,100,100,100,0,0,0,0,0,0,0,0,0,0,0,0,40,0,0,0,0,2,0,0,0,0,0,0,2,0,0,0,255,0,255,0,255,0,0,0,0,0,0,0,0,0,0,1,4,1,0,0,0,0,0,0,0,0,0,0,-1,-1,2100,2010,-1,-1,-1,-1,-1,-1,-1,-1,-1,-1,-1,-1,-1,-1,-1,-1,-1,-1,-1,-1,-1,-1,-1,-1,-1,-1,-1,-1,0,0,0,0,0,0,0,0,0,0,0,0,-1,-1,-1,-1,-1,-1,-1,-1,-1,-1,-1,-1,-1,-1,-1,-1,-1,-1,-1,-1,-1,-1,-1,-1,0,0,0,0,0,0,0,0,0,0,0,0,0,0,0,0,0,0,0,0,0,0,0,0,255,139,139,101,0,0,0,0,0,0,0,100,100,100,100,0,0,100,-1,0,100,100,0,1,1,-1,0,0,185,0,0,0,0,101,0,101,0,0,0,0,130,0,[0|0|0|0]
6600420,Great Katana - Default Attack,0.25,0.2,0,0,1.2,0.08,6903,-1,-1,-1,1667,120,120,-1,-1,100,-1,-1,-1,0,102,102,102,102,100,100,100,100,0,0,0,0,0,0,0,0,0,0,0,0,40,0,0,0,0,2,0,0,0,0,0,0,2,0,0,2,255,2,255,0,255,0,0,0,0,0,0,0,0,0,0,1,0,1,0,0,0,0,0,0,0,0,0,0,-1,-1,2100,2010,-1,-1,-1,-1,-1,-1,-1,-1,-1,-1,-1,-1,-1,-1,-1,-1,-1,-1,-1,-1,-1,-1,-1,-1,-1,-1,-1,-1,0,0,0,0,0,0,0,0,0,0,0,0,-1,-1,-1,-1,-1,-1,-1,-1,-1,-1,-1,-1,-1,-1,-1,-1,-1,-1,-1,-1,-1,-1,-1,-1,0,0,0,0,0,0,0,0,0,0,0,0,0,0,0,0,0,0,0,0,0,0,0,0,255,139,139,102,0,0,0,0,0,0,0,100,100,100,100,0,0,100,-1,0,100,105,0,1,1,-1,0,0,185,0,0,0,0,102,0,102,0,0,0,0,130,0,[0|0|0|0]
6600430,Great Katana - Default Attack,0.3,0.2,0,0,1.3,0.08,6903,-1,-1,-1,1667,120,120,-1,-1,100,-1,-1,-1,0,110,110,110,110,100,100,100,100,104,0,0,0,0,0,0,0,0,0,0,0,40,0,0,0,0,2,0,0,0,0,0,0,2,0,0,0,255,0,255,0,255,0,0,0,0,0,0,0,0,0,0,1,1,1,0,0,0,0,0,0,0,0,0,0,-1,-1,2100,2010,-1,-1,-1,-1,-1,-1,-1,-1,-1,-1,-1,-1,-1,-1,-1,-1,-1,-1,-1,-1,-1,-1,-1,-1,-1,-1,-1,-1,0,0,0,0,0,0,0,0,0,0,0,0,-1,-1,-1,-1,-1,-1,-1,-1,-1,-1,-1,-1,-1,-1,-1,-1,-1,-1,-1,-1,-1,-1,-1,-1,0,0,0,0,0,0,0,0,0,0,0,0,0,0,0,0,0,0,0,0,0,0,0,0,255,139,139,110,0,0,0,0,0,0,0,100,100,100,100,0,0,100,-1,0,100,110,0,1,1,-1,0,0,200,0,0,0,0,110,0,110,0,0,0,0,130,0,[0|0|0|0]
6600460,Great Katana - Default Attack,0,0,0,0,0,0,-1,-1,-1,-1,-1,-1,-1,-1,-1,-1,-1,-1,-1,0,0,0,0,0,0,100,100,100,0,0,0,0,0,0,0,0,0,0,0,0,0,0,0,0,0,0,0,0,0,0,0,0,0,0,0,3,0,0,255,0,255,0,0,0,0,0,0,0,0,0,0,1,0,1,0,0,0,0,0,0,0,0,0,0,-1,-1,2100,2010,-1,-1,-1,-1,-1,-1,-1,-1,-1,-1,-1,-1,-1,-1,-1,-1,-1,-1,-1,-1,-1,-1,-1,-1,-1,-1,-1,-1,0,0,0,0,0,0,0,0,0,0,0,0,-1,-1,-1,-1,-1,-1,-1,-1,-1,-1,-1,-1,-1,-1,-1,-1,-1,-1,-1,-1,-1,-1,-1,-1,0,0,0,0,0,0,0,0,0,0,0,0,0,0,0,0,0,0,0,0,0,0,0,0,255,255,139,0,0,0,1,0,0,0,0,100,100,100,100,0,0,100,-1,-1,-1,0,0,1,1,-1,0,0,0,0,0,0,0,0,0,0,0,0,0,0,130,0,[0|0|0|0]
6600470,Great Katana - Default Attack,0,0,0,0,0,0,-1,-1,-1,-1,-1,-1,-1,-1,-1,-1,-1,-1,-1,0,0,0,0,0,0,100,100,100,0,0,0,0,0,0,0,0,0,0,0,0,0,0,0,0,0,0,0,0,0,0,0,0,0,0,0,3,0,0,255,0,255,0,0,0,0,0,0,0,0,0,0,1,0,1,0,0,0,0,0,0,0,0,0,0,-1,-1,2100,2010,-1,-1,-1,-1,-1,-1,-1,-1,-1,-1,-1,-1,-1,-1,-1,-1,-1,-1,-1,-1,-1,-1,-1,-1,-1,-1,-1,-1,0,0,0,0,0,0,0,0,0,0,0,0,-1,-1,-1,-1,-1,-1,-1,-1,-1,-1,-1,-1,-1,-1,-1,-1,-1,-1,-1,-1,-1,-1,-1,-1,0,0,0,0,0,0,0,0,0,0,0,0,0,0,0,0,0,0,0,0,0,0,0,0,255,255,139,0,0,0,1,0,0,0,0,100,100,100,100,0,0,100,-1,-1,-1,0,0,1,1,-1,0,0,0,0,0,0,0,0,0,0,0,0,0,0,130,0,[0|0|0|0]
6600480,Great Katana - Default Attack,0,0,0,0,0,0,-1,-1,-1,-1,-1,-1,-1,-1,-1,-1,-1,-1,-1,0,0,0,0,0,0,100,0,100,0,0,0,0,0,0,0,0,0,0,0,0,0,0,-50,0,0,0,0,0,0,0,0,0,0,0,0,3,0,0,255,0,255,0,0,0,0,0,0,0,0,0,0,1,0,1,0,0,0,0,0,0,0,0,0,0,-1,-1,2100,2010,-1,-1,-1,-1,-1,-1,-1,-1,-1,-1,-1,-1,-1,-1,-1,-1,-1,-1,-1,-1,-1,-1,-1,-1,-1,-1,-1,-1,0,0,0,0,0,0,0,0,0,0,0,0,-1,-1,-1,-1,-1,-1,-1,-1,-1,-1,-1,-1,-1,-1,-1,-1,-1,-1,-1,-1,-1,-1,-1,-1,0,0,0,0,0,0,0,0,0,0,0,0,0,0,0,0,0,0,0,0,0,0,0,0,255,139,139,0,0,0,1,0,0,0,0,100,100,100,100,0,0,100,-1,-1,-1,0,0,1,1,-1,0,0,0,0,0,0,0,0,0,0,0,0,0,0,130,0,[0|0|0|0]
6600500,Great Katana - Default Attack,0.3,0,0,0,0,0,350510,350610,20382301,1665,1667,120,-1,-1,-1,100,-1,-1,-1,0,55,55,55,55,100,9900,100,100,0,0,0,0,0,0,0,0,0,0,0,0,10,0,0,0,0,0,0,0,0,0,0,0,0,0,0,0,255,0,6,0,255,0,2,0,0,0,0,0,0,0,0,1,0,1,0,0,0,0,0,0,0,0,0,0,-1,-1,2100,2010,-1,-1,-1,-1,-1,-1,-1,-1,-1,-1,-1,-1,-1,-1,-1,-1,-1,-1,-1,-1,-1,-1,-1,-1,-1,-1,-1,-1,0,0,0,0,0,0,0,0,0,0,0,0,-1,-1,-1,-1,-1,-1,-1,-1,-1,-1,-1,-1,-1,-1,-1,-1,-1,-1,-1,-1,-1,-1,-1,-1,0,0,0,0,0,0,0,0,0,0,0,0,0,0,0,0,0,0,0,0,0,0,0,0,255,139,139,55,0,0,1,1,0,0,0,100,100,100,100,0,1,100,-1,0,100,1000,0,1,1,-1,0,0,0,0,0,0,0,55,0,55,0,0,0,0,130,0,[0|0|0|0]
6600501,Great Katana - Default Attack,0.3,0,0,0,0,0,350510,350610,20382301,1665,1667,120,-1,-1,-1,100,-1,-1,-1,0,176,176,176,176,100,9900,100,100,0,0,0,0,0,0,0,0,0,0,0,0,10,0,0,0,0,0,0,0,0,0,0,0,0,0,0,0,255,0,6,0,255,0,2,0,0,0,0,0,0,0,0,1,0,1,0,0,0,0,0,0,0,0,0,0,-1,-1,2100,2010,-1,-1,-1,-1,-1,-1,-1,-1,-1,-1,-1,-1,-1,-1,-1,-1,-1,-1,-1,-1,-1,-1,-1,-1,-1,-1,-1,-1,0,0,0,0,0,0,0,0,0,0,0,0,-1,-1,-1,-1,-1,-1,-1,-1,-1,-1,-1,-1,-1,-1,-1,-1,-1,-1,-1,-1,-1,-1,-1,-1,0,0,0,0,0,0,0,0,0,0,0,0,0,0,0,0,0,0,0,0,0,0,0,0,255,139,139,176,0,0,1,1,0,0,0,100,100,100,100,0,1,100,-1,-1,-1,0,0,1,1,-1,0,0,0,0,0,0,0,176,0,176,0,0,0,0,130,0,[0|0|0|0]
6600505,Great Katana - Default Attack,0.3,0,0,0,0,0,-1,-1,-1,-1,-1,120,-1,-1,-1,100,-1,-1,-1,0,200,200,200,200,100,9900,100,100,0,0,0,0,0,0,0,0,0,0,0,0,40,0,0,0,0,0,0,0,0,0,0,0,0,0,0,0,255,0,255,0,255,0,2,0,0,0,0,0,0,0,0,1,0,1,0,0,0,0,0,0,0,0,0,0,-1,-1,2100,2010,-1,-1,-1,-1,-1,-1,-1,-1,-1,-1,-1,-1,-1,-1,-1,-1,-1,-1,-1,-1,-1,-1,-1,-1,-1,-1,-1,-1,0,0,0,0,0,0,0,0,0,0,0,0,-1,-1,-1,-1,-1,-1,-1,-1,-1,-1,-1,-1,-1,-1,-1,-1,-1,-1,-1,-1,-1,-1,-1,-1,0,0,0,0,0,0,0,0,0,0,0,0,0,0,0,0,0,0,0,0,0,0,0,0,255,139,139,200,0,0,1,1,0,0,0,100,100,100,100,0,1,100,-1,-1,-1,1000,0,1,1,-1,0,0,0,0,0,0,0,200,0,200,0,0,0,0,130,0,[0|0|0|0]
6600509,Great Katana - Default Attack,0.3,0,0,0,0.6,0.08,-1,-1,-1,1665,1667,120,-1,-1,-1,100,-1,-1,-1,0,100,100,100,100,100,100,100,100,0,0,0,0,0,0,0,0,0,0,0,0,40,0,0,0,0,0,0,0,0,0,0,0,2,0,0,0,255,0,255,0,255,0,0,0,0,0,0,0,0,0,0,0,0,1,0,0,0,0,0,0,0,0,0,0,-1,-1,2100,2010,-1,-1,-1,-1,-1,-1,-1,-1,-1,-1,-1,-1,-1,-1,-1,-1,-1,-1,-1,-1,-1,-1,-1,-1,-1,-1,-1,-1,0,0,0,0,0,0,0,0,0,0,0,0,-1,-1,-1,-1,-1,-1,-1,-1,-1,-1,-1,-1,-1,-1,-1,-1,-1,-1,-1,-1,-1,-1,-1,-1,0,0,0,0,0,0,0,0,0,0,0,0,0,0,0,0,0,0,0,0,0,0,0,0,255,139,139,100,0,0,1,1,0,0,0,100,100,100,100,0,0,100,-1,0,100,0,0,1,1,-1,0,0,0,0,0,0,0,100,0,100,0,0,0,0,130,0,[0|0|0|0]
6600510,Great Katana - Default Attack,0.3,0,0,0,0,0,350510,350610,20382301,1665,1667,120,-1,-1,-1,100,-1,-1,-1,0,55,55,55,55,100,9900,100,100,0,0,0,0,0,0,0,0,0,0,0,0,10,0,0,0,0,0,0,0,0,0,0,0,0,0,0,0,255,0,6,0,255,0,2,0,0,0,0,0,0,0,0,1,0,1,0,0,0,0,0,0,0,0,0,0,-1,-1,2100,2010,-1,-1,-1,-1,-1,-1,-1,-1,-1,-1,-1,-1,-1,-1,-1,-1,-1,-1,-1,-1,-1,-1,-1,-1,-1,-1,-1,-1,0,0,0,0,0,0,0,0,0,0,0,0,-1,-1,-1,-1,-1,-1,-1,-1,-1,-1,-1,-1,-1,-1,-1,-1,-1,-1,-1,-1,-1,-1,-1,-1,0,0,0,0,0,0,0,0,0,0,0,0,0,0,0,0,0,0,0,0,0,0,0,0,255,139,139,55,0,0,1,1,0,0,0,100,100,100,100,0,0,100,-1,0,100,1000,0,1,1,-1,0,0,0,0,0,0,0,55,0,55,0,0,0,0,130,0,[0|0|0|0]
6600511,Great Katana - Default Attack,0.3,0,0,0,0,0,350510,350610,20382301,1665,1667,120,-1,-1,-1,100,-1,-1,-1,0,220,220,220,220,100,9900,100,100,0,0,0,0,0,0,0,0,0,0,0,0,10,0,0,0,0,0,0,0,0,0,0,0,0,0,0,0,255,0,6,0,255,0,2,0,0,0,0,0,0,0,0,1,0,1,0,0,0,0,0,0,0,0,0,0,-1,-1,2100,2010,-1,-1,-1,-1,-1,-1,-1,-1,-1,-1,-1,-1,-1,-1,-1,-1,-1,-1,-1,-1,-1,-1,-1,-1,-1,-1,-1,-1,0,0,0,0,0,0,0,0,0,0,0,0,-1,-1,-1,-1,-1,-1,-1,-1,-1,-1,-1,-1,-1,-1,-1,-1,-1,-1,-1,-1,-1,-1,-1,-1,0,0,0,0,0,0,0,0,0,0,0,0,0,0,0,0,0,0,0,0,0,0,0,0,255,139,139,220,0,0,1,1,0,0,0,100,100,100,100,0,0,100,-1,-1,-1,0,0,1,1,-1,0,0,0,0,0,0,0,220,0,220,0,0,0,0,130,0,[0|0|0|0]
6600515,Great Katana - Default Attack,0.3,0,0,0,0,0,-1,-1,-1,-1,-1,120,-1,-1,-1,100,-1,-1,-1,0,60,60,60,60,100,9900,100,100,0,0,0,0,0,0,0,0,0,0,0,0,40,0,0,0,0,0,0,0,0,0,0,0,0,0,0,3,255,0,255,0,255,0,2,0,0,0,0,0,0,0,0,1,0,1,0,0,0,0,0,0,0,0,0,0,-1,-1,2100,2010,-1,-1,-1,-1,-1,-1,-1,-1,-1,-1,-1,-1,-1,-1,-1,-1,-1,-1,-1,-1,-1,-1,-1,-1,-1,-1,-1,-1,0,0,0,0,0,0,0,0,0,0,0,0,-1,-1,-1,-1,-1,-1,-1,-1,-1,-1,-1,-1,-1,-1,-1,-1,-1,-1,-1,-1,-1,-1,-1,-1,0,0,0,0,0,0,0,0,0,0,0,0,0,0,0,0,0,0,0,0,0,0,0,0,255,139,139,60,0,0,1,1,0,0,0,100,100,100,100,0,0,100,-1,-1,-1,1000,0,1,1,-1,0,0,0,0,0,0,0,60,0,60,0,0,0,0,130,0,[0|0|0|0]
6600516,Great Katana - Default Attack,0.3,0,0,0,0,0,-1,-1,-1,-1,-1,120,-1,-1,-1,100,-1,-1,-1,0,220,220,220,220,100,9900,100,100,0,0,0,0,0,0,0,0,0,0,0,0,40,0,0,0,0,0,0,0,0,0,0,0,0,0,0,3,255,0,255,0,255,0,2,0,0,0,0,0,0,0,0,1,0,1,0,0,0,0,0,0,0,0,0,0,-1,-1,2100,2010,-1,-1,-1,-1,-1,-1,-1,-1,-1,-1,-1,-1,-1,-1,-1,-1,-1,-1,-1,-1,-1,-1,-1,-1,-1,-1,-1,-1,0,0,0,0,0,0,0,0,0,0,0,0,-1,-1,-1,-1,-1,-1,-1,-1,-1,-1,-1,-1,-1,-1,-1,-1,-1,-1,-1,-1,-1,-1,-1,-1,0,0,0,0,0,0,0,0,0,0,0,0,0,0,0,0,0,0,0,0,0,0,0,0,255,139,139,220,0,0,1,1,0,0,0,100,100,100,100,0,0,100,-1,-1,-1,0,0,1,1,-1,0,0,0,0,0,0,0,220,0,220,0,0,0,0,130,0,[0|0|0|0]
6600520,Great Katana - Default Attack,0.3,0,0,0,0,0,350510,350610,20382301,-1,-1,120,-1,-1,-1,100,-1,-1,-1,0,350,350,350,350,100,9900,100,100,0,0,0,0,0,0,0,0,0,0,0,0,20,0,0,0,0,0,0,0,0,0,0,0,0,0,0,3,255,0,255,0,255,0,2,0,0,0,0,0,0,0,0,1,0,1,0,0,0,0,0,0,0,0,0,0,-1,-1,0,0,-1,-1,-1,-1,-1,-1,-1,-1,-1,-1,-1,-1,-1,-1,-1,-1,-1,-1,-1,-1,-1,-1,-1,-1,-1,-1,-1,-1,0,0,0,0,0,0,0,0,0,0,0,0,-1,-1,-1,-1,-1,-1,-1,-1,-1,-1,-1,-1,-1,-1,-1,-1,-1,-1,-1,-1,-1,-1,-1,-1,0,0,0,0,0,0,0,0,0,0,0,0,0,0,0,0,0,0,0,0,0,0,0,0,255,139,139,350,0,0,1,1,0,0,0,100,100,100,100,0,0,100,-1,0,100,1000,0,1,1,-1,0,0,0,0,0,0,0,350,0,350,0,0,0,0,130,0,[0|0|0|0]
6600530,Great Katana - Default Attack,0.3,0,0,0,0,0,350510,350610,20382301,1665,1667,120,-1,-1,-1,100,-1,-1,-1,0,55,55,55,55,100,9900,100,100,0,0,0,0,0,0,0,0,0,0,0,0,10,0,0,0,0,0,0,0,0,0,0,0,0,0,0,0,255,0,6,0,255,0,2,0,0,0,0,0,0,0,0,1,0,1,0,0,0,0,0,0,0,0,0,0,-1,-1,2100,2010,-1,-1,-1,-1,-1,-1,-1,-1,-1,-1,-1,-1,-1,-1,-1,-1,-1,-1,-1,-1,-1,-1,-1,-1,-1,-1,-1,-1,0,0,0,0,0,0,0,0,0,0,0,0,-1,-1,-1,-1,-1,-1,-1,-1,-1,-1,-1,-1,-1,-1,-1,-1,-1,-1,-1,-1,-1,-1,-1,-1,0,0,0,0,0,0,0,0,0,0,0,0,0,0,0,0,0,0,0,0,0,0,0,0,255,139,139,55,0,0,1,1,0,0,0,100,100,100,100,0,1,100,-1,0,100,1000,0,1,1,-1,0,0,0,0,0,0,0,55,0,55,0,0,0,0,130,0,[0|0|0|0]
6600531,Great Katana - Default Attack,0.3,0,0,0,0,0,350510,350610,20382301,1665,1667,120,-1,-1,-1,100,-1,-1,-1,0,330,330,330,330,100,9900,100,100,0,0,0,0,0,0,0,0,0,0,0,0,10,0,0,0,0,0,0,0,0,0,0,0,0,0,0,0,255,0,6,0,255,0,2,0,0,0,0,0,0,0,0,1,0,1,0,0,0,0,0,0,0,0,0,0,-1,-1,2100,2010,-1,-1,-1,-1,-1,-1,-1,-1,-1,-1,-1,-1,-1,-1,-1,-1,-1,-1,-1,-1,-1,-1,-1,-1,-1,-1,-1,-1,0,0,0,0,0,0,0,0,0,0,0,0,-1,-1,-1,-1,-1,-1,-1,-1,-1,-1,-1,-1,-1,-1,-1,-1,-1,-1,-1,-1,-1,-1,-1,-1,0,0,0,0,0,0,0,0,0,0,0,0,0,0,0,0,0,0,0,0,0,0,0,0,255,139,139,330,0,0,1,1,0,0,0,100,100,100,100,0,1,100,-1,-1,-1,0,0,1,1,-1,0,0,0,0,0,0,0,330,0,330,0,0,0,0,130,0,[0|0|0|0]
6600540,Great Katana - Default Attack,0.3,0,0,0,0,0,350510,350610,20382301,-1,-1,120,-1,-1,-1,100,-1,-1,-1,0,350,350,350,350,100,9900,100,100,0,0,0,0,0,0,0,0,0,0,0,0,40,0,0,0,0,0,0,0,0,0,0,0,0,0,0,0,255,0,255,0,255,0,2,0,0,0,0,0,0,0,0,1,0,1,0,0,0,0,0,0,0,0,0,0,-1,-1,2100,2010,-1,-1,-1,-1,-1,-1,-1,-1,-1,-1,-1,-1,-1,-1,-1,-1,-1,-1,-1,-1,-1,-1,-1,-1,-1,-1,-1,-1,0,0,0,0,0,0,0,0,0,0,0,0,-1,-1,-1,-1,-1,-1,-1,-1,-1,-1,-1,-1,-1,-1,-1,-1,-1,-1,-1,-1,-1,-1,-1,-1,0,0,0,0,0,0,0,0,0,0,0,0,0,0,0,0,0,0,0,0,0,0,0,0,255,139,139,350,0,0,1,1,0,0,0,100,100,100,100,0,0,100,-1,-1,-1,1000,0,1,1,-1,0,0,0,0,0,0,0,350,0,350,0,0,0,0,130,0,[0|0|0|0]
6600550,Great Katana - Default Attack,0.3,0,0,0,0,0,350510,350610,20382301,1665,1667,120,-1,-1,-1,100,-1,-1,-1,0,350,350,350,350,100,9900,100,100,0,0,0,0,0,0,0,0,0,0,0,0,40,0,0,0,0,0,0,0,0,0,0,0,0,0,0,0,255,0,6,0,255,0,2,0,0,0,0,0,0,0,0,1,0,1,0,0,0,0,0,0,0,0,0,0,-1,-1,2100,2010,-1,-1,-1,-1,-1,-1,-1,-1,-1,-1,-1,-1,-1,-1,-1,-1,-1,-1,-1,-1,-1,-1,-1,-1,-1,-1,-1,-1,0,0,0,0,0,0,0,0,0,0,0,0,-1,-1,-1,-1,-1,-1,-1,-1,-1,-1,-1,-1,-1,-1,-1,-1,-1,-1,-1,-1,-1,-1,-1,-1,0,0,0,0,0,0,0,0,0,0,0,0,0,0,0,0,0,0,0,0,0,0,0,0,255,139,139,350,0,0,1,1,0,0,0,100,100,100,100,0,0,100,-1,0,100,1000,0,1,1,-1,0,0,0,0,0,0,0,350,0,350,0,0,0,0,130,0,[0|0|0|0]
6600560,Great Katana - Default Attack,0.3,0,0,0,0,0,-1,-1,-1,-1,-1,120,-1,-1,-1,100,-1,-1,-1,0,100,100,100,100,100,9900,100,100,0,0,0,0,0,0,0,0,0,0,0,0,40,0,0,0,0,0,0,0,0,0,0,0,0,0,0,0,255,0,6,0,255,0,2,0,0,0,0,0,0,0,0,1,0,1,0,0,0,0,0,0,0,0,0,0,-1,-1,2100,2010,-1,-1,-1,-1,-1,-1,-1,-1,-1,-1,-1,-1,-1,-1,-1,-1,-1,-1,-1,-1,-1,-1,-1,-1,-1,-1,-1,-1,0,0,0,0,0,0,0,0,0,0,0,0,-1,-1,-1,-1,-1,-1,-1,-1,-1,-1,-1,-1,-1,-1,-1,-1,-1,-1,-1,-1,-1,-1,-1,-1,0,0,0,0,0,0,0,0,0,0,0,0,0,0,0,0,0,0,0,0,0,0,0,0,255,139,139,100,0,0,1,1,0,0,0,100,100,100,100,0,0,100,-1,0,100,1000,0,1,1,-1,0,0,0,0,0,0,0,100,0,100,0,0,0,0,130,0,[0|0|0|0]
6600561,Great Katana - Default Attack,0.3,0,0,0,0,0,350510,350610,20382301,1665,1667,120,-1,-1,-1,100,-1,-1,-1,0,250,250,250,250,100,9900,100,100,0,0,0,0,0,0,0,0,0,0,0,0,40,0,0,0,0,0,0,0,0,0,0,0,0,0,0,0,255,0,6,0,255,0,2,0,0,0,0,0,0,0,0,1,0,1,0,0,0,0,0,0,0,0,0,0,-1,-1,2100,2010,-1,-1,-1,-1,-1,-1,-1,-1,-1,-1,-1,-1,-1,-1,-1,-1,-1,-1,-1,-1,-1,-1,-1,-1,-1,-1,-1,-1,0,0,0,0,0,0,0,0,0,0,0,0,-1,-1,-1,-1,-1,-1,-1,-1,-1,-1,-1,-1,-1,-1,-1,-1,-1,-1,-1,-1,-1,-1,-1,-1,0,0,0,0,0,0,0,0,0,0,0,0,0,0,0,0,0,0,0,0,0,0,0,0,255,139,139,250,0,0,1,1,0,0,0,100,100,100,100,0,0,100,-1,0,100,0,0,1,1,-1,0,0,0,0,0,0,0,250,0,250,0,0,0,0,130,0,[0|0|0|0]
6600590,Great Katana - Default Attack,0.5,0,0,0,0,0,-1,-1,-1,-1,-1,94,-1,-1,-1,95,-1,-1,-1,0,0,0,0,0,0,9900,100,100,0,0,0,0,0,0,0,0,0,0,0,0,0,0,0,0,0,0,0,0,0,0,0,0,0,2,0,3,0,1,6,0,255,1,1,0,0,0,0,0,0,0,0,1,0,1,0,0,0,0,0,0,0,0,0,0,-1,-1,2100,2010,-1,-1,-1,-1,-1,-1,-1,-1,-1,-1,-1,-1,-1,-1,-1,-1,-1,-1,-1,-1,-1,-1,-1,-1,-1,-1,-1,-1,0,0,0,0,0,0,0,0,0,0,0,0,-1,-1,-1,-1,-1,-1,-1,-1,-1,-1,-1,-1,-1,-1,-1,-1,-1,-1,-1,-1,-1,-1,-1,-1,0,0,0,0,0,0,0,0,0,0,0,0,0,0,0,0,0,0,0,0,0,0,0,0,255,139,139,0,0,0,1,1,0,0,0,0,0,0,0,0,0,0,-1,-1,-1,0,0,1,1,-1,0,0,0,0,0,0,0,0,0,0,0,0,0,0,130,0,[0|0|0|0]
6600591,Great Katana - Default Attack,0.55,0,0,0,0,0,-1,-1,-1,-1,-1,131,-1,-1,-1,-1,-1,-1,-1,0,0,0,0,0,0,100,0,100,0,0,0,0,0,0,0,0,0,0,0,0,0,0,0,0,0,0,0,0,0,0,0,0,0,0,0,3,0,0,255,0,255,1,0,0,0,0,0,0,0,0,0,1,0,1,0,0,0,0,0,0,0,0,0,0,-1,-1,2100,2010,-1,-1,-1,-1,-1,-1,-1,-1,-1,-1,-1,-1,-1,-1,-1,-1,-1,-1,-1,-1,-1,-1,-1,-1,-1,-1,-1,-1,0,0,0,0,0,0,0,0,0,0,0,0,-1,-1,-1,-1,-1,-1,-1,-1,-1,-1,-1,-1,-1,-1,-1,-1,-1,-1,-1,-1,-1,-1,-1,-1,0,0,0,0,0,0,0,0,0,0,0,0,0,0,0,0,0,0,0,0,0,0,0,0,255,139,139,0,0,0,1,1,0,0,0,100,100,100,100,0,0,100,-1,-1,-1,0,0,1,1,-1,0,0,0,0,0,0,0,0,0,0,0,0,0,0,130,0,[0|0|0|0]
6600600,Great Katana - Default Attack,0.7,0.1,0,0,0.5,0.08,6903,-1,-1,1665,1667,120,120,-1,-1,100,110,-1,-1,0,110,110,110,110,110,120,100,100,0,101,0,0,0,0,0,0,0,0,0,0,40,0,0,0,0,2,0,0,0,0,0,0,2,0,0,0,255,0,255,0,255,0,0,0,0,0,0,0,0,0,0,1,1,1,0,0,0,0,0,0,0,0,0,0,-1,-1,2100,2010,-1,-1,-1,-1,-1,-1,-1,-1,-1,-1,-1,-1,-1,-1,-1,-1,-1,-1,-1,-1,-1,-1,-1,-1,-1,-1,-1,-1,0,0,0,0,0,0,0,0,0,0,0,0,-1,-1,-1,-1,-1,-1,-1,-1,-1,-1,-1,-1,-1,-1,-1,-1,-1,-1,-1,-1,-1,-1,-1,-1,0,0,0,0,0,0,0,0,0,0,0,0,0,0,0,0,0,0,0,0,0,0,0,0,255,139,139,110,0,0,0,1,0,0,0,100,100,100,100,0,0,100,-1,0,100,100,0,1,1,-1,0,0,185,0,0,0,0,110,0,110,0,0,0,0,130,0,[0|0|0|0]
6600605,Great Katana - Default Attack,0.7,0.1,0,0,0.5,0.08,6903,-1,-1,1665,1667,120,120,-1,-1,100,110,-1,-1,0,110,110,110,110,110,120,100,100,0,101,0,0,0,0,0,0,0,0,0,0,40,0,0,0,0,2,0,0,0,0,0,0,2,0,0,0,255,0,255,0,255,0,0,0,0,0,0,0,0,0,0,1,2,1,0,0,0,0,0,0,0,0,0,0,-1,-1,2100,2010,-1,-1,-1,-1,-1,-1,-1,-1,-1,-1,-1,-1,-1,-1,-1,-1,-1,-1,-1,-1,-1,-1,-1,-1,-1,-1,-1,-1,0,0,0,0,0,0,0,0,0,0,0,0,-1,-1,-1,-1,-1,-1,-1,-1,-1,-1,-1,-1,-1,-1,-1,-1,-1,-1,-1,-1,-1,-1,-1,-1,0,0,0,0,0,0,0,0,0,0,0,0,0,0,0,0,0,0,0,0,0,0,0,0,255,139,139,110,0,0,0,1,0,0,0,100,100,100,100,0,0,100,-1,0,100,100,0,1,1,-1,0,0,185,0,0,0,0,110,0,110,0,0,0,0,130,0,[0|0|0|0]
6600610,Great Katana - Default Attack,0.7,0.1,0,0,0.7,0.08,6903,-1,-1,1665,1667,120,120,-1,-1,100,110,-1,-1,0,110,110,110,110,110,120,100,100,104,101,0,0,0,0,0,0,0,0,0,0,40,0,0,0,0,2,0,0,0,0,0,0,2,0,0,0,255,0,255,0,255,0,0,0,0,0,0,0,0,0,0,1,1,1,0,0,0,0,0,0,0,0,0,0,-1,-1,2100,2010,-1,-1,-1,-1,-1,-1,-1,-1,-1,-1,-1,-1,-1,-1,-1,-1,-1,-1,-1,-1,-1,-1,-1,-1,-1,-1,-1,-1,0,0,0,0,0,0,0,0,0,0,0,0,-1,-1,-1,-1,-1,-1,-1,-1,-1,-1,-1,-1,-1,-1,-1,-1,-1,-1,-1,-1,-1,-1,-1,-1,0,0,0,0,0,0,0,0,0,0,0,0,0,0,0,0,0,0,0,0,0,0,0,0,255,139,139,110,0,0,0,1,0,0,0,100,100,100,100,0,0,100,-1,0,100,100,0,1,1,-1,0,0,185,0,0,0,0,110,0,110,0,0,0,0,130,0,[0|0|0|0]
6600630,Great Katana - Default Attack,0.7,0.1,0,0,0.4,0.08,6903,-1,-1,-1,-1,120,120,-1,-1,100,110,-1,-1,0,90,90,90,90,90,9900,100,100,0,101,0,0,0,0,0,0,0,0,0,0,40,0,0,0,0,2,0,0,0,0,0,0,2,0,0,0,255,0,255,0,255,0,0,0,0,0,0,0,0,0,0,1,0,1,0,0,0,0,0,0,0,0,0,0,-1,-1,2100,2010,-1,-1,-1,-1,-1,-1,-1,-1,-1,-1,-1,-1,-1,-1,-1,-1,-1,-1,-1,-1,-1,-1,-1,-1,-1,-1,-1,-1,0,0,0,0,0,0,0,0,0,0,0,0,-1,-1,-1,-1,-1,-1,-1,-1,-1,-1,-1,-1,-1,-1,-1,-1,-1,-1,-1,-1,-1,-1,-1,-1,0,0,0,0,0,0,0,0,0,0,0,0,0,0,0,0,0,0,0,0,0,0,0,0,255,139,139,90,0,0,0,1,0,0,0,100,100,100,100,0,0,100,-1,0,100,30,0,1,1,-1,0,0,50,0,0,0,0,90,0,90,0,0,0,0,130,0,[0|0|0|0]
6600632,Great Katana - Default Attack,0.7,0.1,0,0,0.6,0.08,6904,-1,-1,1665,1667,120,120,-1,-1,100,110,-1,-1,0,140,140,140,140,170,170,100,100,0,101,0,0,0,0,0,0,0,0,0,0,40,0,0,0,0,2,0,0,0,0,0,0,2,0,0,0,255,0,255,0,255,0,0,0,0,0,0,0,0,0,0,1,0,1,0,0,0,0,0,0,0,0,0,0,-1,-1,2100,2010,-1,-1,-1,-1,-1,-1,-1,-1,-1,-1,-1,-1,-1,-1,-1,-1,-1,-1,-1,-1,-1,-1,-1,-1,-1,-1,-1,-1,0,0,0,0,0,0,0,0,0,0,0,0,-1,-1,-1,-1,-1,-1,-1,-1,-1,-1,-1,-1,-1,-1,-1,-1,-1,-1,-1,-1,-1,-1,-1,-1,0,0,0,0,0,0,0,0,0,0,0,0,0,0,0,0,0,0,0,0,0,0,0,0,255,139,139,140,0,0,0,1,0,0,0,100,100,100,100,0,0,100,-1,0,100,130,0,1,1,-1,0,0,200,0,0,0,0,140,0,140,0,0,0,0,130,0,[0|0|0|0]
6600635,Great Katana - Default Attack,0.7,0.1,0,0,0.8,0.08,6906,-1,-1,1665,1667,120,120,-1,-1,100,110,-1,-1,0,180,180,180,180,240,240,100,100,100,101,0,0,0,0,0,0,0,0,0,0,60,0,0,0,0,2,0,0,0,0,0,0,3,0,0,0,255,0,255,0,255,0,0,0,0,0,0,0,0,0,0,1,2,1,0,0,0,0,0,0,0,0,0,0,-1,-1,2100,2010,-1,-1,-1,-1,-1,-1,-1,-1,-1,-1,-1,-1,-1,-1,-1,-1,-1,-1,-1,-1,-1,-1,-1,-1,-1,-1,-1,-1,0,0,0,0,0,0,0,0,0,0,0,0,-1,-1,-1,-1,-1,-1,-1,-1,-1,-1,-1,-1,-1,-1,-1,-1,-1,-1,-1,-1,-1,-1,-1,-1,0,0,0,0,0,0,0,0,0,0,0,0,0,0,0,0,0,0,0,0,0,0,0,0,255,139,139,180,0,0,0,1,0,0,0,100,100,100,100,0,0,100,-1,0,100,180,0,1,1,-1,0,0,600,0,0,0,0,180,0,180,0,0,0,0,130,0,[0|0|0|0]
6600640,Great Katana - Default Attack,0.7,0.1,0,0,0.4,0.08,6903,-1,-1,-1,-1,120,120,-1,-1,100,110,-1,-1,0,90,90,90,90,90,9900,100,100,0,101,0,0,0,0,0,0,0,0,0,0,40,0,0,0,0,2,0,0,0,0,0,0,2,0,0,0,255,0,255,0,255,0,0,0,0,0,0,0,0,0,0,1,0,1,0,0,0,0,0,0,0,0,0,0,-1,-1,2100,2010,-1,-1,-1,-1,-1,-1,-1,-1,-1,-1,-1,-1,-1,-1,-1,-1,-1,-1,-1,-1,-1,-1,-1,-1,-1,-1,-1,-1,0,0,0,0,0,0,0,0,0,0,0,0,-1,-1,-1,-1,-1,-1,-1,-1,-1,-1,-1,-1,-1,-1,-1,-1,-1,-1,-1,-1,-1,-1,-1,-1,0,0,0,0,0,0,0,0,0,0,0,0,0,0,0,0,0,0,0,0,0,0,0,0,255,139,139,90,0,0,0,1,0,0,0,100,100,100,100,0,0,100,-1,0,100,30,0,1,1,-1,0,0,50,0,0,0,0,90,0,90,0,0,0,0,130,0,[0|0|0|0]
6600642,Great Katana - Default Attack,0.7,0.1,0,0,0.6,0.08,6904,-1,-1,1665,1667,120,120,-1,-1,100,110,-1,-1,0,140,140,140,140,170,170,100,100,0,101,0,0,0,0,0,0,0,0,0,0,40,0,0,0,0,2,0,0,0,0,0,0,3,0,0,0,255,0,255,0,255,0,0,0,0,0,0,0,0,0,0,1,0,1,0,0,0,0,0,0,0,0,0,0,-1,-1,2100,2010,-1,-1,-1,-1,-1,-1,-1,-1,-1,-1,-1,-1,-1,-1,-1,-1,-1,-1,-1,-1,-1,-1,-1,-1,-1,-1,-1,-1,0,0,0,0,0,0,0,0,0,0,0,0,-1,-1,-1,-1,-1,-1,-1,-1,-1,-1,-1,-1,-1,-1,-1,-1,-1,-1,-1,-1,-1,-1,-1,-1,0,0,0,0,0,0,0,0,0,0,0,0,0,0,0,0,0,0,0,0,0,0,0,0,255,139,139,140,0,0,0,1,0,0,0,100,100,100,100,0,0,100,-1,0,100,130,0,1,1,-1,0,0,200,0,0,0,0,140,0,140,0,0,0,0,130,0,[0|0|0|0]
6600645,Great Katana - Default Attack,0.7,0.1,0,0,0.8,0.08,6906,-1,-1,1665,1667,120,120,-1,-1,100,110,-1,-1,0,180,180,180,180,240,240,100,100,100,101,0,0,0,0,0,0,0,0,0,0,60,0,0,0,0,2,0,0,0,0,0,0,3,0,0,0,255,0,255,0,255,0,0,0,0,0,0,0,0,0,0,1,0,1,0,0,0,0,0,0,0,0,0,0,-1,-1,2100,2010,-1,-1,-1,-1,-1,-1,-1,-1,-1,-1,-1,-1,-1,-1,-1,-1,-1,-1,-1,-1,-1,-1,-1,-1,-1,-1,-1,-1,0,0,0,0,0,0,0,0,0,0,0,0,-1,-1,-1,-1,-1,-1,-1,-1,-1,-1,-1,-1,-1,-1,-1,-1,-1,-1,-1,-1,-1,-1,-1,-1,0,0,0,0,0,0,0,0,0,0,0,0,0,0,0,0,0,0,0,0,0,0,0,0,255,139,139,180,0,0,0,1,0,0,0,100,100,100,100,0,0,100,-1,0,100,180,0,1,1,-1,0,0,600,0,0,0,0,180,0,180,0,0,0,0,130,0,[0|0|0|0]
6600650,Great Katana - Default Attack,0.7,0.1,0,0,1.2,0.08,6903,-1,-1,1665,1667,120,120,-1,-1,100,110,-1,-1,0,115,115,115,115,120,9900,100,100,102,101,0,0,0,0,0,0,0,0,0,0,40,0,0,0,0,2,0,0,0,0,0,0,2,0,0,0,255,0,255,0,255,0,0,0,0,0,0,0,0,0,0,1,1,1,0,0,0,0,0,0,0,0,0,0,-1,-1,2100,2010,-1,-1,-1,-1,-1,-1,-1,-1,-1,-1,-1,-1,-1,-1,-1,-1,-1,-1,-1,-1,-1,-1,-1,-1,-1,-1,-1,-1,0,0,0,0,0,0,0,0,0,0,0,0,-1,-1,-1,-1,-1,-1,-1,-1,-1,-1,-1,-1,-1,-1,-1,-1,-1,-1,-1,-1,-1,-1,-1,-1,0,0,0,0,0,0,0,0,0,0,0,0,0,0,0,0,0,0,0,0,0,0,0,0,255,139,139,115,0,0,0,1,0,0,0,100,100,100,100,0,0,100,-1,0,100,100,0,1,1,-1,0,0,185,0,0,0,0,115,0,115,0,0,0,0,130,0,[0|0|0|0]
6600660,Great Katana - Default Attack,0.7,0.1,0,0,1.6,0.08,6904,-1,-1,1665,1667,120,120,-1,-1,100,110,-1,-1,0,145,145,145,145,180,9900,100,100,102,101,0,0,0,0,0,0,0,0,0,0,40,0,0,0,0,2,0,0,0,0,0,0,3,0,0,0,255,0,255,0,255,0,0,0,0,0,0,0,0,0,0,1,2,1,0,0,0,0,0,0,0,0,0,0,-1,-1,2100,2010,-1,-1,-1,-1,-1,-1,-1,-1,-1,-1,-1,-1,-1,-1,-1,-1,-1,-1,-1,-1,-1,-1,-1,-1,-1,-1,-1,-1,0,0,0,0,0,0,0,0,0,0,0,0,-1,-1,-1,-1,-1,-1,-1,-1,-1,-1,-1,-1,-1,-1,-1,-1,-1,-1,-1,-1,-1,-1,-1,-1,0,0,0,0,0,0,0,0,0,0,0,0,0,0,0,0,0,0,0,0,0,0,0,0,255,139,139,145,0,0,0,1,0,0,0,100,100,100,100,0,0,100,-1,0,100,130,0,1,1,-1,0,0,200,0,0,0,0,145,0,145,0,0,0,0,130,0,[0|0|0|0]
6600665,Great Katana - Default Attack,0.7,0.1,0,0,1.6,0.08,6904,-1,-1,1665,1667,120,120,-1,-1,100,110,-1,-1,0,145,145,145,145,180,9900,100,100,102,101,0,0,0,0,0,0,0,0,0,0,40,0,0,0,0,2,0,0,0,0,0,0,3,0,0,0,255,0,255,0,255,0,0,0,0,0,0,0,0,0,0,1,0,1,0,0,0,0,0,0,0,0,0,0,-1,-1,2100,2010,-1,-1,-1,-1,-1,-1,-1,-1,-1,-1,-1,-1,-1,-1,-1,-1,-1,-1,-1,-1,-1,-1,-1,-1,-1,-1,-1,-1,0,0,0,0,0,0,0,0,0,0,0,0,-1,-1,-1,-1,-1,-1,-1,-1,-1,-1,-1,-1,-1,-1,-1,-1,-1,-1,-1,-1,-1,-1,-1,-1,0,0,0,0,0,0,0,0,0,0,0,0,0,0,0,0,0,0,0,0,0,0,0,0,255,139,139,145,0,0,0,1,0,0,0,100,100,100,100,0,0,100,-1,0,100,130,0,1,1,-1,0,0,200,0,0,0,0,145,0,145,0,0,0,0,130,0,[0|0|0|0]
6600700,Great Katana - Default Attack,0.7,0.1,0,0,0.5,0.08,6903,-1,-1,1665,1667,120,120,-1,-1,100,110,-1,-1,0,110,110,110,110,110,120,100,100,0,101,0,0,0,0,0,0,0,0,0,0,40,0,0,0,0,2,0,0,0,0,0,0,2,0,0,0,255,0,255,0,255,0,0,0,0,0,0,0,0,0,0,1,1,1,0,0,0,0,0,0,0,0,0,0,-1,-1,2100,2010,-1,-1,-1,-1,-1,-1,-1,-1,-1,-1,-1,-1,-1,-1,-1,-1,-1,-1,-1,-1,-1,-1,-1,-1,-1,-1,-1,-1,0,0,0,0,0,0,0,0,0,0,0,0,-1,-1,-1,-1,-1,-1,-1,-1,-1,-1,-1,-1,-1,-1,-1,-1,-1,-1,-1,-1,-1,-1,-1,-1,0,0,0,0,0,0,0,0,0,0,0,0,0,0,0,0,0,0,0,0,0,0,0,0,255,139,139,110,0,0,0,1,0,0,0,100,100,100,100,0,0,100,-1,0,100,100,0,1,1,-1,0,0,185,0,0,0,0,110,0,110,0,0,0,0,130,0,[0|0|0|0]
6600705,Great Katana - Default Attack,0.7,0.1,0,0,0.5,0.08,6903,-1,-1,1665,1667,120,120,-1,-1,100,110,-1,-1,0,110,110,110,110,110,120,100,100,0,101,0,0,0,0,0,0,0,0,0,0,40,0,0,0,0,2,0,0,0,0,0,0,2,0,0,0,255,0,255,0,255,0,0,0,0,0,0,0,0,0,0,1,2,1,0,0,0,0,0,0,0,0,0,0,-1,-1,2100,2010,-1,-1,-1,-1,-1,-1,-1,-1,-1,-1,-1,-1,-1,-1,-1,-1,-1,-1,-1,-1,-1,-1,-1,-1,-1,-1,-1,-1,0,0,0,0,0,0,0,0,0,0,0,0,-1,-1,-1,-1,-1,-1,-1,-1,-1,-1,-1,-1,-1,-1,-1,-1,-1,-1,-1,-1,-1,-1,-1,-1,0,0,0,0,0,0,0,0,0,0,0,0,0,0,0,0,0,0,0,0,0,0,0,0,255,139,139,110,0,0,0,1,0,0,0,100,100,100,100,0,0,100,-1,0,100,100,0,1,1,-1,0,0,185,0,0,0,0,110,0,110,0,0,0,0,130,0,[0|0|0|0]
6600710,Great Katana - Default Attack,0.7,0.1,0,0,0.7,0.08,6903,-1,-1,1665,1667,120,120,-1,-1,100,110,-1,-1,0,110,110,110,110,110,120,100,100,104,101,0,0,0,0,0,0,0,0,0,0,40,0,0,0,0,2,0,0,0,0,0,0,2,0,0,0,255,0,255,0,255,0,0,0,0,0,0,0,0,0,0,1,1,1,0,0,0,0,0,0,0,0,0,0,-1,-1,2100,2010,-1,-1,-1,-1,-1,-1,-1,-1,-1,-1,-1,-1,-1,-1,-1,-1,-1,-1,-1,-1,-1,-1,-1,-1,-1,-1,-1,-1,0,0,0,0,0,0,0,0,0,0,0,0,-1,-1,-1,-1,-1,-1,-1,-1,-1,-1,-1,-1,-1,-1,-1,-1,-1,-1,-1,-1,-1,-1,-1,-1,0,0,0,0,0,0,0,0,0,0,0,0,0,0,0,0,0,0,0,0,0,0,0,0,255,139,139,110,0,0,0,1,0,0,0,100,100,100,100,0,0,100,-1,0,100,100,0,1,1,-1,0,0,185,0,0,0,0,110,0,110,0,0,0,0,130,0,[0|0|0|0]
6600730,Great Katana - Default Attack,0.7,0.1,0,0,0.4,0.08,6903,-1,-1,-1,-1,120,120,-1,-1,100,110,-1,-1,0,90,90,90,90,90,9900,100,100,0,101,0,0,0,0,0,0,0,0,0,0,40,0,0,0,0,2,0,0,0,0,0,0,2,0,0,0,255,0,255,0,255,0,0,0,0,0,0,0,0,0,0,1,0,1,0,0,0,0,0,0,0,0,0,0,-1,-1,2100,2010,-1,-1,-1,-1,-1,-1,-1,-1,-1,-1,-1,-1,-1,-1,-1,-1,-1,-1,-1,-1,-1,-1,-1,-1,-1,-1,-1,-1,0,0,0,0,0,0,0,0,0,0,0,0,-1,-1,-1,-1,-1,-1,-1,-1,-1,-1,-1,-1,-1,-1,-1,-1,-1,-1,-1,-1,-1,-1,-1,-1,0,0,0,0,0,0,0,0,0,0,0,0,0,0,0,0,0,0,0,0,0,0,0,0,255,139,139,90,0,0,0,1,0,0,0,100,100,100,100,0,0,100,-1,0,100,30,0,1,1,-1,0,0,50,0,0,0,0,90,0,90,0,0,0,0,130,0,[0|0|0|0]
6600732,Great Katana - Default Attack,0.7,0.1,0,0,0.6,0.08,6904,-1,-1,1665,1667,120,120,-1,-1,100,110,-1,-1,0,140,140,140,140,170,170,100,100,0,101,0,0,0,0,0,0,0,0,0,0,40,0,0,0,0,2,0,0,0,0,0,0,2,0,0,0,255,0,255,0,255,0,0,0,0,0,0,0,0,0,0,1,0,1,0,0,0,0,0,0,0,0,0,0,-1,-1,2100,2010,-1,-1,-1,-1,-1,-1,-1,-1,-1,-1,-1,-1,-1,-1,-1,-1,-1,-1,-1,-1,-1,-1,-1,-1,-1,-1,-1,-1,0,0,0,0,0,0,0,0,0,0,0,0,-1,-1,-1,-1,-1,-1,-1,-1,-1,-1,-1,-1,-1,-1,-1,-1,-1,-1,-1,-1,-1,-1,-1,-1,0,0,0,0,0,0,0,0,0,0,0,0,0,0,0,0,0,0,0,0,0,0,0,0,255,139,139,140,0,0,0,1,0,0,0,100,100,100,100,0,0,100,-1,0,100,130,0,1,1,-1,0,0,200,0,0,0,0,140,0,140,0,0,0,0,130,0,[0|0|0|0]
6600735,Great Katana - Default Attack,0.7,0.1,0,0,0.8,0.08,6906,-1,-1,1665,1667,120,120,-1,-1,100,110,-1,-1,0,180,180,180,180,240,240,100,100,100,101,0,0,0,0,0,0,0,0,0,0,60,0,0,0,0,2,0,0,0,0,0,0,3,0,0,0,255,0,255,0,255,0,0,0,0,0,0,0,0,0,0,1,2,1,0,0,0,0,0,0,0,0,0,0,-1,-1,2100,2010,-1,-1,-1,-1,-1,-1,-1,-1,-1,-1,-1,-1,-1,-1,-1,-1,-1,-1,-1,-1,-1,-1,-1,-1,-1,-1,-1,-1,0,0,0,0,0,0,0,0,0,0,0,0,-1,-1,-1,-1,-1,-1,-1,-1,-1,-1,-1,-1,-1,-1,-1,-1,-1,-1,-1,-1,-1,-1,-1,-1,0,0,0,0,0,0,0,0,0,0,0,0,0,0,0,0,0,0,0,0,0,0,0,0,255,139,139,180,0,0,0,1,0,0,0,100,100,100,100,0,0,100,-1,0,100,180,0,1,1,-1,0,0,600,0,0,0,0,180,0,180,0,0,0,0,130,0,[0|0|0|0]
6600740,Great Katana - Default Attack,0.7,0.1,0,0,0.4,0.08,6903,-1,-1,-1,-1,120,120,-1,-1,100,110,-1,-1,0,90,90,90,90,90,9900,100,100,0,101,0,0,0,0,0,0,0,0,0,0,40,0,0,0,0,2,0,0,0,0,0,0,2,0,0,0,255,0,255,0,255,0,0,0,0,0,0,0,0,0,0,1,0,1,0,0,0,0,0,0,0,0,0,0,-1,-1,2100,2010,-1,-1,-1,-1,-1,-1,-1,-1,-1,-1,-1,-1,-1,-1,-1,-1,-1,-1,-1,-1,-1,-1,-1,-1,-1,-1,-1,-1,0,0,0,0,0,0,0,0,0,0,0,0,-1,-1,-1,-1,-1,-1,-1,-1,-1,-1,-1,-1,-1,-1,-1,-1,-1,-1,-1,-1,-1,-1,-1,-1,0,0,0,0,0,0,0,0,0,0,0,0,0,0,0,0,0,0,0,0,0,0,0,0,255,139,139,90,0,0,0,1,0,0,0,100,100,100,100,0,0,100,-1,0,100,30,0,1,1,-1,0,0,50,0,0,0,0,90,0,90,0,0,0,0,130,0,[0|0|0|0]
6600742,Great Katana - Default Attack,0.7,0.1,0,0,0.6,0.08,6904,-1,-1,1665,1667,120,120,-1,-1,100,110,-1,-1,0,140,140,140,140,170,170,100,100,0,101,0,0,0,0,0,0,0,0,0,0,40,0,0,0,0,2,0,0,0,0,0,0,3,0,0,0,255,0,255,0,255,0,0,0,0,0,0,0,0,0,0,1,0,1,0,0,0,0,0,0,0,0,0,0,-1,-1,2100,2010,-1,-1,-1,-1,-1,-1,-1,-1,-1,-1,-1,-1,-1,-1,-1,-1,-1,-1,-1,-1,-1,-1,-1,-1,-1,-1,-1,-1,0,0,0,0,0,0,0,0,0,0,0,0,-1,-1,-1,-1,-1,-1,-1,-1,-1,-1,-1,-1,-1,-1,-1,-1,-1,-1,-1,-1,-1,-1,-1,-1,0,0,0,0,0,0,0,0,0,0,0,0,0,0,0,0,0,0,0,0,0,0,0,0,255,139,139,140,0,0,0,1,0,0,0,100,100,100,100,0,0,100,-1,0,100,130,0,1,1,-1,0,0,200,0,0,0,0,140,0,140,0,0,0,0,130,0,[0|0|0|0]
6600745,Great Katana - Default Attack,0.7,0.1,0,0,0.8,0.08,6906,-1,-1,1665,1667,120,120,-1,-1,100,110,-1,-1,0,180,180,180,180,240,240,100,100,100,101,0,0,0,0,0,0,0,0,0,0,60,0,0,0,0,2,0,0,0,0,0,0,3,0,0,0,255,0,255,0,255,0,0,0,0,0,0,0,0,0,0,1,0,1,0,0,0,0,0,0,0,0,0,0,-1,-1,2100,2010,-1,-1,-1,-1,-1,-1,-1,-1,-1,-1,-1,-1,-1,-1,-1,-1,-1,-1,-1,-1,-1,-1,-1,-1,-1,-1,-1,-1,0,0,0,0,0,0,0,0,0,0,0,0,-1,-1,-1,-1,-1,-1,-1,-1,-1,-1,-1,-1,-1,-1,-1,-1,-1,-1,-1,-1,-1,-1,-1,-1,0,0,0,0,0,0,0,0,0,0,0,0,0,0,0,0,0,0,0,0,0,0,0,0,255,139,139,180,0,0,0,1,0,0,0,100,100,100,100,0,0,100,-1,0,100,180,0,1,1,-1,0,0,600,0,0,0,0,180,0,180,0,0,0,0,130,0,[0|0|0|0]
6600750,Great Katana - Default Attack,0.7,0.1,0,0,1.2,0.08,6903,-1,-1,1665,1667,120,120,-1,-1,100,110,-1,-1,0,115,115,115,115,120,9900,100,100,102,101,0,0,0,0,0,0,0,0,0,0,40,0,0,0,0,2,0,0,0,0,0,0,2,0,0,0,255,0,255,0,255,0,0,0,0,0,0,0,0,0,0,1,1,1,0,0,0,0,0,0,0,0,0,0,-1,-1,2100,2010,-1,-1,-1,-1,-1,-1,-1,-1,-1,-1,-1,-1,-1,-1,-1,-1,-1,-1,-1,-1,-1,-1,-1,-1,-1,-1,-1,-1,0,0,0,0,0,0,0,0,0,0,0,0,-1,-1,-1,-1,-1,-1,-1,-1,-1,-1,-1,-1,-1,-1,-1,-1,-1,-1,-1,-1,-1,-1,-1,-1,0,0,0,0,0,0,0,0,0,0,0,0,0,0,0,0,0,0,0,0,0,0,0,0,255,139,139,115,0,0,0,1,0,0,0,100,100,100,100,0,0,100,-1,0,100,100,0,1,1,-1,0,0,185,0,0,0,0,115,0,115,0,0,0,0,130,0,[0|0|0|0]
6600760,Great Katana - Default Attack,0.7,0.1,0,0,1.6,0.08,6904,-1,-1,1665,1667,120,120,-1,-1,100,110,-1,-1,0,145,145,145,145,180,9900,100,100,102,101,0,0,0,0,0,0,0,0,0,0,40,0,0,0,0,2,0,0,0,0,0,0,3,0,0,0,255,0,255,0,255,0,0,0,0,0,0,0,0,0,0,1,2,1,0,0,0,0,0,0,0,0,0,0,-1,-1,2100,2010,-1,-1,-1,-1,-1,-1,-1,-1,-1,-1,-1,-1,-1,-1,-1,-1,-1,-1,-1,-1,-1,-1,-1,-1,-1,-1,-1,-1,0,0,0,0,0,0,0,0,0,0,0,0,-1,-1,-1,-1,-1,-1,-1,-1,-1,-1,-1,-1,-1,-1,-1,-1,-1,-1,-1,-1,-1,-1,-1,-1,0,0,0,0,0,0,0,0,0,0,0,0,0,0,0,0,0,0,0,0,0,0,0,0,255,139,139,145,0,0,0,1,0,0,0,100,100,100,100,0,0,100,-1,0,100,130,0,1,1,-1,0,0,200,0,0,0,0,145,0,145,0,0,0,0,130,0,[0|0|0|0]
6600765,Great Katana - Default Attack,0.7,0.1,0,0,1.6,0.08,6904,-1,-1,1665,1667,120,120,-1,-1,100,110,-1,-1,0,145,145,145,145,180,9900,100,100,102,101,0,0,0,0,0,0,0,0,0,0,40,0,0,0,0,2,0,0,0,0,0,0,3,0,0,0,255,0,255,0,255,0,0,0,0,0,0,0,0,0,0,1,0,1,0,0,0,0,0,0,0,0,0,0,-1,-1,2100,2010,-1,-1,-1,-1,-1,-1,-1,-1,-1,-1,-1,-1,-1,-1,-1,-1,-1,-1,-1,-1,-1,-1,-1,-1,-1,-1,-1,-1,0,0,0,0,0,0,0,0,0,0,0,0,-1,-1,-1,-1,-1,-1,-1,-1,-1,-1,-1,-1,-1,-1,-1,-1,-1,-1,-1,-1,-1,-1,-1,-1,0,0,0,0,0,0,0,0,0,0,0,0,0,0,0,0,0,0,0,0,0,0,0,0,255,139,139,145,0,0,0,1,0,0,0,100,100,100,100,0,0,100,-1,0,100,130,0,1,1,-1,0,0,200,0,0,0,0,145,0,145,0,0,0,0,130,0,[0|0|0|0]
6600800,Great Katana - Default Attack,0.3,0.1,0,0,0.75,0.04,6903,-1,-1,1665,-1,120,120,-1,-1,100,110,-1,-1,0,92,92,92,92,90,100,100,100,0,0,0,0,0,0,0,0,0,0,0,0,40,0,0,0,0,2,0,0,0,0,0,0,2,0,0,0,255,0,255,0,255,0,0,0,0,0,0,0,0,0,0,1,4,1,0,0,0,0,0,0,0,9,0,0,-1,-1,2100,2010,-1,-1,-1,-1,-1,-1,-1,-1,-1,-1,-1,-1,-1,-1,-1,-1,-1,-1,-1,-1,-1,-1,-1,-1,-1,-1,-1,-1,0,0,0,0,0,0,0,0,0,0,0,0,-1,-1,-1,-1,-1,-1,-1,-1,-1,-1,-1,-1,-1,-1,-1,-1,-1,-1,-1,-1,-1,-1,-1,-1,0,0,0,0,0,0,0,0,0,0,0,0,0,0,0,0,0,0,0,0,0,0,0,0,255,139,139,92,0,0,0,0,0,0,0,65,90,100,100,0,0,100,-1,0,100,100,0,1,1,-1,0,0,111,0,0,0,0,92,0,92,0,0,0,0,130,0,[0|0|0|0]
6600805,Great Katana - Default Attack,0.3,0.1,0,0,0.75,0.04,6903,-1,-1,-1,1667,120,120,-1,-1,100,110,-1,-1,0,92,92,92,92,90,100,100,100,0,0,0,0,0,0,0,0,0,0,0,0,40,0,0,0,0,2,0,0,0,0,0,0,2,0,0,0,255,0,255,0,255,0,0,0,0,0,0,0,0,0,0,1,4,1,0,0,0,0,0,0,0,0,0,0,-1,-1,2100,2010,-1,-1,-1,-1,-1,-1,-1,-1,-1,-1,-1,-1,-1,-1,-1,-1,-1,-1,-1,-1,-1,-1,-1,-1,-1,-1,-1,-1,0,0,0,0,0,0,0,0,0,0,0,0,-1,-1,-1,-1,-1,-1,-1,-1,-1,-1,-1,-1,-1,-1,-1,-1,-1,-1,-1,-1,-1,-1,-1,-1,0,0,0,0,0,0,0,0,0,0,0,0,0,0,0,0,0,0,0,0,0,0,0,0,255,139,139,92,0,0,0,0,0,0,0,65,90,100,100,0,0,100,-1,0,100,100,0,1,1,-1,0,0,111,0,0,0,0,92,0,92,0,0,0,0,130,0,[0|0|0|0]
6600810,Great Katana - Default Attack,0.25,0.1,0,0,1.1,0.04,6903,-1,-1,1665,-1,120,120,-1,-1,100,110,-1,-1,0,94,94,94,94,90,100,100,100,0,0,0,0,0,0,0,0,0,0,0,0,40,0,0,0,0,2,0,0,0,0,0,0,2,0,0,2,255,2,255,0,255,0,0,0,0,0,0,0,0,0,0,1,3,1,0,0,0,0,0,0,0,9,0,0,-1,-1,2100,2010,-1,-1,-1,-1,-1,-1,-1,-1,-1,-1,-1,-1,-1,-1,-1,-1,-1,-1,-1,-1,-1,-1,-1,-1,-1,-1,-1,-1,0,0,0,0,0,0,0,0,0,0,0,0,-1,-1,-1,-1,-1,-1,-1,-1,-1,-1,-1,-1,-1,-1,-1,-1,-1,-1,-1,-1,-1,-1,-1,-1,0,0,0,0,0,0,0,0,0,0,0,0,0,0,0,0,0,0,0,0,0,0,0,0,255,139,139,94,0,0,0,0,0,0,0,65,90,100,100,0,0,100,-1,0,100,100,0,1,1,-1,0,0,111,0,0,0,0,94,0,94,0,0,0,0,130,0,[0|0|0|0]
6600815,Great Katana - Default Attack,0.3,0.1,0,0,1.1,0.04,6903,-1,-1,-1,1667,120,120,-1,-1,100,110,-1,-1,0,94,94,94,94,90,100,100,100,0,0,0,0,0,0,0,0,0,0,0,0,40,0,0,0,0,2,0,0,0,0,0,0,2,0,0,0,255,0,255,0,255,0,0,0,0,0,0,0,0,0,0,1,3,1,0,0,0,0,0,0,0,0,0,0,-1,-1,2100,2010,-1,-1,-1,-1,-1,-1,-1,-1,-1,-1,-1,-1,-1,-1,-1,-1,-1,-1,-1,-1,-1,-1,-1,-1,-1,-1,-1,-1,0,0,0,0,0,0,0,0,0,0,0,0,-1,-1,-1,-1,-1,-1,-1,-1,-1,-1,-1,-1,-1,-1,-1,-1,-1,-1,-1,-1,-1,-1,-1,-1,0,0,0,0,0,0,0,0,0,0,0,0,0,0,0,0,0,0,0,0,0,0,0,0,255,139,139,94,0,0,0,0,0,0,0,65,90,100,100,0,0,100,-1,0,100,100,0,1,1,-1,0,0,111,0,0,0,0,94,0,94,0,0,0,0,130,0,[0|0|0|0]
6600820,Great Katana - Default Attack,0.3,0.1,0,0,1.2,0.04,6903,-1,-1,1665,-1,120,120,-1,-1,100,110,-1,-1,0,96,96,96,96,90,100,100,100,104,0,0,0,0,0,0,0,0,0,0,0,40,0,0,0,0,2,0,0,0,0,0,0,2,0,0,0,255,0,255,0,255,0,0,0,0,0,0,0,0,0,0,1,4,1,0,0,0,0,0,0,0,9,0,0,-1,-1,2100,2010,-1,-1,-1,-1,-1,-1,-1,-1,-1,-1,-1,-1,-1,-1,-1,-1,-1,-1,-1,-1,-1,-1,-1,-1,-1,-1,-1,-1,0,0,0,0,0,0,0,0,0,0,0,0,-1,-1,-1,-1,-1,-1,-1,-1,-1,-1,-1,-1,-1,-1,-1,-1,-1,-1,-1,-1,-1,-1,-1,-1,0,0,0,0,0,0,0,0,0,0,0,0,0,0,0,0,0,0,0,0,0,0,0,0,255,139,139,96,0,0,0,0,0,0,0,65,90,100,100,0,0,100,-1,0,100,105,0,1,1,-1,0,0,120,0,0,0,0,96,0,96,0,0,0,0,130,0,[0|0|0|0]
6600825,Great Katana - Default Attack,0.3,0.1,0,0,1.2,0.04,6903,-1,-1,-1,1667,120,120,-1,-1,100,110,-1,-1,0,96,96,96,96,90,100,100,100,104,0,0,0,0,0,0,0,0,0,0,0,40,0,0,0,0,2,0,0,0,0,0,0,2,0,0,0,255,0,255,0,255,0,0,0,0,0,0,0,0,0,0,1,4,1,0,0,0,0,0,0,0,0,0,0,-1,-1,2100,2010,-1,-1,-1,-1,-1,-1,-1,-1,-1,-1,-1,-1,-1,-1,-1,-1,-1,-1,-1,-1,-1,-1,-1,-1,-1,-1,-1,-1,0,0,0,0,0,0,0,0,0,0,0,0,-1,-1,-1,-1,-1,-1,-1,-1,-1,-1,-1,-1,-1,-1,-1,-1,-1,-1,-1,-1,-1,-1,-1,-1,0,0,0,0,0,0,0,0,0,0,0,0,0,0,0,0,0,0,0,0,0,0,0,0,255,139,139,96,0,0,0,0,0,0,0,65,90,100,100,0,0,100,-1,0,100,105,0,1,1,-1,0,0,120,0,0,0,0,96,0,96,0,0,0,0,130,0,[0|0|0|0]
6600860,Great Katana - Default Attack,0.25,0.1,0,0,1.4,0.04,6903,-1,-1,1665,-1,120,120,-1,-1,100,110,-1,-1,0,100,100,100,100,100,120,100,100,122,0,0,0,0,0,0,0,0,0,0,0,40,0,0,0,0,2,0,0,0,0,0,0,2,0,0,2,255,2,255,0,255,0,0,0,0,0,0,0,0,0,0,1,3,1,0,0,0,0,0,0,0,9,0,0,-1,-1,2100,2010,-1,-1,-1,-1,-1,-1,-1,-1,-1,-1,-1,-1,-1,-1,-1,-1,-1,-1,-1,-1,-1,-1,-1,-1,-1,-1,-1,-1,0,0,0,0,0,0,0,0,0,0,0,0,-1,-1,-1,-1,-1,-1,-1,-1,-1,-1,-1,-1,-1,-1,-1,-1,-1,-1,-1,-1,-1,-1,-1,-1,0,0,0,0,0,0,0,0,0,0,0,0,0,0,0,0,0,0,0,0,0,0,0,0,255,139,139,100,0,0,0,0,0,0,0,65,90,100,100,0,0,100,-1,0,100,110,0,1,1,-1,0,0,111,0,0,0,0,100,0,100,0,0,0,0,130,0,[0|0|0|0]
6600865,Great Katana - Default Attack,0.25,0.1,0,0,1.4,0.04,6903,-1,-1,-1,1667,120,120,-1,-1,100,110,-1,-1,0,100,100,100,100,100,120,100,100,122,0,0,0,0,0,0,0,0,0,0,0,40,0,0,0,0,2,0,0,0,0,0,0,2,0,0,2,255,2,255,0,255,0,0,0,0,0,0,0,0,0,0,1,3,1,0,0,0,0,0,0,0,0,0,0,-1,-1,2100,2010,-1,-1,-1,-1,-1,-1,-1,-1,-1,-1,-1,-1,-1,-1,-1,-1,-1,-1,-1,-1,-1,-1,-1,-1,-1,-1,-1,-1,0,0,0,0,0,0,0,0,0,0,0,0,-1,-1,-1,-1,-1,-1,-1,-1,-1,-1,-1,-1,-1,-1,-1,-1,-1,-1,-1,-1,-1,-1,-1,-1,0,0,0,0,0,0,0,0,0,0,0,0,0,0,0,0,0,0,0,0,0,0,0,0,255,139,139,100,0,0,0,0,0,0,0,65,90,100,100,0,0,100,-1,0,100,110,0,1,1,-1,0,0,111,0,0,0,0,100,0,100,0,0,0,0,130,0,[0|0|0|0]
6600870,Great Katana - Default Attack,0.3,0.1,0,0,1,0.04,6903,-1,-1,1665,-1,120,120,-1,-1,100,110,-1,-1,0,85,85,85,85,100,200,100,100,121,0,0,0,0,0,0,0,0,0,0,0,40,0,0,0,0,2,0,0,0,0,0,0,2,0,0,0,255,0,255,0,255,0,0,0,0,0,0,0,0,0,0,1,3,1,0,0,0,0,0,0,0,9,0,0,-1,-1,2100,2010,-1,-1,-1,-1,-1,-1,-1,-1,-1,-1,-1,-1,-1,-1,-1,-1,-1,-1,-1,-1,-1,-1,-1,-1,-1,-1,-1,-1,0,0,0,0,0,0,0,0,0,0,0,0,-1,-1,-1,-1,-1,-1,-1,-1,-1,-1,-1,-1,-1,-1,-1,-1,-1,-1,-1,-1,-1,-1,-1,-1,0,0,0,0,0,0,0,0,0,0,0,0,0,0,0,0,0,0,0,0,0,0,0,0,255,139,139,85,0,0,0,0,0,0,0,65,90,100,100,0,0,100,-1,0,100,90,0,1,1,-1,0,0,111,0,0,0,0,85,0,85,0,0,0,0,130,0,[0|0|0|0]
6600875,Great Katana - Default Attack,0.3,0.1,0,0,1,0.04,6903,-1,-1,-1,1667,120,120,-1,-1,100,110,-1,-1,0,85,85,85,85,100,200,100,100,121,0,0,0,0,0,0,0,0,0,0,0,40,0,0,0,0,2,0,0,0,0,0,0,2,0,0,0,255,0,255,0,255,0,0,0,0,0,0,0,0,0,0,1,3,1,0,0,0,0,0,0,0,0,0,0,-1,-1,2100,2010,-1,-1,-1,-1,-1,-1,-1,-1,-1,-1,-1,-1,-1,-1,-1,-1,-1,-1,-1,-1,-1,-1,-1,-1,-1,-1,-1,-1,0,0,0,0,0,0,0,0,0,0,0,0,-1,-1,-1,-1,-1,-1,-1,-1,-1,-1,-1,-1,-1,-1,-1,-1,-1,-1,-1,-1,-1,-1,-1,-1,0,0,0,0,0,0,0,0,0,0,0,0,0,0,0,0,0,0,0,0,0,0,0,0,255,139,139,85,0,0,0,0,0,0,0,65,90,100,100,0,0,100,-1,0,100,90,0,1,1,-1,0,0,111,0,0,0,0,85,0,85,0,0,0,0,130,0,[0|0|0|0]
6600880,Great Katana - Default Attack,0.3,0.1,0,0,0.75,0.04,6903,-1,-1,1665,-1,120,120,-1,-1,100,110,-1,-1,0,85,85,85,85,100,200,100,100,121,0,0,0,0,0,0,0,0,0,0,0,40,0,0,0,0,2,0,0,0,0,0,0,2,0,0,0,255,0,255,0,255,0,0,0,0,0,0,0,0,0,0,1,0,1,0,0,0,0,0,0,0,9,0,0,-1,-1,2100,2010,-1,-1,-1,-1,-1,-1,-1,-1,-1,-1,-1,-1,-1,-1,-1,-1,-1,-1,-1,-1,-1,-1,-1,-1,-1,-1,-1,-1,0,0,0,0,0,0,0,0,0,0,0,0,-1,-1,-1,-1,-1,-1,-1,-1,-1,-1,-1,-1,-1,-1,-1,-1,-1,-1,-1,-1,-1,-1,-1,-1,0,0,0,0,0,0,0,0,0,0,0,0,0,0,0,0,0,0,0,0,0,0,0,0,255,139,139,85,0,0,0,0,0,0,0,65,90,100,100,0,0,100,-1,0,100,90,0,1,1,-1,0,0,111,0,0,0,0,85,0,85,0,0,0,0,130,0,[0|0|0|0]
6600885,Great Katana - Default Attack,0.25,0.1,0,0,0.75,0.04,6903,-1,-1,-1,1667,120,120,-1,-1,100,110,-1,-1,0,85,85,85,85,100,200,100,100,121,0,0,0,0,0,0,0,0,0,0,0,40,0,0,0,0,2,0,0,0,0,0,0,2,0,0,2,255,2,255,0,255,0,0,0,0,0,0,0,0,0,0,1,0,1,0,0,0,0,0,0,0,0,0,0,-1,-1,2100,2010,-1,-1,-1,-1,-1,-1,-1,-1,-1,-1,-1,-1,-1,-1,-1,-1,-1,-1,-1,-1,-1,-1,-1,-1,-1,-1,-1,-1,0,0,0,0,0,0,0,0,0,0,0,0,-1,-1,-1,-1,-1,-1,-1,-1,-1,-1,-1,-1,-1,-1,-1,-1,-1,-1,-1,-1,-1,-1,-1,-1,0,0,0,0,0,0,0,0,0,0,0,0,0,0,0,0,0,0,0,0,0,0,0,0,255,139,139,85,0,0,0,0,0,0,0,65,90,100,100,0,0,100,-1,0,100,90,0,1,1,-1,0,0,111,0,0,0,0,85,0,85,0,0,0,0,130,0,[0|0|0|0]
6600890,Great Katana - Default Attack,0.3,0.1,0,0,0.5,0.04,6904,-1,-1,1665,-1,120,120,-1,-1,100,110,-1,-1,0,115,115,115,115,110,9900,100,100,102,0,0,0,0,0,0,0,0,0,0,0,60,0,0,0,0,2,0,0,0,0,0,0,3,0,0,0,255,0,255,0,255,0,0,0,0,0,0,0,0,0,0,1,1,1,0,0,0,0,0,0,0,9,0,0,-1,-1,2100,2010,-1,-1,-1,-1,-1,-1,-1,-1,-1,-1,-1,-1,-1,-1,-1,-1,-1,-1,-1,-1,-1,-1,-1,-1,-1,-1,-1,-1,0,0,0,0,0,0,0,0,0,0,0,0,-1,-1,-1,-1,-1,-1,-1,-1,-1,-1,-1,-1,-1,-1,-1,-1,-1,-1,-1,-1,-1,-1,-1,-1,0,0,0,0,0,0,0,0,0,0,0,0,0,0,0,0,0,0,0,0,0,0,0,0,255,139,139,115,0,0,0,0,0,0,0,65,90,100,100,0,0,100,-1,0,100,130,0,1,1,-1,0,0,240,0,0,0,0,115,0,115,0,0,0,0,130,0,[0|0|0|0]
6600895,Great Katana - Default Attack,0.3,0.1,0,0,0.5,0.04,6904,-1,-1,-1,1667,120,120,-1,-1,100,110,-1,-1,0,115,115,115,115,110,9900,100,100,102,0,0,0,0,0,0,0,0,0,0,0,60,0,0,0,0,2,0,0,0,0,0,0,3,0,0,0,255,0,255,0,255,0,0,0,0,0,0,0,0,0,0,1,1,1,0,0,0,0,0,0,0,0,0,0,-1,-1,2100,2010,-1,-1,-1,-1,-1,-1,-1,-1,-1,-1,-1,-1,-1,-1,-1,-1,-1,-1,-1,-1,-1,-1,-1,-1,-1,-1,-1,-1,0,0,0,0,0,0,0,0,0,0,0,0,-1,-1,-1,-1,-1,-1,-1,-1,-1,-1,-1,-1,-1,-1,-1,-1,-1,-1,-1,-1,-1,-1,-1,-1,0,0,0,0,0,0,0,0,0,0,0,0,0,0,0,0,0,0,0,0,0,0,0,0,255,139,139,115,0,0,0,0,0,0,0,65,90,100,100,0,0,100,-1,0,100,130,0,1,1,-1,0,0,240,0,0,0,0,115,0,115,0,0,0,0,130,0,[0|0|0|0]
6601100,Rakshasa's Great Katana - Attack,0.3,0.1,0,0,1,0.08,6904,-1,-1,1665,-1,120,120,-1,-1,100,110,-1,-1,0,125,125,125,125,140,120,100,100,0,0,0,0,0,0,0,0,0,0,0,0,40,0,0,0,0,2,0,0,0,0,0,0,2,0,0,2,255,2,255,0,255,0,0,0,0,0,0,0,0,0,0,1,0,1,0,0,0,0,0,0,0,0,0,0,-1,-1,2100,2010,-1,-1,-1,-1,-1,-1,-1,-1,-1,-1,-1,-1,-1,-1,-1,-1,-1,-1,-1,-1,-1,-1,-1,-1,-1,-1,-1,-1,0,0,0,0,0,0,0,0,0,0,0,0,-1,-1,-1,-1,-1,-1,-1,-1,-1,-1,-1,-1,-1,-1,-1,-1,-1,-1,-1,-1,-1,-1,-1,-1,0,0,0,0,0,0,0,0,0,0,0,0,0,0,0,0,0,0,0,0,0,0,0,0,255,139,139,125,0,0,0,0,0,0,0,100,100,100,100,0,0,100,-1,0,100,130,0,1,1,-1,0,0,200,0,0,0,0,125,0,125,0,0,0,0,130,0,[0|0|0|0]
6601105,Rakshasa's Great Katana - Attack,0.3,0.1,0,0,1,0.08,6906,-1,-1,1665,-1,120,120,-1,-1,100,110,-1,-1,0,160,160,160,160,200,400,100,100,100,0,0,0,0,0,0,0,0,0,0,0,60,0,0,0,0,2,0,0,0,0,0,0,3,0,0,2,255,2,255,0,255,0,0,0,0,0,0,0,0,0,0,1,0,1,0,0,0,0,0,0,0,0,0,0,-1,-1,2100,2010,-1,-1,-1,-1,-1,-1,-1,-1,-1,-1,-1,-1,-1,-1,-1,-1,-1,-1,-1,-1,-1,-1,-1,-1,-1,-1,-1,-1,0,0,0,0,0,0,0,0,0,0,0,0,-1,-1,-1,-1,-1,-1,-1,-1,-1,-1,-1,-1,-1,-1,-1,-1,-1,-1,-1,-1,-1,-1,-1,-1,0,0,0,0,0,0,0,0,0,0,0,0,0,0,0,0,0,0,0,0,0,0,0,0,255,139,139,160,0,0,0,0,0,0,0,100,100,100,100,0,0,100,-1,0,100,150,0,1,1,-1,0,0,600,0,0,0,0,160,0,160,0,0,0,0,130,0,[0|0|0|0]
6601110,Rakshasa's Great Katana - Attack,0.3,0.1,0,0,1,0.08,6904,-1,-1,1665,-1,120,120,-1,-1,100,110,-1,-1,0,125,125,125,125,140,120,100,100,0,0,0,0,0,0,0,0,0,0,0,0,40,0,0,0,0,2,0,0,0,0,0,0,3,0,0,2,255,2,255,0,255,0,0,0,0,0,0,0,0,0,0,1,0,1,0,0,0,0,0,0,0,0,0,0,-1,-1,2100,2010,-1,-1,-1,-1,-1,-1,-1,-1,-1,-1,-1,-1,-1,-1,-1,-1,-1,-1,-1,-1,-1,-1,-1,-1,-1,-1,-1,-1,0,0,0,0,0,0,0,0,0,0,0,0,-1,-1,-1,-1,-1,-1,-1,-1,-1,-1,-1,-1,-1,-1,-1,-1,-1,-1,-1,-1,-1,-1,-1,-1,0,0,0,0,0,0,0,0,0,0,0,0,0,0,0,0,0,0,0,0,0,0,0,0,255,139,139,125,0,0,0,0,0,0,0,100,100,100,100,0,0,100,-1,0,100,130,0,1,1,-1,0,0,200,0,0,0,0,125,0,125,0,0,0,0,130,0,[0|0|0|0]
6601115,Rakshasa's Great Katana - Attack,0.3,0.1,0,0,1,0.08,6906,-1,-1,1665,-1,120,120,-1,-1,100,110,-1,-1,0,160,160,160,160,200,400,100,100,100,0,0,0,0,0,0,0,0,0,0,0,60,0,0,0,0,2,0,0,0,0,0,0,3,0,0,2,255,2,255,0,255,0,0,0,0,0,0,0,0,0,0,1,0,1,0,0,0,0,0,0,0,0,0,0,-1,-1,2100,2010,-1,-1,-1,-1,-1,-1,-1,-1,-1,-1,-1,-1,-1,-1,-1,-1,-1,-1,-1,-1,-1,-1,-1,-1,-1,-1,-1,-1,0,0,0,0,0,0,0,0,0,0,0,0,-1,-1,-1,-1,-1,-1,-1,-1,-1,-1,-1,-1,-1,-1,-1,-1,-1,-1,-1,-1,-1,-1,-1,-1,0,0,0,0,0,0,0,0,0,0,0,0,0,0,0,0,0,0,0,0,0,0,0,0,255,139,139,160,0,0,0,0,0,0,0,100,100,100,100,0,0,100,-1,0,100,150,0,1,1,-1,0,0,600,0,0,0,0,160,0,160,0,0,0,0,130,0,[0|0|0|0]
6601300,Rakshasa's Great Katana - Attack,0.3,0.1,0,0,1,0.08,6904,-1,-1,1665,1667,120,120,-1,-1,100,110,-1,-1,0,130,130,130,130,170,500,100,100,0,120,0,0,0,0,0,0,0,0,0,0,60,0,0,0,0,2,0,0,0,0,0,0,2,0,0,2,255,2,255,0,255,0,0,0,0,0,0,0,0,0,0,1,0,1,0,0,0,0,0,0,0,0,0,0,-1,-1,2100,2010,-1,-1,-1,-1,-1,-1,-1,-1,-1,-1,-1,-1,-1,-1,-1,-1,-1,-1,-1,-1,-1,-1,-1,-1,-1,-1,-1,-1,0,0,0,0,0,0,0,0,0,0,0,0,-1,-1,-1,-1,-1,-1,-1,-1,-1,-1,-1,-1,-1,-1,-1,-1,-1,-1,-1,-1,-1,-1,-1,-1,0,0,0,0,0,0,0,0,0,0,0,0,0,0,0,0,0,0,0,0,0,0,0,0,255,139,139,130,0,0,0,0,0,0,0,100,100,100,100,0,0,100,-1,0,100,130,0,1,1,-1,0,0,220,0,0,0,0,130,0,130,0,0,0,0,130,0,[0|0|0|0]
6601305,Rakshasa's Great Katana - Attack,0.3,0.1,0,0,1,0.08,6906,-1,-1,1665,1667,120,120,-1,-1,100,110,-1,-1,0,165,165,165,165,240,500,100,100,100,120,0,0,0,0,0,0,0,0,0,0,80,0,0,0,0,2,0,0,0,0,0,0,3,0,0,2,255,2,255,0,255,0,0,0,0,0,0,0,0,0,0,1,0,1,0,0,0,0,0,0,0,0,0,0,-1,-1,2100,2010,-1,-1,-1,-1,-1,-1,-1,-1,-1,-1,-1,-1,-1,-1,-1,-1,-1,-1,-1,-1,-1,-1,-1,-1,-1,-1,-1,-1,0,0,0,0,0,0,0,0,0,0,0,0,-1,-1,-1,-1,-1,-1,-1,-1,-1,-1,-1,-1,-1,-1,-1,-1,-1,-1,-1,-1,-1,-1,-1,-1,0,0,0,0,0,0,0,0,0,0,0,0,0,0,0,0,0,0,0,0,0,0,0,0,255,139,139,165,0,0,0,0,0,0,0,100,100,100,100,0,0,100,-1,0,100,150,0,1,1,-1,0,0,660,0,0,0,0,165,0,165,0,0,0,0,130,0,[0|0|0|0]
6601310,Rakshasa's Great Katana - Attack,0.3,0.1,0,0,1,0.08,6904,-1,-1,1665,1667,120,120,-1,-1,100,110,-1,-1,0,130,130,130,130,170,500,100,100,0,120,0,0,0,0,0,0,0,0,0,0,60,0,0,0,0,2,0,0,0,0,0,0,3,0,0,2,255,2,255,0,255,0,0,0,0,0,0,0,0,0,0,1,0,1,0,0,0,0,0,0,0,0,0,0,-1,-1,2100,2010,-1,-1,-1,-1,-1,-1,-1,-1,-1,-1,-1,-1,-1,-1,-1,-1,-1,-1,-1,-1,-1,-1,-1,-1,-1,-1,-1,-1,0,0,0,0,0,0,0,0,0,0,0,0,-1,-1,-1,-1,-1,-1,-1,-1,-1,-1,-1,-1,-1,-1,-1,-1,-1,-1,-1,-1,-1,-1,-1,-1,0,0,0,0,0,0,0,0,0,0,0,0,0,0,0,0,0,0,0,0,0,0,0,0,255,139,139,130,0,0,0,0,0,0,0,100,100,100,100,0,0,100,-1,0,100,130,0,1,1,-1,0,0,220,0,0,0,0,130,0,130,0,0,0,0,130,0,[0|0|0|0]
6601315,Rakshasa's Great Katana - Attack,0.3,0.1,0,0,1,0.08,6906,-1,-1,1665,1667,120,120,-1,-1,100,110,-1,-1,0,165,165,165,165,240,500,100,100,100,120,0,0,0,0,0,0,0,0,0,0,80,0,0,0,0,2,0,0,0,0,0,0,3,0,0,2,255,2,255,0,255,0,0,0,0,0,0,0,0,0,0,1,0,1,0,0,0,0,0,0,0,0,0,0,-1,-1,2100,2010,-1,-1,-1,-1,-1,-1,-1,-1,-1,-1,-1,-1,-1,-1,-1,-1,-1,-1,-1,-1,-1,-1,-1,-1,-1,-1,-1,-1,0,0,0,0,0,0,0,0,0,0,0,0,-1,-1,-1,-1,-1,-1,-1,-1,-1,-1,-1,-1,-1,-1,-1,-1,-1,-1,-1,-1,-1,-1,-1,-1,0,0,0,0,0,0,0,0,0,0,0,0,0,0,0,0,0,0,0,0,0,0,0,0,255,139,139,165,0,0,0,0,0,0,0,100,100,100,100,0,0,100,-1,0,100,150,0,1,1,-1,0,0,660,0,0,0,0,165,0,165,0,0,0,0,130,0,[0|0|0|0]
6700000,Light Greatsword - Default Attack,0.3,0.1,0,0,1.15,0.08,6903,-1,-1,1665,-1,120,120,-1,-1,100,110,-1,-1,0,100,100,100,100,100,100,100,100,0,0,0,0,0,0,0,0,0,0,0,0,20,0,0,0,0,2,0,0,0,0,0,0,1,0,0,2,255,0,255,0,255,0,0,0,0,0,0,0,0,0,0,0,0,1,0,0,0,0,0,0,0,0,0,0,-1,-1,2100,2010,-1,-1,-1,-1,-1,-1,-1,-1,-1,-1,-1,-1,-1,-1,-1,-1,-1,-1,-1,-1,-1,-1,-1,-1,-1,-1,-1,-1,0,0,0,0,0,0,0,0,0,0,0,0,-1,-1,-1,-1,-1,-1,-1,-1,-1,-1,-1,-1,-1,-1,-1,-1,-1,-1,-1,-1,-1,-1,-1,-1,0,0,0,0,0,0,0,0,0,0,0,0,0,0,0,0,0,0,0,0,0,0,0,0,255,139,139,100,0,0,0,0,0,0,0,100,100,100,100,0,0,100,-1,0,100,100,0,1,1,-1,0,0,100,0,0,0,0,100,0,100,0,0,0,0,130,0,[0|0|0|0]
6700010,Light Greatsword - Default Attack,0.3,0.1,0,0,1,0.08,6903,-1,-1,1665,-1,120,120,-1,-1,100,110,-1,-1,0,101,101,101,101,100,100,100,100,0,0,0,0,0,0,0,0,0,0,0,0,20,0,0,0,0,2,0,0,0,0,0,0,1,0,0,3,255,0,255,0,255,0,0,0,0,0,0,0,0,0,0,0,1,1,0,0,0,0,0,0,0,0,0,0,-1,-1,2100,2010,-1,-1,-1,-1,-1,-1,-1,-1,-1,-1,-1,-1,-1,-1,-1,-1,-1,-1,-1,-1,-1,-1,-1,-1,-1,-1,-1,-1,0,0,0,0,0,0,0,0,0,0,0,0,-1,-1,-1,-1,-1,-1,-1,-1,-1,-1,-1,-1,-1,-1,-1,-1,-1,-1,-1,-1,-1,-1,-1,-1,0,0,0,0,0,0,0,0,0,0,0,0,0,0,0,0,0,0,0,0,0,0,0,0,255,139,139,101,0,0,0,0,0,0,0,100,100,100,100,0,0,100,-1,0,100,100,0,1,1,-1,0,0,100,0,0,0,0,101,0,101,0,0,0,0,130,0,[0|0|0|0]
6700013,Light Greatsword - Default Attack,0.3,0.1,0,0,1,0.08,6903,-1,-1,1665,-1,120,120,-1,-1,100,110,-1,-1,0,101,101,101,101,100,100,100,100,0,0,0,0,0,0,0,0,0,0,0,0,20,0,0,0,0,2,0,0,0,0,0,0,1,2,0,3,255,0,255,0,255,0,0,0,0,0,0,0,0,0,0,0,1,1,0,0,0,0,0,0,0,0,0,0,-1,-1,2100,2010,-1,-1,-1,-1,-1,-1,-1,-1,-1,-1,-1,-1,-1,-1,-1,-1,-1,-1,-1,-1,-1,-1,-1,-1,-1,-1,-1,-1,0,0,0,0,0,0,0,0,0,0,0,0,-1,-1,-1,-1,-1,-1,-1,-1,-1,-1,-1,-1,-1,-1,-1,-1,-1,-1,-1,-1,-1,-1,-1,-1,0,0,0,0,0,0,0,0,0,0,0,0,0,0,0,0,0,0,0,0,0,0,0,0,255,139,139,101,0,0,0,0,0,0,0,100,100,100,100,0,0,100,-1,0,100,100,0,1,1,-1,0,0,100,0,0,0,0,101,0,101,0,0,0,0,130,0,[0|0|0|0]
6700020,Light Greatsword - Default Attack,0.3,0.1,0,0,1.83,0.08,6903,-1,-1,1665,-1,120,120,-1,-1,100,110,-1,-1,0,102,102,102,102,100,100,100,100,0,0,0,0,0,0,0,0,0,0,0,0,20,0,0,0,0,2,0,0,0,0,0,0,1,0,0,3,255,0,255,0,255,0,0,0,0,0,0,0,0,0,0,0,2,1,0,0,0,0,0,0,0,0,0,0,-1,-1,2100,2010,-1,-1,-1,-1,-1,-1,-1,-1,-1,-1,-1,-1,-1,-1,-1,-1,-1,-1,-1,-1,-1,-1,-1,-1,-1,-1,-1,-1,0,0,0,0,0,0,0,0,0,0,0,0,-1,-1,-1,-1,-1,-1,-1,-1,-1,-1,-1,-1,-1,-1,-1,-1,-1,-1,-1,-1,-1,-1,-1,-1,0,0,0,0,0,0,0,0,0,0,0,0,0,0,0,0,0,0,0,0,0,0,0,0,255,139,139,102,0,0,0,0,0,0,0,100,100,100,100,0,0,100,-1,0,100,105,0,1,1,-1,0,0,100,0,0,0,0,102,0,102,0,0,0,0,130,0,[0|0|0|0]
6700023,Light Greatsword - Default Attack,0.3,0,0,0,1.83,0.08,6903,-1,-1,1665,-1,120,0,-1,-1,100,0,-1,-1,0,102,102,102,102,100,100,100,100,0,0,0,0,0,0,0,0,0,0,0,0,20,0,0,0,0,0,0,0,0,0,0,0,1,2,0,3,255,0,255,0,255,0,0,0,0,0,0,0,0,0,0,0,2,1,0,0,0,0,0,0,0,0,0,0,-1,-1,2100,2010,-1,-1,-1,-1,-1,-1,-1,-1,-1,-1,-1,-1,-1,-1,-1,-1,-1,-1,-1,-1,-1,-1,-1,-1,-1,-1,-1,-1,0,0,0,0,0,0,0,0,0,0,0,0,-1,-1,-1,-1,-1,-1,-1,-1,-1,-1,-1,-1,-1,-1,-1,-1,-1,-1,-1,-1,-1,-1,-1,-1,0,0,0,0,0,0,0,0,0,0,0,0,0,0,0,0,0,0,0,0,0,0,0,0,255,139,139,102,0,0,0,0,0,0,0,100,100,100,100,0,0,100,-1,0,100,105,0,1,1,-1,0,0,100,0,0,0,0,102,0,102,0,0,0,0,130,0,[0|0|0|0]
6700030,Light Greatsword - Default Attack,0.3,0.1,0,0,1,0.08,6903,-1,-1,1665,-1,120,120,-1,-1,100,110,-1,-1,0,103,103,103,103,100,100,100,100,0,0,0,0,0,0,0,0,0,0,0,0,20,0,0,0,0,2,0,0,0,0,0,0,1,0,0,3,255,0,255,0,255,0,0,0,0,0,0,0,0,0,0,0,3,1,0,0,0,0,0,0,0,0,0,0,-1,-1,2100,2010,-1,-1,-1,-1,-1,-1,-1,-1,-1,-1,-1,-1,-1,-1,-1,-1,-1,-1,-1,-1,-1,-1,-1,-1,-1,-1,-1,-1,0,0,0,0,0,0,0,0,0,0,0,0,-1,-1,-1,-1,-1,-1,-1,-1,-1,-1,-1,-1,-1,-1,-1,-1,-1,-1,-1,-1,-1,-1,-1,-1,0,0,0,0,0,0,0,0,0,0,0,0,0,0,0,0,0,0,0,0,0,0,0,0,255,139,139,103,0,0,0,0,0,0,0,100,100,100,100,0,0,100,-1,0,100,105,0,1,1,-1,0,0,100,0,0,0,0,103,0,103,0,0,0,0,130,0,[0|0|0|0]
6700040,Light Greatsword - Default Attack,0.3,0.1,0,0,1.1,0.08,6903,-1,-1,-1,-1,120,120,-1,-1,100,110,-1,-1,0,70,70,70,70,50,100,100,100,104,0,0,0,0,0,0,0,0,0,0,0,20,0,0,0,0,2,0,0,0,0,0,0,1,0,0,3,255,0,255,0,255,0,0,0,0,0,0,0,0,0,0,0,4,1,0,0,0,0,0,0,0,9,0,0,-1,-1,2100,2010,-1,-1,-1,-1,-1,-1,-1,-1,-1,-1,-1,-1,-1,-1,-1,-1,-1,-1,-1,-1,-1,-1,-1,-1,-1,-1,-1,-1,0,0,0,0,0,0,0,0,0,0,0,0,-1,-1,-1,-1,-1,-1,-1,-1,-1,-1,-1,-1,-1,-1,-1,-1,-1,-1,-1,-1,-1,-1,-1,-1,0,0,0,0,0,0,0,0,0,0,0,0,0,0,0,0,0,0,0,0,0,0,0,0,255,139,139,70,0,0,0,0,0,0,0,50,50,100,100,0,0,50,-1,0,100,80,0,1,1,-1,0,0,100,0,0,0,0,70,0,70,0,0,0,0,130,0,[0|0|0|0]
6700041,Light Greatsword - Default Attack,0.3,0.1,0,0,1.9,0.04,6903,-1,-1,1665,-1,120,120,-1,-1,100,110,-1,-1,0,80,80,80,80,50,100,100,100,104,0,0,0,0,0,0,0,0,0,0,0,20,0,0,0,0,2,0,0,0,0,0,0,1,0,0,3,255,0,255,0,255,0,0,0,0,0,0,0,0,0,0,0,1,1,0,0,0,0,0,0,0,0,0,0,-1,-1,2100,2010,-1,-1,-1,-1,-1,-1,-1,-1,-1,-1,-1,-1,-1,-1,-1,-1,-1,-1,-1,-1,-1,-1,-1,-1,-1,-1,-1,-1,0,0,0,0,0,0,0,0,0,0,0,0,-1,-1,-1,-1,-1,-1,-1,-1,-1,-1,-1,-1,-1,-1,-1,-1,-1,-1,-1,-1,-1,-1,-1,-1,0,0,0,0,0,0,0,0,0,0,0,0,0,0,0,0,0,0,0,0,0,0,0,0,255,139,139,80,0,0,0,0,0,0,0,100,100,100,100,0,0,100,-1,0,100,100,0,1,1,-1,0,0,100,0,0,0,0,80,0,80,0,0,0,0,130,0,[0|0|0|0]
6700044,Light Greatsword - Default Attack,0.3,0.1,0,0,1.9,0.04,6903,-1,-1,1665,-1,120,120,-1,-1,100,110,-1,-1,0,80,80,80,80,50,100,100,100,104,0,0,0,0,0,0,0,0,0,0,0,20,0,0,0,0,2,0,0,0,0,0,0,1,2,0,3,255,0,255,0,255,0,0,0,0,0,0,0,0,0,0,0,1,1,0,0,0,0,0,0,0,0,0,0,-1,-1,2100,2010,-1,-1,-1,-1,-1,-1,-1,-1,-1,-1,-1,-1,-1,-1,-1,-1,-1,-1,-1,-1,-1,-1,-1,-1,-1,-1,-1,-1,0,0,0,0,0,0,0,0,0,0,0,0,-1,-1,-1,-1,-1,-1,-1,-1,-1,-1,-1,-1,-1,-1,-1,-1,-1,-1,-1,-1,-1,-1,-1,-1,0,0,0,0,0,0,0,0,0,0,0,0,0,0,0,0,0,0,0,0,0,0,0,0,255,139,139,80,0,0,0,0,0,0,0,100,100,100,100,0,0,100,-1,0,100,100,0,1,1,-1,0,0,100,0,0,0,0,80,0,80,0,0,0,0,130,0,[0|0|0|0]
6700100,Light Greatsword - Default Attack,0.3,0.1,0,0,1.2,0.04,6904,-1,-1,-1,-1,120,120,-1,-1,100,110,-1,-1,0,80,80,80,80,70,60,100,100,0,0,0,0,0,0,0,0,0,0,0,0,20,0,0,0,0,2,0,0,0,0,0,0,1,0,0,3,255,2,255,0,255,0,0,0,0,0,0,0,0,0,0,0,4,1,0,0,0,0,0,0,0,9,0,0,-1,-1,2100,2010,-1,-1,-1,-1,-1,-1,-1,-1,-1,-1,-1,-1,-1,-1,-1,-1,-1,-1,-1,-1,-1,-1,-1,-1,-1,-1,-1,-1,0,0,0,0,0,0,0,0,0,0,0,0,-1,-1,-1,-1,-1,-1,-1,-1,-1,-1,-1,-1,-1,-1,-1,-1,-1,-1,-1,-1,-1,-1,-1,-1,0,0,0,0,0,0,0,0,0,0,0,0,0,0,0,0,0,0,0,0,0,0,0,0,255,139,139,80,0,0,0,0,0,0,0,50,50,100,100,0,0,50,-1,0,100,130,0,1,1,-1,0,0,100,0,0,0,0,80,0,80,0,0,0,0,130,0,[0|0|0|0]
6700101,Light Greatsword - Default Attack,0.3,0,0,0,1.9,0.04,6904,-1,-1,1665,-1,120,0,-1,-1,100,0,-1,-1,0,90,90,90,90,70,60,100,100,0,0,0,0,0,0,0,0,0,0,0,0,20,0,0,0,0,0,0,0,0,0,0,0,1,0,0,3,255,2,255,0,255,0,0,0,0,0,0,0,0,0,0,0,2,1,0,0,0,0,0,0,0,0,0,0,-1,-1,2100,2010,-1,-1,-1,-1,-1,-1,-1,-1,-1,-1,-1,-1,-1,-1,-1,-1,-1,-1,-1,-1,-1,-1,-1,-1,-1,-1,-1,-1,0,0,0,0,0,0,0,0,0,0,0,0,-1,-1,-1,-1,-1,-1,-1,-1,-1,-1,-1,-1,-1,-1,-1,-1,-1,-1,-1,-1,-1,-1,-1,-1,0,0,0,0,0,0,0,0,0,0,0,0,0,0,0,0,0,0,0,0,0,0,0,0,255,139,139,90,0,0,0,0,0,0,0,100,100,100,100,0,0,100,-1,0,100,130,0,1,1,-1,0,0,100,0,0,0,0,90,0,90,0,0,0,0,130,0,[0|0|0|0]
6700104,Light Greatsword - Default Attack,0.3,0,0,0,1.9,0.04,6904,-1,-1,1665,-1,120,0,-1,-1,100,0,-1,-1,0,90,90,90,90,70,60,100,100,0,0,0,0,0,0,0,0,0,0,0,0,20,0,0,0,0,0,0,0,0,0,0,0,1,2,0,3,255,2,255,0,255,0,0,0,0,0,0,0,0,0,0,0,2,1,0,0,0,0,0,0,0,0,0,0,-1,-1,2100,2010,-1,-1,-1,-1,-1,-1,-1,-1,-1,-1,-1,-1,-1,-1,-1,-1,-1,-1,-1,-1,-1,-1,-1,-1,-1,-1,-1,-1,0,0,0,0,0,0,0,0,0,0,0,0,-1,-1,-1,-1,-1,-1,-1,-1,-1,-1,-1,-1,-1,-1,-1,-1,-1,-1,-1,-1,-1,-1,-1,-1,0,0,0,0,0,0,0,0,0,0,0,0,0,0,0,0,0,0,0,0,0,0,0,0,255,139,139,90,0,0,0,0,0,0,0,100,100,100,100,0,0,100,-1,0,100,130,0,1,1,-1,0,0,100,0,0,0,0,90,0,90,0,0,0,0,130,0,[0|0|0|0]
6700105,Light Greatsword - Default Attack,0.3,0.1,0,0,1.6,0.04,6906,-1,-1,-1,-1,120,120,-1,-1,100,110,-1,-1,0,95,95,95,95,100,200,100,100,100,0,0,0,0,0,0,0,0,0,0,0,20,0,0,0,0,2,0,0,0,0,0,0,2,0,0,3,255,2,255,0,255,0,0,0,0,0,0,0,0,0,0,0,4,1,0,0,0,0,0,0,0,9,0,0,-1,-1,2100,2010,-1,-1,-1,-1,-1,-1,-1,-1,-1,-1,-1,-1,-1,-1,-1,-1,-1,-1,-1,-1,-1,-1,-1,-1,-1,-1,-1,-1,0,0,0,0,0,0,0,0,0,0,0,0,-1,-1,-1,-1,-1,-1,-1,-1,-1,-1,-1,-1,-1,-1,-1,-1,-1,-1,-1,-1,-1,-1,-1,-1,0,0,0,0,0,0,0,0,0,0,0,0,0,0,0,0,0,0,0,0,0,0,0,0,255,139,139,95,0,0,0,0,0,0,3,50,50,100,100,0,0,50,-1,0,100,150,0,1,1,-1,0,0,300,0,0,0,0,95,0,95,0,0,0,0,130,0,[0|0|0|0]
6700106,Light Greatsword - Default Attack,0.3,0.1,0,0,1.6,0.04,6906,-1,-1,1665,-1,120,120,-1,-1,100,110,-1,-1,0,100,100,100,100,100,200,100,100,100,0,0,0,0,0,0,0,0,0,0,0,20,0,0,0,0,2,0,0,0,0,0,0,2,0,0,3,255,2,255,0,255,0,0,0,0,0,0,0,0,0,0,0,2,1,0,0,0,0,0,0,0,0,0,0,-1,-1,2100,2010,-1,-1,-1,-1,-1,-1,-1,-1,-1,-1,-1,-1,-1,-1,-1,-1,-1,-1,-1,-1,-1,-1,-1,-1,-1,-1,-1,-1,0,0,0,0,0,0,0,0,0,0,0,0,-1,-1,-1,-1,-1,-1,-1,-1,-1,-1,-1,-1,-1,-1,-1,-1,-1,-1,-1,-1,-1,-1,-1,-1,0,0,0,0,0,0,0,0,0,0,0,0,0,0,0,0,0,0,0,0,0,0,0,0,255,139,139,100,0,0,0,0,0,0,3,100,100,100,100,0,0,100,-1,0,100,150,0,1,1,-1,0,0,300,0,0,0,0,100,0,100,0,0,0,0,130,0,[0|0|0|0]
6700109,Light Greatsword - Default Attack,0.3,0,0,0,1.6,0.04,6906,-1,-1,1665,-1,120,0,-1,-1,100,0,-1,-1,0,100,100,100,100,100,200,100,100,100,0,0,0,0,0,0,0,0,0,0,0,20,0,0,0,0,0,0,0,0,0,0,0,2,2,0,3,255,2,255,0,255,0,0,0,0,0,0,0,0,0,0,0,2,1,0,0,0,0,0,0,0,0,0,0,-1,-1,2100,2010,-1,-1,-1,-1,-1,-1,-1,-1,-1,-1,-1,-1,-1,-1,-1,-1,-1,-1,-1,-1,-1,-1,-1,-1,-1,-1,-1,-1,0,0,0,0,0,0,0,0,0,0,0,0,-1,-1,-1,-1,-1,-1,-1,-1,-1,-1,-1,-1,-1,-1,-1,-1,-1,-1,-1,-1,-1,-1,-1,-1,0,0,0,0,0,0,0,0,0,0,0,0,0,0,0,0,0,0,0,0,0,0,0,0,255,139,139,100,0,0,0,0,0,0,3,100,100,100,100,0,0,100,-1,0,100,150,0,1,1,-1,0,0,300,0,0,0,0,100,0,100,0,0,0,0,130,0,[0|0|0|0]
6700110,Light Greatsword - Default Attack,0.3,0.1,0,0,1.2,0.04,6904,-1,-1,-1,-1,120,120,-1,-1,100,110,-1,-1,0,80,80,80,80,70,60,100,100,0,0,0,0,0,0,0,0,0,0,0,0,20,0,0,0,0,2,0,0,0,0,0,0,1,0,0,3,255,0,255,0,255,0,0,0,0,0,0,0,0,0,0,0,4,1,0,0,0,0,0,0,0,9,0,0,-1,-1,2100,2010,-1,-1,-1,-1,-1,-1,-1,-1,-1,-1,-1,-1,-1,-1,-1,-1,-1,-1,-1,-1,-1,-1,-1,-1,-1,-1,-1,-1,0,0,0,0,0,0,0,0,0,0,0,0,-1,-1,-1,-1,-1,-1,-1,-1,-1,-1,-1,-1,-1,-1,-1,-1,-1,-1,-1,-1,-1,-1,-1,-1,0,0,0,0,0,0,0,0,0,0,0,0,0,0,0,0,0,0,0,0,0,0,0,0,255,139,139,80,0,0,0,0,0,0,0,50,50,100,100,0,0,50,-1,0,100,130,0,1,1,-1,0,0,100,0,0,0,0,80,0,80,0,0,0,0,130,0,[0|0|0|0]
6700111,Light Greatsword - Default Attack,0.3,0.2,0,0,1.15,0.04,6904,-1,-1,1665,-1,120,120,-1,-1,100,-1,-1,-1,0,90,90,90,90,70,60,100,100,0,0,0,0,0,0,0,0,0,0,0,0,20,0,0,0,0,2,0,0,0,0,0,0,1,0,0,3,255,0,255,0,255,0,0,0,0,0,0,0,0,0,0,0,1,1,0,0,0,0,0,0,0,0,0,0,-1,-1,2100,2010,-1,-1,-1,-1,-1,-1,-1,-1,-1,-1,-1,-1,-1,-1,-1,-1,-1,-1,-1,-1,-1,-1,-1,-1,-1,-1,-1,-1,0,0,0,0,0,0,0,0,0,0,0,0,-1,-1,-1,-1,-1,-1,-1,-1,-1,-1,-1,-1,-1,-1,-1,-1,-1,-1,-1,-1,-1,-1,-1,-1,0,0,0,0,0,0,0,0,0,0,0,0,0,0,0,0,0,0,0,0,0,0,0,0,255,139,139,90,0,0,0,0,0,0,0,100,100,100,100,0,0,100,-1,0,100,130,0,1,1,-1,0,0,100,0,0,0,0,90,0,90,0,0,0,0,130,0,[0|0|0|0]
6700113,Light Greatsword - Default Attack,0.3,0,0,0,1.2,0.04,6904,-1,-1,-1,-1,120,0,-1,-1,100,0,-1,-1,0,80,80,80,80,70,60,100,100,0,0,0,0,0,0,0,0,0,0,0,0,20,0,0,0,0,0,0,0,0,0,0,0,1,2,0,3,255,0,255,0,255,0,0,0,0,0,0,0,0,0,0,0,4,1,0,0,0,0,0,0,0,0,0,0,-1,-1,2100,2010,-1,-1,-1,-1,-1,-1,-1,-1,-1,-1,-1,-1,-1,-1,-1,-1,-1,-1,-1,-1,-1,-1,-1,-1,-1,-1,-1,-1,0,0,0,0,0,0,0,0,0,0,0,0,-1,-1,-1,-1,-1,-1,-1,-1,-1,-1,-1,-1,-1,-1,-1,-1,-1,-1,-1,-1,-1,-1,-1,-1,0,0,0,0,0,0,0,0,0,0,0,0,0,0,0,0,0,0,0,0,0,0,0,0,255,139,139,80,0,0,0,0,0,0,0,50,50,100,100,0,0,50,-1,0,100,130,0,1,1,-1,0,0,100,0,0,0,0,80,0,80,0,0,0,0,130,0,[0|0|0|0]
6700114,Light Greatsword - Default Attack,0.3,0,0,0,1.15,0.04,6904,-1,-1,1665,-1,120,0,-1,-1,100,0,-1,-1,0,90,90,90,90,70,60,100,100,0,0,0,0,0,0,0,0,0,0,0,0,20,0,0,0,0,0,0,0,0,0,0,0,1,2,0,3,255,0,255,0,255,0,0,0,0,0,0,0,0,0,0,0,1,1,0,0,0,0,0,0,0,0,0,0,-1,-1,2100,2010,-1,-1,-1,-1,-1,-1,-1,-1,-1,-1,-1,-1,-1,-1,-1,-1,-1,-1,-1,-1,-1,-1,-1,-1,-1,-1,-1,-1,0,0,0,0,0,0,0,0,0,0,0,0,-1,-1,-1,-1,-1,-1,-1,-1,-1,-1,-1,-1,-1,-1,-1,-1,-1,-1,-1,-1,-1,-1,-1,-1,0,0,0,0,0,0,0,0,0,0,0,0,0,0,0,0,0,0,0,0,0,0,0,0,255,139,139,90,0,0,0,0,0,0,0,100,100,100,100,0,0,100,-1,0,100,130,0,1,1,-1,0,0,100,0,0,0,0,90,0,90,0,0,0,0,130,0,[0|0|0|0]
6700115,Light Greatsword - Default Attack,0.3,0.1,0,0,2,0.04,6906,-1,-1,-1,-1,120,120,-1,-1,100,110,-1,-1,0,95,95,95,95,100,200,100,100,100,0,0,0,0,0,0,0,0,0,0,0,20,0,0,0,0,2,0,0,0,0,0,0,2,0,0,3,255,0,255,0,255,0,0,0,0,0,0,0,0,0,0,0,4,1,0,0,0,0,0,0,0,9,0,0,-1,-1,2100,2010,-1,-1,-1,-1,-1,-1,-1,-1,-1,-1,-1,-1,-1,-1,-1,-1,-1,-1,-1,-1,-1,-1,-1,-1,-1,-1,-1,-1,0,0,0,0,0,0,0,0,0,0,0,0,-1,-1,-1,-1,-1,-1,-1,-1,-1,-1,-1,-1,-1,-1,-1,-1,-1,-1,-1,-1,-1,-1,-1,-1,0,0,0,0,0,0,0,0,0,0,0,0,0,0,0,0,0,0,0,0,0,0,0,0,255,139,139,95,0,0,0,0,0,0,0,50,50,100,100,0,0,50,-1,0,100,150,0,1,1,-1,0,0,300,0,0,0,0,95,0,95,0,0,0,0,130,0,[0|0|0|0]
6700116,Light Greatsword - Default Attack,0.3,0.2,0,0,1.5,0.04,6906,-1,-1,1665,-1,120,120,-1,-1,100,-1,-1,-1,0,100,100,100,100,100,200,100,100,100,0,0,0,0,0,0,0,0,0,0,0,20,0,0,0,0,2,0,0,0,0,0,0,2,0,0,3,255,0,255,0,255,0,0,0,0,0,0,0,0,0,0,0,1,1,0,0,0,0,0,0,0,0,0,0,-1,-1,2100,2010,-1,-1,-1,-1,-1,-1,-1,-1,-1,-1,-1,-1,-1,-1,-1,-1,-1,-1,-1,-1,-1,-1,-1,-1,-1,-1,-1,-1,0,0,0,0,0,0,0,0,0,0,0,0,-1,-1,-1,-1,-1,-1,-1,-1,-1,-1,-1,-1,-1,-1,-1,-1,-1,-1,-1,-1,-1,-1,-1,-1,0,0,0,0,0,0,0,0,0,0,0,0,0,0,0,0,0,0,0,0,0,0,0,0,255,139,139,100,0,0,0,0,0,0,0,100,100,100,100,0,0,100,-1,0,100,150,0,1,1,-1,0,0,300,0,0,0,0,100,0,100,0,0,0,0,130,0,[0|0|0|0]
6700118,Light Greatsword - Default Attack,0.3,0,0,0,2,0.04,6906,-1,-1,-1,-1,120,0,-1,-1,100,0,-1,-1,0,95,95,95,95,100,200,100,100,100,0,0,0,0,0,0,0,0,0,0,0,20,0,0,0,0,0,0,0,0,0,0,0,2,2,0,3,255,0,255,0,255,0,0,0,0,0,0,0,0,0,0,0,4,1,0,0,0,0,0,0,0,0,0,0,-1,-1,2100,2010,-1,-1,-1,-1,-1,-1,-1,-1,-1,-1,-1,-1,-1,-1,-1,-1,-1,-1,-1,-1,-1,-1,-1,-1,-1,-1,-1,-1,0,0,0,0,0,0,0,0,0,0,0,0,-1,-1,-1,-1,-1,-1,-1,-1,-1,-1,-1,-1,-1,-1,-1,-1,-1,-1,-1,-1,-1,-1,-1,-1,0,0,0,0,0,0,0,0,0,0,0,0,0,0,0,0,0,0,0,0,0,0,0,0,255,139,139,95,0,0,0,0,0,0,0,50,50,100,100,0,0,50,-1,0,100,150,0,1,1,-1,0,0,300,0,0,0,0,95,0,95,0,0,0,0,130,0,[0|0|0|0]
6700119,Light Greatsword - Default Attack,0.3,0,0,0,1.5,0.04,6906,-1,-1,1665,-1,120,0,-1,-1,100,0,-1,-1,0,100,100,100,100,100,200,100,100,100,0,0,0,0,0,0,0,0,0,0,0,20,0,0,0,0,0,0,0,0,0,0,0,2,2,0,3,255,0,255,0,255,0,0,0,0,0,0,0,0,0,0,0,1,1,0,0,0,0,0,0,0,0,0,0,-1,-1,2100,2010,-1,-1,-1,-1,-1,-1,-1,-1,-1,-1,-1,-1,-1,-1,-1,-1,-1,-1,-1,-1,-1,-1,-1,-1,-1,-1,-1,-1,0,0,0,0,0,0,0,0,0,0,0,0,-1,-1,-1,-1,-1,-1,-1,-1,-1,-1,-1,-1,-1,-1,-1,-1,-1,-1,-1,-1,-1,-1,-1,-1,0,0,0,0,0,0,0,0,0,0,0,0,0,0,0,0,0,0,0,0,0,0,0,0,255,139,139,100,0,0,0,0,0,0,0,100,100,100,100,0,0,100,-1,0,100,150,0,1,1,-1,0,0,300,0,0,0,0,100,0,100,0,0,0,0,130,0,[0|0|0|0]
6700120,Light Greatsword - Default Attack,0.3,0.1,0,0,1.9,0.08,6903,-1,-1,1665,-1,120,120,-1,-1,100,110,-1,-1,0,105,105,105,105,120,120,100,100,122,0,0,0,0,0,0,0,0,0,0,0,20,0,0,0,0,2,0,0,0,0,0,0,1,0,0,3,255,0,255,0,255,0,0,0,0,0,0,0,0,0,0,0,2,1,0,0,0,0,0,0,0,0,0,0,-1,-1,2100,2010,-1,-1,-1,-1,-1,-1,-1,-1,-1,-1,-1,-1,-1,-1,-1,-1,-1,-1,-1,-1,-1,-1,-1,-1,-1,-1,-1,-1,0,0,0,0,0,0,0,0,0,0,0,0,-1,-1,-1,-1,-1,-1,-1,-1,-1,-1,-1,-1,-1,-1,-1,-1,-1,-1,-1,-1,-1,-1,-1,-1,0,0,0,0,0,0,0,0,0,0,0,0,0,0,0,0,0,0,0,0,0,0,0,0,255,139,139,105,0,0,0,0,0,0,0,100,100,100,100,0,0,100,-1,0,100,110,0,1,1,-1,0,0,100,0,0,0,0,105,0,105,0,0,0,0,130,0,[0|0|0|0]
6700123,Light Greatsword - Default Attack,0.3,0,0,0,1.9,0.08,6903,-1,-1,1665,-1,120,0,-1,-1,100,0,-1,-1,0,105,105,105,105,120,120,100,100,122,0,0,0,0,0,0,0,0,0,0,0,20,0,0,0,0,0,0,0,0,0,0,0,1,2,0,3,255,0,255,0,255,0,0,0,0,0,0,0,0,0,0,0,2,1,0,0,0,0,0,0,0,0,0,0,-1,-1,2100,2010,-1,-1,-1,-1,-1,-1,-1,-1,-1,-1,-1,-1,-1,-1,-1,-1,-1,-1,-1,-1,-1,-1,-1,-1,-1,-1,-1,-1,0,0,0,0,0,0,0,0,0,0,0,0,-1,-1,-1,-1,-1,-1,-1,-1,-1,-1,-1,-1,-1,-1,-1,-1,-1,-1,-1,-1,-1,-1,-1,-1,0,0,0,0,0,0,0,0,0,0,0,0,0,0,0,0,0,0,0,0,0,0,0,0,255,139,139,105,0,0,0,0,0,0,0,100,100,100,100,0,0,100,-1,0,100,110,0,1,1,-1,0,0,100,0,0,0,0,105,0,105,0,0,0,0,130,0,[0|0|0|0]
6700125,Light Greatsword - Default Attack,0.3,0.1,0,0,1.75,0.04,6904,-1,-1,-1,-1,120,120,-1,-1,100,110,-1,-1,0,70,70,70,70,75,200,100,100,122,0,0,0,0,0,0,0,0,0,0,0,20,0,0,0,0,2,0,0,0,0,0,0,1,0,0,3,255,0,255,0,255,0,0,0,0,0,0,0,0,0,0,0,4,1,0,0,0,0,0,0,0,9,0,0,-1,-1,2100,2010,-1,-1,-1,-1,-1,-1,-1,-1,-1,-1,-1,-1,-1,-1,-1,-1,-1,-1,-1,-1,-1,-1,-1,-1,-1,-1,-1,-1,0,0,0,0,0,0,0,0,0,0,0,0,-1,-1,-1,-1,-1,-1,-1,-1,-1,-1,-1,-1,-1,-1,-1,-1,-1,-1,-1,-1,-1,-1,-1,-1,0,0,0,0,0,0,0,0,0,0,0,0,0,0,0,0,0,0,0,0,0,0,0,0,255,139,139,70,0,0,0,0,0,0,0,50,50,100,100,0,0,50,-1,0,100,130,0,1,1,-1,0,0,100,0,0,0,0,70,0,70,0,0,0,0,130,0,[0|0|0|0]
6700126,Light Greatsword - Default Attack,0.3,0.1,0,0,1.3,0.04,6904,-1,-1,1665,-1,120,120,-1,-1,100,110,-1,-1,0,95,95,95,95,75,200,100,100,122,0,0,0,0,0,0,0,0,0,0,0,20,0,0,0,0,2,0,0,0,0,0,0,1,0,0,2,255,0,255,0,255,0,0,0,0,0,0,0,0,0,0,0,0,1,0,0,0,0,0,0,0,0,0,0,-1,-1,2100,2010,-1,-1,-1,-1,-1,-1,-1,-1,-1,-1,-1,-1,-1,-1,-1,-1,-1,-1,-1,-1,-1,-1,-1,-1,-1,-1,-1,-1,0,0,0,0,0,0,0,0,0,0,0,0,-1,-1,-1,-1,-1,-1,-1,-1,-1,-1,-1,-1,-1,-1,-1,-1,-1,-1,-1,-1,-1,-1,-1,-1,0,0,0,0,0,0,0,0,0,0,0,0,0,0,0,0,0,0,0,0,0,0,0,0,255,139,139,95,0,0,0,0,0,0,0,100,100,100,100,0,0,100,-1,0,100,130,0,1,1,-1,0,0,100,0,0,0,0,95,0,95,0,0,0,0,130,0,[0|0|0|0]
6700128,Light Greatsword - Default Attack,0.3,0,0,0,1.75,0.08,6904,-1,-1,1665,-1,120,0,-1,-1,100,0,-1,-1,0,95,95,95,95,75,200,100,100,122,0,0,0,0,0,0,0,0,0,0,0,20,0,0,0,0,0,0,0,0,0,0,0,1,2,0,2,255,0,255,0,255,0,0,0,0,0,0,0,0,0,0,0,4,1,0,0,0,0,0,0,0,0,0,0,-1,-1,2100,2010,-1,-1,-1,-1,-1,-1,-1,-1,-1,-1,-1,-1,-1,-1,-1,-1,-1,-1,-1,-1,-1,-1,-1,-1,-1,-1,-1,-1,0,0,0,0,0,0,0,0,0,0,0,0,-1,-1,-1,-1,-1,-1,-1,-1,-1,-1,-1,-1,-1,-1,-1,-1,-1,-1,-1,-1,-1,-1,-1,-1,0,0,0,0,0,0,0,0,0,0,0,0,0,0,0,0,0,0,0,0,0,0,0,0,255,139,139,95,0,0,0,0,0,0,0,50,50,100,100,0,0,50,-1,0,100,130,0,1,1,-1,0,0,100,0,0,0,0,95,0,95,0,0,0,0,130,0,[0|0|0|0]
6700130,Light Greatsword - Default Attack,0.3,0.1,0,0,0.85,0.08,6903,-1,-1,1665,-1,120,120,-1,-1,100,110,-1,-1,0,90,90,90,90,110,200,100,100,121,0,0,0,0,0,0,0,0,0,0,0,20,0,0,0,0,2,0,0,0,0,0,0,1,0,0,3,255,2,255,0,255,0,0,0,0,0,0,0,0,0,0,0,4,1,0,0,0,0,0,0,0,0,0,0,-1,-1,2100,2010,-1,-1,-1,-1,-1,-1,-1,-1,-1,-1,-1,-1,-1,-1,-1,-1,-1,-1,-1,-1,-1,-1,-1,-1,-1,-1,-1,-1,0,0,0,0,0,0,0,0,0,0,0,0,-1,-1,-1,-1,-1,-1,-1,-1,-1,-1,-1,-1,-1,-1,-1,-1,-1,-1,-1,-1,-1,-1,-1,-1,0,0,0,0,0,0,0,0,0,0,0,0,0,0,0,0,0,0,0,0,0,0,0,0,255,139,139,90,0,0,0,0,0,0,0,100,100,100,100,0,0,100,-1,0,100,90,0,1,1,-1,0,0,100,0,0,0,0,90,0,90,0,0,0,0,130,0,[0|0|0|0]
6700133,Light Greatsword - Default Attack,0.3,0.1,0,0,0.85,0.08,6903,-1,-1,1665,-1,120,120,-1,-1,100,110,-1,-1,0,90,90,90,90,110,200,100,100,121,0,0,0,0,0,0,0,0,0,0,0,20,0,0,0,0,2,0,0,0,0,0,0,1,2,0,3,255,2,255,0,255,0,0,0,0,0,0,0,0,0,0,0,4,1,0,0,0,0,0,0,0,0,0,0,-1,-1,2100,2010,-1,-1,-1,-1,-1,-1,-1,-1,-1,-1,-1,-1,-1,-1,-1,-1,-1,-1,-1,-1,-1,-1,-1,-1,-1,-1,-1,-1,0,0,0,0,0,0,0,0,0,0,0,0,-1,-1,-1,-1,-1,-1,-1,-1,-1,-1,-1,-1,-1,-1,-1,-1,-1,-1,-1,-1,-1,-1,-1,-1,0,0,0,0,0,0,0,0,0,0,0,0,0,0,0,0,0,0,0,0,0,0,0,0,255,139,139,90,0,0,0,0,0,0,0,100,100,100,100,0,0,100,-1,0,100,90,0,1,1,-1,0,0,100,0,0,0,0,90,0,90,0,0,0,0,130,0,[0|0|0|0]
6700140,Light Greatsword - Default Attack,0.3,0.15,0,0,1.1,0.08,6903,-1,-1,1665,-1,120,120,-1,-1,100,110,-1,-1,0,90,90,90,90,110,200,100,100,121,0,0,0,0,0,0,0,0,0,0,0,20,0,0,0,0,2,0,0,0,0,0,0,1,0,0,2,255,0,255,0,255,0,0,0,0,0,0,0,0,0,0,0,0,1,0,0,0,0,0,0,0,0,0,0,-1,-1,2100,2010,-1,-1,-1,-1,-1,-1,-1,-1,-1,-1,-1,-1,-1,-1,-1,-1,-1,-1,-1,-1,-1,-1,-1,-1,-1,-1,-1,-1,0,0,0,0,0,0,0,0,0,0,0,0,-1,-1,-1,-1,-1,-1,-1,-1,-1,-1,-1,-1,-1,-1,-1,-1,-1,-1,-1,-1,-1,-1,-1,-1,0,0,0,0,0,0,0,0,0,0,0,0,0,0,0,0,0,0,0,0,0,0,0,0,255,139,139,90,0,0,0,0,0,0,0,100,100,100,100,0,0,100,-1,0,100,90,0,1,1,-1,0,0,100,0,0,0,0,90,0,90,0,0,0,0,130,0,[0|0|0|0]
6700150,Light Greatsword - Default Attack,0.3,0.1,0,0,0.85,0.08,6903,-1,-1,1665,-1,120,120,-1,-1,100,110,-1,-1,0,107,107,107,107,100,9900,100,100,102,0,0,0,0,0,0,0,0,0,0,0,20,0,0,0,0,2,0,0,0,0,0,0,1,0,0,2,255,0,255,0,255,0,0,0,0,0,0,0,0,0,0,1,0,1,0,0,0,0,0,0,0,0,0,0,-1,-1,2100,2010,-1,-1,-1,-1,-1,-1,-1,-1,-1,-1,-1,-1,-1,-1,-1,-1,-1,-1,-1,-1,-1,-1,-1,-1,-1,-1,-1,-1,0,0,0,0,0,0,0,0,0,0,0,0,-1,-1,-1,-1,-1,-1,-1,-1,-1,-1,-1,-1,-1,-1,-1,-1,-1,-1,-1,-1,-1,-1,-1,-1,0,0,0,0,0,0,0,0,0,0,0,0,0,0,0,0,0,0,0,0,0,0,0,0,255,139,139,107,0,0,0,0,0,0,0,100,100,100,100,0,0,100,-1,0,100,130,0,1,1,-1,0,0,150,0,0,0,0,107,0,107,0,0,0,0,130,0,[0|0|0|0]
6700160,Light Greatsword - Default Attack,0.3,0.1,0,0,0.2,0.04,6904,-1,-1,-1,-1,120,120,-1,-1,100,110,-1,-1,0,80,80,80,80,100,9900,100,100,102,0,0,0,0,0,0,0,0,0,0,0,20,0,0,0,0,2,0,0,0,0,0,0,1,0,0,3,255,0,255,0,255,0,0,0,0,0,0,0,0,0,0,1,4,1,0,0,0,0,0,0,0,9,0,0,-1,-1,2100,2010,-1,-1,-1,-1,-1,-1,-1,-1,-1,-1,-1,-1,-1,-1,-1,-1,-1,-1,-1,-1,-1,-1,-1,-1,-1,-1,-1,-1,0,0,0,0,0,0,0,0,0,0,0,0,-1,-1,-1,-1,-1,-1,-1,-1,-1,-1,-1,-1,-1,-1,-1,-1,-1,-1,-1,-1,-1,-1,-1,-1,0,0,0,0,0,0,0,0,0,0,0,0,0,0,0,0,0,0,0,0,0,0,0,0,255,139,139,80,0,0,0,0,0,0,0,50,50,100,100,0,0,50,-1,0,100,140,0,1,1,-1,0,0,200,0,0,0,0,80,0,80,0,0,0,0,130,0,[0|0|0|0]
6700161,Light Greatsword - Default Attack,0.3,0.1,0,0,1.5,0.04,6904,-1,-1,1665,-1,120,120,-1,-1,100,110,-1,-1,0,95,95,95,95,100,9900,100,100,102,0,0,0,0,0,0,0,0,0,0,0,20,0,0,0,0,2,0,0,0,0,0,0,1,0,0,3,255,0,255,0,255,0,0,0,0,0,0,0,0,0,0,1,2,1,0,0,0,0,0,0,0,0,0,0,-1,-1,2100,2010,-1,-1,-1,-1,-1,-1,-1,-1,-1,-1,-1,-1,-1,-1,-1,-1,-1,-1,-1,-1,-1,-1,-1,-1,-1,-1,-1,-1,0,0,0,0,0,0,0,0,0,0,0,0,-1,-1,-1,-1,-1,-1,-1,-1,-1,-1,-1,-1,-1,-1,-1,-1,-1,-1,-1,-1,-1,-1,-1,-1,0,0,0,0,0,0,0,0,0,0,0,0,0,0,0,0,0,0,0,0,0,0,0,0,255,139,139,95,0,0,0,0,0,0,0,100,100,100,100,0,0,100,-1,0,100,140,0,1,1,-1,0,0,200,0,0,0,0,95,0,95,0,0,0,0,130,0,[0|0|0|0]
6700163,Light Greatsword - Default Attack,0.3,0,0,0,0.2,0.04,6904,-1,-1,-1,-1,120,0,-1,-1,100,0,-1,-1,0,80,80,80,80,100,9900,100,100,102,0,0,0,0,0,0,0,0,0,0,0,20,0,0,0,0,0,0,0,0,0,0,0,1,2,0,3,255,0,255,0,255,0,0,0,0,0,0,0,0,0,0,1,4,1,0,0,0,0,0,0,0,9,0,0,-1,-1,2100,2010,-1,-1,-1,-1,-1,-1,-1,-1,-1,-1,-1,-1,-1,-1,-1,-1,-1,-1,-1,-1,-1,-1,-1,-1,-1,-1,-1,-1,0,0,0,0,0,0,0,0,0,0,0,0,-1,-1,-1,-1,-1,-1,-1,-1,-1,-1,-1,-1,-1,-1,-1,-1,-1,-1,-1,-1,-1,-1,-1,-1,0,0,0,0,0,0,0,0,0,0,0,0,0,0,0,0,0,0,0,0,0,0,0,0,255,139,139,80,0,0,0,0,0,0,0,50,50,100,100,0,0,50,-1,0,100,140,0,1,1,-1,0,0,200,0,0,0,0,80,0,80,0,0,0,0,130,0,[0|0|0|0]
6700164,Light Greatsword - Default Attack,0.3,0,0,0,1.5,0.04,6904,-1,-1,1665,-1,120,0,-1,-1,100,0,-1,-1,0,95,95,95,95,100,9900,100,100,102,0,0,0,0,0,0,0,0,0,0,0,20,0,0,0,0,0,0,0,0,0,0,0,1,2,0,3,255,0,255,0,255,0,0,0,0,0,0,0,0,0,0,1,2,1,0,0,0,0,0,0,0,0,0,0,-1,-1,2100,2010,-1,-1,-1,-1,-1,-1,-1,-1,-1,-1,-1,-1,-1,-1,-1,-1,-1,-1,-1,-1,-1,-1,-1,-1,-1,-1,-1,-1,0,0,0,0,0,0,0,0,0,0,0,0,-1,-1,-1,-1,-1,-1,-1,-1,-1,-1,-1,-1,-1,-1,-1,-1,-1,-1,-1,-1,-1,-1,-1,-1,0,0,0,0,0,0,0,0,0,0,0,0,0,0,0,0,0,0,0,0,0,0,0,0,255,139,139,95,0,0,0,0,0,0,0,100,100,100,100,0,0,100,-1,0,100,140,0,1,1,-1,0,0,200,0,0,0,0,95,0,95,0,0,0,0,130,0,[0|0|0|0]
6700180,Light Greatsword - Default Attack,0.3,0.1,0,0,1.2,0.04,-1,-1,-1,-1,-1,120,120,-1,-1,100,110,-1,-1,0,80,80,80,80,55,9900,100,60000,103,0,0,0,0,0,0,0,0,0,0,0,20,0,0,0,0,2,0,0,0,0,0,0,1,0,0,3,255,0,255,0,255,0,0,0,0,0,0,0,0,0,0,0,4,1,0,0,0,0,0,0,0,9,0,0,-1,-1,2100,2010,-1,-1,-1,-1,-1,-1,-1,-1,-1,-1,-1,-1,-1,-1,-1,-1,-1,-1,-1,-1,-1,-1,-1,-1,-1,-1,-1,-1,0,0,0,0,0,0,0,0,0,0,0,0,-1,-1,-1,-1,-1,-1,-1,-1,-1,-1,-1,-1,-1,-1,-1,-1,-1,-1,-1,-1,-1,-1,-1,-1,0,0,0,0,0,0,0,0,0,0,0,0,0,0,0,0,0,0,0,0,0,0,0,0,255,139,139,80,0,0,0,0,0,0,0,50,50,100,100,0,0,50,-1,0,100,100,0,1,1,-1,0,0,300,0,0,0,0,80,0,80,0,0,0,0,130,0,[0|0|0|0]
6700181,Light Greatsword - Default Attack,0.3,0.1,0,0,1.4,0.04,-1,-1,-1,1665,-1,120,120,-1,-1,100,110,-1,-1,0,95,95,95,95,55,9900,100,60000,103,0,0,0,0,0,0,0,0,0,0,0,20,0,0,0,0,2,0,0,0,0,0,0,1,0,0,3,255,0,255,0,255,0,0,0,0,0,0,0,0,0,0,0,1,1,0,0,0,0,0,0,0,0,0,0,-1,-1,2100,2010,-1,-1,-1,-1,-1,-1,-1,-1,-1,-1,-1,-1,-1,-1,-1,-1,-1,-1,-1,-1,-1,-1,-1,-1,-1,-1,-1,-1,0,0,0,0,0,0,0,0,0,0,0,0,-1,-1,-1,-1,-1,-1,-1,-1,-1,-1,-1,-1,-1,-1,-1,-1,-1,-1,-1,-1,-1,-1,-1,-1,0,0,0,0,0,0,0,0,0,0,0,0,0,0,0,0,0,0,0,0,0,0,0,0,255,139,139,95,0,0,0,0,0,0,0,100,100,100,100,0,0,100,-1,0,100,100,0,1,1,-1,0,0,300,0,0,0,0,95,0,95,0,0,0,0,130,0,[0|0|0|0]
6700183,Light Greatsword - Default Attack,0.3,0,0,0,1.2,0.04,-1,-1,-1,-1,-1,120,0,-1,-1,100,0,-1,-1,0,80,80,80,80,55,9900,100,60000,103,0,0,0,0,0,0,0,0,0,0,0,20,0,0,0,0,0,0,0,0,0,0,0,1,2,0,3,255,0,255,0,255,0,0,0,0,0,0,0,0,0,0,0,4,1,0,0,0,0,0,0,0,9,0,0,-1,-1,2100,2010,-1,-1,-1,-1,-1,-1,-1,-1,-1,-1,-1,-1,-1,-1,-1,-1,-1,-1,-1,-1,-1,-1,-1,-1,-1,-1,-1,-1,0,0,0,0,0,0,0,0,0,0,0,0,-1,-1,-1,-1,-1,-1,-1,-1,-1,-1,-1,-1,-1,-1,-1,-1,-1,-1,-1,-1,-1,-1,-1,-1,0,0,0,0,0,0,0,0,0,0,0,0,0,0,0,0,0,0,0,0,0,0,0,0,255,139,139,80,0,0,0,0,0,0,0,50,50,100,100,0,0,50,-1,0,100,100,0,1,1,-1,0,0,300,0,0,0,0,80,0,80,0,0,0,0,130,0,[0|0|0|0]
6700184,Light Greatsword - Default Attack,0.3,0,0,0,1.4,0.04,-1,-1,-1,1665,-1,120,0,-1,-1,100,0,-1,-1,0,95,95,95,95,55,9900,100,60000,103,0,0,0,0,0,0,0,0,0,0,0,20,0,0,0,0,0,0,0,0,0,0,0,1,2,0,3,255,0,255,0,255,0,0,0,0,0,0,0,0,0,0,0,1,1,0,0,0,0,0,0,0,0,0,0,-1,-1,2100,2010,-1,-1,-1,-1,-1,-1,-1,-1,-1,-1,-1,-1,-1,-1,-1,-1,-1,-1,-1,-1,-1,-1,-1,-1,-1,-1,-1,-1,0,0,0,0,0,0,0,0,0,0,0,0,-1,-1,-1,-1,-1,-1,-1,-1,-1,-1,-1,-1,-1,-1,-1,-1,-1,-1,-1,-1,-1,-1,-1,-1,0,0,0,0,0,0,0,0,0,0,0,0,0,0,0,0,0,0,0,0,0,0,0,0,255,139,139,95,0,0,0,0,0,0,0,100,100,100,100,0,0,100,-1,0,100,100,0,1,1,-1,0,0,300,0,0,0,0,95,0,95,0,0,0,0,130,0,[0|0|0|0]
6700200,Light Greatsword - Default Attack,0.3,0.1,0,0,0.9,0.08,6903,-1,-1,1665,1667,120,120,-1,-1,100,110,-1,-1,0,103,103,103,103,120,500,100,100,0,120,0,0,0,0,0,0,0,0,0,0,40,0,0,0,0,2,0,0,0,0,0,0,1,0,0,2,255,0,255,0,255,0,0,0,0,0,0,0,0,0,0,0,0,1,0,0,0,0,0,0,0,0,0,0,-1,-1,2100,2010,-1,-1,-1,-1,-1,-1,-1,-1,-1,-1,-1,-1,-1,-1,-1,-1,-1,-1,-1,-1,-1,-1,-1,-1,-1,-1,-1,-1,0,0,0,0,0,0,0,0,0,0,0,0,-1,-1,-1,-1,-1,-1,-1,-1,-1,-1,-1,-1,-1,-1,-1,-1,-1,-1,-1,-1,-1,-1,-1,-1,0,0,0,0,0,0,0,0,0,0,0,0,0,0,0,0,0,0,0,0,0,0,0,0,255,139,139,103,0,0,0,0,0,0,0,100,100,100,100,0,0,100,-1,0,100,100,0,1,1,-1,0,0,130,0,0,0,0,103,0,103,0,0,0,0,130,0,[0|0|0|0]
6700210,Light Greatsword - Default Attack,0.3,0.1,0,0,1.4,0.08,6903,-1,-1,1665,1667,120,120,-1,-1,100,110,-1,-1,0,104,104,104,104,120,500,100,100,0,120,0,0,0,0,0,0,0,0,0,0,40,0,0,0,0,2,0,0,0,0,0,0,1,0,0,3,255,0,255,0,255,0,0,0,0,0,0,0,0,0,0,0,1,1,0,0,0,0,0,0,0,0,0,0,-1,-1,2100,2010,-1,-1,-1,-1,-1,-1,-1,-1,-1,-1,-1,-1,-1,-1,-1,-1,-1,-1,-1,-1,-1,-1,-1,-1,-1,-1,-1,-1,0,0,0,0,0,0,0,0,0,0,0,0,-1,-1,-1,-1,-1,-1,-1,-1,-1,-1,-1,-1,-1,-1,-1,-1,-1,-1,-1,-1,-1,-1,-1,-1,0,0,0,0,0,0,0,0,0,0,0,0,0,0,0,0,0,0,0,0,0,0,0,0,255,139,139,104,0,0,0,0,0,0,0,100,100,100,100,0,0,100,-1,0,100,100,0,1,1,-1,0,0,130,0,0,0,0,104,0,104,0,0,0,0,130,0,[0|0|0|0]
6700213,Light Greatsword - Default Attack,0.3,0.1,0,0,1.4,0.08,6903,-1,-1,1665,1667,120,120,-1,-1,100,110,-1,-1,0,104,104,104,104,120,500,100,100,0,120,0,0,0,0,0,0,0,0,0,0,40,0,0,0,0,2,0,0,0,0,0,0,1,2,0,3,255,0,255,0,255,0,0,0,0,0,0,0,0,0,0,0,1,1,0,0,0,0,0,0,0,0,0,0,-1,-1,2100,2010,-1,-1,-1,-1,-1,-1,-1,-1,-1,-1,-1,-1,-1,-1,-1,-1,-1,-1,-1,-1,-1,-1,-1,-1,-1,-1,-1,-1,0,0,0,0,0,0,0,0,0,0,0,0,-1,-1,-1,-1,-1,-1,-1,-1,-1,-1,-1,-1,-1,-1,-1,-1,-1,-1,-1,-1,-1,-1,-1,-1,0,0,0,0,0,0,0,0,0,0,0,0,0,0,0,0,0,0,0,0,0,0,0,0,255,139,139,104,0,0,0,0,0,0,0,100,100,100,100,0,0,100,-1,0,100,100,0,1,1,-1,0,0,130,0,0,0,0,104,0,104,0,0,0,0,130,0,[0|0|0|0]
6700220,Light Greatsword - Default Attack,0.3,0.1,0,0,1.1,0.08,6903,-1,-1,1665,1667,120,120,-1,-1,100,110,-1,-1,0,105,105,105,105,120,500,100,100,0,120,0,0,0,0,0,0,0,0,0,0,40,0,0,0,0,2,0,0,0,0,0,0,1,0,0,3,255,0,255,0,255,0,0,0,0,0,0,0,0,0,0,0,2,1,0,0,0,0,0,0,0,0,0,0,-1,-1,2100,2010,-1,-1,-1,-1,-1,-1,-1,-1,-1,-1,-1,-1,-1,-1,-1,-1,-1,-1,-1,-1,-1,-1,-1,-1,-1,-1,-1,-1,0,0,0,0,0,0,0,0,0,0,0,0,-1,-1,-1,-1,-1,-1,-1,-1,-1,-1,-1,-1,-1,-1,-1,-1,-1,-1,-1,-1,-1,-1,-1,-1,0,0,0,0,0,0,0,0,0,0,0,0,0,0,0,0,0,0,0,0,0,0,0,0,255,139,139,105,0,0,0,0,0,0,0,100,100,100,100,0,0,100,-1,0,100,105,0,1,1,-1,0,0,130,0,0,0,0,105,0,105,0,0,0,0,130,0,[0|0|0|0]
6700223,Light Greatsword - Default Attack,0.3,0.1,0,0,1.1,0.08,6903,-1,-1,1665,1667,120,120,-1,-1,100,110,-1,-1,0,105,105,105,105,120,500,100,100,0,120,0,0,0,0,0,0,0,0,0,0,40,0,0,0,0,2,0,0,0,0,0,0,1,2,0,3,255,0,255,0,255,0,0,0,0,0,0,0,0,0,0,0,2,1,0,0,0,0,0,0,0,0,0,0,-1,-1,2100,2010,-1,-1,-1,-1,-1,-1,-1,-1,-1,-1,-1,-1,-1,-1,-1,-1,-1,-1,-1,-1,-1,-1,-1,-1,-1,-1,-1,-1,0,0,0,0,0,0,0,0,0,0,0,0,-1,-1,-1,-1,-1,-1,-1,-1,-1,-1,-1,-1,-1,-1,-1,-1,-1,-1,-1,-1,-1,-1,-1,-1,0,0,0,0,0,0,0,0,0,0,0,0,0,0,0,0,0,0,0,0,0,0,0,0,255,139,139,105,0,0,0,0,0,0,0,100,100,100,100,0,0,100,-1,0,100,105,0,1,1,-1,0,0,130,0,0,0,0,105,0,105,0,0,0,0,130,0,[0|0|0|0]
6700230,Light Greatsword - Default Attack,0.3,0.1,0,0,1.1,0.08,6903,-1,-1,1665,1667,120,120,-1,-1,100,110,-1,-1,0,106,106,106,106,120,500,100,100,0,120,0,0,0,0,0,0,0,0,0,0,40,0,0,0,0,2,0,0,0,0,0,0,1,0,0,3,255,0,255,0,255,0,0,0,0,0,0,0,0,0,0,0,4,1,0,0,0,0,0,0,0,0,0,0,-1,-1,2100,2010,-1,-1,-1,-1,-1,-1,-1,-1,-1,-1,-1,-1,-1,-1,-1,-1,-1,-1,-1,-1,-1,-1,-1,-1,-1,-1,-1,-1,0,0,0,0,0,0,0,0,0,0,0,0,-1,-1,-1,-1,-1,-1,-1,-1,-1,-1,-1,-1,-1,-1,-1,-1,-1,-1,-1,-1,-1,-1,-1,-1,0,0,0,0,0,0,0,0,0,0,0,0,0,0,0,0,0,0,0,0,0,0,0,0,255,139,139,106,0,0,0,0,0,0,0,100,100,100,100,0,0,100,-1,0,100,105,0,1,1,-1,0,0,130,0,0,0,0,106,0,106,0,0,0,0,130,0,[0|0|0|0]
6700240,Light Greatsword - Default Attack,0.3,0.1,0,0,1.7,0.04,6903,-1,-1,-1,-1,120,120,-1,-1,100,110,-1,-1,0,70,70,70,70,60,500,100,100,104,120,0,0,0,0,0,0,0,0,0,0,40,0,0,0,0,2,0,0,0,0,0,0,1,0,0,3,255,0,255,0,255,0,0,0,0,0,0,0,0,0,0,0,3,1,0,0,0,0,0,0,0,9,0,0,-1,-1,2100,2010,-1,-1,-1,-1,-1,-1,-1,-1,-1,-1,-1,-1,-1,-1,-1,-1,-1,-1,-1,-1,-1,-1,-1,-1,-1,-1,-1,-1,0,0,0,0,0,0,0,0,0,0,0,0,-1,-1,-1,-1,-1,-1,-1,-1,-1,-1,-1,-1,-1,-1,-1,-1,-1,-1,-1,-1,-1,-1,-1,-1,0,0,0,0,0,0,0,0,0,0,0,0,0,0,0,0,0,0,0,0,0,0,0,0,255,139,139,70,0,0,0,0,0,0,0,50,50,100,100,0,0,50,-1,0,100,115,0,1,1,-1,0,0,130,0,0,0,0,70,0,70,0,0,0,0,130,0,[0|0|0|0]
6700241,Light Greatsword - Default Attack,0.3,0.1,0,0,1.6,0.04,6903,-1,-1,1665,1667,120,120,-1,-1,100,110,-1,-1,0,85,85,85,85,60,500,100,100,104,120,0,0,0,0,0,0,0,0,0,0,40,0,0,0,0,2,0,0,0,0,0,0,1,0,0,2,255,0,255,0,255,0,0,0,0,0,0,0,0,0,0,0,0,1,0,0,0,0,0,0,0,0,0,0,-1,-1,2100,2010,-1,-1,-1,-1,-1,-1,-1,-1,-1,-1,-1,-1,-1,-1,-1,-1,-1,-1,-1,-1,-1,-1,-1,-1,-1,-1,-1,-1,0,0,0,0,0,0,0,0,0,0,0,0,-1,-1,-1,-1,-1,-1,-1,-1,-1,-1,-1,-1,-1,-1,-1,-1,-1,-1,-1,-1,-1,-1,-1,-1,0,0,0,0,0,0,0,0,0,0,0,0,0,0,0,0,0,0,0,0,0,0,0,0,255,139,139,85,0,0,0,0,0,0,0,100,100,100,100,0,0,100,-1,0,100,115,0,1,1,-1,0,0,130,0,0,0,0,85,0,85,0,0,0,0,130,0,[0|0|0|0]
6700243,Light Greatsword - Default Attack,0.3,0.1,0,0,1.6,0.04,6903,-1,-1,1665,1667,120,120,-1,-1,100,110,-1,-1,0,70,70,70,70,60,500,100,100,104,120,0,0,0,0,0,0,0,0,0,0,40,0,0,0,0,2,0,0,0,0,0,0,1,2,0,3,255,0,255,0,255,0,0,0,0,0,0,0,0,0,0,0,3,1,0,0,0,0,0,0,0,0,0,0,-1,-1,2100,2010,-1,-1,-1,-1,-1,-1,-1,-1,-1,-1,-1,-1,-1,-1,-1,-1,-1,-1,-1,-1,-1,-1,-1,-1,-1,-1,-1,-1,0,0,0,0,0,0,0,0,0,0,0,0,-1,-1,-1,-1,-1,-1,-1,-1,-1,-1,-1,-1,-1,-1,-1,-1,-1,-1,-1,-1,-1,-1,-1,-1,0,0,0,0,0,0,0,0,0,0,0,0,0,0,0,0,0,0,0,0,0,0,0,0,255,139,139,70,0,0,0,0,0,0,0,50,50,100,100,0,0,50,-1,0,100,115,0,1,1,-1,0,0,130,0,0,0,0,70,0,70,0,0,0,0,130,0,[0|0|0|0]
6700300,Light Greatsword - Default Attack,0.3,0.1,0,0,1.5,0.04,6904,-1,-1,-1,-1,120,120,-1,-1,100,110,-1,-1,0,80,80,80,80,85,500,100,100,0,120,0,0,0,0,0,0,0,0,0,0,40,0,0,0,0,2,0,0,0,0,0,0,1,0,0,3,255,0,255,0,255,0,0,0,0,0,0,0,0,0,0,0,3,1,0,0,0,0,0,0,0,9,0,0,-1,-1,2100,2010,-1,-1,-1,-1,-1,-1,-1,-1,-1,-1,-1,-1,-1,-1,-1,-1,-1,-1,-1,-1,-1,-1,-1,-1,-1,-1,-1,-1,0,0,0,0,0,0,0,0,0,0,0,0,-1,-1,-1,-1,-1,-1,-1,-1,-1,-1,-1,-1,-1,-1,-1,-1,-1,-1,-1,-1,-1,-1,-1,-1,0,0,0,0,0,0,0,0,0,0,0,0,0,0,0,0,0,0,0,0,0,0,0,0,255,139,139,80,0,0,0,0,0,0,0,50,50,100,100,0,0,50,-1,0,100,130,0,1,1,-1,0,0,110,0,0,0,0,80,0,80,0,0,0,0,130,0,[0|0|0|0]
6700301,Light Greatsword - Default Attack,0.3,0.1,0,0,1.8,0.04,6904,-1,-1,1665,1667,120,120,-1,-1,100,110,-1,-1,0,90,90,90,90,85,500,100,100,0,120,0,0,0,0,0,0,0,0,0,0,40,0,0,0,0,2,0,0,0,0,0,0,1,0,0,3,255,0,255,0,255,0,0,0,0,0,0,0,0,0,0,0,4,1,0,0,0,0,0,0,0,0,0,0,-1,-1,2100,2010,-1,-1,-1,-1,-1,-1,-1,-1,-1,-1,-1,-1,-1,-1,-1,-1,-1,-1,-1,-1,-1,-1,-1,-1,-1,-1,-1,-1,0,0,0,0,0,0,0,0,0,0,0,0,-1,-1,-1,-1,-1,-1,-1,-1,-1,-1,-1,-1,-1,-1,-1,-1,-1,-1,-1,-1,-1,-1,-1,-1,0,0,0,0,0,0,0,0,0,0,0,0,0,0,0,0,0,0,0,0,0,0,0,0,255,139,139,90,0,0,0,0,0,0,0,100,100,100,100,0,0,100,-1,0,100,130,0,1,1,-1,0,0,110,0,0,0,0,90,0,90,0,0,0,0,130,0,[0|0|0|0]
6700304,Light Greatsword - Default Attack,0.3,0.1,0,0,1.8,0.04,6904,-1,-1,1665,1667,120,120,-1,-1,100,110,-1,-1,0,90,90,90,90,85,500,100,100,0,120,0,0,0,0,0,0,0,0,0,0,40,0,0,0,0,2,0,0,0,0,0,0,1,2,0,3,255,0,255,0,255,0,0,0,0,0,0,0,0,0,0,0,4,1,0,0,0,0,0,0,0,0,0,0,-1,-1,2100,2010,-1,-1,-1,-1,-1,-1,-1,-1,-1,-1,-1,-1,-1,-1,-1,-1,-1,-1,-1,-1,-1,-1,-1,-1,-1,-1,-1,-1,0,0,0,0,0,0,0,0,0,0,0,0,-1,-1,-1,-1,-1,-1,-1,-1,-1,-1,-1,-1,-1,-1,-1,-1,-1,-1,-1,-1,-1,-1,-1,-1,0,0,0,0,0,0,0,0,0,0,0,0,0,0,0,0,0,0,0,0,0,0,0,0,255,139,139,90,0,0,0,0,0,0,0,100,100,100,100,0,0,100,-1,0,100,130,0,1,1,-1,0,0,110,0,0,0,0,90,0,90,0,0,0,0,130,0,[0|0|0|0]
6700305,Light Greatsword - Default Attack,0.3,0.1,0,0,1.7,0.04,6906,-1,-1,-1,-1,120,120,-1,-1,100,110,-1,-1,0,95,95,95,95,120,500,100,100,100,120,0,0,0,0,0,0,0,0,0,0,40,0,0,0,0,2,0,0,0,0,0,0,2,0,0,3,255,0,255,0,255,0,0,0,0,0,0,0,0,0,0,0,3,1,0,0,0,0,0,0,0,9,0,0,-1,-1,2100,2010,-1,-1,-1,-1,-1,-1,-1,-1,-1,-1,-1,-1,-1,-1,-1,-1,-1,-1,-1,-1,-1,-1,-1,-1,-1,-1,-1,-1,0,0,0,0,0,0,0,0,0,0,0,0,-1,-1,-1,-1,-1,-1,-1,-1,-1,-1,-1,-1,-1,-1,-1,-1,-1,-1,-1,-1,-1,-1,-1,-1,0,0,0,0,0,0,0,0,0,0,0,0,0,0,0,0,0,0,0,0,0,0,0,0,255,139,139,95,0,0,0,0,0,0,3,50,50,100,100,0,0,50,-1,0,100,150,0,1,1,-1,0,0,330,0,0,0,0,95,0,95,0,0,0,0,130,0,[0|0|0|0]
6700306,Light Greatsword - Default Attack,0.3,0.1,0,0,1.55,0.04,6906,-1,-1,1665,1667,120,120,-1,-1,100,110,-1,-1,0,105,105,105,105,120,500,100,100,100,120,0,0,0,0,0,0,0,0,0,0,40,0,0,0,0,2,0,0,0,0,0,0,2,0,0,3,255,0,255,0,255,0,0,0,0,0,0,0,0,0,0,0,4,1,0,0,0,0,0,0,0,0,0,0,-1,-1,2100,2010,-1,-1,-1,-1,-1,-1,-1,-1,-1,-1,-1,-1,-1,-1,-1,-1,-1,-1,-1,-1,-1,-1,-1,-1,-1,-1,-1,-1,0,0,0,0,0,0,0,0,0,0,0,0,-1,-1,-1,-1,-1,-1,-1,-1,-1,-1,-1,-1,-1,-1,-1,-1,-1,-1,-1,-1,-1,-1,-1,-1,0,0,0,0,0,0,0,0,0,0,0,0,0,0,0,0,0,0,0,0,0,0,0,0,255,139,139,105,0,0,0,0,0,0,3,100,100,100,100,0,0,100,-1,0,100,150,0,1,1,-1,0,0,330,0,0,0,0,105,0,105,0,0,0,0,130,0,[0|0|0|0]
6700309,Light Greatsword - Default Attack,0.3,0.1,0,0,1.55,0.04,6906,-1,-1,1665,1667,120,120,-1,-1,100,110,-1,-1,0,105,105,105,105,120,500,100,100,100,120,0,0,0,0,0,0,0,0,0,0,40,0,0,0,0,2,0,0,0,0,0,0,2,2,0,3,255,0,255,0,255,0,0,0,0,0,0,0,0,0,0,0,4,1,0,0,0,0,0,0,0,0,0,0,-1,-1,2100,2010,-1,-1,-1,-1,-1,-1,-1,-1,-1,-1,-1,-1,-1,-1,-1,-1,-1,-1,-1,-1,-1,-1,-1,-1,-1,-1,-1,-1,0,0,0,0,0,0,0,0,0,0,0,0,-1,-1,-1,-1,-1,-1,-1,-1,-1,-1,-1,-1,-1,-1,-1,-1,-1,-1,-1,-1,-1,-1,-1,-1,0,0,0,0,0,0,0,0,0,0,0,0,0,0,0,0,0,0,0,0,0,0,0,0,255,139,139,105,0,0,0,0,0,0,3,100,100,100,100,0,0,100,-1,0,100,150,0,1,1,-1,0,0,330,0,0,0,0,105,0,105,0,0,0,0,130,0,[0|0|0|0]
6700310,Light Greatsword - Default Attack,0.3,0.1,0,0,0.5,0.04,6904,-1,-1,-1,-1,120,120,-1,-1,100,110,-1,-1,0,80,80,80,80,85,500,100,100,0,120,0,0,0,0,0,0,0,0,0,0,40,0,0,0,0,2,0,0,0,0,0,0,1,0,0,3,255,0,255,0,255,0,0,0,0,0,0,0,0,0,0,0,4,1,0,0,0,0,0,0,0,9,0,0,-1,-1,2100,2010,-1,-1,-1,-1,-1,-1,-1,-1,-1,-1,-1,-1,-1,-1,-1,-1,-1,-1,-1,-1,-1,-1,-1,-1,-1,-1,-1,-1,0,0,0,0,0,0,0,0,0,0,0,0,-1,-1,-1,-1,-1,-1,-1,-1,-1,-1,-1,-1,-1,-1,-1,-1,-1,-1,-1,-1,-1,-1,-1,-1,0,0,0,0,0,0,0,0,0,0,0,0,0,0,0,0,0,0,0,0,0,0,0,0,255,139,139,80,0,0,0,0,0,0,0,50,50,100,100,0,0,50,-1,0,100,130,0,1,1,-1,0,0,110,0,0,0,0,80,0,80,0,0,0,0,130,0,[0|0|0|0]
6700311,Light Greatsword - Default Attack,0.3,0.1,0,0,1.9,0.04,6904,-1,-1,1665,1667,120,120,-1,-1,100,110,-1,-1,0,90,90,90,90,85,500,100,100,0,120,0,0,0,0,0,0,0,0,0,0,40,0,0,0,0,2,0,0,0,0,0,0,1,0,0,3,255,0,255,0,255,0,0,0,0,0,0,0,0,0,0,0,1,1,0,0,0,0,0,0,0,0,0,0,-1,-1,2100,2010,-1,-1,-1,-1,-1,-1,-1,-1,-1,-1,-1,-1,-1,-1,-1,-1,-1,-1,-1,-1,-1,-1,-1,-1,-1,-1,-1,-1,0,0,0,0,0,0,0,0,0,0,0,0,-1,-1,-1,-1,-1,-1,-1,-1,-1,-1,-1,-1,-1,-1,-1,-1,-1,-1,-1,-1,-1,-1,-1,-1,0,0,0,0,0,0,0,0,0,0,0,0,0,0,0,0,0,0,0,0,0,0,0,0,255,139,139,90,0,0,0,0,0,0,0,100,100,100,100,0,0,100,-1,0,100,130,0,1,1,-1,0,0,110,0,0,0,0,90,0,90,0,0,0,0,130,0,[0|0|0|0]
6700313,Light Greatsword - Default Attack,0.3,0.1,0,0,0.5,0.04,6904,-1,-1,-1,-1,120,120,-1,-1,100,110,-1,-1,0,80,80,80,80,85,500,100,100,0,120,0,0,0,0,0,0,0,0,0,0,40,0,0,0,0,2,0,0,0,0,0,0,1,2,0,3,255,0,255,0,255,0,0,0,0,0,0,0,0,0,0,0,4,1,0,0,0,0,0,0,0,9,0,0,-1,-1,2100,2010,-1,-1,-1,-1,-1,-1,-1,-1,-1,-1,-1,-1,-1,-1,-1,-1,-1,-1,-1,-1,-1,-1,-1,-1,-1,-1,-1,-1,0,0,0,0,0,0,0,0,0,0,0,0,-1,-1,-1,-1,-1,-1,-1,-1,-1,-1,-1,-1,-1,-1,-1,-1,-1,-1,-1,-1,-1,-1,-1,-1,0,0,0,0,0,0,0,0,0,0,0,0,0,0,0,0,0,0,0,0,0,0,0,0,255,139,139,80,0,0,0,0,0,0,0,50,50,100,100,0,0,50,-1,0,100,130,0,1,1,-1,0,0,110,0,0,0,0,80,0,80,0,0,0,0,130,0,[0|0|0|0]
6700314,Light Greatsword - Default Attack,0.3,0.1,0,0,1.9,0.04,6904,-1,-1,1665,1667,120,120,-1,-1,100,110,-1,-1,0,90,90,90,90,85,500,100,100,0,120,0,0,0,0,0,0,0,0,0,0,40,0,0,0,0,2,0,0,0,0,0,0,1,2,0,3,255,0,255,0,255,0,0,0,0,0,0,0,0,0,0,0,1,1,0,0,0,0,0,0,0,0,0,0,-1,-1,2100,2010,-1,-1,-1,-1,-1,-1,-1,-1,-1,-1,-1,-1,-1,-1,-1,-1,-1,-1,-1,-1,-1,-1,-1,-1,-1,-1,-1,-1,0,0,0,0,0,0,0,0,0,0,0,0,-1,-1,-1,-1,-1,-1,-1,-1,-1,-1,-1,-1,-1,-1,-1,-1,-1,-1,-1,-1,-1,-1,-1,-1,0,0,0,0,0,0,0,0,0,0,0,0,0,0,0,0,0,0,0,0,0,0,0,0,255,139,139,90,0,0,0,0,0,0,0,100,100,100,100,0,0,100,-1,0,100,130,0,1,1,-1,0,0,110,0,0,0,0,90,0,90,0,0,0,0,130,0,[0|0|0|0]
6700315,Light Greatsword - Default Attack,0.3,0.1,0,0,1.7,0.04,6906,-1,-1,-1,-1,120,120,-1,-1,100,110,-1,-1,0,95,95,95,95,120,500,100,100,100,120,0,0,0,0,0,0,0,0,0,0,40,0,0,0,0,2,0,0,0,0,0,0,2,0,0,3,255,0,255,0,255,0,0,0,0,0,0,0,0,0,0,0,4,1,0,0,0,0,0,0,0,9,0,0,-1,-1,2100,2010,-1,-1,-1,-1,-1,-1,-1,-1,-1,-1,-1,-1,-1,-1,-1,-1,-1,-1,-1,-1,-1,-1,-1,-1,-1,-1,-1,-1,0,0,0,0,0,0,0,0,0,0,0,0,-1,-1,-1,-1,-1,-1,-1,-1,-1,-1,-1,-1,-1,-1,-1,-1,-1,-1,-1,-1,-1,-1,-1,-1,0,0,0,0,0,0,0,0,0,0,0,0,0,0,0,0,0,0,0,0,0,0,0,0,255,139,139,95,0,0,0,0,0,0,0,50,50,100,100,0,0,50,-1,0,100,150,0,1,1,-1,0,0,330,0,0,0,0,95,0,95,0,0,0,0,130,0,[0|0|0|0]
6700316,Light Greatsword - Default Attack,0.3,0.1,0,0,1.7,0.04,6906,-1,-1,1665,1667,120,120,-1,-1,100,110,-1,-1,0,105,105,105,105,120,500,100,100,100,120,0,0,0,0,0,0,0,0,0,0,40,0,0,0,0,2,0,0,0,0,0,0,2,0,0,3,255,0,255,0,255,0,0,0,0,0,0,0,0,0,0,0,1,1,0,0,0,0,0,0,0,0,0,0,-1,-1,2100,2010,-1,-1,-1,-1,-1,-1,-1,-1,-1,-1,-1,-1,-1,-1,-1,-1,-1,-1,-1,-1,-1,-1,-1,-1,-1,-1,-1,-1,0,0,0,0,0,0,0,0,0,0,0,0,-1,-1,-1,-1,-1,-1,-1,-1,-1,-1,-1,-1,-1,-1,-1,-1,-1,-1,-1,-1,-1,-1,-1,-1,0,0,0,0,0,0,0,0,0,0,0,0,0,0,0,0,0,0,0,0,0,0,0,0,255,139,139,105,0,0,0,0,0,0,0,100,100,100,100,0,0,100,-1,0,100,150,0,1,1,-1,0,0,330,0,0,0,0,105,0,105,0,0,0,0,130,0,[0|0|0|0]
6700318,Light Greatsword - Default Attack,0.3,0.1,0,0,1.7,0.04,6906,-1,-1,-1,-1,120,120,-1,-1,100,110,-1,-1,0,95,95,95,95,120,500,100,100,100,120,0,0,0,0,0,0,0,0,0,0,40,0,0,0,0,2,0,0,0,0,0,0,2,2,0,3,255,0,255,0,255,0,0,0,0,0,0,0,0,0,0,0,4,1,0,0,0,0,0,0,0,9,0,0,-1,-1,2100,2010,-1,-1,-1,-1,-1,-1,-1,-1,-1,-1,-1,-1,-1,-1,-1,-1,-1,-1,-1,-1,-1,-1,-1,-1,-1,-1,-1,-1,0,0,0,0,0,0,0,0,0,0,0,0,-1,-1,-1,-1,-1,-1,-1,-1,-1,-1,-1,-1,-1,-1,-1,-1,-1,-1,-1,-1,-1,-1,-1,-1,0,0,0,0,0,0,0,0,0,0,0,0,0,0,0,0,0,0,0,0,0,0,0,0,255,139,139,95,0,0,0,0,0,0,0,50,50,100,100,0,0,50,-1,0,100,150,0,1,1,-1,0,0,330,0,0,0,0,95,0,95,0,0,0,0,130,0,[0|0|0|0]
6700319,Light Greatsword - Default Attack,0.3,0.1,0,0,1.7,0.04,6906,-1,-1,1665,1667,120,120,-1,-1,100,110,-1,-1,0,105,105,105,105,120,500,100,100,100,120,0,0,0,0,0,0,0,0,0,0,40,0,0,0,0,2,0,0,0,0,0,0,2,2,0,3,255,0,255,0,255,0,0,0,0,0,0,0,0,0,0,0,1,1,0,0,0,0,0,0,0,0,0,0,-1,-1,2100,2010,-1,-1,-1,-1,-1,-1,-1,-1,-1,-1,-1,-1,-1,-1,-1,-1,-1,-1,-1,-1,-1,-1,-1,-1,-1,-1,-1,-1,0,0,0,0,0,0,0,0,0,0,0,0,-1,-1,-1,-1,-1,-1,-1,-1,-1,-1,-1,-1,-1,-1,-1,-1,-1,-1,-1,-1,-1,-1,-1,-1,0,0,0,0,0,0,0,0,0,0,0,0,0,0,0,0,0,0,0,0,0,0,0,0,255,139,139,105,0,0,0,0,0,0,0,100,100,100,100,0,0,100,-1,0,100,150,0,1,1,-1,0,0,330,0,0,0,0,105,0,105,0,0,0,0,130,0,[0|0|0|0]
6700320,Light Greatsword - Default Attack,0.3,0.1,0,0,1.5,0.08,6903,-1,-1,1665,1667,120,120,-1,-1,100,110,-1,-1,0,110,110,110,110,140,500,100,100,122,120,0,0,0,0,0,0,0,0,0,0,40,0,0,0,0,2,0,0,0,0,0,0,1,0,0,2,255,0,255,0,255,0,0,0,0,0,0,0,0,0,0,0,0,1,0,0,0,0,0,0,0,0,0,0,-1,-1,2100,2010,-1,-1,-1,-1,-1,-1,-1,-1,-1,-1,-1,-1,-1,-1,-1,-1,-1,-1,-1,-1,-1,-1,-1,-1,-1,-1,-1,-1,0,0,0,0,0,0,0,0,0,0,0,0,-1,-1,-1,-1,-1,-1,-1,-1,-1,-1,-1,-1,-1,-1,-1,-1,-1,-1,-1,-1,-1,-1,-1,-1,0,0,0,0,0,0,0,0,0,0,0,0,0,0,0,0,0,0,0,0,0,0,0,0,255,139,139,110,0,0,0,0,0,0,0,100,100,100,100,0,0,100,-1,0,100,110,0,1,1,-1,0,0,130,0,0,0,0,110,0,110,0,0,0,0,130,0,[0|0|0|0]
6700325,Light Greatsword - Default Attack,0.3,0.1,0,0,1.1,0.04,6904,-1,-1,-1,-1,120,120,-1,-1,100,110,-1,-1,0,70,70,70,70,90,500,100,100,122,120,0,0,0,0,0,0,0,0,0,0,40,0,0,0,0,2,0,0,0,0,0,0,1,0,0,3,255,0,255,0,255,0,0,0,0,0,0,0,0,0,0,0,3,1,0,0,0,0,0,0,0,9,0,0,-1,-1,2100,2010,-1,-1,-1,-1,-1,-1,-1,-1,-1,-1,-1,-1,-1,-1,-1,-1,-1,-1,-1,-1,-1,-1,-1,-1,-1,-1,-1,-1,0,0,0,0,0,0,0,0,0,0,0,0,-1,-1,-1,-1,-1,-1,-1,-1,-1,-1,-1,-1,-1,-1,-1,-1,-1,-1,-1,-1,-1,-1,-1,-1,0,0,0,0,0,0,0,0,0,0,0,0,0,0,0,0,0,0,0,0,0,0,0,0,255,139,139,70,0,0,0,0,0,0,0,50,50,100,100,0,0,50,-1,0,100,130,0,1,1,-1,0,0,110,0,0,0,0,70,0,70,0,0,0,0,130,0,[0|0|0|0]
6700326,Light Greatsword - Default Attack,0.3,0.1,0,0,1,0.04,6904,-1,-1,1665,1667,120,120,-1,-1,100,110,-1,-1,0,100,100,100,100,90,500,100,100,122,120,0,0,0,0,0,0,0,0,0,0,40,0,0,0,0,2,0,0,0,0,0,0,1,0,0,3,255,0,255,0,255,0,0,0,0,0,0,0,0,0,0,0,2,1,0,0,0,0,0,0,0,0,0,0,-1,-1,2100,2010,-1,-1,-1,-1,-1,-1,-1,-1,-1,-1,-1,-1,-1,-1,-1,-1,-1,-1,-1,-1,-1,-1,-1,-1,-1,-1,-1,-1,0,0,0,0,0,0,0,0,0,0,0,0,-1,-1,-1,-1,-1,-1,-1,-1,-1,-1,-1,-1,-1,-1,-1,-1,-1,-1,-1,-1,-1,-1,-1,-1,0,0,0,0,0,0,0,0,0,0,0,0,0,0,0,0,0,0,0,0,0,0,0,0,255,139,139,100,0,0,0,0,0,0,0,100,100,100,100,0,0,100,-1,0,100,130,0,1,1,-1,0,0,110,0,0,0,0,100,0,100,0,0,0,0,130,0,[0|0|0|0]
6700329,Light Greatsword - Default Attack,0.3,0.1,0,0,1,0.04,6904,-1,-1,1665,1667,120,120,-1,-1,100,110,-1,-1,0,100,100,100,100,90,500,100,100,122,120,0,0,0,0,0,0,0,0,0,0,40,0,0,0,0,2,0,0,0,0,0,0,1,2,0,3,255,0,255,0,255,0,0,0,0,0,0,0,0,0,0,0,2,1,0,0,0,0,0,0,0,0,0,0,-1,-1,2100,2010,-1,-1,-1,-1,-1,-1,-1,-1,-1,-1,-1,-1,-1,-1,-1,-1,-1,-1,-1,-1,-1,-1,-1,-1,-1,-1,-1,-1,0,0,0,0,0,0,0,0,0,0,0,0,-1,-1,-1,-1,-1,-1,-1,-1,-1,-1,-1,-1,-1,-1,-1,-1,-1,-1,-1,-1,-1,-1,-1,-1,0,0,0,0,0,0,0,0,0,0,0,0,0,0,0,0,0,0,0,0,0,0,0,0,255,139,139,100,0,0,0,0,0,0,0,100,100,100,100,0,0,100,-1,0,100,130,0,1,1,-1,0,0,110,0,0,0,0,100,0,100,0,0,0,0,130,0,[0|0|0|0]
6700330,Light Greatsword - Default Attack,0.3,0.1,0,0,1.1,0.08,6903,-1,-1,1665,1667,120,120,-1,-1,100,110,-1,-1,0,95,95,95,95,130,500,100,100,121,120,0,0,0,0,0,0,0,0,0,0,40,0,0,0,0,2,0,0,0,0,0,0,1,0,0,3,255,2,255,0,255,0,0,0,0,0,0,0,0,0,0,0,4,1,0,0,0,0,0,0,0,0,0,0,-1,-1,2100,2010,-1,-1,-1,-1,-1,-1,-1,-1,-1,-1,-1,-1,-1,-1,-1,-1,-1,-1,-1,-1,-1,-1,-1,-1,-1,-1,-1,-1,0,0,0,0,0,0,0,0,0,0,0,0,-1,-1,-1,-1,-1,-1,-1,-1,-1,-1,-1,-1,-1,-1,-1,-1,-1,-1,-1,-1,-1,-1,-1,-1,0,0,0,0,0,0,0,0,0,0,0,0,0,0,0,0,0,0,0,0,0,0,0,0,255,139,139,95,0,0,0,0,0,0,0,100,100,100,100,0,0,100,-1,0,100,90,0,1,1,-1,0,0,130,0,0,0,0,95,0,95,0,0,0,0,130,0,[0|0|0|0]
6700333,Light Greatsword - Default Attack,0.3,0.1,0,0,1.1,0.08,6903,-1,-1,1665,1667,120,120,-1,-1,100,110,-1,-1,0,95,95,95,95,130,500,100,100,121,120,0,0,0,0,0,0,0,0,0,0,40,0,0,0,0,2,0,0,0,0,0,0,1,2,0,3,255,2,255,0,255,0,0,0,0,0,0,0,0,0,0,0,4,1,0,0,0,0,0,0,0,0,0,0,-1,-1,2100,2010,-1,-1,-1,-1,-1,-1,-1,-1,-1,-1,-1,-1,-1,-1,-1,-1,-1,-1,-1,-1,-1,-1,-1,-1,-1,-1,-1,-1,0,0,0,0,0,0,0,0,0,0,0,0,-1,-1,-1,-1,-1,-1,-1,-1,-1,-1,-1,-1,-1,-1,-1,-1,-1,-1,-1,-1,-1,-1,-1,-1,0,0,0,0,0,0,0,0,0,0,0,0,0,0,0,0,0,0,0,0,0,0,0,0,255,139,139,95,0,0,0,0,0,0,0,100,100,100,100,0,0,100,-1,0,100,90,0,1,1,-1,0,0,130,0,0,0,0,95,0,95,0,0,0,0,130,0,[0|0|0|0]
6700340,Light Greatsword - Default Attack,0.3,0.1,0,0,1.25,0.08,6903,-1,-1,1665,1667,120,120,-1,-1,100,110,-1,-1,0,95,95,95,95,130,500,100,100,121,120,0,0,0,0,0,0,0,0,0,0,40,0,0,0,0,2,0,0,0,0,0,0,1,0,0,3,255,0,255,0,255,0,0,0,0,0,0,0,0,0,0,0,2,1,0,0,0,0,0,0,0,0,0,0,-1,-1,2100,2010,-1,-1,-1,-1,-1,-1,-1,-1,-1,-1,-1,-1,-1,-1,-1,-1,-1,-1,-1,-1,-1,-1,-1,-1,-1,-1,-1,-1,0,0,0,0,0,0,0,0,0,0,0,0,-1,-1,-1,-1,-1,-1,-1,-1,-1,-1,-1,-1,-1,-1,-1,-1,-1,-1,-1,-1,-1,-1,-1,-1,0,0,0,0,0,0,0,0,0,0,0,0,0,0,0,0,0,0,0,0,0,0,0,0,255,139,139,95,0,0,0,0,0,0,0,100,100,100,100,0,0,100,-1,0,100,90,0,1,1,-1,0,0,130,0,0,0,0,95,0,95,0,0,0,0,130,0,[0|0|0|0]
6700343,Light Greatsword - Default Attack,0.3,0.1,0,0,1.25,0.08,6903,-1,-1,1665,1667,120,120,-1,-1,100,110,-1,-1,0,95,95,95,95,130,500,100,100,121,120,0,0,0,0,0,0,0,0,0,0,40,0,0,0,0,2,0,0,0,0,0,0,1,2,0,3,255,0,255,0,255,0,0,0,0,0,0,0,0,0,0,0,2,1,0,0,0,0,0,0,0,0,0,0,-1,-1,2100,2010,-1,-1,-1,-1,-1,-1,-1,-1,-1,-1,-1,-1,-1,-1,-1,-1,-1,-1,-1,-1,-1,-1,-1,-1,-1,-1,-1,-1,0,0,0,0,0,0,0,0,0,0,0,0,-1,-1,-1,-1,-1,-1,-1,-1,-1,-1,-1,-1,-1,-1,-1,-1,-1,-1,-1,-1,-1,-1,-1,-1,0,0,0,0,0,0,0,0,0,0,0,0,0,0,0,0,0,0,0,0,0,0,0,0,255,139,139,95,0,0,0,0,0,0,0,100,100,100,100,0,0,100,-1,0,100,90,0,1,1,-1,0,0,130,0,0,0,0,95,0,95,0,0,0,0,130,0,[0|0|0|0]
6700350,Light Greatsword - Default Attack,0.3,0.1,0,0,0.8,0.08,6903,-1,-1,1665,1667,120,120,-1,-1,100,110,-1,-1,0,112,112,112,112,120,9900,100,100,102,120,0,0,0,0,0,0,0,0,0,0,40,0,0,0,0,2,0,0,0,0,0,0,1,0,0,2,255,0,255,0,255,0,0,0,0,0,0,0,0,0,0,1,0,1,0,0,0,0,0,0,0,0,0,0,-1,-1,2100,2010,-1,-1,-1,-1,-1,-1,-1,-1,-1,-1,-1,-1,-1,-1,-1,-1,-1,-1,-1,-1,-1,-1,-1,-1,-1,-1,-1,-1,0,0,0,0,0,0,0,0,0,0,0,0,-1,-1,-1,-1,-1,-1,-1,-1,-1,-1,-1,-1,-1,-1,-1,-1,-1,-1,-1,-1,-1,-1,-1,-1,0,0,0,0,0,0,0,0,0,0,0,0,0,0,0,0,0,0,0,0,0,0,0,0,255,139,139,112,0,0,0,0,0,0,0,100,100,100,100,0,0,100,-1,0,100,130,0,1,1,-1,0,0,195,0,0,0,0,112,0,112,0,0,0,0,130,0,[0|0|0|0]
6700360,Light Greatsword - Default Attack,0.3,0.1,0,0,0.35,0.04,6904,-1,-1,-1,-1,120,120,-1,-1,100,110,-1,-1,0,80,80,80,80,120,9900,100,100,102,120,0,0,0,0,0,0,0,0,0,0,40,0,0,0,0,2,0,0,0,0,0,0,1,0,0,3,255,0,255,0,255,0,0,0,0,0,0,0,0,0,0,1,2,1,0,0,0,0,0,0,0,9,0,0,-1,-1,2100,2010,-1,-1,-1,-1,-1,-1,-1,-1,-1,-1,-1,-1,-1,-1,-1,-1,-1,-1,-1,-1,-1,-1,-1,-1,-1,-1,-1,-1,0,0,0,0,0,0,0,0,0,0,0,0,-1,-1,-1,-1,-1,-1,-1,-1,-1,-1,-1,-1,-1,-1,-1,-1,-1,-1,-1,-1,-1,-1,-1,-1,0,0,0,0,0,0,0,0,0,0,0,0,0,0,0,0,0,0,0,0,0,0,0,0,255,139,139,80,0,0,0,0,0,0,0,50,50,100,100,0,0,50,-1,0,100,140,0,1,1,-1,0,0,220,0,0,0,0,80,0,80,0,0,0,0,130,0,[0|0|0|0]
6700361,Light Greatsword - Default Attack,0.3,0.1,0,0,1.6,0.04,6904,-1,-1,1665,1667,120,120,-1,-1,100,110,-1,-1,0,100,100,100,100,120,9900,100,100,102,120,0,0,0,0,0,0,0,0,0,0,40,0,0,0,0,2,0,0,0,0,0,0,1,0,0,3,255,0,255,0,255,0,0,0,0,0,0,0,0,0,0,1,1,1,0,0,0,0,0,0,0,0,0,0,-1,-1,2100,2010,-1,-1,-1,-1,-1,-1,-1,-1,-1,-1,-1,-1,-1,-1,-1,-1,-1,-1,-1,-1,-1,-1,-1,-1,-1,-1,-1,-1,0,0,0,0,0,0,0,0,0,0,0,0,-1,-1,-1,-1,-1,-1,-1,-1,-1,-1,-1,-1,-1,-1,-1,-1,-1,-1,-1,-1,-1,-1,-1,-1,0,0,0,0,0,0,0,0,0,0,0,0,0,0,0,0,0,0,0,0,0,0,0,0,255,139,139,100,0,0,0,0,0,0,0,100,100,100,100,0,0,100,-1,0,100,140,0,1,1,-1,0,0,220,0,0,0,0,100,0,100,0,0,0,0,130,0,[0|0|0|0]
6700363,Light Greatsword - Default Attack,0.3,0.1,0,0,0.35,0.04,6904,-1,-1,-1,-1,120,120,-1,-1,100,110,-1,-1,0,80,80,80,80,120,9900,100,100,102,120,0,0,0,0,0,0,0,0,0,0,40,0,0,0,0,2,0,0,0,0,0,0,1,2,0,3,255,0,255,0,255,0,0,0,0,0,0,0,0,0,0,1,2,1,0,0,0,0,0,0,0,0,0,0,-1,-1,2100,2010,-1,-1,-1,-1,-1,-1,-1,-1,-1,-1,-1,-1,-1,-1,-1,-1,-1,-1,-1,-1,-1,-1,-1,-1,-1,-1,-1,-1,0,0,0,0,0,0,0,0,0,0,0,0,-1,-1,-1,-1,-1,-1,-1,-1,-1,-1,-1,-1,-1,-1,-1,-1,-1,-1,-1,-1,-1,-1,-1,-1,0,0,0,0,0,0,0,0,0,0,0,0,0,0,0,0,0,0,0,0,0,0,0,0,255,139,139,80,0,0,0,0,0,0,0,50,50,100,100,0,0,50,-1,0,100,140,0,1,1,-1,0,0,220,0,0,0,0,80,0,80,0,0,0,0,130,0,[0|0|0|0]
6700364,Light Greatsword - Default Attack,0.3,0.1,0,0,1.6,0.04,6904,-1,-1,1665,1667,120,120,-1,-1,100,110,-1,-1,0,100,100,100,100,120,9900,100,100,102,120,0,0,0,0,0,0,0,0,0,0,40,0,0,0,0,2,0,0,0,0,0,0,1,2,0,3,255,0,255,0,255,0,0,0,0,0,0,0,0,0,0,1,1,1,0,0,0,0,0,0,0,0,0,0,-1,-1,2100,2010,-1,-1,-1,-1,-1,-1,-1,-1,-1,-1,-1,-1,-1,-1,-1,-1,-1,-1,-1,-1,-1,-1,-1,-1,-1,-1,-1,-1,0,0,0,0,0,0,0,0,0,0,0,0,-1,-1,-1,-1,-1,-1,-1,-1,-1,-1,-1,-1,-1,-1,-1,-1,-1,-1,-1,-1,-1,-1,-1,-1,0,0,0,0,0,0,0,0,0,0,0,0,0,0,0,0,0,0,0,0,0,0,0,0,255,139,139,100,0,0,0,0,0,0,0,100,100,100,100,0,0,100,-1,0,100,140,0,1,1,-1,0,0,220,0,0,0,0,100,0,100,0,0,0,0,130,0,[0|0|0|0]
6700380,Light Greatsword - Default Attack,0.3,0.1,0,0,1.5,0.04,-1,-1,-1,-1,-1,120,120,-1,-1,100,110,-1,-1,0,80,80,80,80,65,9900,100,60000,103,120,0,0,0,0,0,0,0,0,0,0,40,0,0,0,0,2,0,0,0,0,0,0,1,0,0,3,255,0,255,0,255,0,0,0,0,0,0,0,0,0,0,0,3,1,0,0,0,0,0,0,0,9,0,0,-1,-1,2100,2010,-1,-1,-1,-1,-1,-1,-1,-1,-1,-1,-1,-1,-1,-1,-1,-1,-1,-1,-1,-1,-1,-1,-1,-1,-1,-1,-1,-1,0,0,0,0,0,0,0,0,0,0,0,0,-1,-1,-1,-1,-1,-1,-1,-1,-1,-1,-1,-1,-1,-1,-1,-1,-1,-1,-1,-1,-1,-1,-1,-1,0,0,0,0,0,0,0,0,0,0,0,0,0,0,0,0,0,0,0,0,0,0,0,0,255,139,139,80,0,0,0,0,0,0,0,50,50,100,100,0,0,50,-1,0,100,100,0,1,1,-1,0,0,330,0,0,0,0,80,0,80,0,0,0,0,130,0,[0|0|0|0]
6700381,Light Greatsword - Default Attack,0.3,0.1,0,0,1.4,0.04,-1,-1,-1,1665,1667,120,120,-1,-1,100,110,-1,-1,0,100,100,100,100,65,9900,100,60000,103,120,0,0,0,0,0,0,0,0,0,0,40,0,0,0,0,2,0,0,0,0,0,0,1,0,0,3,255,0,255,0,255,0,0,0,0,0,0,0,0,0,0,0,4,1,0,0,0,0,0,0,0,0,0,0,-1,-1,2100,2010,-1,-1,-1,-1,-1,-1,-1,-1,-1,-1,-1,-1,-1,-1,-1,-1,-1,-1,-1,-1,-1,-1,-1,-1,-1,-1,-1,-1,0,0,0,0,0,0,0,0,0,0,0,0,-1,-1,-1,-1,-1,-1,-1,-1,-1,-1,-1,-1,-1,-1,-1,-1,-1,-1,-1,-1,-1,-1,-1,-1,0,0,0,0,0,0,0,0,0,0,0,0,0,0,0,0,0,0,0,0,0,0,0,0,255,139,139,100,0,0,0,0,0,0,0,100,100,100,100,0,0,100,-1,0,100,100,0,1,1,-1,0,0,330,0,0,0,0,100,0,100,0,0,0,0,130,0,[0|0|0|0]
6700383,Light Greatsword - Default Attack,0.3,0.1,0,0,1.2,0.04,-1,-1,-1,-1,-1,120,120,-1,-1,100,110,-1,-1,0,80,80,80,80,65,9900,100,60000,103,120,0,0,0,0,0,0,0,0,0,0,40,0,0,0,0,2,0,0,0,0,0,0,1,2,0,3,255,0,255,0,255,0,0,0,0,0,0,0,0,0,0,0,3,1,0,0,0,0,0,0,0,9,0,0,-1,-1,2100,2010,-1,-1,-1,-1,-1,-1,-1,-1,-1,-1,-1,-1,-1,-1,-1,-1,-1,-1,-1,-1,-1,-1,-1,-1,-1,-1,-1,-1,0,0,0,0,0,0,0,0,0,0,0,0,-1,-1,-1,-1,-1,-1,-1,-1,-1,-1,-1,-1,-1,-1,-1,-1,-1,-1,-1,-1,-1,-1,-1,-1,0,0,0,0,0,0,0,0,0,0,0,0,0,0,0,0,0,0,0,0,0,0,0,0,255,139,139,80,0,0,0,0,0,0,0,50,50,100,100,0,0,50,-1,0,100,100,0,1,1,-1,0,0,330,0,0,0,0,80,0,80,0,0,0,0,130,0,[0|0|0|0]
6700384,Light Greatsword - Default Attack,0.3,0.1,0,0,1.4,0.04,-1,-1,-1,1665,1667,120,120,-1,-1,100,110,-1,-1,0,100,100,100,100,65,9900,100,60000,103,120,0,0,0,0,0,0,0,0,0,0,40,0,0,0,0,2,0,0,0,0,0,0,1,2,0,3,255,0,255,0,255,0,0,0,0,0,0,0,0,0,0,0,4,1,0,0,0,0,0,0,0,0,0,0,-1,-1,2100,2010,-1,-1,-1,-1,-1,-1,-1,-1,-1,-1,-1,-1,-1,-1,-1,-1,-1,-1,-1,-1,-1,-1,-1,-1,-1,-1,-1,-1,0,0,0,0,0,0,0,0,0,0,0,0,-1,-1,-1,-1,-1,-1,-1,-1,-1,-1,-1,-1,-1,-1,-1,-1,-1,-1,-1,-1,-1,-1,-1,-1,0,0,0,0,0,0,0,0,0,0,0,0,0,0,0,0,0,0,0,0,0,0,0,0,255,139,139,100,0,0,0,0,0,0,0,100,100,100,100,0,0,100,-1,0,100,100,0,1,1,-1,0,0,330,0,0,0,0,100,0,100,0,0,0,0,130,0,[0|0|0|0]
6700400,Light Greatsword - Default Attack,0.3,0.1,0,0,1.15,0.08,6903,-1,-1,-1,1667,120,120,-1,-1,100,110,-1,-1,0,100,100,100,100,100,100,100,100,0,0,0,0,0,0,0,0,0,0,0,0,20,0,0,0,0,2,0,0,0,0,0,0,1,0,0,2,255,0,255,0,255,0,0,0,0,0,0,0,0,0,0,0,0,1,0,0,0,0,0,0,0,0,0,0,-1,-1,2100,2010,-1,-1,-1,-1,-1,-1,-1,-1,-1,-1,-1,-1,-1,-1,-1,-1,-1,-1,-1,-1,-1,-1,-1,-1,-1,-1,-1,-1,0,0,0,0,0,0,0,0,0,0,0,0,-1,-1,-1,-1,-1,-1,-1,-1,-1,-1,-1,-1,-1,-1,-1,-1,-1,-1,-1,-1,-1,-1,-1,-1,0,0,0,0,0,0,0,0,0,0,0,0,0,0,0,0,0,0,0,0,0,0,0,0,255,139,139,100,0,0,0,0,0,0,0,100,100,100,100,0,0,100,-1,0,100,100,0,1,1,-1,0,0,100,0,0,0,0,100,0,100,0,0,0,0,130,0,[0|0|0|0]
6700410,Light Greatsword - Default Attack,0.3,0.1,0,0,1,0.08,6903,-1,-1,-1,1667,120,120,-1,-1,100,110,-1,-1,0,101,101,101,101,100,100,100,100,0,0,0,0,0,0,0,0,0,0,0,0,20,0,0,0,0,2,0,0,0,0,0,0,1,0,0,3,255,0,255,0,255,0,0,0,0,0,0,0,0,0,0,0,1,1,0,0,0,0,0,0,0,0,0,0,-1,-1,2100,2010,-1,-1,-1,-1,-1,-1,-1,-1,-1,-1,-1,-1,-1,-1,-1,-1,-1,-1,-1,-1,-1,-1,-1,-1,-1,-1,-1,-1,0,0,0,0,0,0,0,0,0,0,0,0,-1,-1,-1,-1,-1,-1,-1,-1,-1,-1,-1,-1,-1,-1,-1,-1,-1,-1,-1,-1,-1,-1,-1,-1,0,0,0,0,0,0,0,0,0,0,0,0,0,0,0,0,0,0,0,0,0,0,0,0,255,139,139,101,0,0,0,0,0,0,0,100,100,100,100,0,0,100,-1,0,100,100,0,1,1,-1,0,0,100,0,0,0,0,101,0,101,0,0,0,0,130,0,[0|0|0|0]
6700413,Light Greatsword - Default Attack,0.3,0.1,0,0,1,0.08,6903,-1,-1,-1,1667,120,120,-1,-1,100,110,-1,-1,0,101,101,101,101,100,100,100,100,0,0,0,0,0,0,0,0,0,0,0,0,20,0,0,0,0,2,0,0,0,0,0,0,1,2,0,3,255,0,255,0,255,0,0,0,0,0,0,0,0,0,0,0,1,1,0,0,0,0,0,0,0,0,0,0,-1,-1,2100,2010,-1,-1,-1,-1,-1,-1,-1,-1,-1,-1,-1,-1,-1,-1,-1,-1,-1,-1,-1,-1,-1,-1,-1,-1,-1,-1,-1,-1,0,0,0,0,0,0,0,0,0,0,0,0,-1,-1,-1,-1,-1,-1,-1,-1,-1,-1,-1,-1,-1,-1,-1,-1,-1,-1,-1,-1,-1,-1,-1,-1,0,0,0,0,0,0,0,0,0,0,0,0,0,0,0,0,0,0,0,0,0,0,0,0,255,139,139,101,0,0,0,0,0,0,0,100,100,100,100,0,0,100,-1,0,100,100,0,1,1,-1,0,0,100,0,0,0,0,101,0,101,0,0,0,0,130,0,[0|0|0|0]
6700420,Light Greatsword - Default Attack,0.3,0.1,0,0,1.6,0.08,6903,-1,-1,-1,1667,120,120,-1,-1,100,110,-1,-1,0,102,102,102,102,100,100,100,100,0,0,0,0,0,0,0,0,0,0,0,0,20,0,0,0,0,2,0,0,0,0,0,0,1,0,0,3,255,0,255,0,255,0,0,0,0,0,0,0,0,0,0,0,2,1,0,0,0,0,0,0,0,0,0,0,-1,-1,2100,2010,-1,-1,-1,-1,-1,-1,-1,-1,-1,-1,-1,-1,-1,-1,-1,-1,-1,-1,-1,-1,-1,-1,-1,-1,-1,-1,-1,-1,0,0,0,0,0,0,0,0,0,0,0,0,-1,-1,-1,-1,-1,-1,-1,-1,-1,-1,-1,-1,-1,-1,-1,-1,-1,-1,-1,-1,-1,-1,-1,-1,0,0,0,0,0,0,0,0,0,0,0,0,0,0,0,0,0,0,0,0,0,0,0,0,255,139,139,102,0,0,0,0,0,0,0,100,100,100,100,0,0,100,-1,0,100,105,0,1,1,-1,0,0,100,0,0,0,0,102,0,102,0,0,0,0,130,0,[0|0|0|0]
6700423,Light Greatsword - Default Attack,0.3,0.1,0,0,1.6,0.08,6903,-1,-1,-1,1667,120,120,-1,-1,100,110,-1,-1,0,102,102,102,102,100,100,100,100,0,0,0,0,0,0,0,0,0,0,0,0,20,0,0,0,0,2,0,0,0,0,0,0,1,2,0,3,255,0,255,0,255,0,0,0,0,0,0,0,0,0,0,0,2,1,0,0,0,0,0,0,0,0,0,0,-1,-1,2100,2010,-1,-1,-1,-1,-1,-1,-1,-1,-1,-1,-1,-1,-1,-1,-1,-1,-1,-1,-1,-1,-1,-1,-1,-1,-1,-1,-1,-1,0,0,0,0,0,0,0,0,0,0,0,0,-1,-1,-1,-1,-1,-1,-1,-1,-1,-1,-1,-1,-1,-1,-1,-1,-1,-1,-1,-1,-1,-1,-1,-1,0,0,0,0,0,0,0,0,0,0,0,0,0,0,0,0,0,0,0,0,0,0,0,0,255,139,139,102,0,0,0,0,0,0,0,100,100,100,100,0,0,100,-1,0,100,105,0,1,1,-1,0,0,100,0,0,0,0,102,0,102,0,0,0,0,130,0,[0|0|0|0]
6700430,Light Greatsword - Default Attack,0.3,0.1,0,0,0.95,0.08,6903,-1,-1,-1,1667,120,120,-1,-1,100,110,-1,-1,0,103,103,103,103,100,100,100,100,0,0,0,0,0,0,0,0,0,0,0,0,20,0,0,0,0,2,0,0,0,0,0,0,1,0,0,3,255,0,255,0,255,0,0,0,0,0,0,0,0,0,0,0,4,1,0,0,0,0,0,0,0,0,0,0,-1,-1,2100,2010,-1,-1,-1,-1,-1,-1,-1,-1,-1,-1,-1,-1,-1,-1,-1,-1,-1,-1,-1,-1,-1,-1,-1,-1,-1,-1,-1,-1,0,0,0,0,0,0,0,0,0,0,0,0,-1,-1,-1,-1,-1,-1,-1,-1,-1,-1,-1,-1,-1,-1,-1,-1,-1,-1,-1,-1,-1,-1,-1,-1,0,0,0,0,0,0,0,0,0,0,0,0,0,0,0,0,0,0,0,0,0,0,0,0,255,139,139,103,0,0,0,0,0,0,0,100,100,100,100,0,0,100,-1,0,100,105,0,1,1,-1,0,0,100,0,0,0,0,103,0,103,0,0,0,0,130,0,[0|0|0|0]
6700440,Light Greatsword - Default Attack,0.3,0.1,0,0,1.2,0.08,6903,-1,-1,-1,-1,120,120,-1,-1,100,110,-1,-1,0,70,70,70,70,100,100,100,100,104,0,0,0,0,0,0,0,0,0,0,0,20,0,0,0,0,2,0,0,0,0,0,0,1,0,0,3,255,0,255,0,255,0,0,0,0,0,0,0,0,0,0,0,3,1,0,0,0,0,0,0,0,9,0,0,-1,-1,2100,2010,-1,-1,-1,-1,-1,-1,-1,-1,-1,-1,-1,-1,-1,-1,-1,-1,-1,-1,-1,-1,-1,-1,-1,-1,-1,-1,-1,-1,0,0,0,0,0,0,0,0,0,0,0,0,-1,-1,-1,-1,-1,-1,-1,-1,-1,-1,-1,-1,-1,-1,-1,-1,-1,-1,-1,-1,-1,-1,-1,-1,0,0,0,0,0,0,0,0,0,0,0,0,0,0,0,0,0,0,0,0,0,0,0,0,255,139,139,70,0,0,0,0,0,0,0,50,50,100,100,0,0,50,-1,0,100,115,0,1,1,-1,0,0,100,0,0,0,0,70,0,70,0,0,0,0,130,0,[0|0|0|0]
6700441,Light Greatsword - Default Attack,0.3,0.1,0,0,1.7,0.04,6903,-1,-1,-1,1667,120,120,-1,-1,100,110,-1,-1,0,80,80,80,80,100,100,100,100,104,0,0,0,0,0,0,0,0,0,0,0,20,0,0,0,0,2,0,0,0,0,0,0,1,0,0,3,255,0,255,0,255,0,0,0,0,0,0,0,0,0,0,0,1,1,0,0,0,0,0,0,0,0,0,0,-1,-1,2100,2010,-1,-1,-1,-1,-1,-1,-1,-1,-1,-1,-1,-1,-1,-1,-1,-1,-1,-1,-1,-1,-1,-1,-1,-1,-1,-1,-1,-1,0,0,0,0,0,0,0,0,0,0,0,0,-1,-1,-1,-1,-1,-1,-1,-1,-1,-1,-1,-1,-1,-1,-1,-1,-1,-1,-1,-1,-1,-1,-1,-1,0,0,0,0,0,0,0,0,0,0,0,0,0,0,0,0,0,0,0,0,0,0,0,0,255,139,139,80,0,0,0,0,0,0,0,100,100,100,100,0,0,100,-1,0,100,115,0,1,1,-1,0,0,100,0,0,0,0,80,0,80,0,0,0,0,130,0,[0|0|0|0]
6700444,Light Greatsword - Default Attack,0.3,0.1,0,0,1.7,0.04,6903,-1,-1,-1,1667,120,120,-1,-1,100,110,-1,-1,0,80,80,80,80,100,100,100,100,104,0,0,0,0,0,0,0,0,0,0,0,20,0,0,0,0,2,0,0,0,0,0,0,1,2,0,3,255,0,255,0,255,0,0,0,0,0,0,0,0,0,0,0,1,1,0,0,0,0,0,0,0,0,0,0,-1,-1,2100,2010,-1,-1,-1,-1,-1,-1,-1,-1,-1,-1,-1,-1,-1,-1,-1,-1,-1,-1,-1,-1,-1,-1,-1,-1,-1,-1,-1,-1,0,0,0,0,0,0,0,0,0,0,0,0,-1,-1,-1,-1,-1,-1,-1,-1,-1,-1,-1,-1,-1,-1,-1,-1,-1,-1,-1,-1,-1,-1,-1,-1,0,0,0,0,0,0,0,0,0,0,0,0,0,0,0,0,0,0,0,0,0,0,0,0,255,139,139,80,0,0,0,0,0,0,0,100,100,100,100,0,0,100,-1,0,100,115,0,1,1,-1,0,0,100,0,0,0,0,80,0,80,0,0,0,0,130,0,[0|0|0|0]
6700460,Light Greatsword - Default Attack,0,0,0,0,0,0,-1,-1,-1,-1,-1,-1,-1,-1,-1,-1,-1,-1,-1,0,0,0,0,0,0,100,100,100,0,0,0,0,0,0,0,0,0,0,0,0,0,0,0,0,0,0,0,0,0,0,0,0,0,0,0,3,0,0,255,0,255,0,0,0,0,0,0,0,0,0,0,1,0,1,0,0,0,0,0,0,0,0,0,0,-1,-1,2100,2010,-1,-1,-1,-1,-1,-1,-1,-1,-1,-1,-1,-1,-1,-1,-1,-1,-1,-1,-1,-1,-1,-1,-1,-1,-1,-1,-1,-1,0,0,0,0,0,0,0,0,0,0,0,0,-1,-1,-1,-1,-1,-1,-1,-1,-1,-1,-1,-1,-1,-1,-1,-1,-1,-1,-1,-1,-1,-1,-1,-1,0,0,0,0,0,0,0,0,0,0,0,0,0,0,0,0,0,0,0,0,0,0,0,0,255,139,139,0,0,0,1,0,0,0,0,100,100,100,100,0,0,100,-1,-1,-1,0,0,1,1,-1,0,0,0,0,0,0,0,0,0,0,0,0,0,0,130,0,[0|0|0|0]
6700470,Light Greatsword - Default Attack,0,0,0,0,0,0,-1,-1,-1,-1,-1,-1,-1,-1,-1,-1,-1,-1,-1,0,0,0,0,0,0,100,100,100,0,0,0,0,0,0,0,0,0,0,0,0,0,0,0,0,0,0,0,0,0,0,0,0,0,0,0,3,0,0,255,0,255,0,0,0,0,0,0,0,0,0,0,1,0,1,0,0,0,0,0,0,0,0,0,0,-1,-1,2100,2010,-1,-1,-1,-1,-1,-1,-1,-1,-1,-1,-1,-1,-1,-1,-1,-1,-1,-1,-1,-1,-1,-1,-1,-1,-1,-1,-1,-1,0,0,0,0,0,0,0,0,0,0,0,0,-1,-1,-1,-1,-1,-1,-1,-1,-1,-1,-1,-1,-1,-1,-1,-1,-1,-1,-1,-1,-1,-1,-1,-1,0,0,0,0,0,0,0,0,0,0,0,0,0,0,0,0,0,0,0,0,0,0,0,0,255,139,139,0,0,0,1,0,0,0,0,100,100,100,100,0,0,100,-1,-1,-1,0,0,1,1,-1,0,0,0,0,0,0,0,0,0,0,0,0,0,0,130,0,[0|0|0|0]
6700480,Light Greatsword - Default Attack,0,0,0,0,0,0,-1,-1,-1,-1,-1,-1,-1,-1,-1,-1,-1,-1,-1,0,0,0,0,0,0,100,0,100,0,0,0,0,0,0,0,0,0,0,0,0,0,0,-50,0,0,0,0,0,0,0,0,0,0,0,0,3,0,0,255,0,255,0,0,0,0,0,0,0,0,0,0,1,0,1,0,0,0,0,0,0,0,0,0,0,-1,-1,2100,2010,-1,-1,-1,-1,-1,-1,-1,-1,-1,-1,-1,-1,-1,-1,-1,-1,-1,-1,-1,-1,-1,-1,-1,-1,-1,-1,-1,-1,0,0,0,0,0,0,0,0,0,0,0,0,-1,-1,-1,-1,-1,-1,-1,-1,-1,-1,-1,-1,-1,-1,-1,-1,-1,-1,-1,-1,-1,-1,-1,-1,0,0,0,0,0,0,0,0,0,0,0,0,0,0,0,0,0,0,0,0,0,0,0,0,255,139,139,0,0,0,1,0,0,0,0,100,100,100,100,0,0,100,-1,-1,-1,0,0,1,1,-1,0,0,0,0,0,0,0,0,0,0,0,0,0,0,130,0,[0|0|0|0]
6700500,Light Greatsword - Default Attack,0.3,0,0,0,0,0,350510,350610,20382301,1665,1667,120,-1,-1,-1,100,-1,-1,-1,0,230,230,230,230,100,9900,100,100,0,0,0,0,0,0,0,0,0,0,0,0,20,0,0,0,0,0,0,0,0,0,0,0,0,0,0,2,255,2,6,0,255,0,2,0,0,0,0,0,0,0,0,1,0,1,0,0,0,0,0,0,0,0,0,0,-1,-1,2100,2010,-1,-1,-1,-1,-1,-1,-1,-1,-1,-1,-1,-1,-1,-1,-1,-1,-1,-1,-1,-1,-1,-1,-1,-1,-1,-1,-1,-1,0,0,0,0,0,0,0,0,0,0,0,0,-1,-1,-1,-1,-1,-1,-1,-1,-1,-1,-1,-1,-1,-1,-1,-1,-1,-1,-1,-1,-1,-1,-1,-1,0,0,0,0,0,0,0,0,0,0,0,0,0,0,0,0,0,0,0,0,0,0,0,0,255,139,139,230,0,0,1,1,0,0,0,100,100,100,100,0,1,100,-1,0,100,1000,0,1,1,-1,0,0,0,0,0,0,0,230,0,230,0,0,0,0,130,0,[0|0|0|0]
6700509,Light Greatsword - Default Attack,0.3,0,0,0,0.6,0.08,-1,-1,-1,1665,1667,100,-1,-1,-1,120,-1,-1,-1,0,100,100,100,100,100,100,100,100,0,0,0,0,0,0,0,0,0,0,0,0,20,0,0,0,0,0,0,0,0,0,0,0,1,0,0,2,255,2,255,0,255,0,0,0,0,0,0,0,0,0,0,0,0,1,0,0,0,0,0,0,0,0,0,0,-1,-1,2100,2010,-1,-1,-1,-1,-1,-1,-1,-1,-1,-1,-1,-1,-1,-1,-1,-1,-1,-1,-1,-1,-1,-1,-1,-1,-1,-1,-1,-1,0,0,0,0,0,0,0,0,0,0,0,0,-1,-1,-1,-1,-1,-1,-1,-1,-1,-1,-1,-1,-1,-1,-1,-1,-1,-1,-1,-1,-1,-1,-1,-1,0,0,0,0,0,0,0,0,0,0,0,0,0,0,0,0,0,0,0,0,0,0,0,0,255,139,139,100,0,0,1,1,0,0,0,100,100,100,100,0,0,100,-1,0,100,0,0,1,1,-1,0,0,0,0,0,0,0,100,0,100,0,0,0,0,130,0,[0|0|0|0]
6700510,Light Greatsword - Default Attack,0.3,0,0,0,0,0,350510,350610,20382301,1665,1667,100,-1,-1,-1,120,-1,-1,-1,0,345,345,345,345,100,9900,100,100,0,0,0,0,0,0,0,0,0,0,0,0,20,0,0,1,0,0,0,0,0,0,0,0,0,0,0,2,255,2,6,0,255,0,2,0,0,0,0,0,0,0,0,1,0,1,0,0,0,0,0,0,0,0,0,0,-1,-1,2100,2010,-1,-1,-1,-1,-1,-1,-1,-1,-1,-1,-1,-1,-1,-1,-1,-1,-1,-1,-1,-1,-1,-1,-1,-1,-1,-1,-1,-1,0,0,0,0,0,0,0,0,0,0,0,0,-1,-1,-1,-1,-1,-1,-1,-1,-1,-1,-1,-1,-1,-1,-1,-1,-1,-1,-1,-1,-1,-1,-1,-1,0,0,0,0,0,0,0,0,0,0,0,0,0,0,0,0,0,0,0,0,0,0,0,0,255,139,139,345,0,0,1,1,0,0,0,100,100,100,100,0,0,100,-1,0,100,1000,0,1,1,-1,0,0,0,0,0,0,0,345,0,345,0,0,0,0,130,0,[0|0|0|0]
6700530,Light Greatsword - Default Attack,0.3,0,0,0,0,0,350510,350610,20382301,1665,1667,100,-1,-1,-1,120,-1,-1,-1,0,420,420,420,420,100,9900,100,100,0,0,0,0,0,0,0,0,0,0,0,0,20,0,0,0,0,0,0,0,0,0,0,0,0,0,0,2,255,2,6,0,255,0,2,0,0,0,0,0,0,0,0,1,0,1,0,0,0,0,0,0,0,0,0,0,-1,-1,0,0,-1,-1,-1,-1,-1,-1,-1,-1,-1,-1,-1,-1,-1,-1,-1,-1,-1,-1,-1,-1,-1,-1,-1,-1,-1,-1,-1,-1,0,0,0,0,0,0,0,0,0,0,0,0,-1,-1,-1,-1,-1,-1,-1,-1,-1,-1,-1,-1,-1,-1,-1,-1,-1,-1,-1,-1,-1,-1,-1,-1,0,0,0,0,0,0,0,0,0,0,0,0,0,0,0,0,0,0,0,0,0,0,0,0,255,139,139,420,0,0,1,1,0,0,0,100,100,100,100,0,0,100,-1,0,100,1000,0,1,1,-1,0,0,0,0,0,0,0,420,0,420,0,0,0,0,130,0,[0|0|0|0]
6700550,Light Greatsword - Default Attack,0.3,0,0,0,0,0,350510,350610,20382301,1665,1667,100,-1,-1,-1,120,-1,-1,-1,0,420,420,420,420,100,9900,100,100,0,0,0,0,0,0,0,0,0,0,0,0,20,0,0,0,0,0,0,0,0,0,0,0,0,0,0,2,255,2,6,0,255,0,2,0,0,0,0,0,0,0,0,1,0,1,0,0,0,0,0,0,0,0,0,0,-1,-1,2100,2010,-1,-1,-1,-1,-1,-1,-1,-1,-1,-1,-1,-1,-1,-1,-1,-1,-1,-1,-1,-1,-1,-1,-1,-1,-1,-1,-1,-1,0,0,0,0,0,0,0,0,0,0,0,0,-1,-1,-1,-1,-1,-1,-1,-1,-1,-1,-1,-1,-1,-1,-1,-1,-1,-1,-1,-1,-1,-1,-1,-1,0,0,0,0,0,0,0,0,0,0,0,0,0,0,0,0,0,0,0,0,0,0,0,0,255,139,139,420,0,0,1,1,0,0,0,100,100,100,100,0,0,100,-1,0,100,1000,0,1,1,-1,0,0,0,0,0,0,0,420,0,420,0,0,0,0,130,0,[0|0|0|0]
6700560,Light Greatsword - Default Attack,0.3,0,0,0,0,0,-1,-1,-1,-1,-1,100,-1,-1,-1,120,-1,-1,-1,0,132,132,132,132,100,9900,100,100,0,0,0,0,0,0,0,0,0,0,0,0,20,0,0,0,0,0,0,0,0,0,0,0,0,0,0,2,255,2,6,0,255,0,2,0,0,0,0,0,0,0,0,1,0,1,0,0,0,0,0,0,0,0,0,0,-1,-1,2100,2010,-1,-1,-1,-1,-1,-1,-1,-1,-1,-1,-1,-1,-1,-1,-1,-1,-1,-1,-1,-1,-1,-1,-1,-1,-1,-1,-1,-1,0,0,0,0,0,0,0,0,0,0,0,0,-1,-1,-1,-1,-1,-1,-1,-1,-1,-1,-1,-1,-1,-1,-1,-1,-1,-1,-1,-1,-1,-1,-1,-1,0,0,0,0,0,0,0,0,0,0,0,0,0,0,0,0,0,0,0,0,0,0,0,0,255,139,139,132,0,0,1,1,0,0,0,100,100,100,100,0,0,100,-1,0,100,1000,0,1,1,-1,0,0,0,0,0,0,0,132,0,132,0,0,0,0,130,0,[0|0|0|0]
6700561,Light Greatsword - Default Attack,0.3,0,0,0,0,0,350510,350610,20382301,1665,1667,100,-1,-1,-1,120,-1,-1,-1,0,331,331,331,331,100,9900,100,100,0,0,0,0,0,0,0,0,0,0,0,0,20,0,0,0,0,0,0,0,0,0,0,0,0,0,0,2,255,2,6,0,255,0,2,0,0,0,0,0,0,0,0,1,0,1,0,0,0,0,0,0,0,0,0,0,-1,-1,2100,2010,-1,-1,-1,-1,-1,-1,-1,-1,-1,-1,-1,-1,-1,-1,-1,-1,-1,-1,-1,-1,-1,-1,-1,-1,-1,-1,-1,-1,0,0,0,0,0,0,0,0,0,0,0,0,-1,-1,-1,-1,-1,-1,-1,-1,-1,-1,-1,-1,-1,-1,-1,-1,-1,-1,-1,-1,-1,-1,-1,-1,0,0,0,0,0,0,0,0,0,0,0,0,0,0,0,0,0,0,0,0,0,0,0,0,255,139,139,331,0,0,1,1,0,0,0,100,100,100,100,0,0,100,-1,0,100,0,0,1,1,-1,0,0,0,0,0,0,0,331,0,331,0,0,0,0,130,0,[0|0|0|0]
6700590,Light Greatsword - Default Attack,0.7,0,0,0,0,0,-1,-1,-1,-1,-1,94,-1,-1,-1,95,-1,-1,-1,0,0,0,0,0,0,9000,100,100,0,0,0,0,0,0,0,0,0,0,0,0,0,0,0,0,0,0,0,0,0,0,0,0,0,2,0,3,0,1,6,0,255,1,1,0,0,0,0,0,0,0,0,1,0,1,0,0,0,0,0,0,0,0,0,0,-1,-1,2100,2010,-1,-1,-1,-1,-1,-1,-1,-1,-1,-1,-1,-1,-1,-1,-1,-1,-1,-1,-1,-1,-1,-1,-1,-1,-1,-1,-1,-1,0,0,0,0,0,0,0,0,0,0,0,0,-1,-1,-1,-1,-1,-1,-1,-1,-1,-1,-1,-1,-1,-1,-1,-1,-1,-1,-1,-1,-1,-1,-1,-1,0,0,0,0,0,0,0,0,0,0,0,0,0,0,0,0,0,0,0,0,0,0,0,0,255,139,139,0,0,0,1,1,0,0,0,0,0,0,0,0,0,0,-1,-1,-1,0,0,1,1,-1,0,0,0,0,0,0,0,0,0,0,0,0,0,0,130,0,[0|0|0|0]
6700591,Light Greatsword - Default Attack,0.55,0,0,0,0,0,-1,-1,-1,-1,-1,131,-1,-1,-1,-1,-1,-1,-1,0,0,0,0,0,0,100,0,100,0,0,0,0,0,0,0,0,0,0,0,0,0,0,0,0,0,0,0,0,0,0,0,0,0,0,0,3,0,0,255,0,255,1,0,0,0,0,0,0,0,0,0,1,0,1,0,0,0,0,0,0,0,0,0,0,-1,-1,2100,2010,-1,-1,-1,-1,-1,-1,-1,-1,-1,-1,-1,-1,-1,-1,-1,-1,-1,-1,-1,-1,-1,-1,-1,-1,-1,-1,-1,-1,0,0,0,0,0,0,0,0,0,0,0,0,-1,-1,-1,-1,-1,-1,-1,-1,-1,-1,-1,-1,-1,-1,-1,-1,-1,-1,-1,-1,-1,-1,-1,-1,0,0,0,0,0,0,0,0,0,0,0,0,0,0,0,0,0,0,0,0,0,0,0,0,255,139,139,0,0,0,1,0,0,0,0,0,0,0,0,0,0,0,-1,-1,100,0,0,1,1,-1,0,0,0,0,0,0,0,0,0,0,0,0,0,0,130,0,[0|0|0|0]
6700600,Light Greatsword - Default Attack,0.5,0.1,0,0,0.5,0.08,6903,-1,-1,1665,1667,100,120,-1,-1,120,110,-1,-1,0,110,110,110,110,110,120,100,100,0,101,0,0,0,0,0,0,0,0,0,0,20,0,0,0,0,2,0,0,0,0,0,0,1,0,0,3,255,0,255,0,255,0,0,0,0,0,0,0,0,0,0,0,0,1,0,0,0,0,0,0,0,0,0,0,-1,-1,2100,2010,-1,-1,-1,-1,-1,-1,-1,-1,-1,-1,-1,-1,-1,-1,-1,-1,-1,-1,-1,-1,-1,-1,-1,-1,-1,-1,-1,-1,0,0,0,0,0,0,0,0,0,0,0,0,-1,-1,-1,-1,-1,-1,-1,-1,-1,-1,-1,-1,-1,-1,-1,-1,-1,-1,-1,-1,-1,-1,-1,-1,0,0,0,0,0,0,0,0,0,0,0,0,0,0,0,0,0,0,0,0,0,0,0,0,255,139,139,110,0,0,0,1,0,0,0,100,100,100,100,0,0,100,-1,0,100,100,0,1,1,-1,0,0,100,0,0,0,0,110,0,110,0,0,0,0,130,0,[0|0|0|0]
6700605,Light Greatsword - Default Attack,0.45,0.1,0,0,0.5,0.08,6903,-1,-1,1665,1667,100,120,-1,-1,120,110,-1,-1,0,110,110,110,110,110,120,100,100,0,101,0,0,0,0,0,0,0,0,0,0,20,0,0,0,0,2,0,0,0,0,0,0,1,0,0,3,255,0,255,0,255,0,0,0,0,0,0,0,0,0,0,0,0,1,0,0,0,0,0,0,0,0,0,0,-1,-1,2100,2010,-1,-1,-1,-1,-1,-1,-1,-1,-1,-1,-1,-1,-1,-1,-1,-1,-1,-1,-1,-1,-1,-1,-1,-1,-1,-1,-1,-1,0,0,0,0,0,0,0,0,0,0,0,0,-1,-1,-1,-1,-1,-1,-1,-1,-1,-1,-1,-1,-1,-1,-1,-1,-1,-1,-1,-1,-1,-1,-1,-1,0,0,0,0,0,0,0,0,0,0,0,0,0,0,0,0,0,0,0,0,0,0,0,0,255,139,139,110,0,0,0,1,0,0,0,100,100,100,100,0,0,100,-1,0,100,100,0,1,1,-1,0,0,100,0,0,0,0,110,0,110,0,0,0,0,130,0,[0|0|0|0]
6700610,Light Greatsword - Default Attack,0.5,0.1,0,0,0.7,0.08,6903,-1,-1,1665,1667,100,120,-1,-1,120,110,-1,-1,0,110,110,110,110,110,120,100,100,104,101,0,0,0,0,0,0,0,0,0,0,20,0,0,0,0,2,0,0,0,0,0,0,1,0,0,3,255,0,255,0,255,0,0,0,0,0,0,0,0,0,0,0,0,1,0,0,0,0,0,0,0,0,0,0,-1,-1,2100,2010,-1,-1,-1,-1,-1,-1,-1,-1,-1,-1,-1,-1,-1,-1,-1,-1,-1,-1,-1,-1,-1,-1,-1,-1,-1,-1,-1,-1,0,0,0,0,0,0,0,0,0,0,0,0,-1,-1,-1,-1,-1,-1,-1,-1,-1,-1,-1,-1,-1,-1,-1,-1,-1,-1,-1,-1,-1,-1,-1,-1,0,0,0,0,0,0,0,0,0,0,0,0,0,0,0,0,0,0,0,0,0,0,0,0,255,139,139,110,0,0,0,1,0,0,0,100,100,100,100,0,0,100,-1,0,100,100,0,1,1,-1,0,0,200,0,0,0,0,110,0,110,0,0,0,0,130,0,[0|0|0|0]
6700632,Light Greatsword - Default Attack,0.5,0.1,0,0,0.6,0.08,6904,-1,-1,1665,1667,100,120,-1,-1,120,110,-1,-1,0,135,135,135,135,170,200,100,100,0,101,0,0,0,0,0,0,0,0,0,0,20,0,0,0,0,2,0,0,0,0,0,0,1,0,0,2,255,0,255,0,255,0,0,0,0,0,0,0,0,0,0,0,0,1,0,0,0,0,0,0,0,0,0,0,-1,-1,2100,2010,-1,-1,-1,-1,-1,-1,-1,-1,-1,-1,-1,-1,-1,-1,-1,-1,-1,-1,-1,-1,-1,-1,-1,-1,-1,-1,-1,-1,0,0,0,0,0,0,0,0,0,0,0,0,-1,-1,-1,-1,-1,-1,-1,-1,-1,-1,-1,-1,-1,-1,-1,-1,-1,-1,-1,-1,-1,-1,-1,-1,0,0,0,0,0,0,0,0,0,0,0,0,0,0,0,0,0,0,0,0,0,0,0,0,255,139,139,135,0,0,0,1,0,0,0,100,100,100,100,0,0,100,-1,0,100,130,0,1,1,-1,0,0,200,0,0,0,0,135,0,135,0,0,0,0,130,0,[0|0|0|0]
6700633,Light Greatsword - Default Attack,0.5,0.1,0,0,0.6,0.08,6904,-1,-1,1665,1667,100,120,-1,-1,120,110,-1,-1,0,135,135,135,135,170,200,100,100,0,101,0,0,0,0,0,0,0,0,0,0,20,0,0,0,0,2,0,0,0,0,0,0,1,2,0,2,255,0,255,0,255,0,0,0,0,0,0,0,0,0,0,0,0,1,0,0,0,0,0,0,0,0,0,0,-1,-1,2100,2010,-1,-1,-1,-1,-1,-1,-1,-1,-1,-1,-1,-1,-1,-1,-1,-1,-1,-1,-1,-1,-1,-1,-1,-1,-1,-1,-1,-1,0,0,0,0,0,0,0,0,0,0,0,0,-1,-1,-1,-1,-1,-1,-1,-1,-1,-1,-1,-1,-1,-1,-1,-1,-1,-1,-1,-1,-1,-1,-1,-1,0,0,0,0,0,0,0,0,0,0,0,0,0,0,0,0,0,0,0,0,0,0,0,0,255,139,139,135,0,0,0,1,0,0,0,100,100,100,100,0,0,100,-1,0,100,130,0,1,1,-1,0,0,200,0,0,0,0,135,0,135,0,0,0,0,130,0,[0|0|0|0]
6700635,Light Greatsword - Default Attack,0.5,0.1,0,0,0.8,0.08,6906,-1,-1,1665,1667,100,120,-1,-1,120,110,-1,-1,0,170,170,170,170,240,400,100,100,100,101,0,0,0,0,0,0,0,0,0,0,20,0,0,0,0,2,0,0,0,0,0,0,2,0,0,2,255,0,255,0,255,0,0,0,0,0,0,0,0,0,0,0,0,1,0,0,0,0,0,0,0,0,0,0,-1,-1,2100,2010,-1,-1,-1,-1,-1,-1,-1,-1,-1,-1,-1,-1,-1,-1,-1,-1,-1,-1,-1,-1,-1,-1,-1,-1,-1,-1,-1,-1,0,0,0,0,0,0,0,0,0,0,0,0,-1,-1,-1,-1,-1,-1,-1,-1,-1,-1,-1,-1,-1,-1,-1,-1,-1,-1,-1,-1,-1,-1,-1,-1,0,0,0,0,0,0,0,0,0,0,0,0,0,0,0,0,0,0,0,0,0,0,0,0,255,139,139,170,0,0,0,1,0,0,0,100,100,100,100,0,0,100,-1,0,100,180,0,1,1,-1,0,0,600,0,0,0,0,170,0,170,0,0,0,0,130,0,[0|0|0|0]
6700638,Light Greatsword - Default Attack,0.5,0.1,0,0,0.8,0.08,6906,-1,-1,1665,1667,100,120,-1,-1,120,110,-1,-1,0,170,170,170,170,240,400,100,100,100,101,0,0,0,0,0,0,0,0,0,0,20,0,0,0,0,2,0,0,0,0,0,0,2,2,0,2,255,0,255,0,255,0,0,0,0,0,0,0,0,0,0,0,0,1,0,0,0,0,0,0,0,0,0,0,-1,-1,2100,2010,-1,-1,-1,-1,-1,-1,-1,-1,-1,-1,-1,-1,-1,-1,-1,-1,-1,-1,-1,-1,-1,-1,-1,-1,-1,-1,-1,-1,0,0,0,0,0,0,0,0,0,0,0,0,-1,-1,-1,-1,-1,-1,-1,-1,-1,-1,-1,-1,-1,-1,-1,-1,-1,-1,-1,-1,-1,-1,-1,-1,0,0,0,0,0,0,0,0,0,0,0,0,0,0,0,0,0,0,0,0,0,0,0,0,255,139,139,170,0,0,0,1,0,0,0,100,100,100,100,0,0,100,-1,0,100,180,0,1,1,-1,0,0,600,0,0,0,0,170,0,170,0,0,0,0,130,0,[0|0|0|0]
6700700,Light Greatsword - Default Attack,0.5,0.1,0,0,0.5,0.08,6903,-1,-1,1665,1667,100,120,-1,-1,120,110,-1,-1,0,110,110,110,110,110,120,100,100,0,101,0,0,0,0,0,0,0,0,0,0,20,0,0,0,0,2,0,0,0,0,0,0,1,0,0,3,255,0,255,0,255,0,0,0,0,0,0,0,0,0,0,0,0,1,0,0,0,0,0,0,0,0,0,0,-1,-1,2100,2010,-1,-1,-1,-1,-1,-1,-1,-1,-1,-1,-1,-1,-1,-1,-1,-1,-1,-1,-1,-1,-1,-1,-1,-1,-1,-1,-1,-1,0,0,0,0,0,0,0,0,0,0,0,0,-1,-1,-1,-1,-1,-1,-1,-1,-1,-1,-1,-1,-1,-1,-1,-1,-1,-1,-1,-1,-1,-1,-1,-1,0,0,0,0,0,0,0,0,0,0,0,0,0,0,0,0,0,0,0,0,0,0,0,0,255,139,139,110,0,0,0,1,0,0,0,100,100,100,100,0,0,100,-1,0,100,100,0,1,1,-1,0,0,100,0,0,0,0,110,0,110,0,0,0,0,130,0,[0|0|0|0]
6700705,Light Greatsword - Default Attack,0.45,0.1,0,0,0.5,0.08,6903,-1,-1,1665,1667,100,120,-1,-1,120,110,-1,-1,0,110,110,110,110,110,120,100,100,0,101,0,0,0,0,0,0,0,0,0,0,20,0,0,0,0,2,0,0,0,0,0,0,1,0,0,3,255,0,255,0,255,0,0,0,0,0,0,0,0,0,0,0,0,1,0,0,0,0,0,0,0,0,0,0,-1,-1,2100,2010,-1,-1,-1,-1,-1,-1,-1,-1,-1,-1,-1,-1,-1,-1,-1,-1,-1,-1,-1,-1,-1,-1,-1,-1,-1,-1,-1,-1,0,0,0,0,0,0,0,0,0,0,0,0,-1,-1,-1,-1,-1,-1,-1,-1,-1,-1,-1,-1,-1,-1,-1,-1,-1,-1,-1,-1,-1,-1,-1,-1,0,0,0,0,0,0,0,0,0,0,0,0,0,0,0,0,0,0,0,0,0,0,0,0,255,139,139,110,0,0,0,1,0,0,0,100,100,100,100,0,0,100,-1,0,100,100,0,1,1,-1,0,0,100,0,0,0,0,110,0,110,0,0,0,0,130,0,[0|0|0|0]
6700710,Light Greatsword - Default Attack,0.5,0.1,0,0,0.7,0.08,6903,-1,-1,1665,1667,100,120,-1,-1,120,110,-1,-1,0,110,110,110,110,110,120,100,100,104,101,0,0,0,0,0,0,0,0,0,0,20,0,0,0,0,2,0,0,0,0,0,0,1,0,0,3,255,0,255,0,255,0,0,0,0,0,0,0,0,0,0,0,0,1,0,0,0,0,0,0,0,0,0,0,-1,-1,2100,2010,-1,-1,-1,-1,-1,-1,-1,-1,-1,-1,-1,-1,-1,-1,-1,-1,-1,-1,-1,-1,-1,-1,-1,-1,-1,-1,-1,-1,0,0,0,0,0,0,0,0,0,0,0,0,-1,-1,-1,-1,-1,-1,-1,-1,-1,-1,-1,-1,-1,-1,-1,-1,-1,-1,-1,-1,-1,-1,-1,-1,0,0,0,0,0,0,0,0,0,0,0,0,0,0,0,0,0,0,0,0,0,0,0,0,255,139,139,110,0,0,0,1,0,0,0,100,100,100,100,0,0,100,-1,0,100,100,0,1,1,-1,0,0,200,0,0,0,0,110,0,110,0,0,0,0,130,0,[0|0|0|0]
6700732,Light Greatsword - Default Attack,0.5,0.1,0,0,0.6,0.08,6904,-1,-1,1665,1667,100,120,-1,-1,120,110,-1,-1,0,135,135,135,135,170,200,100,100,0,101,0,0,0,0,0,0,0,0,0,0,20,0,0,0,0,2,0,0,0,0,0,0,1,0,0,2,255,0,255,0,255,0,0,0,0,0,0,0,0,0,0,0,0,1,0,0,0,0,0,0,0,0,0,0,-1,-1,2100,2010,-1,-1,-1,-1,-1,-1,-1,-1,-1,-1,-1,-1,-1,-1,-1,-1,-1,-1,-1,-1,-1,-1,-1,-1,-1,-1,-1,-1,0,0,0,0,0,0,0,0,0,0,0,0,-1,-1,-1,-1,-1,-1,-1,-1,-1,-1,-1,-1,-1,-1,-1,-1,-1,-1,-1,-1,-1,-1,-1,-1,0,0,0,0,0,0,0,0,0,0,0,0,0,0,0,0,0,0,0,0,0,0,0,0,255,139,139,135,0,0,0,1,0,0,0,100,100,100,100,0,0,100,-1,0,100,130,0,1,1,-1,0,0,200,0,0,0,0,135,0,135,0,0,0,0,130,0,[0|0|0|0]
6700733,Light Greatsword - Default Attack,0.5,0.1,0,0,0.6,0.08,6904,-1,-1,1665,1667,100,120,-1,-1,120,110,-1,-1,0,135,135,135,135,170,200,100,100,0,101,0,0,0,0,0,0,0,0,0,0,20,0,0,0,0,2,0,0,0,0,0,0,1,2,0,2,255,0,255,0,255,0,0,0,0,0,0,0,0,0,0,0,0,1,0,0,0,0,0,0,0,0,0,0,-1,-1,2100,2010,-1,-1,-1,-1,-1,-1,-1,-1,-1,-1,-1,-1,-1,-1,-1,-1,-1,-1,-1,-1,-1,-1,-1,-1,-1,-1,-1,-1,0,0,0,0,0,0,0,0,0,0,0,0,-1,-1,-1,-1,-1,-1,-1,-1,-1,-1,-1,-1,-1,-1,-1,-1,-1,-1,-1,-1,-1,-1,-1,-1,0,0,0,0,0,0,0,0,0,0,0,0,0,0,0,0,0,0,0,0,0,0,0,0,255,139,139,135,0,0,0,1,0,0,0,100,100,100,100,0,0,100,-1,0,100,130,0,1,1,-1,0,0,200,0,0,0,0,135,0,135,0,0,0,0,130,0,[0|0|0|0]
6700735,Light Greatsword - Default Attack,0.5,0.1,0,0,0.8,0.08,6906,-1,-1,1665,1667,100,120,-1,-1,120,110,-1,-1,0,170,170,170,170,240,400,100,100,100,101,0,0,0,0,0,0,0,0,0,0,20,0,0,0,0,2,0,0,0,0,0,0,2,0,0,2,255,0,255,0,255,0,0,0,0,0,0,0,0,0,0,0,0,1,0,0,0,0,0,0,0,0,0,0,-1,-1,2100,2010,-1,-1,-1,-1,-1,-1,-1,-1,-1,-1,-1,-1,-1,-1,-1,-1,-1,-1,-1,-1,-1,-1,-1,-1,-1,-1,-1,-1,0,0,0,0,0,0,0,0,0,0,0,0,-1,-1,-1,-1,-1,-1,-1,-1,-1,-1,-1,-1,-1,-1,-1,-1,-1,-1,-1,-1,-1,-1,-1,-1,0,0,0,0,0,0,0,0,0,0,0,0,0,0,0,0,0,0,0,0,0,0,0,0,255,139,139,170,0,0,0,1,0,0,0,100,100,100,100,0,0,100,-1,0,100,180,0,1,1,-1,0,0,600,0,0,0,0,170,0,170,0,0,0,0,130,0,[0|0|0|0]
6700738,Light Greatsword - Default Attack,0.5,0.1,0,0,0.8,0.08,6906,-1,-1,1665,1667,100,120,-1,-1,120,110,-1,-1,0,170,170,170,170,240,400,100,100,100,101,0,0,0,0,0,0,0,0,0,0,20,0,0,0,0,2,0,0,0,0,0,0,2,2,0,2,255,0,255,0,255,0,0,0,0,0,0,0,0,0,0,0,0,1,0,0,0,0,0,0,0,0,0,0,-1,-1,2100,2010,-1,-1,-1,-1,-1,-1,-1,-1,-1,-1,-1,-1,-1,-1,-1,-1,-1,-1,-1,-1,-1,-1,-1,-1,-1,-1,-1,-1,0,0,0,0,0,0,0,0,0,0,0,0,-1,-1,-1,-1,-1,-1,-1,-1,-1,-1,-1,-1,-1,-1,-1,-1,-1,-1,-1,-1,-1,-1,-1,-1,0,0,0,0,0,0,0,0,0,0,0,0,0,0,0,0,0,0,0,0,0,0,0,0,255,139,139,170,0,0,0,1,0,0,0,100,100,100,100,0,0,100,-1,0,100,180,0,1,1,-1,0,0,600,0,0,0,0,170,0,170,0,0,0,0,130,0,[0|0|0|0]
6700800,Light Greatsword - Default Attack,0.3,0.1,0,0,1,0.04,6903,-1,-1,1665,-1,120,120,-1,-1,100,110,-1,-1,0,92,92,92,92,90,100,100,100,0,0,0,0,0,0,0,0,0,0,0,0,20,0,0,0,0,2,0,0,0,0,0,0,1,0,0,2,255,0,255,0,255,0,0,0,0,0,0,0,0,0,0,0,0,1,0,0,0,0,0,0,0,9,0,0,-1,-1,2100,2010,-1,-1,-1,-1,-1,-1,-1,-1,-1,-1,-1,-1,-1,-1,-1,-1,-1,-1,-1,-1,-1,-1,-1,-1,-1,-1,-1,-1,0,0,0,0,0,0,0,0,0,0,0,0,-1,-1,-1,-1,-1,-1,-1,-1,-1,-1,-1,-1,-1,-1,-1,-1,-1,-1,-1,-1,-1,-1,-1,-1,0,0,0,0,0,0,0,0,0,0,0,0,0,0,0,0,0,0,0,0,0,0,0,0,255,139,139,92,0,0,0,0,0,0,0,65,90,100,100,0,0,100,-1,0,100,100,0,1,1,-1,0,0,60,0,0,0,0,92,0,92,0,0,0,0,130,0,[0|0|0|0]
6700805,Light Greatsword - Default Attack,0.3,0.1,0,0,1.5,0.04,6903,-1,-1,-1,1667,120,120,-1,-1,100,110,-1,-1,0,92,92,92,92,90,100,100,100,0,0,0,0,0,0,0,0,0,0,0,0,20,0,0,0,0,2,0,0,0,0,0,0,1,0,0,2,255,0,255,0,255,0,0,0,0,0,0,0,0,0,0,0,0,1,0,0,0,0,0,0,0,0,0,0,-1,-1,2100,2010,-1,-1,-1,-1,-1,-1,-1,-1,-1,-1,-1,-1,-1,-1,-1,-1,-1,-1,-1,-1,-1,-1,-1,-1,-1,-1,-1,-1,0,0,0,0,0,0,0,0,0,0,0,0,-1,-1,-1,-1,-1,-1,-1,-1,-1,-1,-1,-1,-1,-1,-1,-1,-1,-1,-1,-1,-1,-1,-1,-1,0,0,0,0,0,0,0,0,0,0,0,0,0,0,0,0,0,0,0,0,0,0,0,0,255,139,139,92,0,0,0,0,0,0,0,65,90,100,100,0,0,100,-1,0,100,100,0,1,1,-1,0,0,60,0,0,0,0,92,0,92,0,0,0,0,130,0,[0|0|0|0]
6700810,Light Greatsword - Default Attack,0.3,0.1,0,0,1.5,0.04,6903,-1,-1,1665,-1,120,120,-1,-1,100,110,-1,-1,0,94,94,94,94,90,100,100,100,0,0,0,0,0,0,0,0,0,0,0,0,20,0,0,0,0,2,0,0,0,0,0,0,1,0,0,3,255,0,255,0,255,0,0,0,0,0,0,0,0,0,0,0,1,1,0,0,0,0,0,0,0,9,0,0,-1,-1,2100,2010,-1,-1,-1,-1,-1,-1,-1,-1,-1,-1,-1,-1,-1,-1,-1,-1,-1,-1,-1,-1,-1,-1,-1,-1,-1,-1,-1,-1,0,0,0,0,0,0,0,0,0,0,0,0,-1,-1,-1,-1,-1,-1,-1,-1,-1,-1,-1,-1,-1,-1,-1,-1,-1,-1,-1,-1,-1,-1,-1,-1,0,0,0,0,0,0,0,0,0,0,0,0,0,0,0,0,0,0,0,0,0,0,0,0,255,139,139,94,0,0,0,0,0,0,0,65,90,100,100,0,0,100,-1,0,100,100,0,1,1,-1,0,0,60,0,0,0,0,94,0,94,0,0,0,0,130,0,[0|0|0|0]
6700813,Light Greatsword - Default Attack,0.3,0.1,0,0,1.5,0.04,6903,-1,-1,1665,-1,120,120,-1,-1,100,110,-1,-1,0,94,94,94,94,90,100,100,100,0,0,0,0,0,0,0,0,0,0,0,0,20,0,0,0,0,2,0,0,0,0,0,0,1,2,0,3,255,0,255,0,255,0,0,0,0,0,0,0,0,0,0,0,1,1,0,0,0,0,0,0,0,9,0,0,-1,-1,2100,2010,-1,-1,-1,-1,-1,-1,-1,-1,-1,-1,-1,-1,-1,-1,-1,-1,-1,-1,-1,-1,-1,-1,-1,-1,-1,-1,-1,-1,0,0,0,0,0,0,0,0,0,0,0,0,-1,-1,-1,-1,-1,-1,-1,-1,-1,-1,-1,-1,-1,-1,-1,-1,-1,-1,-1,-1,-1,-1,-1,-1,0,0,0,0,0,0,0,0,0,0,0,0,0,0,0,0,0,0,0,0,0,0,0,0,255,139,139,94,0,0,0,0,0,0,0,65,90,100,100,0,0,100,-1,0,100,100,0,1,1,-1,0,0,60,0,0,0,0,94,0,94,0,0,0,0,130,0,[0|0|0|0]
6700815,Light Greatsword - Default Attack,0.3,0.1,0,0,1.5,0.04,6903,-1,-1,-1,1667,120,120,-1,-1,100,110,-1,-1,0,94,94,94,94,90,100,100,100,0,0,0,0,0,0,0,0,0,0,0,0,20,0,0,0,0,2,0,0,0,0,0,0,1,0,0,3,255,0,255,0,255,0,0,0,0,0,0,0,0,0,0,0,1,1,0,0,0,0,0,0,0,0,0,0,-1,-1,2100,2010,-1,-1,-1,-1,-1,-1,-1,-1,-1,-1,-1,-1,-1,-1,-1,-1,-1,-1,-1,-1,-1,-1,-1,-1,-1,-1,-1,-1,0,0,0,0,0,0,0,0,0,0,0,0,-1,-1,-1,-1,-1,-1,-1,-1,-1,-1,-1,-1,-1,-1,-1,-1,-1,-1,-1,-1,-1,-1,-1,-1,0,0,0,0,0,0,0,0,0,0,0,0,0,0,0,0,0,0,0,0,0,0,0,0,255,139,139,94,0,0,0,0,0,0,0,65,90,100,100,0,0,100,-1,0,100,100,0,1,1,-1,0,0,60,0,0,0,0,94,0,94,0,0,0,0,130,0,[0|0|0|0]
6700819,Light Greatsword - Default Attack,0.3,0.1,0,0,1.5,0.04,6903,-1,-1,-1,1667,120,120,-1,-1,100,110,-1,-1,0,94,94,94,94,90,100,100,100,0,0,0,0,0,0,0,0,0,0,0,0,20,0,0,0,0,2,0,0,0,0,0,0,1,2,0,3,255,0,255,0,255,0,0,0,0,0,0,0,0,0,0,0,1,1,0,0,0,0,0,0,0,0,0,0,-1,-1,2100,2010,-1,-1,-1,-1,-1,-1,-1,-1,-1,-1,-1,-1,-1,-1,-1,-1,-1,-1,-1,-1,-1,-1,-1,-1,-1,-1,-1,-1,0,0,0,0,0,0,0,0,0,0,0,0,-1,-1,-1,-1,-1,-1,-1,-1,-1,-1,-1,-1,-1,-1,-1,-1,-1,-1,-1,-1,-1,-1,-1,-1,0,0,0,0,0,0,0,0,0,0,0,0,0,0,0,0,0,0,0,0,0,0,0,0,255,139,139,94,0,0,0,0,0,0,0,65,90,100,100,0,0,100,-1,0,100,100,0,1,1,-1,0,0,60,0,0,0,0,94,0,94,0,0,0,0,130,0,[0|0|0|0]
6700820,Light Greatsword - Default Attack,0.3,0.1,0,0,0.5,0.03,6903,-1,-1,1665,-1,120,120,-1,-1,100,110,-1,-1,0,75,75,75,75,60,100,100,100,0,0,0,0,0,0,0,0,0,0,0,0,20,0,0,0,0,2,0,0,0,0,0,0,1,0,0,3,255,2,255,0,255,0,0,0,0,0,0,0,0,0,0,0,3,1,0,0,0,0,0,0,0,9,0,0,-1,-1,2100,2010,-1,-1,-1,-1,-1,-1,-1,-1,-1,-1,-1,-1,-1,-1,-1,-1,-1,-1,-1,-1,-1,-1,-1,-1,-1,-1,-1,-1,0,0,0,0,0,0,0,0,0,0,0,0,-1,-1,-1,-1,-1,-1,-1,-1,-1,-1,-1,-1,-1,-1,-1,-1,-1,-1,-1,-1,-1,-1,-1,-1,0,0,0,0,0,0,0,0,0,0,0,0,0,0,0,0,0,0,0,0,0,0,0,0,255,139,139,75,0,0,0,0,0,0,0,65,90,100,100,0,0,100,-1,0,100,105,0,1,1,-1,0,0,40,0,0,0,0,75,0,75,0,0,0,0,130,0,[0|0|0|0]
6700823,Light Greatsword - Default Attack,0.3,0.1,0,0,0.5,0.03,6903,-1,-1,1665,-1,120,120,-1,-1,100,110,-1,-1,0,75,75,75,75,60,100,100,100,0,0,0,0,0,0,0,0,0,0,0,0,20,0,0,0,0,2,0,0,0,0,0,0,1,2,0,3,255,2,255,0,255,0,0,0,0,0,0,0,0,0,0,0,3,1,0,0,0,0,0,0,0,9,0,0,-1,-1,2100,2010,-1,-1,-1,-1,-1,-1,-1,-1,-1,-1,-1,-1,-1,-1,-1,-1,-1,-1,-1,-1,-1,-1,-1,-1,-1,-1,-1,-1,0,0,0,0,0,0,0,0,0,0,0,0,-1,-1,-1,-1,-1,-1,-1,-1,-1,-1,-1,-1,-1,-1,-1,-1,-1,-1,-1,-1,-1,-1,-1,-1,0,0,0,0,0,0,0,0,0,0,0,0,0,0,0,0,0,0,0,0,0,0,0,0,255,139,139,75,0,0,0,0,0,0,0,65,90,100,100,0,0,100,-1,0,100,105,0,1,1,-1,0,0,40,0,0,0,0,75,0,75,0,0,0,0,130,0,[0|0|0|0]
6700825,Light Greatsword - Default Attack,0.3,0.1,0,0,0.5,0.03,6903,-1,-1,-1,-1,120,120,-1,-1,100,110,-1,-1,0,75,75,75,75,60,100,100,100,0,0,0,0,0,0,0,0,0,0,0,0,20,0,0,0,0,2,0,0,0,0,0,0,1,0,0,3,255,2,255,0,255,0,0,0,0,0,0,0,0,0,0,0,2,1,0,0,0,0,0,0,0,9,0,0,-1,-1,2100,2010,-1,-1,-1,-1,-1,-1,-1,-1,-1,-1,-1,-1,-1,-1,-1,-1,-1,-1,-1,-1,-1,-1,-1,-1,-1,-1,-1,-1,0,0,0,0,0,0,0,0,0,0,0,0,-1,-1,-1,-1,-1,-1,-1,-1,-1,-1,-1,-1,-1,-1,-1,-1,-1,-1,-1,-1,-1,-1,-1,-1,0,0,0,0,0,0,0,0,0,0,0,0,0,0,0,0,0,0,0,0,0,0,0,0,255,139,139,75,0,0,0,0,0,0,0,65,90,100,100,0,0,100,-1,0,100,105,0,1,1,-1,0,0,40,0,0,0,0,75,0,75,0,0,0,0,130,0,[0|0|0|0]
6700826,Light Greatsword - Default Attack,0.3,0.1,0,0,1.3,0.03,6903,-1,-1,-1,1667,120,120,-1,-1,100,110,-1,-1,0,85,85,85,85,60,100,100,100,0,0,0,0,0,0,0,0,0,0,0,0,20,0,0,0,0,2,0,0,0,0,0,0,1,0,0,3,255,2,255,0,255,0,0,0,0,0,0,0,0,0,0,0,3,1,0,0,0,0,0,0,0,0,0,0,-1,-1,2100,2010,-1,-1,-1,-1,-1,-1,-1,-1,-1,-1,-1,-1,-1,-1,-1,-1,-1,-1,-1,-1,-1,-1,-1,-1,-1,-1,-1,-1,0,0,0,0,0,0,0,0,0,0,0,0,-1,-1,-1,-1,-1,-1,-1,-1,-1,-1,-1,-1,-1,-1,-1,-1,-1,-1,-1,-1,-1,-1,-1,-1,0,0,0,0,0,0,0,0,0,0,0,0,0,0,0,0,0,0,0,0,0,0,0,0,255,139,139,85,0,0,0,0,0,0,0,65,90,100,100,0,0,100,-1,0,100,105,0,1,1,-1,0,0,40,0,0,0,0,85,0,85,0,0,0,0,130,0,[0|0|0|0]
6700829,Light Greatsword - Default Attack,0.3,0.1,0,0,0.5,0.03,6903,-1,-1,-1,-1,120,120,-1,-1,100,110,-1,-1,0,75,75,75,75,60,100,100,100,0,0,0,0,0,0,0,0,0,0,0,0,20,0,0,0,0,2,0,0,0,0,0,0,1,2,0,3,255,2,255,0,255,0,0,0,0,0,0,0,0,0,0,0,3,1,0,0,0,0,0,0,0,9,0,0,-1,-1,2100,2010,-1,-1,-1,-1,-1,-1,-1,-1,-1,-1,-1,-1,-1,-1,-1,-1,-1,-1,-1,-1,-1,-1,-1,-1,-1,-1,-1,-1,0,0,0,0,0,0,0,0,0,0,0,0,-1,-1,-1,-1,-1,-1,-1,-1,-1,-1,-1,-1,-1,-1,-1,-1,-1,-1,-1,-1,-1,-1,-1,-1,0,0,0,0,0,0,0,0,0,0,0,0,0,0,0,0,0,0,0,0,0,0,0,0,255,139,139,75,0,0,0,0,0,0,0,65,90,100,100,0,0,100,-1,0,100,105,0,1,1,-1,0,0,40,0,0,0,0,75,0,75,0,0,0,0,130,0,[0|0|0|0]
6700830,Light Greatsword - Default Attack,0.3,0.1,0,0,1,0.02,6903,-1,-1,-1,-1,120,120,-1,-1,100,110,-1,-1,0,40,40,40,40,45,100,100,100,104,0,0,0,0,0,0,0,0,0,0,0,20,0,0,0,0,2,0,0,0,0,0,0,1,0,0,3,255,0,255,0,255,0,0,0,0,0,0,0,0,0,0,0,4,1,0,0,0,0,0,0,0,9,0,0,-1,-1,2100,2010,-1,-1,-1,-1,-1,-1,-1,-1,-1,-1,-1,-1,-1,-1,-1,-1,-1,-1,-1,-1,-1,-1,-1,-1,-1,-1,-1,-1,0,0,0,0,0,0,0,0,0,0,0,0,-1,-1,-1,-1,-1,-1,-1,-1,-1,-1,-1,-1,-1,-1,-1,-1,-1,-1,-1,-1,-1,-1,-1,-1,0,0,0,0,0,0,0,0,0,0,0,0,0,0,0,0,0,0,0,0,0,0,0,0,255,139,139,40,0,0,0,0,0,0,0,65,90,100,100,0,0,100,-1,0,100,105,0,1,1,-1,0,0,60,0,0,0,0,40,0,40,0,0,0,0,130,0,[0|0|0|0]
6700831,Light Greatsword - Default Attack,0.3,0.1,0,0,1.4,0.02,6903,-1,-1,1665,-1,120,120,-1,-1,100,110,-1,-1,0,60,60,60,60,45,100,100,100,104,0,0,0,0,0,0,0,0,0,0,0,20,0,0,0,0,2,0,0,0,0,0,0,1,0,0,3,255,0,255,0,255,0,0,0,0,0,0,0,0,0,0,0,3,1,0,0,0,0,0,0,0,0,0,0,-1,-1,2100,2010,-1,-1,-1,-1,-1,-1,-1,-1,-1,-1,-1,-1,-1,-1,-1,-1,-1,-1,-1,-1,-1,-1,-1,-1,-1,-1,-1,-1,0,0,0,0,0,0,0,0,0,0,0,0,-1,-1,-1,-1,-1,-1,-1,-1,-1,-1,-1,-1,-1,-1,-1,-1,-1,-1,-1,-1,-1,-1,-1,-1,0,0,0,0,0,0,0,0,0,0,0,0,0,0,0,0,0,0,0,0,0,0,0,0,255,139,139,60,0,0,0,0,0,0,0,65,90,100,100,0,0,100,-1,0,100,105,0,1,1,-1,0,0,60,0,0,0,0,60,0,60,0,0,0,0,130,0,[0|0|0|0]
6700833,Light Greatsword - Default Attack,0.3,0.1,0,0,1.2,0.02,6903,-1,-1,-1,-1,120,120,-1,-1,100,110,-1,-1,0,40,40,40,40,45,100,100,100,104,0,0,0,0,0,0,0,0,0,0,0,20,0,0,0,0,2,0,0,0,0,0,0,1,2,0,3,255,0,255,0,255,0,0,0,0,0,0,0,0,0,0,0,4,1,0,0,0,0,0,0,0,9,0,0,-1,-1,2100,2010,-1,-1,-1,-1,-1,-1,-1,-1,-1,-1,-1,-1,-1,-1,-1,-1,-1,-1,-1,-1,-1,-1,-1,-1,-1,-1,-1,-1,0,0,0,0,0,0,0,0,0,0,0,0,-1,-1,-1,-1,-1,-1,-1,-1,-1,-1,-1,-1,-1,-1,-1,-1,-1,-1,-1,-1,-1,-1,-1,-1,0,0,0,0,0,0,0,0,0,0,0,0,0,0,0,0,0,0,0,0,0,0,0,0,255,139,139,40,0,0,0,0,0,0,0,65,90,100,100,0,0,100,-1,0,100,105,0,1,1,-1,0,0,60,0,0,0,0,40,0,40,0,0,0,0,130,0,[0|0|0|0]
6700834,Light Greatsword - Default Attack,0.3,0.1,0,0,1.4,0.02,6903,-1,-1,1665,-1,120,120,-1,-1,100,110,-1,-1,0,60,60,60,60,45,100,100,100,104,0,0,0,0,0,0,0,0,0,0,0,20,0,0,0,0,2,0,0,0,0,0,0,1,2,0,3,255,0,255,0,255,0,0,0,0,0,0,0,0,0,0,0,3,1,0,0,0,0,0,0,0,0,0,0,-1,-1,2100,2010,-1,-1,-1,-1,-1,-1,-1,-1,-1,-1,-1,-1,-1,-1,-1,-1,-1,-1,-1,-1,-1,-1,-1,-1,-1,-1,-1,-1,0,0,0,0,0,0,0,0,0,0,0,0,-1,-1,-1,-1,-1,-1,-1,-1,-1,-1,-1,-1,-1,-1,-1,-1,-1,-1,-1,-1,-1,-1,-1,-1,0,0,0,0,0,0,0,0,0,0,0,0,0,0,0,0,0,0,0,0,0,0,0,0,255,139,139,60,0,0,0,0,0,0,0,65,90,100,100,0,0,100,-1,0,100,105,0,1,1,-1,0,0,60,0,0,0,0,60,0,60,0,0,0,0,130,0,[0|0|0|0]
6700835,Light Greatsword - Default Attack,0.3,0.1,0,0,1.4,0.02,6903,-1,-1,-1,-1,120,120,-1,-1,100,110,-1,-1,0,40,40,40,40,45,100,100,100,104,0,0,0,0,0,0,0,0,0,0,0,20,0,0,0,0,2,0,0,0,0,0,0,1,0,0,3,255,0,255,0,255,0,0,0,0,0,0,0,0,0,0,0,4,1,0,0,0,0,0,0,0,9,0,0,-1,-1,2100,2010,-1,-1,-1,-1,-1,-1,-1,-1,-1,-1,-1,-1,-1,-1,-1,-1,-1,-1,-1,-1,-1,-1,-1,-1,-1,-1,-1,-1,0,0,0,0,0,0,0,0,0,0,0,0,-1,-1,-1,-1,-1,-1,-1,-1,-1,-1,-1,-1,-1,-1,-1,-1,-1,-1,-1,-1,-1,-1,-1,-1,0,0,0,0,0,0,0,0,0,0,0,0,0,0,0,0,0,0,0,0,0,0,0,0,255,139,139,40,0,0,0,0,0,0,0,65,90,100,100,0,0,100,-1,0,100,105,0,1,1,-1,0,0,60,0,0,0,0,40,0,40,0,0,0,0,130,0,[0|0|0|0]
6700836,Light Greatsword - Default Attack,0.3,0.1,0,0,1.4,0.02,6903,-1,-1,-1,1667,120,120,-1,-1,100,110,-1,-1,0,60,60,60,60,45,100,100,100,104,0,0,0,0,0,0,0,0,0,0,0,20,0,0,0,0,2,0,0,0,0,0,0,1,0,0,3,255,0,255,0,255,0,0,0,0,0,0,0,0,0,0,0,3,1,0,0,0,0,0,0,0,0,0,0,-1,-1,2100,2010,-1,-1,-1,-1,-1,-1,-1,-1,-1,-1,-1,-1,-1,-1,-1,-1,-1,-1,-1,-1,-1,-1,-1,-1,-1,-1,-1,-1,0,0,0,0,0,0,0,0,0,0,0,0,-1,-1,-1,-1,-1,-1,-1,-1,-1,-1,-1,-1,-1,-1,-1,-1,-1,-1,-1,-1,-1,-1,-1,-1,0,0,0,0,0,0,0,0,0,0,0,0,0,0,0,0,0,0,0,0,0,0,0,0,255,139,139,60,0,0,0,0,0,0,0,65,90,100,100,0,0,100,-1,0,100,105,0,1,1,-1,0,0,60,0,0,0,0,60,0,60,0,0,0,0,130,0,[0|0|0|0]
6700838,Light Greatsword - Default Attack,0.3,0.1,0,0,1.4,0.02,6903,-1,-1,-1,-1,120,120,-1,-1,100,110,-1,-1,0,40,40,40,40,45,100,100,100,104,0,0,0,0,0,0,0,0,0,0,0,20,0,0,0,0,2,0,0,0,0,0,0,1,2,0,3,255,0,255,0,255,0,0,0,0,0,0,0,0,0,0,0,4,1,0,0,0,0,0,0,0,9,0,0,-1,-1,2100,2010,-1,-1,-1,-1,-1,-1,-1,-1,-1,-1,-1,-1,-1,-1,-1,-1,-1,-1,-1,-1,-1,-1,-1,-1,-1,-1,-1,-1,0,0,0,0,0,0,0,0,0,0,0,0,-1,-1,-1,-1,-1,-1,-1,-1,-1,-1,-1,-1,-1,-1,-1,-1,-1,-1,-1,-1,-1,-1,-1,-1,0,0,0,0,0,0,0,0,0,0,0,0,0,0,0,0,0,0,0,0,0,0,0,0,255,139,139,40,0,0,0,0,0,0,0,65,90,100,100,0,0,100,-1,0,100,105,0,1,1,-1,0,0,60,0,0,0,0,40,0,40,0,0,0,0,130,0,[0|0|0|0]
6700839,Light Greatsword - Default Attack,0.3,0.1,0,0,1.4,0.02,6903,-1,-1,-1,1667,120,120,-1,-1,100,110,-1,-1,0,60,60,60,60,45,100,100,100,104,0,0,0,0,0,0,0,0,0,0,0,20,0,0,0,0,2,0,0,0,0,0,0,1,2,0,3,255,0,255,0,255,0,0,0,0,0,0,0,0,0,0,0,3,1,0,0,0,0,0,0,0,0,0,0,-1,-1,2100,2010,-1,-1,-1,-1,-1,-1,-1,-1,-1,-1,-1,-1,-1,-1,-1,-1,-1,-1,-1,-1,-1,-1,-1,-1,-1,-1,-1,-1,0,0,0,0,0,0,0,0,0,0,0,0,-1,-1,-1,-1,-1,-1,-1,-1,-1,-1,-1,-1,-1,-1,-1,-1,-1,-1,-1,-1,-1,-1,-1,-1,0,0,0,0,0,0,0,0,0,0,0,0,0,0,0,0,0,0,0,0,0,0,0,0,255,139,139,60,0,0,0,0,0,0,0,65,90,100,100,0,0,100,-1,0,100,105,0,1,1,-1,0,0,60,0,0,0,0,60,0,60,0,0,0,0,130,0,[0|0|0|0]
6700860,Light Greatsword - Default Attack,0.3,0.1,0,0,1.5,0.04,6903,-1,-1,1665,-1,120,120,-1,-1,100,110,-1,-1,0,100,100,100,100,105,120,100,100,122,0,0,0,0,0,0,0,0,0,0,0,20,0,0,0,0,2,0,0,0,0,0,0,1,0,0,2,255,0,255,0,255,0,0,0,0,0,0,0,0,0,0,0,0,1,0,0,0,0,0,0,0,9,0,0,-1,-1,2100,2010,-1,-1,-1,-1,-1,-1,-1,-1,-1,-1,-1,-1,-1,-1,-1,-1,-1,-1,-1,-1,-1,-1,-1,-1,-1,-1,-1,-1,0,0,0,0,0,0,0,0,0,0,0,0,-1,-1,-1,-1,-1,-1,-1,-1,-1,-1,-1,-1,-1,-1,-1,-1,-1,-1,-1,-1,-1,-1,-1,-1,0,0,0,0,0,0,0,0,0,0,0,0,0,0,0,0,0,0,0,0,0,0,0,0,255,139,139,100,0,0,0,0,0,0,0,65,90,100,100,0,0,100,-1,0,100,110,0,1,1,-1,0,0,60,0,0,0,0,100,0,100,0,0,0,0,130,0,[0|0|0|0]
6700865,Light Greatsword - Default Attack,0.3,0.1,0,0,1,0.04,6903,-1,-1,-1,1667,120,120,-1,-1,100,110,-1,-1,0,95,95,95,95,105,120,100,100,122,0,0,0,0,0,0,0,0,0,0,0,20,0,0,0,0,2,0,0,0,0,0,0,1,0,0,3,255,2,255,0,255,0,0,0,0,0,0,0,0,0,0,0,2,1,0,0,0,0,0,0,0,0,0,0,-1,-1,2100,2010,-1,-1,-1,-1,-1,-1,-1,-1,-1,-1,-1,-1,-1,-1,-1,-1,-1,-1,-1,-1,-1,-1,-1,-1,-1,-1,-1,-1,0,0,0,0,0,0,0,0,0,0,0,0,-1,-1,-1,-1,-1,-1,-1,-1,-1,-1,-1,-1,-1,-1,-1,-1,-1,-1,-1,-1,-1,-1,-1,-1,0,0,0,0,0,0,0,0,0,0,0,0,0,0,0,0,0,0,0,0,0,0,0,0,255,139,139,95,0,0,0,0,0,0,0,65,90,100,100,0,0,100,-1,0,100,110,0,1,1,-1,0,0,60,0,0,0,0,95,0,95,0,0,0,0,130,0,[0|0|0|0]
6700869,Light Greatsword - Default Attack,0.3,0.1,0,0,1,0.04,6903,-1,-1,-1,1667,120,120,-1,-1,100,110,-1,-1,0,95,95,95,95,105,120,100,100,122,0,0,0,0,0,0,0,0,0,0,0,20,0,0,0,0,2,0,0,0,0,0,0,1,2,0,3,255,2,255,0,255,0,0,0,0,0,0,0,0,0,0,0,2,1,0,0,0,0,0,0,0,0,0,0,-1,-1,2100,2010,-1,-1,-1,-1,-1,-1,-1,-1,-1,-1,-1,-1,-1,-1,-1,-1,-1,-1,-1,-1,-1,-1,-1,-1,-1,-1,-1,-1,0,0,0,0,0,0,0,0,0,0,0,0,-1,-1,-1,-1,-1,-1,-1,-1,-1,-1,-1,-1,-1,-1,-1,-1,-1,-1,-1,-1,-1,-1,-1,-1,0,0,0,0,0,0,0,0,0,0,0,0,0,0,0,0,0,0,0,0,0,0,0,0,255,139,139,95,0,0,0,0,0,0,0,65,90,100,100,0,0,100,-1,0,100,110,0,1,1,-1,0,0,60,0,0,0,0,95,0,95,0,0,0,0,130,0,[0|0|0|0]
6700870,Light Greatsword - Default Attack,0.3,0.1,0,0,0.1,0.04,6903,-1,-1,1665,-1,120,120,-1,-1,100,110,-1,-1,0,85,85,85,85,100,200,100,100,121,0,0,0,0,0,0,0,0,0,0,0,20,0,0,0,0,2,0,0,0,0,0,0,1,0,0,3,255,0,255,0,255,0,0,0,0,0,0,0,0,0,0,0,3,1,0,0,0,0,0,0,0,9,0,0,-1,-1,2100,2010,-1,-1,-1,-1,-1,-1,-1,-1,-1,-1,-1,-1,-1,-1,-1,-1,-1,-1,-1,-1,-1,-1,-1,-1,-1,-1,-1,-1,0,0,0,0,0,0,0,0,0,0,0,0,-1,-1,-1,-1,-1,-1,-1,-1,-1,-1,-1,-1,-1,-1,-1,-1,-1,-1,-1,-1,-1,-1,-1,-1,0,0,0,0,0,0,0,0,0,0,0,0,0,0,0,0,0,0,0,0,0,0,0,0,255,139,139,85,0,0,0,0,0,0,0,65,90,100,100,0,0,100,-1,0,100,90,0,1,1,-1,0,0,60,0,0,0,0,85,0,85,0,0,0,0,130,0,[0|0|0|0]
6700873,Light Greatsword - Default Attack,0.3,0.1,0,0,0.1,0.04,6903,-1,-1,1665,-1,120,120,-1,-1,100,110,-1,-1,0,85,85,85,85,100,200,100,100,121,0,0,0,0,0,0,0,0,0,0,0,20,0,0,0,0,2,0,0,0,0,0,0,1,2,0,3,255,0,255,0,255,0,0,0,0,0,0,0,0,0,0,0,3,1,0,0,0,0,0,0,0,9,0,0,-1,-1,2100,2010,-1,-1,-1,-1,-1,-1,-1,-1,-1,-1,-1,-1,-1,-1,-1,-1,-1,-1,-1,-1,-1,-1,-1,-1,-1,-1,-1,-1,0,0,0,0,0,0,0,0,0,0,0,0,-1,-1,-1,-1,-1,-1,-1,-1,-1,-1,-1,-1,-1,-1,-1,-1,-1,-1,-1,-1,-1,-1,-1,-1,0,0,0,0,0,0,0,0,0,0,0,0,0,0,0,0,0,0,0,0,0,0,0,0,255,139,139,85,0,0,0,0,0,0,0,65,90,100,100,0,0,100,-1,0,100,90,0,1,1,-1,0,0,60,0,0,0,0,85,0,85,0,0,0,0,130,0,[0|0|0|0]
6700875,Light Greatsword - Default Attack,0.3,0.1,0,0,1,0.04,6903,-1,-1,-1,1667,120,120,-1,-1,100,110,-1,-1,0,85,85,85,85,100,200,100,100,121,0,0,0,0,0,0,0,0,0,0,0,20,0,0,0,0,2,0,0,0,0,0,0,1,0,0,3,255,0,255,0,255,0,0,0,0,0,0,0,0,0,0,0,3,1,0,0,0,0,0,0,0,0,0,0,-1,-1,2100,2010,-1,-1,-1,-1,-1,-1,-1,-1,-1,-1,-1,-1,-1,-1,-1,-1,-1,-1,-1,-1,-1,-1,-1,-1,-1,-1,-1,-1,0,0,0,0,0,0,0,0,0,0,0,0,-1,-1,-1,-1,-1,-1,-1,-1,-1,-1,-1,-1,-1,-1,-1,-1,-1,-1,-1,-1,-1,-1,-1,-1,0,0,0,0,0,0,0,0,0,0,0,0,0,0,0,0,0,0,0,0,0,0,0,0,255,139,139,85,0,0,0,0,0,0,0,65,90,100,100,0,0,100,-1,0,100,90,0,1,1,-1,0,0,60,0,0,0,0,85,0,85,0,0,0,0,130,0,[0|0|0|0]
6700880,Light Greatsword - Default Attack,0.3,0.1,0,0,1.5,0.04,6903,-1,-1,1665,-1,120,120,-1,-1,100,110,-1,-1,0,85,85,85,85,100,200,100,100,121,0,0,0,0,0,0,0,0,0,0,0,20,0,0,0,0,2,0,0,0,0,0,0,1,0,0,3,255,2,255,0,255,0,0,0,0,0,0,0,0,0,0,0,1,1,0,0,0,0,0,0,0,9,0,0,-1,-1,2100,2010,-1,-1,-1,-1,-1,-1,-1,-1,-1,-1,-1,-1,-1,-1,-1,-1,-1,-1,-1,-1,-1,-1,-1,-1,-1,-1,-1,-1,0,0,0,0,0,0,0,0,0,0,0,0,-1,-1,-1,-1,-1,-1,-1,-1,-1,-1,-1,-1,-1,-1,-1,-1,-1,-1,-1,-1,-1,-1,-1,-1,0,0,0,0,0,0,0,0,0,0,0,0,0,0,0,0,0,0,0,0,0,0,0,0,255,139,139,85,0,0,0,0,0,0,0,65,90,100,100,0,0,100,-1,0,100,90,0,1,1,-1,0,0,60,0,0,0,0,85,0,85,0,0,0,0,130,0,[0|0|0|0]
6700883,Light Greatsword - Default Attack,0.3,0.1,0,0,1.5,0.04,6903,-1,-1,1665,-1,120,120,-1,-1,100,110,-1,-1,0,85,85,85,85,100,200,100,100,121,0,0,0,0,0,0,0,0,0,0,0,20,0,0,0,0,2,0,0,0,0,0,0,1,2,0,3,255,2,255,0,255,0,0,0,0,0,0,0,0,0,0,0,1,1,0,0,0,0,0,0,0,9,0,0,-1,-1,2100,2010,-1,-1,-1,-1,-1,-1,-1,-1,-1,-1,-1,-1,-1,-1,-1,-1,-1,-1,-1,-1,-1,-1,-1,-1,-1,-1,-1,-1,0,0,0,0,0,0,0,0,0,0,0,0,-1,-1,-1,-1,-1,-1,-1,-1,-1,-1,-1,-1,-1,-1,-1,-1,-1,-1,-1,-1,-1,-1,-1,-1,0,0,0,0,0,0,0,0,0,0,0,0,0,0,0,0,0,0,0,0,0,0,0,0,255,139,139,85,0,0,0,0,0,0,0,65,90,100,100,0,0,100,-1,0,100,90,0,1,1,-1,0,0,60,0,0,0,0,85,0,85,0,0,0,0,130,0,[0|0|0|0]
6700885,Light Greatsword - Default Attack,0.3,0.1,0,0,1.5,0.04,6903,-1,-1,-1,1667,120,120,-1,-1,100,110,-1,-1,0,85,85,85,85,100,200,100,100,121,0,0,0,0,0,0,0,0,0,0,0,20,0,0,0,0,2,0,0,0,0,0,0,1,0,0,3,255,2,255,0,255,0,0,0,0,0,0,0,0,0,0,0,1,1,0,0,0,0,0,0,0,0,0,0,-1,-1,2100,2010,-1,-1,-1,-1,-1,-1,-1,-1,-1,-1,-1,-1,-1,-1,-1,-1,-1,-1,-1,-1,-1,-1,-1,-1,-1,-1,-1,-1,0,0,0,0,0,0,0,0,0,0,0,0,-1,-1,-1,-1,-1,-1,-1,-1,-1,-1,-1,-1,-1,-1,-1,-1,-1,-1,-1,-1,-1,-1,-1,-1,0,0,0,0,0,0,0,0,0,0,0,0,0,0,0,0,0,0,0,0,0,0,0,0,255,139,139,85,0,0,0,0,0,0,0,65,90,100,100,0,0,100,-1,0,100,90,0,1,1,-1,0,0,60,0,0,0,0,85,0,85,0,0,0,0,130,0,[0|0|0|0]
6700889,Light Greatsword - Default Attack,0.3,0.1,0,0,1.5,0.04,6903,-1,-1,-1,1667,120,120,-1,-1,100,110,-1,-1,0,85,85,85,85,100,200,100,100,121,0,0,0,0,0,0,0,0,0,0,0,20,0,0,0,0,2,0,0,0,0,0,0,1,2,0,3,255,2,255,0,255,0,0,0,0,0,0,0,0,0,0,0,1,1,0,0,0,0,0,0,0,0,0,0,-1,-1,2100,2010,-1,-1,-1,-1,-1,-1,-1,-1,-1,-1,-1,-1,-1,-1,-1,-1,-1,-1,-1,-1,-1,-1,-1,-1,-1,-1,-1,-1,0,0,0,0,0,0,0,0,0,0,0,0,-1,-1,-1,-1,-1,-1,-1,-1,-1,-1,-1,-1,-1,-1,-1,-1,-1,-1,-1,-1,-1,-1,-1,-1,0,0,0,0,0,0,0,0,0,0,0,0,0,0,0,0,0,0,0,0,0,0,0,0,255,139,139,85,0,0,0,0,0,0,0,65,90,100,100,0,0,100,-1,0,100,90,0,1,1,-1,0,0,60,0,0,0,0,85,0,85,0,0,0,0,130,0,[0|0|0|0]
6700890,Light Greatsword - Default Attack,0.3,0.1,0,0,0.5,0.03,6903,-1,-1,-1,-1,120,120,-1,-1,100,110,-1,-1,0,80,80,80,80,75,9900,100,100,102,0,0,0,0,0,0,0,0,0,0,0,20,0,0,0,0,2,0,0,0,0,0,0,1,0,0,3,255,0,255,0,255,0,0,0,0,0,0,0,0,0,0,1,2,1,0,0,0,0,0,0,0,9,0,0,-1,-1,2100,2010,-1,-1,-1,-1,-1,-1,-1,-1,-1,-1,-1,-1,-1,-1,-1,-1,-1,-1,-1,-1,-1,-1,-1,-1,-1,-1,-1,-1,0,0,0,0,0,0,0,0,0,0,0,0,-1,-1,-1,-1,-1,-1,-1,-1,-1,-1,-1,-1,-1,-1,-1,-1,-1,-1,-1,-1,-1,-1,-1,-1,0,0,0,0,0,0,0,0,0,0,0,0,0,0,0,0,0,0,0,0,0,0,0,0,255,139,139,80,0,0,0,0,0,0,0,65,90,100,100,0,0,100,-1,0,100,130,0,1,1,-1,0,0,100,0,0,0,0,80,0,80,0,0,0,0,130,0,[0|0|0|0]
6700891,Light Greatsword - Default Attack,0.3,0.1,0,0,0.5,0.03,6903,-1,-1,1665,-1,120,120,-1,-1,100,110,-1,-1,0,85,85,85,85,75,9900,100,100,102,0,0,0,0,0,0,0,0,0,0,0,20,0,0,0,0,2,0,0,0,0,0,0,1,0,0,3,255,0,255,0,255,0,0,0,0,0,0,0,0,0,0,1,3,1,0,0,0,0,0,0,0,9,0,0,-1,-1,2100,2010,-1,-1,-1,-1,-1,-1,-1,-1,-1,-1,-1,-1,-1,-1,-1,-1,-1,-1,-1,-1,-1,-1,-1,-1,-1,-1,-1,-1,0,0,0,0,0,0,0,0,0,0,0,0,-1,-1,-1,-1,-1,-1,-1,-1,-1,-1,-1,-1,-1,-1,-1,-1,-1,-1,-1,-1,-1,-1,-1,-1,0,0,0,0,0,0,0,0,0,0,0,0,0,0,0,0,0,0,0,0,0,0,0,0,255,139,139,85,0,0,0,0,0,0,0,65,90,100,100,0,0,100,-1,0,100,130,0,1,1,-1,0,0,100,0,0,0,0,85,0,85,0,0,0,0,130,0,[0|0|0|0]
6700893,Light Greatsword - Default Attack,0.3,0.1,0,0,0.5,0.03,6903,-1,-1,-1,-1,120,120,-1,-1,100,110,-1,-1,0,80,80,80,80,75,9900,100,100,102,0,0,0,0,0,0,0,0,0,0,0,20,0,0,0,0,2,0,0,0,0,0,0,1,2,0,3,255,0,255,0,255,0,0,0,0,0,0,0,0,0,0,1,2,1,0,0,0,0,0,0,0,9,0,0,-1,-1,2100,2010,-1,-1,-1,-1,-1,-1,-1,-1,-1,-1,-1,-1,-1,-1,-1,-1,-1,-1,-1,-1,-1,-1,-1,-1,-1,-1,-1,-1,0,0,0,0,0,0,0,0,0,0,0,0,-1,-1,-1,-1,-1,-1,-1,-1,-1,-1,-1,-1,-1,-1,-1,-1,-1,-1,-1,-1,-1,-1,-1,-1,0,0,0,0,0,0,0,0,0,0,0,0,0,0,0,0,0,0,0,0,0,0,0,0,255,139,139,80,0,0,0,0,0,0,0,65,90,100,100,0,0,100,-1,0,100,130,0,1,1,-1,0,0,100,0,0,0,0,80,0,80,0,0,0,0,130,0,[0|0|0|0]
6700894,Light Greatsword - Default Attack,0.3,0.1,0,0,0.5,0.03,6903,-1,-1,1665,-1,120,120,-1,-1,100,110,-1,-1,0,85,85,85,85,75,9900,100,100,102,0,0,0,0,0,0,0,0,0,0,0,20,0,0,0,0,2,0,0,0,0,0,0,1,2,0,3,255,0,255,0,255,0,0,0,0,0,0,0,0,0,0,1,3,1,0,0,0,0,0,0,0,9,0,0,-1,-1,2100,2010,-1,-1,-1,-1,-1,-1,-1,-1,-1,-1,-1,-1,-1,-1,-1,-1,-1,-1,-1,-1,-1,-1,-1,-1,-1,-1,-1,-1,0,0,0,0,0,0,0,0,0,0,0,0,-1,-1,-1,-1,-1,-1,-1,-1,-1,-1,-1,-1,-1,-1,-1,-1,-1,-1,-1,-1,-1,-1,-1,-1,0,0,0,0,0,0,0,0,0,0,0,0,0,0,0,0,0,0,0,0,0,0,0,0,255,139,139,85,0,0,0,0,0,0,0,65,90,100,100,0,0,100,-1,0,100,130,0,1,1,-1,0,0,100,0,0,0,0,85,0,85,0,0,0,0,130,0,[0|0|0|0]
6700895,Light Greatsword - Default Attack,0.3,0.1,0,0,0.7,0.03,6903,-1,-1,-1,1667,120,120,-1,-1,100,110,-1,-1,0,85,85,85,85,75,9900,100,100,102,0,0,0,0,0,0,0,0,0,0,0,20,0,0,0,0,2,0,0,0,0,0,0,1,0,0,3,255,0,255,0,255,0,0,0,0,0,0,0,0,0,0,1,3,1,0,0,0,0,0,0,0,0,0,0,-1,-1,2100,2010,-1,-1,-1,-1,-1,-1,-1,-1,-1,-1,-1,-1,-1,-1,-1,-1,-1,-1,-1,-1,-1,-1,-1,-1,-1,-1,-1,-1,0,0,0,0,0,0,0,0,0,0,0,0,-1,-1,-1,-1,-1,-1,-1,-1,-1,-1,-1,-1,-1,-1,-1,-1,-1,-1,-1,-1,-1,-1,-1,-1,0,0,0,0,0,0,0,0,0,0,0,0,0,0,0,0,0,0,0,0,0,0,0,0,255,139,139,85,0,0,0,0,0,0,0,65,90,100,100,0,0,100,-1,0,100,130,0,1,1,-1,0,0,100,0,0,0,0,85,0,85,0,0,0,0,130,0,[0|0|0|0]
6700990,Light Greatsword - Default Attack,0,0.2,0,0,0.9,0.08,6903,-1,-1,1665,-1,0,120,-1,-1,0,110,-1,-1,0,100,100,100,100,100,100,100,100,0,0,0,0,0,0,0,0,0,0,0,0,20,0,0,0,0,2,0,0,0,0,0,0,1,0,0,3,255,0,255,0,255,0,0,0,0,0,0,0,0,0,0,0,0,0,0,0,0,0,0,0,0,0,0,0,-1,-1,2100,2010,-1,-1,-1,-1,-1,-1,-1,-1,-1,-1,-1,-1,-1,-1,-1,-1,-1,-1,-1,-1,-1,-1,-1,-1,-1,-1,-1,-1,0,0,0,0,0,0,0,0,0,0,0,0,-1,-1,-1,-1,-1,-1,-1,-1,-1,-1,-1,-1,-1,-1,-1,-1,-1,-1,-1,-1,-1,-1,-1,-1,0,0,0,0,0,0,0,0,0,0,0,0,0,0,0,0,0,0,0,0,0,0,0,0,255,139,139,100,0,0,0,0,0,0,0,100,100,100,100,0,0,100,-1,0,100,100,0,1,1,-1,0,0,100,0,0,0,0,100,0,100,0,0,0,0,130,0,[0|0|0|0]
6700991,Light Greatsword - Default Attack,0,0.2,0,0,0.9,0.08,6903,-1,-1,1665,-1,0,120,-1,-1,0,-1,-1,-1,0,100,100,100,100,100,100,100,100,0,0,0,0,0,0,0,0,0,0,0,0,20,0,0,0,0,2,0,0,0,0,0,0,1,0,0,3,255,0,255,0,255,0,0,0,0,0,0,0,0,0,0,0,0,0,0,0,0,0,0,0,0,0,0,0,-1,-1,2100,2010,-1,-1,-1,-1,-1,-1,-1,-1,-1,-1,-1,-1,-1,-1,-1,-1,-1,-1,-1,-1,-1,-1,-1,-1,-1,-1,-1,-1,0,0,0,0,0,0,0,0,0,0,0,0,-1,-1,-1,-1,-1,-1,-1,-1,-1,-1,-1,-1,-1,-1,-1,-1,-1,-1,-1,-1,-1,-1,-1,-1,0,0,0,0,0,0,0,0,0,0,0,0,0,0,0,0,0,0,0,0,0,0,0,0,255,139,139,100,0,0,0,0,0,0,0,100,100,100,100,0,0,100,-1,0,100,100,0,1,1,-1,0,0,100,0,0,0,0,100,0,100,0,0,0,0,130,0,[0|0|0|0]
6700992,Light Greatsword - Default Attack,0,0.1,0,0,0.9,0.08,6903,-1,-1,1665,-1,0,120,-1,-1,0,110,-1,-1,0,100,100,100,100,100,100,100,100,0,0,0,0,0,0,0,0,0,0,0,0,20,0,0,0,0,2,0,0,0,0,0,0,1,0,0,3,255,0,255,0,255,0,0,0,0,0,0,0,0,0,0,0,0,0,0,0,0,0,0,0,0,0,0,0,-1,-1,2100,2010,-1,-1,-1,-1,-1,-1,-1,-1,-1,-1,-1,-1,-1,-1,-1,-1,-1,-1,-1,-1,-1,-1,-1,-1,-1,-1,-1,-1,0,0,0,0,0,0,0,0,0,0,0,0,-1,-1,-1,-1,-1,-1,-1,-1,-1,-1,-1,-1,-1,-1,-1,-1,-1,-1,-1,-1,-1,-1,-1,-1,0,0,0,0,0,0,0,0,0,0,0,0,0,0,0,0,0,0,0,0,0,0,0,0,255,139,139,100,0,0,0,0,0,0,0,100,100,100,100,0,0,100,-1,0,100,100,0,1,1,-1,0,0,100,0,0,0,0,100,0,100,0,0,0,0,130,0,[0|0|0|0]
6700997,Light Greatsword - Default Attack,0,0.2,0,0,0.9,0.08,6903,-1,-1,1665,-1,0,120,-1,-1,0,110,-1,-1,0,100,100,100,100,100,100,100,100,0,0,0,0,0,0,0,0,0,0,0,0,20,0,0,0,0,2,0,0,0,0,0,0,1,0,0,3,255,0,255,0,255,0,0,0,0,0,0,0,0,0,0,0,0,0,0,0,0,0,0,0,0,0,0,0,-1,-1,2100,2010,-1,-1,-1,-1,-1,-1,-1,-1,-1,-1,-1,-1,-1,-1,-1,-1,-1,-1,-1,-1,-1,-1,-1,-1,-1,-1,-1,-1,0,0,0,0,0,0,0,0,0,0,0,0,-1,-1,-1,-1,-1,-1,-1,-1,-1,-1,-1,-1,-1,-1,-1,-1,-1,-1,-1,-1,-1,-1,-1,-1,0,0,0,0,0,0,0,0,0,0,0,0,0,0,0,0,0,0,0,0,0,0,0,0,255,139,139,100,0,0,0,0,0,0,0,100,100,100,100,0,0,100,-1,0,100,100,0,1,1,-1,0,0,100,0,0,0,0,100,0,100,0,0,0,0,130,0,[0|0|0|0]
6700998,Light Greatsword - Default Attack,0,0.2,0,0,0.9,0.08,6903,-1,-1,1665,-1,0,120,-1,-1,0,-1,-1,-1,0,100,100,100,100,100,100,100,100,0,0,0,0,0,0,0,0,0,0,0,0,20,0,0,0,0,2,0,0,0,0,0,0,1,0,0,3,255,0,255,0,255,0,0,0,0,0,0,0,0,0,0,0,0,0,0,0,0,0,0,0,0,0,0,0,-1,-1,2100,2010,-1,-1,-1,-1,-1,-1,-1,-1,-1,-1,-1,-1,-1,-1,-1,-1,-1,-1,-1,-1,-1,-1,-1,-1,-1,-1,-1,-1,0,0,0,0,0,0,0,0,0,0,0,0,-1,-1,-1,-1,-1,-1,-1,-1,-1,-1,-1,-1,-1,-1,-1,-1,-1,-1,-1,-1,-1,-1,-1,-1,0,0,0,0,0,0,0,0,0,0,0,0,0,0,0,0,0,0,0,0,0,0,0,0,255,139,139,100,0,0,0,0,0,0,0,100,100,100,100,0,0,100,-1,0,100,100,0,1,1,-1,0,0,100,0,0,0,0,100,0,100,0,0,0,0,130,0,[0|0|0|0]
6700999,Light Greatsword - Default Attack,0,0.1,0,0,0.9,0.08,6903,-1,-1,1665,-1,0,120,-1,-1,0,110,-1,-1,0,100,100,100,100,100,100,100,100,0,0,0,0,0,0,0,0,0,0,0,0,20,0,0,0,0,2,0,0,0,0,0,0,1,0,0,3,255,0,255,0,255,0,0,0,0,0,0,0,0,0,0,0,0,0,0,0,0,0,0,0,0,0,0,0,-1,-1,2100,2010,-1,-1,-1,-1,-1,-1,-1,-1,-1,-1,-1,-1,-1,-1,-1,-1,-1,-1,-1,-1,-1,-1,-1,-1,-1,-1,-1,-1,0,0,0,0,0,0,0,0,0,0,0,0,-1,-1,-1,-1,-1,-1,-1,-1,-1,-1,-1,-1,-1,-1,-1,-1,-1,-1,-1,-1,-1,-1,-1,-1,0,0,0,0,0,0,0,0,0,0,0,0,0,0,0,0,0,0,0,0,0,0,0,0,255,139,139,100,0,0,0,0,0,0,0,100,100,100,100,0,0,100,-1,0,100,100,0,1,1,-1,0,0,100,0,0,0,0,100,0,100,0,0,0,0,130,0,[0|0|0|0]
6701000,Rellana's Twin Blades - Attack,0.4,0.1,0,0,1.15,0.08,6903,-1,-1,1665,-1,110,120,-1,-1,100,110,-1,-1,0,100,100,0,100,100,100,100,100,0,0,0,0,0,0,0,0,0,0,0,0,20,0,0,0,0,2,0,0,0,0,0,0,1,0,0,2,255,0,255,0,255,0,0,0,0,0,0,0,0,0,0,0,0,1,0,0,0,0,0,0,0,0,0,0,-1,-1,2100,2010,-1,-1,-1,-1,-1,-1,-1,-1,-1,-1,-1,-1,-1,-1,-1,-1,-1,-1,-1,-1,-1,-1,-1,-1,-1,-1,-1,-1,0,0,0,0,0,0,0,0,0,0,0,0,-1,-1,-1,-1,-1,-1,-1,-1,-1,-1,-1,-1,-1,-1,-1,-1,-1,-1,-1,-1,-1,-1,-1,-1,0,0,0,0,0,0,0,0,0,0,0,0,0,0,0,0,0,0,0,0,0,0,0,0,255,139,139,100,0,0,0,1,0,0,0,100,100,100,100,0,0,100,-1,0,100,100,0,1,1,-1,0,0,100,0,0,0,0,100,0,100,0,0,0,0,130,0,[0|0|0|0]
6701010,Rellana's Twin Blades - Attack,0.4,0.1,0,0,1,0.08,6903,-1,-1,1665,-1,110,120,-1,-1,100,110,-1,-1,0,101,101,0,101,100,100,100,100,0,0,0,0,0,0,0,0,0,0,0,0,20,0,0,0,0,2,0,0,0,0,0,0,1,0,0,3,255,0,255,0,255,0,0,0,0,0,0,0,0,0,0,0,1,1,0,0,0,0,0,0,0,0,0,0,-1,-1,2100,2010,-1,-1,-1,-1,-1,-1,-1,-1,-1,-1,-1,-1,-1,-1,-1,-1,-1,-1,-1,-1,-1,-1,-1,-1,-1,-1,-1,-1,0,0,0,0,0,0,0,0,0,0,0,0,-1,-1,-1,-1,-1,-1,-1,-1,-1,-1,-1,-1,-1,-1,-1,-1,-1,-1,-1,-1,-1,-1,-1,-1,0,0,0,0,0,0,0,0,0,0,0,0,0,0,0,0,0,0,0,0,0,0,0,0,255,139,139,101,0,0,0,1,0,0,0,100,100,100,100,0,0,100,-1,0,100,100,0,1,1,-1,0,0,100,0,0,0,0,101,0,101,0,0,0,0,130,0,[0|0|0|0]
6701013,Rellana's Twin Blades - Attack,0.4,0.1,0,0,1,0.08,6903,-1,-1,1665,-1,110,120,-1,-1,100,110,-1,-1,0,101,101,0,101,100,100,100,100,0,0,0,0,0,0,0,0,0,0,0,0,20,0,0,0,0,2,0,0,0,0,0,0,1,2,0,3,255,0,255,0,255,0,0,0,0,0,0,0,0,0,0,0,1,1,0,0,0,0,0,0,0,0,0,0,-1,-1,2100,2010,-1,-1,-1,-1,-1,-1,-1,-1,-1,-1,-1,-1,-1,-1,-1,-1,-1,-1,-1,-1,-1,-1,-1,-1,-1,-1,-1,-1,0,0,0,0,0,0,0,0,0,0,0,0,-1,-1,-1,-1,-1,-1,-1,-1,-1,-1,-1,-1,-1,-1,-1,-1,-1,-1,-1,-1,-1,-1,-1,-1,0,0,0,0,0,0,0,0,0,0,0,0,0,0,0,0,0,0,0,0,0,0,0,0,255,139,139,101,0,0,0,1,0,0,0,100,100,100,100,0,0,100,-1,0,100,100,0,1,1,-1,0,0,100,0,0,0,0,101,0,101,0,0,0,0,130,0,[0|0|0|0]
6701020,Rellana's Twin Blades - Attack,0.4,0.1,0,0,1.83,0.08,6903,-1,-1,1665,-1,110,120,-1,-1,100,110,-1,-1,0,102,102,0,102,100,100,100,100,0,0,0,0,0,0,0,0,0,0,0,0,20,0,0,0,0,2,0,0,0,0,0,0,1,0,0,3,255,0,255,0,255,0,0,0,0,0,0,0,0,0,0,0,2,1,0,0,0,0,0,0,0,0,0,0,-1,-1,2100,2010,-1,-1,-1,-1,-1,-1,-1,-1,-1,-1,-1,-1,-1,-1,-1,-1,-1,-1,-1,-1,-1,-1,-1,-1,-1,-1,-1,-1,0,0,0,0,0,0,0,0,0,0,0,0,-1,-1,-1,-1,-1,-1,-1,-1,-1,-1,-1,-1,-1,-1,-1,-1,-1,-1,-1,-1,-1,-1,-1,-1,0,0,0,0,0,0,0,0,0,0,0,0,0,0,0,0,0,0,0,0,0,0,0,0,255,139,139,102,0,0,0,1,0,0,0,100,100,100,100,0,0,100,-1,0,100,105,0,1,1,-1,0,0,100,0,0,0,0,102,0,102,0,0,0,0,130,0,[0|0|0|0]
6701023,Rellana's Twin Blades - Attack,0.4,0,0,0,1.83,0.08,6903,-1,-1,1665,-1,110,0,-1,-1,100,0,-1,-1,0,102,102,0,102,100,100,100,100,0,0,0,0,0,0,0,0,0,0,0,0,20,0,0,0,0,0,0,0,0,0,0,0,1,2,0,3,255,0,255,0,255,0,0,0,0,0,0,0,0,0,0,0,2,1,0,0,0,0,0,0,0,0,0,0,-1,-1,2100,2010,-1,-1,-1,-1,-1,-1,-1,-1,-1,-1,-1,-1,-1,-1,-1,-1,-1,-1,-1,-1,-1,-1,-1,-1,-1,-1,-1,-1,0,0,0,0,0,0,0,0,0,0,0,0,-1,-1,-1,-1,-1,-1,-1,-1,-1,-1,-1,-1,-1,-1,-1,-1,-1,-1,-1,-1,-1,-1,-1,-1,0,0,0,0,0,0,0,0,0,0,0,0,0,0,0,0,0,0,0,0,0,0,0,0,255,139,139,102,0,0,0,1,0,0,0,100,100,100,100,0,0,100,-1,0,100,105,0,1,1,-1,0,0,100,0,0,0,0,102,0,102,0,0,0,0,130,0,[0|0|0|0]
6701030,Rellana's Twin Blades - Attack,0.4,0.1,0,0,1,0.08,6903,-1,-1,1665,-1,110,120,-1,-1,100,110,-1,-1,0,103,103,0,103,100,100,100,100,0,0,0,0,0,0,0,0,0,0,0,0,20,0,0,0,0,2,0,0,0,0,0,0,1,0,0,3,255,0,255,0,255,0,0,0,0,0,0,0,0,0,0,0,3,1,0,0,0,0,0,0,0,0,0,0,-1,-1,2100,2010,-1,-1,-1,-1,-1,-1,-1,-1,-1,-1,-1,-1,-1,-1,-1,-1,-1,-1,-1,-1,-1,-1,-1,-1,-1,-1,-1,-1,0,0,0,0,0,0,0,0,0,0,0,0,-1,-1,-1,-1,-1,-1,-1,-1,-1,-1,-1,-1,-1,-1,-1,-1,-1,-1,-1,-1,-1,-1,-1,-1,0,0,0,0,0,0,0,0,0,0,0,0,0,0,0,0,0,0,0,0,0,0,0,0,255,139,139,103,0,0,0,1,0,0,0,100,100,100,100,0,0,100,-1,0,100,105,0,1,1,-1,0,0,100,0,0,0,0,103,0,103,0,0,0,0,130,0,[0|0|0|0]
6701040,Rellana's Twin Blades - Attack,0.4,0.1,0,0,1.1,0.08,6903,-1,-1,1665,-1,110,120,-1,-1,100,110,-1,-1,0,70,70,0,70,50,100,100,100,104,0,0,0,0,0,0,0,0,0,0,0,20,0,0,0,0,2,0,0,0,0,0,0,1,0,0,3,255,0,255,0,255,0,0,0,0,0,0,0,0,0,0,0,4,1,0,0,0,0,0,0,0,9,0,0,-1,-1,2100,2010,-1,-1,-1,-1,-1,-1,-1,-1,-1,-1,-1,-1,-1,-1,-1,-1,-1,-1,-1,-1,-1,-1,-1,-1,-1,-1,-1,-1,0,0,0,0,0,0,0,0,0,0,0,0,-1,-1,-1,-1,-1,-1,-1,-1,-1,-1,-1,-1,-1,-1,-1,-1,-1,-1,-1,-1,-1,-1,-1,-1,0,0,0,0,0,0,0,0,0,0,0,0,0,0,0,0,0,0,0,0,0,0,0,0,255,139,139,70,0,0,0,1,0,0,0,50,50,100,100,0,0,50,-1,0,100,80,0,1,1,-1,0,0,100,0,0,0,0,70,0,70,0,0,0,0,130,0,[0|0|0|0]
6701041,Rellana's Twin Blades - Attack,0.4,0.1,0,0,1.9,0.04,6903,-1,-1,1665,-1,110,120,-1,-1,100,110,-1,-1,0,80,80,0,80,50,100,100,100,104,0,0,0,0,0,0,0,0,0,0,0,20,0,0,0,0,2,0,0,0,0,0,0,1,0,0,3,255,0,255,0,255,0,0,0,0,0,0,0,0,0,0,0,1,1,0,0,0,0,0,0,0,0,0,0,-1,-1,2100,2010,-1,-1,-1,-1,-1,-1,-1,-1,-1,-1,-1,-1,-1,-1,-1,-1,-1,-1,-1,-1,-1,-1,-1,-1,-1,-1,-1,-1,0,0,0,0,0,0,0,0,0,0,0,0,-1,-1,-1,-1,-1,-1,-1,-1,-1,-1,-1,-1,-1,-1,-1,-1,-1,-1,-1,-1,-1,-1,-1,-1,0,0,0,0,0,0,0,0,0,0,0,0,0,0,0,0,0,0,0,0,0,0,0,0,255,139,139,80,0,0,0,1,0,0,0,100,100,100,100,0,0,100,-1,0,100,100,0,1,1,-1,0,0,100,0,0,0,0,80,0,80,0,0,0,0,130,0,[0|0|0|0]
6701044,Rellana's Twin Blades - Attack,0.4,0.1,0,0,1.9,0.04,6903,-1,-1,1665,-1,110,120,-1,-1,100,110,-1,-1,0,80,80,0,80,50,100,100,100,104,0,0,0,0,0,0,0,0,0,0,0,20,0,0,0,0,2,0,0,0,0,0,0,1,2,0,3,255,0,255,0,255,0,0,0,0,0,0,0,0,0,0,0,1,1,0,0,0,0,0,0,0,0,0,0,-1,-1,2100,2010,-1,-1,-1,-1,-1,-1,-1,-1,-1,-1,-1,-1,-1,-1,-1,-1,-1,-1,-1,-1,-1,-1,-1,-1,-1,-1,-1,-1,0,0,0,0,0,0,0,0,0,0,0,0,-1,-1,-1,-1,-1,-1,-1,-1,-1,-1,-1,-1,-1,-1,-1,-1,-1,-1,-1,-1,-1,-1,-1,-1,0,0,0,0,0,0,0,0,0,0,0,0,0,0,0,0,0,0,0,0,0,0,0,0,255,139,139,80,0,0,0,1,0,0,0,100,100,100,100,0,0,100,-1,0,100,100,0,1,1,-1,0,0,100,0,0,0,0,80,0,80,0,0,0,0,130,0,[0|0|0|0]
6701100,Rellana's Twin Blades - Attack,0.4,0.1,0,0,1.2,0.04,6904,-1,-1,1665,-1,110,120,-1,-1,100,110,-1,-1,0,80,80,0,80,70,60,100,100,0,0,0,0,0,0,0,0,0,0,0,0,20,0,0,0,0,2,0,0,0,0,0,0,1,0,0,3,255,2,255,0,255,0,0,0,0,0,0,0,0,0,0,0,4,1,0,0,0,0,0,0,0,9,0,0,-1,-1,2100,2010,-1,-1,-1,-1,-1,-1,-1,-1,-1,-1,-1,-1,-1,-1,-1,-1,-1,-1,-1,-1,-1,-1,-1,-1,-1,-1,-1,-1,0,0,0,0,0,0,0,0,0,0,0,0,-1,-1,-1,-1,-1,-1,-1,-1,-1,-1,-1,-1,-1,-1,-1,-1,-1,-1,-1,-1,-1,-1,-1,-1,0,0,0,0,0,0,0,0,0,0,0,0,0,0,0,0,0,0,0,0,0,0,0,0,255,139,139,80,0,0,0,1,0,0,0,50,50,100,100,0,0,50,-1,0,100,130,0,1,1,-1,0,0,100,0,0,0,0,80,0,80,0,0,0,0,130,0,[0|0|0|0]
6701101,Rellana's Twin Blades - Attack,0.4,0,0,0,1.9,0.04,6904,-1,-1,1665,-1,110,0,-1,-1,100,0,-1,-1,0,90,90,0,90,70,60,100,100,0,0,0,0,0,0,0,0,0,0,0,0,20,0,0,0,0,0,0,0,0,0,0,0,1,0,0,3,255,2,255,0,255,0,0,0,0,0,0,0,0,0,0,0,2,1,0,0,0,0,0,0,0,0,0,0,-1,-1,2100,2010,-1,-1,-1,-1,-1,-1,-1,-1,-1,-1,-1,-1,-1,-1,-1,-1,-1,-1,-1,-1,-1,-1,-1,-1,-1,-1,-1,-1,0,0,0,0,0,0,0,0,0,0,0,0,-1,-1,-1,-1,-1,-1,-1,-1,-1,-1,-1,-1,-1,-1,-1,-1,-1,-1,-1,-1,-1,-1,-1,-1,0,0,0,0,0,0,0,0,0,0,0,0,0,0,0,0,0,0,0,0,0,0,0,0,255,139,139,90,0,0,0,1,0,0,0,100,100,100,100,0,0,100,-1,0,100,130,0,1,1,-1,0,0,100,0,0,0,0,90,0,90,0,0,0,0,130,0,[0|0|0|0]
6701104,Rellana's Twin Blades - Attack,0.4,0,0,0,1.9,0.04,6904,-1,-1,1665,-1,110,0,-1,-1,100,0,-1,-1,0,90,90,0,90,70,60,100,100,0,0,0,0,0,0,0,0,0,0,0,0,20,0,0,0,0,0,0,0,0,0,0,0,1,2,0,3,255,2,255,0,255,0,0,0,0,0,0,0,0,0,0,0,2,1,0,0,0,0,0,0,0,0,0,0,-1,-1,2100,2010,-1,-1,-1,-1,-1,-1,-1,-1,-1,-1,-1,-1,-1,-1,-1,-1,-1,-1,-1,-1,-1,-1,-1,-1,-1,-1,-1,-1,0,0,0,0,0,0,0,0,0,0,0,0,-1,-1,-1,-1,-1,-1,-1,-1,-1,-1,-1,-1,-1,-1,-1,-1,-1,-1,-1,-1,-1,-1,-1,-1,0,0,0,0,0,0,0,0,0,0,0,0,0,0,0,0,0,0,0,0,0,0,0,0,255,139,139,90,0,0,0,1,0,0,0,100,100,100,100,0,0,100,-1,0,100,130,0,1,1,-1,0,0,100,0,0,0,0,90,0,90,0,0,0,0,130,0,[0|0|0|0]
6701105,Rellana's Twin Blades - Attack,0.4,0.1,0,0,1.6,0.04,6906,-1,-1,1665,-1,110,120,-1,-1,100,110,-1,-1,0,95,95,0,95,100,200,100,100,100,0,0,0,0,0,0,0,0,0,0,0,20,0,0,0,0,2,0,0,0,0,0,0,2,0,0,3,255,2,255,0,255,0,0,0,0,0,0,0,0,0,0,0,4,1,0,0,0,0,0,0,0,9,0,0,-1,-1,2100,2010,-1,-1,-1,-1,-1,-1,-1,-1,-1,-1,-1,-1,-1,-1,-1,-1,-1,-1,-1,-1,-1,-1,-1,-1,-1,-1,-1,-1,0,0,0,0,0,0,0,0,0,0,0,0,-1,-1,-1,-1,-1,-1,-1,-1,-1,-1,-1,-1,-1,-1,-1,-1,-1,-1,-1,-1,-1,-1,-1,-1,0,0,0,0,0,0,0,0,0,0,0,0,0,0,0,0,0,0,0,0,0,0,0,0,255,139,139,95,0,0,0,1,0,0,3,50,50,100,100,0,0,50,-1,0,100,150,0,1,1,-1,0,0,300,0,0,0,0,95,0,95,0,0,0,0,130,0,[0|0|0|0]
6701106,Rellana's Twin Blades - Attack,0.4,0.1,0,0,1.6,0.04,6906,-1,-1,1665,-1,110,120,-1,-1,100,110,-1,-1,0,100,100,0,100,100,200,100,100,100,0,0,0,0,0,0,0,0,0,0,0,20,0,0,0,0,2,0,0,0,0,0,0,2,0,0,3,255,2,255,0,255,0,0,0,0,0,0,0,0,0,0,0,2,1,0,0,0,0,0,0,0,0,0,0,-1,-1,2100,2010,-1,-1,-1,-1,-1,-1,-1,-1,-1,-1,-1,-1,-1,-1,-1,-1,-1,-1,-1,-1,-1,-1,-1,-1,-1,-1,-1,-1,0,0,0,0,0,0,0,0,0,0,0,0,-1,-1,-1,-1,-1,-1,-1,-1,-1,-1,-1,-1,-1,-1,-1,-1,-1,-1,-1,-1,-1,-1,-1,-1,0,0,0,0,0,0,0,0,0,0,0,0,0,0,0,0,0,0,0,0,0,0,0,0,255,139,139,100,0,0,0,1,0,0,3,100,100,100,100,0,0,100,-1,0,100,150,0,1,1,-1,0,0,300,0,0,0,0,100,0,100,0,0,0,0,130,0,[0|0|0|0]
6701109,Rellana's Twin Blades - Attack,0.4,0,0,0,1.6,0.04,6906,-1,-1,1665,-1,110,0,-1,-1,100,0,-1,-1,0,100,100,0,100,100,200,100,100,100,0,0,0,0,0,0,0,0,0,0,0,20,0,0,0,0,0,0,0,0,0,0,0,2,2,0,3,255,2,255,0,255,0,0,0,0,0,0,0,0,0,0,0,2,1,0,0,0,0,0,0,0,0,0,0,-1,-1,2100,2010,-1,-1,-1,-1,-1,-1,-1,-1,-1,-1,-1,-1,-1,-1,-1,-1,-1,-1,-1,-1,-1,-1,-1,-1,-1,-1,-1,-1,0,0,0,0,0,0,0,0,0,0,0,0,-1,-1,-1,-1,-1,-1,-1,-1,-1,-1,-1,-1,-1,-1,-1,-1,-1,-1,-1,-1,-1,-1,-1,-1,0,0,0,0,0,0,0,0,0,0,0,0,0,0,0,0,0,0,0,0,0,0,0,0,255,139,139,100,0,0,0,1,0,0,3,100,100,100,100,0,0,100,-1,0,100,150,0,1,1,-1,0,0,300,0,0,0,0,100,0,100,0,0,0,0,130,0,[0|0|0|0]
6701110,Rellana's Twin Blades - Attack,0.4,0.1,0,0,1.2,0.04,6904,-1,-1,1665,-1,110,120,-1,-1,100,110,-1,-1,0,80,80,0,80,70,60,100,100,0,0,0,0,0,0,0,0,0,0,0,0,20,0,0,0,0,2,0,0,0,0,0,0,1,0,0,3,255,0,255,0,255,0,0,0,0,0,0,0,0,0,0,0,4,1,0,0,0,0,0,0,0,9,0,0,-1,-1,2100,2010,-1,-1,-1,-1,-1,-1,-1,-1,-1,-1,-1,-1,-1,-1,-1,-1,-1,-1,-1,-1,-1,-1,-1,-1,-1,-1,-1,-1,0,0,0,0,0,0,0,0,0,0,0,0,-1,-1,-1,-1,-1,-1,-1,-1,-1,-1,-1,-1,-1,-1,-1,-1,-1,-1,-1,-1,-1,-1,-1,-1,0,0,0,0,0,0,0,0,0,0,0,0,0,0,0,0,0,0,0,0,0,0,0,0,255,139,139,80,0,0,0,1,0,0,0,50,50,100,100,0,0,50,-1,0,100,130,0,1,1,-1,0,0,100,0,0,0,0,80,0,80,0,0,0,0,130,0,[0|0|0|0]
6701111,Rellana's Twin Blades - Attack,0.4,0.2,0,0,1.15,0.04,6904,-1,-1,1665,-1,110,120,-1,-1,100,-1,-1,-1,0,90,90,0,90,70,60,100,100,0,0,0,0,0,0,0,0,0,0,0,0,20,0,0,0,0,2,0,0,0,0,0,0,1,0,0,3,255,0,255,0,255,0,0,0,0,0,0,0,0,0,0,0,1,1,0,0,0,0,0,0,0,0,0,0,-1,-1,2100,2010,-1,-1,-1,-1,-1,-1,-1,-1,-1,-1,-1,-1,-1,-1,-1,-1,-1,-1,-1,-1,-1,-1,-1,-1,-1,-1,-1,-1,0,0,0,0,0,0,0,0,0,0,0,0,-1,-1,-1,-1,-1,-1,-1,-1,-1,-1,-1,-1,-1,-1,-1,-1,-1,-1,-1,-1,-1,-1,-1,-1,0,0,0,0,0,0,0,0,0,0,0,0,0,0,0,0,0,0,0,0,0,0,0,0,255,139,139,90,0,0,0,1,0,0,0,100,100,100,100,0,0,100,-1,0,100,130,0,1,1,-1,0,0,100,0,0,0,0,90,0,90,0,0,0,0,130,0,[0|0|0|0]
6701113,Rellana's Twin Blades - Attack,0.4,0,0,0,1.2,0.04,6904,-1,-1,1665,-1,110,0,-1,-1,100,0,-1,-1,0,80,80,0,80,70,60,100,100,0,0,0,0,0,0,0,0,0,0,0,0,20,0,0,0,0,0,0,0,0,0,0,0,1,2,0,3,255,0,255,0,255,0,0,0,0,0,0,0,0,0,0,0,4,1,0,0,0,0,0,0,0,9,0,0,-1,-1,2100,2010,-1,-1,-1,-1,-1,-1,-1,-1,-1,-1,-1,-1,-1,-1,-1,-1,-1,-1,-1,-1,-1,-1,-1,-1,-1,-1,-1,-1,0,0,0,0,0,0,0,0,0,0,0,0,-1,-1,-1,-1,-1,-1,-1,-1,-1,-1,-1,-1,-1,-1,-1,-1,-1,-1,-1,-1,-1,-1,-1,-1,0,0,0,0,0,0,0,0,0,0,0,0,0,0,0,0,0,0,0,0,0,0,0,0,255,139,139,80,0,0,0,1,0,0,0,50,50,100,100,0,0,50,-1,0,100,130,0,1,1,-1,0,0,100,0,0,0,0,80,0,80,0,0,0,0,130,0,[0|0|0|0]
6701114,Rellana's Twin Blades - Attack,0.4,0,0,0,1.15,0.04,6904,-1,-1,1665,-1,110,0,-1,-1,100,0,-1,-1,0,90,90,0,90,70,60,100,100,0,0,0,0,0,0,0,0,0,0,0,0,20,0,0,0,0,0,0,0,0,0,0,0,1,2,0,3,255,0,255,0,255,0,0,0,0,0,0,0,0,0,0,0,1,1,0,0,0,0,0,0,0,0,0,0,-1,-1,2100,2010,-1,-1,-1,-1,-1,-1,-1,-1,-1,-1,-1,-1,-1,-1,-1,-1,-1,-1,-1,-1,-1,-1,-1,-1,-1,-1,-1,-1,0,0,0,0,0,0,0,0,0,0,0,0,-1,-1,-1,-1,-1,-1,-1,-1,-1,-1,-1,-1,-1,-1,-1,-1,-1,-1,-1,-1,-1,-1,-1,-1,0,0,0,0,0,0,0,0,0,0,0,0,0,0,0,0,0,0,0,0,0,0,0,0,255,139,139,90,0,0,0,1,0,0,0,100,100,100,100,0,0,100,-1,0,100,130,0,1,1,-1,0,0,100,0,0,0,0,90,0,90,0,0,0,0,130,0,[0|0|0|0]
6701115,Rellana's Twin Blades - Attack,0.4,0.1,0,0,2,0.04,6906,-1,-1,1665,-1,110,120,-1,-1,100,110,-1,-1,0,95,95,0,95,100,200,100,100,100,0,0,0,0,0,0,0,0,0,0,0,20,0,0,0,0,2,0,0,0,0,0,0,2,0,0,3,255,0,255,0,255,0,0,0,0,0,0,0,0,0,0,0,4,1,0,0,0,0,0,0,0,9,0,0,-1,-1,2100,2010,-1,-1,-1,-1,-1,-1,-1,-1,-1,-1,-1,-1,-1,-1,-1,-1,-1,-1,-1,-1,-1,-1,-1,-1,-1,-1,-1,-1,0,0,0,0,0,0,0,0,0,0,0,0,-1,-1,-1,-1,-1,-1,-1,-1,-1,-1,-1,-1,-1,-1,-1,-1,-1,-1,-1,-1,-1,-1,-1,-1,0,0,0,0,0,0,0,0,0,0,0,0,0,0,0,0,0,0,0,0,0,0,0,0,255,139,139,95,0,0,0,1,0,0,0,50,50,100,100,0,0,50,-1,0,100,150,0,1,1,-1,0,0,300,0,0,0,0,95,0,95,0,0,0,0,130,0,[0|0|0|0]
6701116,Rellana's Twin Blades - Attack,0.4,0.2,0,0,1.5,0.04,6906,-1,-1,1665,-1,110,120,-1,-1,100,-1,-1,-1,0,100,100,0,100,100,200,100,100,100,0,0,0,0,0,0,0,0,0,0,0,20,0,0,0,0,2,0,0,0,0,0,0,2,0,0,3,255,0,255,0,255,0,0,0,0,0,0,0,0,0,0,0,1,1,0,0,0,0,0,0,0,0,0,0,-1,-1,2100,2010,-1,-1,-1,-1,-1,-1,-1,-1,-1,-1,-1,-1,-1,-1,-1,-1,-1,-1,-1,-1,-1,-1,-1,-1,-1,-1,-1,-1,0,0,0,0,0,0,0,0,0,0,0,0,-1,-1,-1,-1,-1,-1,-1,-1,-1,-1,-1,-1,-1,-1,-1,-1,-1,-1,-1,-1,-1,-1,-1,-1,0,0,0,0,0,0,0,0,0,0,0,0,0,0,0,0,0,0,0,0,0,0,0,0,255,139,139,100,0,0,0,1,0,0,0,100,100,100,100,0,0,100,-1,0,100,150,0,1,1,-1,0,0,300,0,0,0,0,100,0,100,0,0,0,0,130,0,[0|0|0|0]
6701118,Rellana's Twin Blades - Attack,0.4,0,0,0,2,0.04,6906,-1,-1,1665,-1,110,0,-1,-1,100,0,-1,-1,0,95,95,0,95,100,200,100,100,100,0,0,0,0,0,0,0,0,0,0,0,20,0,0,0,0,0,0,0,0,0,0,0,2,2,0,3,255,0,255,0,255,0,0,0,0,0,0,0,0,0,0,0,4,1,0,0,0,0,0,0,0,9,0,0,-1,-1,2100,2010,-1,-1,-1,-1,-1,-1,-1,-1,-1,-1,-1,-1,-1,-1,-1,-1,-1,-1,-1,-1,-1,-1,-1,-1,-1,-1,-1,-1,0,0,0,0,0,0,0,0,0,0,0,0,-1,-1,-1,-1,-1,-1,-1,-1,-1,-1,-1,-1,-1,-1,-1,-1,-1,-1,-1,-1,-1,-1,-1,-1,0,0,0,0,0,0,0,0,0,0,0,0,0,0,0,0,0,0,0,0,0,0,0,0,255,139,139,95,0,0,0,1,0,0,0,50,50,100,100,0,0,50,-1,0,100,150,0,1,1,-1,0,0,300,0,0,0,0,95,0,95,0,0,0,0,130,0,[0|0|0|0]
6701119,Rellana's Twin Blades - Attack,0.4,0,0,0,1.5,0.04,6906,-1,-1,1665,-1,110,0,-1,-1,100,0,-1,-1,0,100,100,0,100,100,200,100,100,100,0,0,0,0,0,0,0,0,0,0,0,20,0,0,0,0,0,0,0,0,0,0,0,2,2,0,3,255,0,255,0,255,0,0,0,0,0,0,0,0,0,0,0,1,1,0,0,0,0,0,0,0,0,0,0,-1,-1,2100,2010,-1,-1,-1,-1,-1,-1,-1,-1,-1,-1,-1,-1,-1,-1,-1,-1,-1,-1,-1,-1,-1,-1,-1,-1,-1,-1,-1,-1,0,0,0,0,0,0,0,0,0,0,0,0,-1,-1,-1,-1,-1,-1,-1,-1,-1,-1,-1,-1,-1,-1,-1,-1,-1,-1,-1,-1,-1,-1,-1,-1,0,0,0,0,0,0,0,0,0,0,0,0,0,0,0,0,0,0,0,0,0,0,0,0,255,139,139,100,0,0,0,1,0,0,0,100,100,100,100,0,0,100,-1,0,100,150,0,1,1,-1,0,0,300,0,0,0,0,100,0,100,0,0,0,0,130,0,[0|0|0|0]
6701120,Rellana's Twin Blades - Attack,0.4,0.1,0,0,1.9,0.08,6903,-1,-1,1665,-1,110,120,-1,-1,100,110,-1,-1,0,105,105,0,105,120,120,100,100,122,0,0,0,0,0,0,0,0,0,0,0,20,0,0,0,0,2,0,0,0,0,0,0,1,0,0,3,255,0,255,0,255,0,0,0,0,0,0,0,0,0,0,0,2,1,0,0,0,0,0,0,0,0,0,0,-1,-1,2100,2010,-1,-1,-1,-1,-1,-1,-1,-1,-1,-1,-1,-1,-1,-1,-1,-1,-1,-1,-1,-1,-1,-1,-1,-1,-1,-1,-1,-1,0,0,0,0,0,0,0,0,0,0,0,0,-1,-1,-1,-1,-1,-1,-1,-1,-1,-1,-1,-1,-1,-1,-1,-1,-1,-1,-1,-1,-1,-1,-1,-1,0,0,0,0,0,0,0,0,0,0,0,0,0,0,0,0,0,0,0,0,0,0,0,0,255,139,139,105,0,0,0,1,0,0,0,100,100,100,100,0,0,100,-1,0,100,110,0,1,1,-1,0,0,100,0,0,0,0,105,0,105,0,0,0,0,130,0,[0|0|0|0]
6701123,Rellana's Twin Blades - Attack,0.4,0,0,0,1.9,0.08,6903,-1,-1,1665,-1,110,0,-1,-1,100,0,-1,-1,0,105,105,0,105,120,120,100,100,122,0,0,0,0,0,0,0,0,0,0,0,20,0,0,0,0,0,0,0,0,0,0,0,1,2,0,3,255,0,255,0,255,0,0,0,0,0,0,0,0,0,0,0,2,1,0,0,0,0,0,0,0,0,0,0,-1,-1,2100,2010,-1,-1,-1,-1,-1,-1,-1,-1,-1,-1,-1,-1,-1,-1,-1,-1,-1,-1,-1,-1,-1,-1,-1,-1,-1,-1,-1,-1,0,0,0,0,0,0,0,0,0,0,0,0,-1,-1,-1,-1,-1,-1,-1,-1,-1,-1,-1,-1,-1,-1,-1,-1,-1,-1,-1,-1,-1,-1,-1,-1,0,0,0,0,0,0,0,0,0,0,0,0,0,0,0,0,0,0,0,0,0,0,0,0,255,139,139,105,0,0,0,1,0,0,0,100,100,100,100,0,0,100,-1,0,100,110,0,1,1,-1,0,0,100,0,0,0,0,105,0,105,0,0,0,0,130,0,[0|0|0|0]
6701125,Rellana's Twin Blades - Attack,0.4,0.1,0,0,1.75,0.04,6904,-1,-1,1665,-1,110,120,-1,-1,100,110,-1,-1,0,70,70,0,70,75,200,100,100,122,0,0,0,0,0,0,0,0,0,0,0,20,0,0,0,0,2,0,0,0,0,0,0,1,0,0,3,255,0,255,0,255,0,0,0,0,0,0,0,0,0,0,0,4,1,0,0,0,0,0,0,0,9,0,0,-1,-1,2100,2010,-1,-1,-1,-1,-1,-1,-1,-1,-1,-1,-1,-1,-1,-1,-1,-1,-1,-1,-1,-1,-1,-1,-1,-1,-1,-1,-1,-1,0,0,0,0,0,0,0,0,0,0,0,0,-1,-1,-1,-1,-1,-1,-1,-1,-1,-1,-1,-1,-1,-1,-1,-1,-1,-1,-1,-1,-1,-1,-1,-1,0,0,0,0,0,0,0,0,0,0,0,0,0,0,0,0,0,0,0,0,0,0,0,0,255,139,139,70,0,0,0,1,0,0,0,50,50,100,100,0,0,50,-1,0,100,130,0,1,1,-1,0,0,100,0,0,0,0,70,0,70,0,0,0,0,130,0,[0|0|0|0]
6701126,Rellana's Twin Blades - Attack,0.4,0.1,0,0,1.3,0.04,6904,-1,-1,1665,-1,110,120,-1,-1,100,110,-1,-1,0,95,95,0,95,75,200,100,100,122,0,0,0,0,0,0,0,0,0,0,0,20,0,0,0,0,2,0,0,0,0,0,0,1,0,0,2,255,0,255,0,255,0,0,0,0,0,0,0,0,0,0,0,0,1,0,0,0,0,0,0,0,0,0,0,-1,-1,2100,2010,-1,-1,-1,-1,-1,-1,-1,-1,-1,-1,-1,-1,-1,-1,-1,-1,-1,-1,-1,-1,-1,-1,-1,-1,-1,-1,-1,-1,0,0,0,0,0,0,0,0,0,0,0,0,-1,-1,-1,-1,-1,-1,-1,-1,-1,-1,-1,-1,-1,-1,-1,-1,-1,-1,-1,-1,-1,-1,-1,-1,0,0,0,0,0,0,0,0,0,0,0,0,0,0,0,0,0,0,0,0,0,0,0,0,255,139,139,95,0,0,0,1,0,0,0,100,100,100,100,0,0,100,-1,0,100,130,0,1,1,-1,0,0,100,0,0,0,0,95,0,95,0,0,0,0,130,0,[0|0|0|0]
6701128,Rellana's Twin Blades - Attack,0.4,0,0,0,1.75,0.08,6904,-1,-1,1665,-1,110,0,-1,-1,100,0,-1,-1,0,95,95,0,95,75,200,100,100,122,0,0,0,0,0,0,0,0,0,0,0,20,0,0,0,0,0,0,0,0,0,0,0,1,2,0,3,255,0,255,0,255,0,0,0,0,0,0,0,0,0,0,0,4,1,0,0,0,0,0,0,0,0,0,0,-1,-1,2100,2010,-1,-1,-1,-1,-1,-1,-1,-1,-1,-1,-1,-1,-1,-1,-1,-1,-1,-1,-1,-1,-1,-1,-1,-1,-1,-1,-1,-1,0,0,0,0,0,0,0,0,0,0,0,0,-1,-1,-1,-1,-1,-1,-1,-1,-1,-1,-1,-1,-1,-1,-1,-1,-1,-1,-1,-1,-1,-1,-1,-1,0,0,0,0,0,0,0,0,0,0,0,0,0,0,0,0,0,0,0,0,0,0,0,0,255,139,139,95,0,0,0,1,0,0,0,50,50,100,100,0,0,50,-1,0,100,130,0,1,1,-1,0,0,100,0,0,0,0,95,0,95,0,0,0,0,130,0,[0|0|0|0]
6701130,Rellana's Twin Blades - Attack,0.4,0.1,0,0,0.85,0.08,6903,-1,-1,1665,-1,110,120,-1,-1,100,110,-1,-1,0,90,90,0,90,110,200,100,100,121,0,0,0,0,0,0,0,0,0,0,0,20,0,0,0,0,2,0,0,0,0,0,0,1,0,0,3,255,2,255,0,255,0,0,0,0,0,0,0,0,0,0,0,4,1,0,0,0,0,0,0,0,0,0,0,-1,-1,2100,2010,-1,-1,-1,-1,-1,-1,-1,-1,-1,-1,-1,-1,-1,-1,-1,-1,-1,-1,-1,-1,-1,-1,-1,-1,-1,-1,-1,-1,0,0,0,0,0,0,0,0,0,0,0,0,-1,-1,-1,-1,-1,-1,-1,-1,-1,-1,-1,-1,-1,-1,-1,-1,-1,-1,-1,-1,-1,-1,-1,-1,0,0,0,0,0,0,0,0,0,0,0,0,0,0,0,0,0,0,0,0,0,0,0,0,255,139,139,90,0,0,0,1,0,0,0,100,100,100,100,0,0,100,-1,0,100,90,0,1,1,-1,0,0,100,0,0,0,0,90,0,90,0,0,0,0,130,0,[0|0|0|0]
6701133,Rellana's Twin Blades - Attack,0.4,0.1,0,0,0.85,0.08,6903,-1,-1,1665,-1,110,120,-1,-1,100,110,-1,-1,0,90,90,0,90,110,200,100,100,121,0,0,0,0,0,0,0,0,0,0,0,20,0,0,0,0,2,0,0,0,0,0,0,1,2,0,3,255,2,255,0,255,0,0,0,0,0,0,0,0,0,0,0,4,1,0,0,0,0,0,0,0,0,0,0,-1,-1,2100,2010,-1,-1,-1,-1,-1,-1,-1,-1,-1,-1,-1,-1,-1,-1,-1,-1,-1,-1,-1,-1,-1,-1,-1,-1,-1,-1,-1,-1,0,0,0,0,0,0,0,0,0,0,0,0,-1,-1,-1,-1,-1,-1,-1,-1,-1,-1,-1,-1,-1,-1,-1,-1,-1,-1,-1,-1,-1,-1,-1,-1,0,0,0,0,0,0,0,0,0,0,0,0,0,0,0,0,0,0,0,0,0,0,0,0,255,139,139,90,0,0,0,1,0,0,0,100,100,100,100,0,0,100,-1,0,100,90,0,1,1,-1,0,0,100,0,0,0,0,90,0,90,0,0,0,0,130,0,[0|0|0|0]
6701140,Rellana's Twin Blades - Attack,0.4,0.15,0,0,1.1,0.08,6903,-1,-1,1665,-1,110,120,-1,-1,100,110,-1,-1,0,90,90,0,90,110,200,100,100,121,0,0,0,0,0,0,0,0,0,0,0,20,0,0,0,0,2,0,0,0,0,0,0,1,0,0,2,255,0,255,0,255,0,0,0,0,0,0,0,0,0,0,0,0,1,0,0,0,0,0,0,0,0,0,0,-1,-1,2100,2010,-1,-1,-1,-1,-1,-1,-1,-1,-1,-1,-1,-1,-1,-1,-1,-1,-1,-1,-1,-1,-1,-1,-1,-1,-1,-1,-1,-1,0,0,0,0,0,0,0,0,0,0,0,0,-1,-1,-1,-1,-1,-1,-1,-1,-1,-1,-1,-1,-1,-1,-1,-1,-1,-1,-1,-1,-1,-1,-1,-1,0,0,0,0,0,0,0,0,0,0,0,0,0,0,0,0,0,0,0,0,0,0,0,0,255,139,139,90,0,0,0,1,0,0,0,100,100,100,100,0,0,100,-1,0,100,90,0,1,1,-1,0,0,100,0,0,0,0,90,0,90,0,0,0,0,130,0,[0|0|0|0]
6701150,Rellana's Twin Blades - Attack,0.4,0.1,0,0,0.85,0.08,6903,-1,-1,1665,-1,110,120,-1,-1,100,110,-1,-1,0,107,107,0,107,100,9900,100,100,102,0,0,0,0,0,0,0,0,0,0,0,20,0,0,0,0,2,0,0,0,0,0,0,1,0,0,2,255,0,255,0,255,0,0,0,0,0,0,0,0,0,0,1,0,1,0,0,0,0,0,0,0,0,0,0,-1,-1,2100,2010,-1,-1,-1,-1,-1,-1,-1,-1,-1,-1,-1,-1,-1,-1,-1,-1,-1,-1,-1,-1,-1,-1,-1,-1,-1,-1,-1,-1,0,0,0,0,0,0,0,0,0,0,0,0,-1,-1,-1,-1,-1,-1,-1,-1,-1,-1,-1,-1,-1,-1,-1,-1,-1,-1,-1,-1,-1,-1,-1,-1,0,0,0,0,0,0,0,0,0,0,0,0,0,0,0,0,0,0,0,0,0,0,0,0,255,139,139,107,0,0,0,1,0,0,0,100,100,100,100,0,0,100,-1,0,100,130,0,1,1,-1,0,0,150,0,0,0,0,107,0,107,0,0,0,0,130,0,[0|0|0|0]
6701160,Rellana's Twin Blades - Attack,0.4,0.1,0,0,0.2,0.04,6904,-1,-1,1665,-1,110,120,-1,-1,100,110,-1,-1,0,80,80,0,80,100,9900,100,100,102,0,0,0,0,0,0,0,0,0,0,0,20,0,0,0,0,2,0,0,0,0,0,0,1,0,0,3,255,0,255,0,255,0,0,0,0,0,0,0,0,0,0,1,4,1,0,0,0,0,0,0,0,9,0,0,-1,-1,2100,2010,-1,-1,-1,-1,-1,-1,-1,-1,-1,-1,-1,-1,-1,-1,-1,-1,-1,-1,-1,-1,-1,-1,-1,-1,-1,-1,-1,-1,0,0,0,0,0,0,0,0,0,0,0,0,-1,-1,-1,-1,-1,-1,-1,-1,-1,-1,-1,-1,-1,-1,-1,-1,-1,-1,-1,-1,-1,-1,-1,-1,0,0,0,0,0,0,0,0,0,0,0,0,0,0,0,0,0,0,0,0,0,0,0,0,255,139,139,80,0,0,0,1,0,0,0,50,50,100,100,0,0,50,-1,0,100,140,0,1,1,-1,0,0,200,0,0,0,0,80,0,80,0,0,0,0,130,0,[0|0|0|0]
6701161,Rellana's Twin Blades - Attack,0.4,0.1,0,0,1.5,0.04,6904,-1,-1,1665,-1,110,120,-1,-1,100,110,-1,-1,0,95,95,0,95,100,9900,100,100,102,0,0,0,0,0,0,0,0,0,0,0,20,0,0,0,0,2,0,0,0,0,0,0,1,0,0,3,255,0,255,0,255,0,0,0,0,0,0,0,0,0,0,1,2,1,0,0,0,0,0,0,0,0,0,0,-1,-1,2100,2010,-1,-1,-1,-1,-1,-1,-1,-1,-1,-1,-1,-1,-1,-1,-1,-1,-1,-1,-1,-1,-1,-1,-1,-1,-1,-1,-1,-1,0,0,0,0,0,0,0,0,0,0,0,0,-1,-1,-1,-1,-1,-1,-1,-1,-1,-1,-1,-1,-1,-1,-1,-1,-1,-1,-1,-1,-1,-1,-1,-1,0,0,0,0,0,0,0,0,0,0,0,0,0,0,0,0,0,0,0,0,0,0,0,0,255,139,139,95,0,0,0,1,0,0,0,100,100,100,100,0,0,100,-1,0,100,140,0,1,1,-1,0,0,200,0,0,0,0,95,0,95,0,0,0,0,130,0,[0|0|0|0]
6701163,Rellana's Twin Blades - Attack,0.4,0,0,0,0.2,0.04,6904,-1,-1,1665,-1,110,0,-1,-1,100,0,-1,-1,0,80,80,0,80,100,9900,100,100,102,0,0,0,0,0,0,0,0,0,0,0,20,0,0,0,0,0,0,0,0,0,0,0,1,2,0,3,255,0,255,0,255,0,0,0,0,0,0,0,0,0,0,1,4,1,0,0,0,0,0,0,0,9,0,0,-1,-1,2100,2010,-1,-1,-1,-1,-1,-1,-1,-1,-1,-1,-1,-1,-1,-1,-1,-1,-1,-1,-1,-1,-1,-1,-1,-1,-1,-1,-1,-1,0,0,0,0,0,0,0,0,0,0,0,0,-1,-1,-1,-1,-1,-1,-1,-1,-1,-1,-1,-1,-1,-1,-1,-1,-1,-1,-1,-1,-1,-1,-1,-1,0,0,0,0,0,0,0,0,0,0,0,0,0,0,0,0,0,0,0,0,0,0,0,0,255,139,139,80,0,0,0,1,0,0,0,50,50,100,100,0,0,50,-1,0,100,140,0,1,1,-1,0,0,200,0,0,0,0,80,0,80,0,0,0,0,130,0,[0|0|0|0]
6701164,Rellana's Twin Blades - Attack,0.4,0,0,0,1.5,0.04,6904,-1,-1,1665,-1,110,0,-1,-1,100,0,-1,-1,0,95,95,0,95,100,9900,100,100,102,0,0,0,0,0,0,0,0,0,0,0,20,0,0,0,0,0,0,0,0,0,0,0,1,2,0,3,255,0,255,0,255,0,0,0,0,0,0,0,0,0,0,1,2,1,0,0,0,0,0,0,0,0,0,0,-1,-1,2100,2010,-1,-1,-1,-1,-1,-1,-1,-1,-1,-1,-1,-1,-1,-1,-1,-1,-1,-1,-1,-1,-1,-1,-1,-1,-1,-1,-1,-1,0,0,0,0,0,0,0,0,0,0,0,0,-1,-1,-1,-1,-1,-1,-1,-1,-1,-1,-1,-1,-1,-1,-1,-1,-1,-1,-1,-1,-1,-1,-1,-1,0,0,0,0,0,0,0,0,0,0,0,0,0,0,0,0,0,0,0,0,0,0,0,0,255,139,139,95,0,0,0,1,0,0,0,100,100,100,100,0,0,100,-1,0,100,140,0,1,1,-1,0,0,200,0,0,0,0,95,0,95,0,0,0,0,130,0,[0|0|0|0]
6701180,Rellana's Twin Blades - Attack,0.4,0.1,0,0,1.2,0.04,-1,-1,-1,1665,-1,110,120,-1,-1,100,110,-1,-1,0,80,80,0,80,55,9900,100,60000,103,0,0,0,0,0,0,0,0,0,0,0,20,0,0,0,0,2,0,0,0,0,0,0,1,0,0,3,255,0,255,0,255,0,0,0,0,0,0,0,0,0,0,0,4,1,0,0,0,0,0,0,0,9,0,0,-1,-1,2100,2010,-1,-1,-1,-1,-1,-1,-1,-1,-1,-1,-1,-1,-1,-1,-1,-1,-1,-1,-1,-1,-1,-1,-1,-1,-1,-1,-1,-1,0,0,0,0,0,0,0,0,0,0,0,0,-1,-1,-1,-1,-1,-1,-1,-1,-1,-1,-1,-1,-1,-1,-1,-1,-1,-1,-1,-1,-1,-1,-1,-1,0,0,0,0,0,0,0,0,0,0,0,0,0,0,0,0,0,0,0,0,0,0,0,0,255,139,139,80,0,0,0,1,0,0,0,50,50,100,100,0,0,50,-1,0,100,100,0,1,1,-1,0,0,300,0,0,0,0,80,0,80,0,0,0,0,130,0,[0|0|0|0]
6701181,Rellana's Twin Blades - Attack,0.4,0.1,0,0,1.4,0.04,-1,-1,-1,1665,-1,110,120,-1,-1,100,110,-1,-1,0,95,95,0,95,55,9900,100,60000,103,0,0,0,0,0,0,0,0,0,0,0,20,0,0,0,0,2,0,0,0,0,0,0,1,0,0,3,255,0,255,0,255,0,0,0,0,0,0,0,0,0,0,0,1,1,0,0,0,0,0,0,0,0,0,0,-1,-1,2100,2010,-1,-1,-1,-1,-1,-1,-1,-1,-1,-1,-1,-1,-1,-1,-1,-1,-1,-1,-1,-1,-1,-1,-1,-1,-1,-1,-1,-1,0,0,0,0,0,0,0,0,0,0,0,0,-1,-1,-1,-1,-1,-1,-1,-1,-1,-1,-1,-1,-1,-1,-1,-1,-1,-1,-1,-1,-1,-1,-1,-1,0,0,0,0,0,0,0,0,0,0,0,0,0,0,0,0,0,0,0,0,0,0,0,0,255,139,139,95,0,0,0,1,0,0,0,100,100,100,100,0,0,100,-1,0,100,100,0,1,1,-1,0,0,300,0,0,0,0,95,0,95,0,0,0,0,130,0,[0|0|0|0]
6701183,Rellana's Twin Blades - Attack,0.4,0,0,0,1.2,0.04,-1,-1,-1,1665,-1,110,0,-1,-1,100,0,-1,-1,0,80,80,0,80,55,9900,100,60000,103,0,0,0,0,0,0,0,0,0,0,0,20,0,0,0,0,0,0,0,0,0,0,0,1,2,0,3,255,0,255,0,255,0,0,0,0,0,0,0,0,0,0,0,4,1,0,0,0,0,0,0,0,9,0,0,-1,-1,2100,2010,-1,-1,-1,-1,-1,-1,-1,-1,-1,-1,-1,-1,-1,-1,-1,-1,-1,-1,-1,-1,-1,-1,-1,-1,-1,-1,-1,-1,0,0,0,0,0,0,0,0,0,0,0,0,-1,-1,-1,-1,-1,-1,-1,-1,-1,-1,-1,-1,-1,-1,-1,-1,-1,-1,-1,-1,-1,-1,-1,-1,0,0,0,0,0,0,0,0,0,0,0,0,0,0,0,0,0,0,0,0,0,0,0,0,255,139,139,80,0,0,0,1,0,0,0,50,50,100,100,0,0,50,-1,0,100,100,0,1,1,-1,0,0,300,0,0,0,0,80,0,80,0,0,0,0,130,0,[0|0|0|0]
6701184,Rellana's Twin Blades - Attack,0.4,0,0,0,1.4,0.04,-1,-1,-1,1665,-1,110,0,-1,-1,100,0,-1,-1,0,95,95,0,95,55,9900,100,60000,103,0,0,0,0,0,0,0,0,0,0,0,20,0,0,0,0,0,0,0,0,0,0,0,1,2,0,3,255,0,255,0,255,0,0,0,0,0,0,0,0,0,0,0,1,1,0,0,0,0,0,0,0,0,0,0,-1,-1,2100,2010,-1,-1,-1,-1,-1,-1,-1,-1,-1,-1,-1,-1,-1,-1,-1,-1,-1,-1,-1,-1,-1,-1,-1,-1,-1,-1,-1,-1,0,0,0,0,0,0,0,0,0,0,0,0,-1,-1,-1,-1,-1,-1,-1,-1,-1,-1,-1,-1,-1,-1,-1,-1,-1,-1,-1,-1,-1,-1,-1,-1,0,0,0,0,0,0,0,0,0,0,0,0,0,0,0,0,0,0,0,0,0,0,0,0,255,139,139,95,0,0,0,1,0,0,0,100,100,100,100,0,0,100,-1,0,100,100,0,1,1,-1,0,0,300,0,0,0,0,95,0,95,0,0,0,0,130,0,[0|0|0|0]
6701200,Rellana's Twin Blades - Attack,0.4,0.1,0,0,1,0.04,6903,-1,-1,1665,-1,10100,10120,-1,-1,10110,10110,-1,-1,0,92,92,0,92,90,100,100,100,0,0,0,0,0,0,0,0,0,0,0,0,20,0,0,0,0,2,0,0,0,0,0,0,1,0,0,2,10,0,255,0,255,0,0,0,0,0,0,0,0,0,0,0,0,1,0,0,0,0,0,0,0,9,0,0,-1,-1,2100,2010,-1,-1,-1,-1,-1,-1,-1,-1,-1,-1,-1,-1,-1,-1,-1,-1,-1,-1,-1,-1,-1,-1,-1,-1,-1,-1,-1,-1,0,0,0,0,0,0,0,0,0,0,0,0,-1,-1,-1,-1,-1,-1,-1,-1,-1,-1,-1,-1,-1,-1,-1,-1,-1,-1,-1,-1,-1,-1,-1,-1,0,0,0,0,0,0,0,0,0,0,0,0,0,0,0,0,0,0,0,0,0,0,0,0,255,139,139,92,0,0,0,1,0,0,0,65,90,100,100,0,0,100,-1,0,100,100,0,1,1,-1,3,0,60,0,0,0,0,92,0,92,0,0,0,0,130,0,[0|0|0|0]
6701205,Rellana's Twin Blades - Attack,0.4,0.1,0,0,1.5,0.04,6903,-1,-1,-1,1667,11100,11120,-1,-1,11110,11110,-1,-1,0,92,0,92,92,90,100,100,100,0,0,0,0,0,0,0,0,0,0,0,0,20,0,0,0,0,2,0,0,0,0,0,0,1,0,0,2,11,0,255,0,255,0,0,0,0,0,0,0,0,0,0,0,0,1,0,0,0,0,0,0,0,0,0,0,-1,-1,2100,2010,-1,-1,-1,-1,-1,-1,-1,-1,-1,-1,-1,-1,-1,-1,-1,-1,-1,-1,-1,-1,-1,-1,-1,-1,-1,-1,-1,-1,0,0,0,0,0,0,0,0,0,0,0,0,-1,-1,-1,-1,-1,-1,-1,-1,-1,-1,-1,-1,-1,-1,-1,-1,-1,-1,-1,-1,-1,-1,-1,-1,0,0,0,0,0,0,0,0,0,0,0,0,0,0,0,0,0,0,0,0,0,0,0,0,255,139,139,92,0,0,0,1,0,0,0,65,90,100,100,0,0,100,-1,0,100,100,0,1,1,-1,0,0,60,0,0,0,0,92,0,92,0,0,0,0,130,0,[0|0|0|0]
6701210,Rellana's Twin Blades - Attack,0.4,0.1,0,0,1.5,0.04,6903,-1,-1,1665,-1,10100,10120,-1,-1,10110,10110,-1,-1,0,94,94,0,94,90,100,100,100,0,0,0,0,0,0,0,0,0,0,0,0,20,0,0,0,0,2,0,0,0,0,0,0,1,0,0,3,10,0,255,0,255,0,0,0,0,0,0,0,0,0,0,0,1,1,0,0,0,0,0,0,0,9,0,0,-1,-1,2100,2010,-1,-1,-1,-1,-1,-1,-1,-1,-1,-1,-1,-1,-1,-1,-1,-1,-1,-1,-1,-1,-1,-1,-1,-1,-1,-1,-1,-1,0,0,0,0,0,0,0,0,0,0,0,0,-1,-1,-1,-1,-1,-1,-1,-1,-1,-1,-1,-1,-1,-1,-1,-1,-1,-1,-1,-1,-1,-1,-1,-1,0,0,0,0,0,0,0,0,0,0,0,0,0,0,0,0,0,0,0,0,0,0,0,0,255,139,139,94,0,0,0,1,0,0,0,65,90,100,100,0,0,100,-1,0,100,100,0,1,1,-1,3,0,60,0,0,0,0,94,0,94,0,0,0,0,130,0,[0|0|0|0]
6701213,Rellana's Twin Blades - Attack,0.4,0.1,0,0,1.5,0.04,6903,-1,-1,1665,-1,10100,10120,-1,-1,10110,10110,-1,-1,0,94,94,0,94,90,100,100,100,0,0,0,0,0,0,0,0,0,0,0,0,20,0,0,0,0,2,0,0,0,0,0,0,1,2,0,3,10,0,255,0,255,0,0,0,0,0,0,0,0,0,0,0,1,1,0,0,0,0,0,0,0,9,0,0,-1,-1,2100,2010,-1,-1,-1,-1,-1,-1,-1,-1,-1,-1,-1,-1,-1,-1,-1,-1,-1,-1,-1,-1,-1,-1,-1,-1,-1,-1,-1,-1,0,0,0,0,0,0,0,0,0,0,0,0,-1,-1,-1,-1,-1,-1,-1,-1,-1,-1,-1,-1,-1,-1,-1,-1,-1,-1,-1,-1,-1,-1,-1,-1,0,0,0,0,0,0,0,0,0,0,0,0,0,0,0,0,0,0,0,0,0,0,0,0,255,139,139,94,0,0,0,1,0,0,0,65,90,100,100,0,0,100,-1,0,100,100,0,1,1,-1,3,0,60,0,0,0,0,94,0,94,0,0,0,0,130,0,[0|0|0|0]
6701215,Rellana's Twin Blades - Attack,0.4,0.1,0,0,1.5,0.04,6903,-1,-1,-1,1667,11100,11120,-1,-1,11110,11110,-1,-1,0,94,0,94,94,90,100,100,100,0,0,0,0,0,0,0,0,0,0,0,0,20,0,0,0,0,2,0,0,0,0,0,0,1,0,0,3,11,0,255,0,255,0,0,0,0,0,0,0,0,0,0,0,1,1,0,0,0,0,0,0,0,0,0,0,-1,-1,2100,2010,-1,-1,-1,-1,-1,-1,-1,-1,-1,-1,-1,-1,-1,-1,-1,-1,-1,-1,-1,-1,-1,-1,-1,-1,-1,-1,-1,-1,0,0,0,0,0,0,0,0,0,0,0,0,-1,-1,-1,-1,-1,-1,-1,-1,-1,-1,-1,-1,-1,-1,-1,-1,-1,-1,-1,-1,-1,-1,-1,-1,0,0,0,0,0,0,0,0,0,0,0,0,0,0,0,0,0,0,0,0,0,0,0,0,255,139,139,94,0,0,0,1,0,0,0,65,90,100,100,0,0,100,-1,0,100,100,0,1,1,-1,0,0,60,0,0,0,0,94,0,94,0,0,0,0,130,0,[0|0|0|0]
6701219,Rellana's Twin Blades - Attack,0.4,0.1,0,0,1.5,0.04,6903,-1,-1,-1,1667,11100,11120,-1,-1,11110,11110,-1,-1,0,94,0,94,94,90,100,100,100,0,0,0,0,0,0,0,0,0,0,0,0,20,0,0,0,0,2,0,0,0,0,0,0,1,2,0,3,11,0,255,0,255,0,0,0,0,0,0,0,0,0,0,0,1,1,0,0,0,0,0,0,0,0,0,0,-1,-1,2100,2010,-1,-1,-1,-1,-1,-1,-1,-1,-1,-1,-1,-1,-1,-1,-1,-1,-1,-1,-1,-1,-1,-1,-1,-1,-1,-1,-1,-1,0,0,0,0,0,0,0,0,0,0,0,0,-1,-1,-1,-1,-1,-1,-1,-1,-1,-1,-1,-1,-1,-1,-1,-1,-1,-1,-1,-1,-1,-1,-1,-1,0,0,0,0,0,0,0,0,0,0,0,0,0,0,0,0,0,0,0,0,0,0,0,0,255,139,139,94,0,0,0,1,0,0,0,65,90,100,100,0,0,100,-1,0,100,100,0,1,1,-1,0,0,60,0,0,0,0,94,0,94,0,0,0,0,130,0,[0|0|0|0]
6701220,Rellana's Twin Blades - Attack,0.4,0.1,0,0,0.5,0.04,6903,-1,-1,1665,-1,10100,10120,-1,-1,10110,10110,-1,-1,0,75,75,0,75,60,100,100,100,0,0,0,0,0,0,0,0,0,0,0,0,20,0,0,0,0,2,0,0,0,0,0,0,1,0,0,3,10,2,255,0,255,0,0,0,0,0,0,0,0,0,0,0,3,1,0,0,0,0,0,0,0,9,0,0,-1,-1,2100,2010,-1,-1,-1,-1,-1,-1,-1,-1,-1,-1,-1,-1,-1,-1,-1,-1,-1,-1,-1,-1,-1,-1,-1,-1,-1,-1,-1,-1,0,0,0,0,0,0,0,0,0,0,0,0,-1,-1,-1,-1,-1,-1,-1,-1,-1,-1,-1,-1,-1,-1,-1,-1,-1,-1,-1,-1,-1,-1,-1,-1,0,0,0,0,0,0,0,0,0,0,0,0,0,0,0,0,0,0,0,0,0,0,0,0,255,139,139,75,0,0,0,1,0,0,0,65,90,100,100,0,0,100,-1,0,100,105,0,1,1,-1,3,0,40,0,0,0,0,75,0,75,0,0,0,0,130,0,[0|0|0|0]
6701223,Rellana's Twin Blades - Attack,0.4,0.1,0,0,0.5,0.04,6903,-1,-1,1665,-1,10100,10120,-1,-1,10110,10110,-1,-1,0,75,75,0,75,60,100,100,100,0,0,0,0,0,0,0,0,0,0,0,0,20,0,0,0,0,2,0,0,0,0,0,0,1,2,0,3,10,2,255,0,255,0,0,0,0,0,0,0,0,0,0,0,3,1,0,0,0,0,0,0,0,9,0,0,-1,-1,2100,2010,-1,-1,-1,-1,-1,-1,-1,-1,-1,-1,-1,-1,-1,-1,-1,-1,-1,-1,-1,-1,-1,-1,-1,-1,-1,-1,-1,-1,0,0,0,0,0,0,0,0,0,0,0,0,-1,-1,-1,-1,-1,-1,-1,-1,-1,-1,-1,-1,-1,-1,-1,-1,-1,-1,-1,-1,-1,-1,-1,-1,0,0,0,0,0,0,0,0,0,0,0,0,0,0,0,0,0,0,0,0,0,0,0,0,255,139,139,75,0,0,0,1,0,0,0,65,90,100,100,0,0,100,-1,0,100,105,0,1,1,-1,3,0,40,0,0,0,0,75,0,75,0,0,0,0,130,0,[0|0|0|0]
6701225,Rellana's Twin Blades - Attack,0.4,0.1,0,0,0.5,0.04,6903,-1,-1,-1,1667,11100,11120,-1,-1,11110,11110,-1,-1,0,75,0,75,75,60,100,100,100,0,0,0,0,0,0,0,0,0,0,0,0,20,0,0,0,0,2,0,0,0,0,0,0,1,0,0,3,11,2,255,0,255,0,0,0,0,0,0,0,0,0,0,0,2,1,0,0,0,0,0,0,0,0,0,0,-1,-1,2100,2010,-1,-1,-1,-1,-1,-1,-1,-1,-1,-1,-1,-1,-1,-1,-1,-1,-1,-1,-1,-1,-1,-1,-1,-1,-1,-1,-1,-1,0,0,0,0,0,0,0,0,0,0,0,0,-1,-1,-1,-1,-1,-1,-1,-1,-1,-1,-1,-1,-1,-1,-1,-1,-1,-1,-1,-1,-1,-1,-1,-1,0,0,0,0,0,0,0,0,0,0,0,0,0,0,0,0,0,0,0,0,0,0,0,0,255,139,139,75,0,0,0,1,0,0,0,65,90,100,100,0,0,100,-1,0,100,105,0,1,1,-1,0,0,40,0,0,0,0,75,0,75,0,0,0,0,130,0,[0|0|0|0]
6701226,Rellana's Twin Blades - Attack,0.4,0.1,0,0,1.3,0.04,6903,-1,-1,-1,1667,11100,11120,-1,-1,11110,11110,-1,-1,0,85,0,85,85,60,100,100,100,0,0,0,0,0,0,0,0,0,0,0,0,20,0,0,0,0,2,0,0,0,0,0,0,1,0,0,3,11,2,255,0,255,0,0,0,0,0,0,0,0,0,0,0,3,1,0,0,0,0,0,0,0,0,0,0,-1,-1,2100,2010,-1,-1,-1,-1,-1,-1,-1,-1,-1,-1,-1,-1,-1,-1,-1,-1,-1,-1,-1,-1,-1,-1,-1,-1,-1,-1,-1,-1,0,0,0,0,0,0,0,0,0,0,0,0,-1,-1,-1,-1,-1,-1,-1,-1,-1,-1,-1,-1,-1,-1,-1,-1,-1,-1,-1,-1,-1,-1,-1,-1,0,0,0,0,0,0,0,0,0,0,0,0,0,0,0,0,0,0,0,0,0,0,0,0,255,139,139,85,0,0,0,1,0,0,0,65,90,100,100,0,0,100,-1,0,100,105,0,1,1,-1,0,0,40,0,0,0,0,85,0,85,0,0,0,0,130,0,[0|0|0|0]
6701229,Rellana's Twin Blades - Attack,0.4,0.1,0,0,0.5,0.04,6903,-1,-1,-1,1667,11100,11120,-1,-1,11110,11110,-1,-1,0,75,0,75,75,60,100,100,100,0,0,0,0,0,0,0,0,0,0,0,0,20,0,0,0,0,2,0,0,0,0,0,0,1,2,0,3,11,2,255,0,255,0,0,0,0,0,0,0,0,0,0,0,3,1,0,0,0,0,0,0,0,0,0,0,-1,-1,2100,2010,-1,-1,-1,-1,-1,-1,-1,-1,-1,-1,-1,-1,-1,-1,-1,-1,-1,-1,-1,-1,-1,-1,-1,-1,-1,-1,-1,-1,0,0,0,0,0,0,0,0,0,0,0,0,-1,-1,-1,-1,-1,-1,-1,-1,-1,-1,-1,-1,-1,-1,-1,-1,-1,-1,-1,-1,-1,-1,-1,-1,0,0,0,0,0,0,0,0,0,0,0,0,0,0,0,0,0,0,0,0,0,0,0,0,255,139,139,75,0,0,0,1,0,0,0,65,90,100,100,0,0,100,-1,0,100,105,0,1,1,-1,0,0,40,0,0,0,0,75,0,75,0,0,0,0,130,0,[0|0|0|0]
6701230,Rellana's Twin Blades - Attack,0.4,0.1,0,0,1,0.04,6903,-1,-1,1665,-1,10100,10120,-1,-1,10110,10110,-1,-1,0,40,40,0,40,45,100,100,100,104,0,0,0,0,0,0,0,0,0,0,0,20,0,0,0,0,2,0,0,0,0,0,0,1,0,0,3,10,0,255,0,255,0,0,0,0,0,0,0,0,0,0,0,4,1,0,0,0,0,0,0,0,9,0,0,-1,-1,2100,2010,-1,-1,-1,-1,-1,-1,-1,-1,-1,-1,-1,-1,-1,-1,-1,-1,-1,-1,-1,-1,-1,-1,-1,-1,-1,-1,-1,-1,0,0,0,0,0,0,0,0,0,0,0,0,-1,-1,-1,-1,-1,-1,-1,-1,-1,-1,-1,-1,-1,-1,-1,-1,-1,-1,-1,-1,-1,-1,-1,-1,0,0,0,0,0,0,0,0,0,0,0,0,0,0,0,0,0,0,0,0,0,0,0,0,255,139,139,40,0,0,0,1,0,0,0,65,90,100,100,0,0,100,-1,0,100,105,0,1,1,-1,3,0,60,0,0,0,0,40,0,40,0,0,0,0,130,0,[0|0|0|0]
6701231,Rellana's Twin Blades - Attack,0.4,0.1,0,0,1.4,0.04,6903,-1,-1,1665,-1,10100,10120,-1,-1,10110,10110,-1,-1,0,60,60,0,60,45,100,100,100,104,0,0,0,0,0,0,0,0,0,0,0,20,0,0,0,0,2,0,0,0,0,0,0,1,0,0,3,10,0,255,0,255,0,0,0,0,0,0,0,0,0,0,0,3,1,0,0,0,0,0,0,0,9,0,0,-1,-1,2100,2010,-1,-1,-1,-1,-1,-1,-1,-1,-1,-1,-1,-1,-1,-1,-1,-1,-1,-1,-1,-1,-1,-1,-1,-1,-1,-1,-1,-1,0,0,0,0,0,0,0,0,0,0,0,0,-1,-1,-1,-1,-1,-1,-1,-1,-1,-1,-1,-1,-1,-1,-1,-1,-1,-1,-1,-1,-1,-1,-1,-1,0,0,0,0,0,0,0,0,0,0,0,0,0,0,0,0,0,0,0,0,0,0,0,0,255,139,139,60,0,0,0,1,0,0,0,65,90,100,100,0,0,100,-1,0,100,105,0,1,1,-1,3,0,60,0,0,0,0,60,0,60,0,0,0,0,130,0,[0|0|0|0]
6701233,Rellana's Twin Blades - Attack,0.4,0.1,0,0,1.2,0.04,6903,-1,-1,1665,-1,10100,10120,-1,-1,10110,10110,-1,-1,0,40,40,0,40,45,100,100,100,104,0,0,0,0,0,0,0,0,0,0,0,20,0,0,0,0,2,0,0,0,0,0,0,1,2,0,3,10,0,255,0,255,0,0,0,0,0,0,0,0,0,0,0,4,1,0,0,0,0,0,0,0,9,0,0,-1,-1,2100,2010,-1,-1,-1,-1,-1,-1,-1,-1,-1,-1,-1,-1,-1,-1,-1,-1,-1,-1,-1,-1,-1,-1,-1,-1,-1,-1,-1,-1,0,0,0,0,0,0,0,0,0,0,0,0,-1,-1,-1,-1,-1,-1,-1,-1,-1,-1,-1,-1,-1,-1,-1,-1,-1,-1,-1,-1,-1,-1,-1,-1,0,0,0,0,0,0,0,0,0,0,0,0,0,0,0,0,0,0,0,0,0,0,0,0,255,139,139,40,0,0,0,1,0,0,0,65,90,100,100,0,0,100,-1,0,100,105,0,1,1,-1,3,0,60,0,0,0,0,40,0,40,0,0,0,0,130,0,[0|0|0|0]
6701234,Rellana's Twin Blades - Attack,0.4,0.1,0,0,1.4,0.04,6903,-1,-1,1665,-1,10100,10120,-1,-1,10110,10110,-1,-1,0,60,60,0,60,45,100,100,100,104,0,0,0,0,0,0,0,0,0,0,0,20,0,0,0,0,2,0,0,0,0,0,0,1,2,0,3,10,0,255,0,255,0,0,0,0,0,0,0,0,0,0,0,3,1,0,0,0,0,0,0,0,9,0,0,-1,-1,2100,2010,-1,-1,-1,-1,-1,-1,-1,-1,-1,-1,-1,-1,-1,-1,-1,-1,-1,-1,-1,-1,-1,-1,-1,-1,-1,-1,-1,-1,0,0,0,0,0,0,0,0,0,0,0,0,-1,-1,-1,-1,-1,-1,-1,-1,-1,-1,-1,-1,-1,-1,-1,-1,-1,-1,-1,-1,-1,-1,-1,-1,0,0,0,0,0,0,0,0,0,0,0,0,0,0,0,0,0,0,0,0,0,0,0,0,255,139,139,60,0,0,0,1,0,0,0,65,90,100,100,0,0,100,-1,0,100,105,0,1,1,-1,3,0,60,0,0,0,0,60,0,60,0,0,0,0,130,0,[0|0|0|0]
6701235,Rellana's Twin Blades - Attack,0.4,0.1,0,0,1.4,0.04,6903,-1,-1,-1,1667,11100,11120,-1,-1,11110,11110,-1,-1,0,40,0,40,40,45,100,100,100,104,0,0,0,0,0,0,0,0,0,0,0,20,0,0,0,0,2,0,0,0,0,0,0,1,0,0,3,11,0,255,0,255,0,0,0,0,0,0,0,0,0,0,0,4,1,0,0,0,0,0,0,0,0,0,0,-1,-1,2100,2010,-1,-1,-1,-1,-1,-1,-1,-1,-1,-1,-1,-1,-1,-1,-1,-1,-1,-1,-1,-1,-1,-1,-1,-1,-1,-1,-1,-1,0,0,0,0,0,0,0,0,0,0,0,0,-1,-1,-1,-1,-1,-1,-1,-1,-1,-1,-1,-1,-1,-1,-1,-1,-1,-1,-1,-1,-1,-1,-1,-1,0,0,0,0,0,0,0,0,0,0,0,0,0,0,0,0,0,0,0,0,0,0,0,0,255,139,139,40,0,0,0,1,0,0,0,65,90,100,100,0,0,100,-1,0,100,105,0,1,1,-1,0,0,60,0,0,0,0,40,0,40,0,0,0,0,130,0,[0|0|0|0]
6701236,Rellana's Twin Blades - Attack,0.4,0.1,0,0,1.4,0.04,6903,-1,-1,-1,1667,11100,11120,-1,-1,11110,11110,-1,-1,0,60,0,60,60,45,100,100,100,104,0,0,0,0,0,0,0,0,0,0,0,20,0,0,0,0,2,0,0,0,0,0,0,1,0,0,3,11,0,255,0,255,0,0,0,0,0,0,0,0,0,0,0,3,1,0,0,0,0,0,0,0,0,0,0,-1,-1,2100,2010,-1,-1,-1,-1,-1,-1,-1,-1,-1,-1,-1,-1,-1,-1,-1,-1,-1,-1,-1,-1,-1,-1,-1,-1,-1,-1,-1,-1,0,0,0,0,0,0,0,0,0,0,0,0,-1,-1,-1,-1,-1,-1,-1,-1,-1,-1,-1,-1,-1,-1,-1,-1,-1,-1,-1,-1,-1,-1,-1,-1,0,0,0,0,0,0,0,0,0,0,0,0,0,0,0,0,0,0,0,0,0,0,0,0,255,139,139,60,0,0,0,1,0,0,0,65,90,100,100,0,0,100,-1,0,100,105,0,1,1,-1,0,0,60,0,0,0,0,60,0,60,0,0,0,0,130,0,[0|0|0|0]
6701238,Rellana's Twin Blades - Attack,0.4,0.1,0,0,1.4,0.04,6903,-1,-1,-1,1667,11100,11120,-1,-1,11110,11110,-1,-1,0,40,0,40,40,45,100,100,100,104,0,0,0,0,0,0,0,0,0,0,0,20,0,0,0,0,2,0,0,0,0,0,0,1,2,0,3,11,0,255,0,255,0,0,0,0,0,0,0,0,0,0,0,4,1,0,0,0,0,0,0,0,0,0,0,-1,-1,2100,2010,-1,-1,-1,-1,-1,-1,-1,-1,-1,-1,-1,-1,-1,-1,-1,-1,-1,-1,-1,-1,-1,-1,-1,-1,-1,-1,-1,-1,0,0,0,0,0,0,0,0,0,0,0,0,-1,-1,-1,-1,-1,-1,-1,-1,-1,-1,-1,-1,-1,-1,-1,-1,-1,-1,-1,-1,-1,-1,-1,-1,0,0,0,0,0,0,0,0,0,0,0,0,0,0,0,0,0,0,0,0,0,0,0,0,255,139,139,40,0,0,0,1,0,0,0,65,90,100,100,0,0,100,-1,0,100,105,0,1,1,-1,0,0,60,0,0,0,0,40,0,40,0,0,0,0,130,0,[0|0|0|0]
6701239,Rellana's Twin Blades - Attack,0.4,0.1,0,0,1.4,0.04,6903,-1,-1,-1,1667,11100,11120,-1,-1,11110,11110,-1,-1,0,60,0,60,60,45,100,100,100,104,0,0,0,0,0,0,0,0,0,0,0,20,0,0,0,0,2,0,0,0,0,0,0,1,2,0,3,11,0,255,0,255,0,0,0,0,0,0,0,0,0,0,0,3,1,0,0,0,0,0,0,0,0,0,0,-1,-1,2100,2010,-1,-1,-1,-1,-1,-1,-1,-1,-1,-1,-1,-1,-1,-1,-1,-1,-1,-1,-1,-1,-1,-1,-1,-1,-1,-1,-1,-1,0,0,0,0,0,0,0,0,0,0,0,0,-1,-1,-1,-1,-1,-1,-1,-1,-1,-1,-1,-1,-1,-1,-1,-1,-1,-1,-1,-1,-1,-1,-1,-1,0,0,0,0,0,0,0,0,0,0,0,0,0,0,0,0,0,0,0,0,0,0,0,0,255,139,139,60,0,0,0,1,0,0,0,65,90,100,100,0,0,100,-1,0,100,105,0,1,1,-1,0,0,60,0,0,0,0,60,0,60,0,0,0,0,130,0,[0|0|0|0]
6701320,Rellana's Twin Blades - Attack,0.4,0.1,0,0,1.5,0.04,6903,-1,-1,1665,-1,10100,10120,-1,-1,10110,10110,-1,-1,0,100,100,0,100,105,120,100,100,122,0,0,0,0,0,0,0,0,0,0,0,20,0,0,0,0,2,0,0,0,0,0,0,1,0,0,2,10,0,255,0,255,0,0,0,0,0,0,0,0,0,0,0,0,1,0,0,0,0,0,0,0,9,0,0,-1,-1,2100,2010,-1,-1,-1,-1,-1,-1,-1,-1,-1,-1,-1,-1,-1,-1,-1,-1,-1,-1,-1,-1,-1,-1,-1,-1,-1,-1,-1,-1,0,0,0,0,0,0,0,0,0,0,0,0,-1,-1,-1,-1,-1,-1,-1,-1,-1,-1,-1,-1,-1,-1,-1,-1,-1,-1,-1,-1,-1,-1,-1,-1,0,0,0,0,0,0,0,0,0,0,0,0,0,0,0,0,0,0,0,0,0,0,0,0,255,139,139,100,0,0,0,1,0,0,0,65,90,100,100,0,0,100,-1,0,100,110,0,1,1,-1,3,0,60,0,0,0,0,100,0,100,0,0,0,0,130,0,[0|0|0|0]
6701321,Rellana's Twin Blades - Attack,0.4,0.1,0,0,1,0.04,6903,-1,-1,-1,1667,11100,11120,-1,-1,11110,11110,-1,-1,0,95,0,95,95,105,120,100,100,122,0,0,0,0,0,0,0,0,0,0,0,20,0,0,0,0,2,0,0,0,0,0,0,1,0,0,3,11,2,255,0,255,0,0,0,0,0,0,0,0,0,0,0,2,1,0,0,0,0,0,0,0,0,0,0,-1,-1,2100,2010,-1,-1,-1,-1,-1,-1,-1,-1,-1,-1,-1,-1,-1,-1,-1,-1,-1,-1,-1,-1,-1,-1,-1,-1,-1,-1,-1,-1,0,0,0,0,0,0,0,0,0,0,0,0,-1,-1,-1,-1,-1,-1,-1,-1,-1,-1,-1,-1,-1,-1,-1,-1,-1,-1,-1,-1,-1,-1,-1,-1,0,0,0,0,0,0,0,0,0,0,0,0,0,0,0,0,0,0,0,0,0,0,0,0,255,139,139,95,0,0,0,1,0,0,0,65,90,100,100,0,0,100,-1,0,100,110,0,1,1,-1,0,0,60,0,0,0,0,95,0,95,0,0,0,0,130,0,[0|0|0|0]
6701322,Rellana's Twin Blades - Attack,0.4,0.1,0,0,1,0.04,6903,-1,-1,-1,1667,11100,11120,-1,-1,11110,11110,-1,-1,0,95,0,95,95,105,120,100,100,122,0,0,0,0,0,0,0,0,0,0,0,20,0,0,0,0,2,0,0,0,0,0,0,1,2,0,3,11,2,255,0,255,0,0,0,0,0,0,0,0,0,0,0,2,1,0,0,0,0,0,0,0,0,0,0,-1,-1,2100,2010,-1,-1,-1,-1,-1,-1,-1,-1,-1,-1,-1,-1,-1,-1,-1,-1,-1,-1,-1,-1,-1,-1,-1,-1,-1,-1,-1,-1,0,0,0,0,0,0,0,0,0,0,0,0,-1,-1,-1,-1,-1,-1,-1,-1,-1,-1,-1,-1,-1,-1,-1,-1,-1,-1,-1,-1,-1,-1,-1,-1,0,0,0,0,0,0,0,0,0,0,0,0,0,0,0,0,0,0,0,0,0,0,0,0,255,139,139,95,0,0,0,1,0,0,0,65,90,100,100,0,0,100,-1,0,100,110,0,1,1,-1,0,0,60,0,0,0,0,95,0,95,0,0,0,0,130,0,[0|0|0|0]
6701330,Rellana's Twin Blades - Attack,0.4,0.1,0,0,0.1,0.04,6903,-1,-1,1665,-1,10100,10120,-1,-1,10110,10110,-1,-1,0,85,85,0,85,100,200,100,100,121,0,0,0,0,0,0,0,0,0,0,0,20,0,0,0,0,2,0,0,0,0,0,0,1,0,0,3,10,0,255,0,255,0,0,0,0,0,0,0,0,0,0,0,3,1,0,0,0,0,0,0,0,9,0,0,-1,-1,2100,2010,-1,-1,-1,-1,-1,-1,-1,-1,-1,-1,-1,-1,-1,-1,-1,-1,-1,-1,-1,-1,-1,-1,-1,-1,-1,-1,-1,-1,0,0,0,0,0,0,0,0,0,0,0,0,-1,-1,-1,-1,-1,-1,-1,-1,-1,-1,-1,-1,-1,-1,-1,-1,-1,-1,-1,-1,-1,-1,-1,-1,0,0,0,0,0,0,0,0,0,0,0,0,0,0,0,0,0,0,0,0,0,0,0,0,255,139,139,85,0,0,0,1,0,0,0,65,90,100,100,0,0,100,-1,0,100,90,0,1,1,-1,3,0,60,0,0,0,0,85,0,85,0,0,0,0,130,0,[0|0|0|0]
6701331,Rellana's Twin Blades - Attack,0.4,0.1,0,0,0.1,0.04,6903,-1,-1,1665,-1,10100,10120,-1,-1,10110,10110,-1,-1,0,85,85,0,85,100,200,100,100,121,0,0,0,0,0,0,0,0,0,0,0,20,0,0,0,0,2,0,0,0,0,0,0,1,2,0,3,10,0,255,0,255,0,0,0,0,0,0,0,0,0,0,0,3,1,0,0,0,0,0,0,0,9,0,0,-1,-1,2100,2010,-1,-1,-1,-1,-1,-1,-1,-1,-1,-1,-1,-1,-1,-1,-1,-1,-1,-1,-1,-1,-1,-1,-1,-1,-1,-1,-1,-1,0,0,0,0,0,0,0,0,0,0,0,0,-1,-1,-1,-1,-1,-1,-1,-1,-1,-1,-1,-1,-1,-1,-1,-1,-1,-1,-1,-1,-1,-1,-1,-1,0,0,0,0,0,0,0,0,0,0,0,0,0,0,0,0,0,0,0,0,0,0,0,0,255,139,139,85,0,0,0,1,0,0,0,65,90,100,100,0,0,100,-1,0,100,90,0,1,1,-1,3,0,60,0,0,0,0,85,0,85,0,0,0,0,130,0,[0|0|0|0]
6701332,Rellana's Twin Blades - Attack,0.4,0.1,0,0,1,0.04,6903,-1,-1,-1,1667,11100,11120,-1,-1,11110,11110,-1,-1,0,85,0,85,85,100,200,100,100,121,0,0,0,0,0,0,0,0,0,0,0,20,0,0,0,0,2,0,0,0,0,0,0,1,0,0,3,11,0,255,0,255,0,0,0,0,0,0,0,0,0,0,0,3,1,0,0,0,0,0,0,0,0,0,0,-1,-1,2100,2010,-1,-1,-1,-1,-1,-1,-1,-1,-1,-1,-1,-1,-1,-1,-1,-1,-1,-1,-1,-1,-1,-1,-1,-1,-1,-1,-1,-1,0,0,0,0,0,0,0,0,0,0,0,0,-1,-1,-1,-1,-1,-1,-1,-1,-1,-1,-1,-1,-1,-1,-1,-1,-1,-1,-1,-1,-1,-1,-1,-1,0,0,0,0,0,0,0,0,0,0,0,0,0,0,0,0,0,0,0,0,0,0,0,0,255,139,139,85,0,0,0,1,0,0,0,65,90,100,100,0,0,100,-1,0,100,90,0,1,1,-1,0,0,60,0,0,0,0,85,0,85,0,0,0,0,130,0,[0|0|0|0]
6701340,Rellana's Twin Blades - Attack,0.4,0.1,0,0,1.5,0.04,6903,-1,-1,1665,-1,10100,10120,-1,-1,10110,10110,-1,-1,0,85,85,0,85,100,200,100,100,121,0,0,0,0,0,0,0,0,0,0,0,20,0,0,0,0,2,0,0,0,0,0,0,1,0,0,3,10,2,255,0,255,0,0,0,0,0,0,0,0,0,0,0,1,1,0,0,0,0,0,0,0,9,0,0,-1,-1,2100,2010,-1,-1,-1,-1,-1,-1,-1,-1,-1,-1,-1,-1,-1,-1,-1,-1,-1,-1,-1,-1,-1,-1,-1,-1,-1,-1,-1,-1,0,0,0,0,0,0,0,0,0,0,0,0,-1,-1,-1,-1,-1,-1,-1,-1,-1,-1,-1,-1,-1,-1,-1,-1,-1,-1,-1,-1,-1,-1,-1,-1,0,0,0,0,0,0,0,0,0,0,0,0,0,0,0,0,0,0,0,0,0,0,0,0,255,139,139,85,0,0,0,1,0,0,0,65,90,100,100,0,0,100,-1,0,100,90,0,1,1,-1,3,0,60,0,0,0,0,85,0,85,0,0,0,0,130,0,[0|0|0|0]
6701341,Rellana's Twin Blades - Attack,0.4,0.1,0,0,1.5,0.04,6903,-1,-1,1665,-1,10100,10120,-1,-1,10110,10110,-1,-1,0,85,85,0,85,100,200,100,100,121,0,0,0,0,0,0,0,0,0,0,0,20,0,0,0,0,2,0,0,0,0,0,0,1,2,0,3,10,2,255,0,255,0,0,0,0,0,0,0,0,0,0,0,1,1,0,0,0,0,0,0,0,9,0,0,-1,-1,2100,2010,-1,-1,-1,-1,-1,-1,-1,-1,-1,-1,-1,-1,-1,-1,-1,-1,-1,-1,-1,-1,-1,-1,-1,-1,-1,-1,-1,-1,0,0,0,0,0,0,0,0,0,0,0,0,-1,-1,-1,-1,-1,-1,-1,-1,-1,-1,-1,-1,-1,-1,-1,-1,-1,-1,-1,-1,-1,-1,-1,-1,0,0,0,0,0,0,0,0,0,0,0,0,0,0,0,0,0,0,0,0,0,0,0,0,255,139,139,85,0,0,0,1,0,0,0,65,90,100,100,0,0,100,-1,0,100,90,0,1,1,-1,3,0,60,0,0,0,0,85,0,85,0,0,0,0,130,0,[0|0|0|0]
6701342,Rellana's Twin Blades - Attack,0.4,0.1,0,0,1.5,0.04,6903,-1,-1,-1,1667,11100,11120,-1,-1,11110,11110,-1,-1,0,85,0,85,85,100,200,100,100,121,0,0,0,0,0,0,0,0,0,0,0,20,0,0,0,0,2,0,0,0,0,0,0,1,0,0,3,11,2,255,0,255,0,0,0,0,0,0,0,0,0,0,0,1,1,0,0,0,0,0,0,0,0,0,0,-1,-1,2100,2010,-1,-1,-1,-1,-1,-1,-1,-1,-1,-1,-1,-1,-1,-1,-1,-1,-1,-1,-1,-1,-1,-1,-1,-1,-1,-1,-1,-1,0,0,0,0,0,0,0,0,0,0,0,0,-1,-1,-1,-1,-1,-1,-1,-1,-1,-1,-1,-1,-1,-1,-1,-1,-1,-1,-1,-1,-1,-1,-1,-1,0,0,0,0,0,0,0,0,0,0,0,0,0,0,0,0,0,0,0,0,0,0,0,0,255,139,139,85,0,0,0,1,0,0,0,65,90,100,100,0,0,100,-1,0,100,90,0,1,1,-1,0,0,60,0,0,0,0,85,0,85,0,0,0,0,130,0,[0|0|0|0]
6701343,Rellana's Twin Blades - Attack,0.4,0.1,0,0,1.5,0.04,6903,-1,-1,-1,1667,11100,11120,-1,-1,11110,11110,-1,-1,0,85,0,85,85,100,200,100,100,121,0,0,0,0,0,0,0,0,0,0,0,20,0,0,0,0,2,0,0,0,0,0,0,1,2,0,3,11,2,255,0,255,0,0,0,0,0,0,0,0,0,0,0,1,1,0,0,0,0,0,0,0,0,0,0,-1,-1,2100,2010,-1,-1,-1,-1,-1,-1,-1,-1,-1,-1,-1,-1,-1,-1,-1,-1,-1,-1,-1,-1,-1,-1,-1,-1,-1,-1,-1,-1,0,0,0,0,0,0,0,0,0,0,0,0,-1,-1,-1,-1,-1,-1,-1,-1,-1,-1,-1,-1,-1,-1,-1,-1,-1,-1,-1,-1,-1,-1,-1,-1,0,0,0,0,0,0,0,0,0,0,0,0,0,0,0,0,0,0,0,0,0,0,0,0,255,139,139,85,0,0,0,1,0,0,0,65,90,100,100,0,0,100,-1,0,100,90,0,1,1,-1,0,0,60,0,0,0,0,85,0,85,0,0,0,0,130,0,[0|0|0|0]
6701350,Rellana's Twin Blades - Attack,0.4,0.1,0,0,0.5,0.04,6903,-1,-1,1665,-1,10100,10120,-1,-1,10110,10110,-1,-1,0,80,80,0,80,75,9900,100,100,102,0,0,0,0,0,0,0,0,0,0,0,20,0,0,0,0,2,0,0,0,0,0,0,1,0,0,3,10,0,255,0,255,0,0,0,0,0,0,0,0,0,0,1,2,1,0,0,0,0,0,0,0,9,0,0,-1,-1,2100,2010,-1,-1,-1,-1,-1,-1,-1,-1,-1,-1,-1,-1,-1,-1,-1,-1,-1,-1,-1,-1,-1,-1,-1,-1,-1,-1,-1,-1,0,0,0,0,0,0,0,0,0,0,0,0,-1,-1,-1,-1,-1,-1,-1,-1,-1,-1,-1,-1,-1,-1,-1,-1,-1,-1,-1,-1,-1,-1,-1,-1,0,0,0,0,0,0,0,0,0,0,0,0,0,0,0,0,0,0,0,0,0,0,0,0,255,139,139,80,0,0,0,1,0,0,0,65,90,100,100,0,0,100,-1,0,100,130,0,1,1,-1,3,0,100,0,0,0,0,80,0,80,0,0,0,0,130,0,[0|0|0|0]
6701351,Rellana's Twin Blades - Attack,0.4,0.1,0,0,0.5,0.04,6903,-1,-1,1665,-1,10100,10120,-1,-1,10110,10110,-1,-1,0,85,85,0,85,75,9900,100,100,102,0,0,0,0,0,0,0,0,0,0,0,20,0,0,0,0,2,0,0,0,0,0,0,1,0,0,3,10,0,255,0,255,0,0,0,0,0,0,0,0,0,0,1,3,1,0,0,0,0,0,0,0,9,0,0,-1,-1,2100,2010,-1,-1,-1,-1,-1,-1,-1,-1,-1,-1,-1,-1,-1,-1,-1,-1,-1,-1,-1,-1,-1,-1,-1,-1,-1,-1,-1,-1,0,0,0,0,0,0,0,0,0,0,0,0,-1,-1,-1,-1,-1,-1,-1,-1,-1,-1,-1,-1,-1,-1,-1,-1,-1,-1,-1,-1,-1,-1,-1,-1,0,0,0,0,0,0,0,0,0,0,0,0,0,0,0,0,0,0,0,0,0,0,0,0,255,139,139,85,0,0,0,1,0,0,0,65,90,100,100,0,0,100,-1,0,100,130,0,1,1,-1,3,0,100,0,0,0,0,85,0,85,0,0,0,0,130,0,[0|0|0|0]
6701352,Rellana's Twin Blades - Attack,0.4,0.1,0,0,0.5,0.04,6903,-1,-1,1665,-1,10100,10120,-1,-1,10110,10110,-1,-1,0,80,80,0,80,75,9900,100,100,102,0,0,0,0,0,0,0,0,0,0,0,20,0,0,0,0,2,0,0,0,0,0,0,1,2,0,3,10,0,255,0,255,0,0,0,0,0,0,0,0,0,0,1,2,1,0,0,0,0,0,0,0,9,0,0,-1,-1,2100,2010,-1,-1,-1,-1,-1,-1,-1,-1,-1,-1,-1,-1,-1,-1,-1,-1,-1,-1,-1,-1,-1,-1,-1,-1,-1,-1,-1,-1,0,0,0,0,0,0,0,0,0,0,0,0,-1,-1,-1,-1,-1,-1,-1,-1,-1,-1,-1,-1,-1,-1,-1,-1,-1,-1,-1,-1,-1,-1,-1,-1,0,0,0,0,0,0,0,0,0,0,0,0,0,0,0,0,0,0,0,0,0,0,0,0,255,139,139,80,0,0,0,1,0,0,0,65,90,100,100,0,0,100,-1,0,100,130,0,1,1,-1,3,0,100,0,0,0,0,80,0,80,0,0,0,0,130,0,[0|0|0|0]
6701353,Rellana's Twin Blades - Attack,0.4,0.1,0,0,0.5,0.04,6903,-1,-1,1665,-1,10100,10120,-1,-1,10110,10110,-1,-1,0,85,85,0,85,75,9900,100,100,102,0,0,0,0,0,0,0,0,0,0,0,20,0,0,0,0,2,0,0,0,0,0,0,1,2,0,3,10,0,255,0,255,0,0,0,0,0,0,0,0,0,0,1,3,1,0,0,0,0,0,0,0,9,0,0,-1,-1,2100,2010,-1,-1,-1,-1,-1,-1,-1,-1,-1,-1,-1,-1,-1,-1,-1,-1,-1,-1,-1,-1,-1,-1,-1,-1,-1,-1,-1,-1,0,0,0,0,0,0,0,0,0,0,0,0,-1,-1,-1,-1,-1,-1,-1,-1,-1,-1,-1,-1,-1,-1,-1,-1,-1,-1,-1,-1,-1,-1,-1,-1,0,0,0,0,0,0,0,0,0,0,0,0,0,0,0,0,0,0,0,0,0,0,0,0,255,139,139,85,0,0,0,1,0,0,0,65,90,100,100,0,0,100,-1,0,100,130,0,1,1,-1,3,0,100,0,0,0,0,85,0,85,0,0,0,0,130,0,[0|0|0|0]
6701354,Rellana's Twin Blades - Attack,0.4,0.1,0,0,0.7,0.04,6903,-1,-1,-1,1667,11100,11120,-1,-1,11110,11110,-1,-1,0,85,0,85,85,75,9900,100,100,102,0,0,0,0,0,0,0,0,0,0,0,20,0,0,0,0,2,0,0,0,0,0,0,1,0,0,3,11,0,255,0,255,0,0,0,0,0,0,0,0,0,0,1,3,1,0,0,0,0,0,0,0,0,0,0,-1,-1,2100,2010,-1,-1,-1,-1,-1,-1,-1,-1,-1,-1,-1,-1,-1,-1,-1,-1,-1,-1,-1,-1,-1,-1,-1,-1,-1,-1,-1,-1,0,0,0,0,0,0,0,0,0,0,0,0,-1,-1,-1,-1,-1,-1,-1,-1,-1,-1,-1,-1,-1,-1,-1,-1,-1,-1,-1,-1,-1,-1,-1,-1,0,0,0,0,0,0,0,0,0,0,0,0,0,0,0,0,0,0,0,0,0,0,0,0,255,139,139,85,0,0,0,1,0,0,0,65,90,100,100,0,0,100,-1,0,100,130,0,1,1,-1,0,0,100,0,0,0,0,85,0,85,0,0,0,0,130,0,[0|0|0|0]
6701400,Rellana's Twin Blades - Attack,0.4,0.1,0,0,1,0.08,6903,-1,-1,-1,1667,21110,21120,-1,-1,21100,21110,-1,-1,0,100,0,100,100,100,100,100,100,0,0,0,0,0,0,0,0,0,0,0,0,20,0,0,0,0,2,0,0,0,0,0,0,1,0,0,3,11,0,255,0,255,0,0,0,0,0,0,0,0,0,0,0,3,1,0,0,0,0,0,0,0,0,0,0,-1,-1,2100,2010,-1,-1,-1,-1,-1,-1,-1,-1,-1,-1,-1,-1,-1,-1,-1,-1,-1,-1,-1,-1,-1,-1,-1,-1,-1,-1,-1,-1,0,0,0,0,0,0,0,0,0,0,0,0,-1,-1,-1,-1,-1,-1,-1,-1,-1,-1,-1,-1,-1,-1,-1,-1,-1,-1,-1,-1,-1,-1,-1,-1,0,0,0,0,0,0,0,0,0,0,0,0,0,0,0,0,0,0,0,0,0,0,0,0,255,139,139,100,0,0,0,1,0,0,0,100,100,100,100,0,0,100,-1,0,100,100,0,1,1,-1,0,0,100,0,0,0,0,100,0,100,0,0,0,0,130,0,[0|0|0|0]
6701401,Rellana's Twin Blades - Attack,0.4,0.1,0,0,1,0.08,6903,-1,-1,-1,1667,11110,11120,-1,-1,11100,11110,-1,-1,0,100,0,100,100,100,100,100,100,0,0,0,0,0,0,0,0,0,0,0,0,20,0,0,0,0,2,0,0,0,0,0,0,1,0,0,3,11,0,255,0,255,0,0,0,0,0,0,0,0,0,0,0,3,1,0,0,0,0,0,0,0,0,0,0,-1,-1,2100,2010,-1,-1,-1,-1,-1,-1,-1,-1,-1,-1,-1,-1,-1,-1,-1,-1,-1,-1,-1,-1,-1,-1,-1,-1,-1,-1,-1,-1,0,0,0,0,0,0,0,0,0,0,0,0,-1,-1,-1,-1,-1,-1,-1,-1,-1,-1,-1,-1,-1,-1,-1,-1,-1,-1,-1,-1,-1,-1,-1,-1,0,0,0,0,0,0,0,0,0,0,0,0,0,0,0,0,0,0,0,0,0,0,0,0,255,139,139,100,0,0,0,1,0,0,0,100,100,100,100,0,0,100,-1,0,100,100,0,1,1,-1,0,0,100,0,0,0,0,100,0,100,0,0,0,0,130,0,[0|0|0|0]
6701410,Rellana's Twin Blades - Attack,0.4,0.1,0,0,0.9,0.08,6903,-1,-1,-1,1667,21110,21120,-1,-1,21100,21110,-1,-1,0,101,0,101,101,100,100,100,100,0,0,0,0,0,0,0,0,0,0,0,0,20,0,0,0,0,2,0,0,0,0,0,0,1,0,0,3,11,0,255,0,255,0,0,0,0,0,0,0,0,0,0,0,4,1,0,0,0,0,0,0,0,0,0,0,-1,-1,2100,2010,-1,-1,-1,-1,-1,-1,-1,-1,-1,-1,-1,-1,-1,-1,-1,-1,-1,-1,-1,-1,-1,-1,-1,-1,-1,-1,-1,-1,0,0,0,0,0,0,0,0,0,0,0,0,-1,-1,-1,-1,-1,-1,-1,-1,-1,-1,-1,-1,-1,-1,-1,-1,-1,-1,-1,-1,-1,-1,-1,-1,0,0,0,0,0,0,0,0,0,0,0,0,0,0,0,0,0,0,0,0,0,0,0,0,255,139,139,101,0,0,0,1,0,0,0,100,100,100,100,0,0,100,-1,0,100,100,0,1,1,-1,0,0,100,0,0,0,0,101,0,101,0,0,0,0,130,0,[0|0|0|0]
6701411,Rellana's Twin Blades - Attack,0.4,0.1,0,0,0.9,0.08,6903,-1,-1,-1,1667,11110,11120,-1,-1,11100,11110,-1,-1,0,101,0,101,101,100,100,100,100,0,0,0,0,0,0,0,0,0,0,0,0,20,0,0,0,0,2,0,0,0,0,0,0,1,0,0,3,11,0,255,0,255,0,0,0,0,0,0,0,0,0,0,0,4,1,0,0,0,0,0,0,0,0,0,0,-1,-1,2100,2010,-1,-1,-1,-1,-1,-1,-1,-1,-1,-1,-1,-1,-1,-1,-1,-1,-1,-1,-1,-1,-1,-1,-1,-1,-1,-1,-1,-1,0,0,0,0,0,0,0,0,0,0,0,0,-1,-1,-1,-1,-1,-1,-1,-1,-1,-1,-1,-1,-1,-1,-1,-1,-1,-1,-1,-1,-1,-1,-1,-1,0,0,0,0,0,0,0,0,0,0,0,0,0,0,0,0,0,0,0,0,0,0,0,0,255,139,139,101,0,0,0,1,0,0,0,100,100,100,100,0,0,100,-1,0,100,100,0,1,1,-1,0,0,100,0,0,0,0,101,0,101,0,0,0,0,130,0,[0|0|0|0]
6701420,Rellana's Twin Blades - Attack,0.4,0.1,0,0,0.9,0.08,6903,-1,-1,-1,1667,21110,21120,-1,-1,21100,21110,-1,-1,0,102,0,102,102,100,100,100,100,0,0,0,0,0,0,0,0,0,0,0,0,20,0,0,0,0,2,0,0,0,0,0,0,1,0,0,3,11,0,255,0,255,0,0,0,0,0,0,0,0,0,0,0,3,1,0,0,0,0,0,0,0,0,0,0,-1,-1,2100,2010,-1,-1,-1,-1,-1,-1,-1,-1,-1,-1,-1,-1,-1,-1,-1,-1,-1,-1,-1,-1,-1,-1,-1,-1,-1,-1,-1,-1,0,0,0,0,0,0,0,0,0,0,0,0,-1,-1,-1,-1,-1,-1,-1,-1,-1,-1,-1,-1,-1,-1,-1,-1,-1,-1,-1,-1,-1,-1,-1,-1,0,0,0,0,0,0,0,0,0,0,0,0,0,0,0,0,0,0,0,0,0,0,0,0,255,139,139,102,0,0,0,1,0,0,0,100,100,100,100,0,0,100,-1,0,100,105,0,1,1,-1,0,0,100,0,0,0,0,102,0,102,0,0,0,0,130,0,[0|0|0|0]
6701421,Rellana's Twin Blades - Attack,0.4,0.1,0,0,0.9,0.08,6903,-1,-1,-1,1667,11110,11120,-1,-1,11100,11110,-1,-1,0,102,0,102,102,100,100,100,100,0,0,0,0,0,0,0,0,0,0,0,0,20,0,0,0,0,2,0,0,0,0,0,0,1,0,0,3,11,0,255,0,255,0,0,0,0,0,0,0,0,0,0,0,3,1,0,0,0,0,0,0,0,0,0,0,-1,-1,2100,2010,-1,-1,-1,-1,-1,-1,-1,-1,-1,-1,-1,-1,-1,-1,-1,-1,-1,-1,-1,-1,-1,-1,-1,-1,-1,-1,-1,-1,0,0,0,0,0,0,0,0,0,0,0,0,-1,-1,-1,-1,-1,-1,-1,-1,-1,-1,-1,-1,-1,-1,-1,-1,-1,-1,-1,-1,-1,-1,-1,-1,0,0,0,0,0,0,0,0,0,0,0,0,0,0,0,0,0,0,0,0,0,0,0,0,255,139,139,102,0,0,0,1,0,0,0,100,100,100,100,0,0,100,-1,0,100,105,0,1,1,-1,0,0,100,0,0,0,0,102,0,102,0,0,0,0,130,0,[0|0|0|0]
6701430,Rellana's Twin Blades - Attack,0.4,0.1,0,0,1,0.08,6903,-1,-1,-1,1667,21110,21120,-1,-1,21100,21110,-1,-1,0,103,0,103,103,100,100,100,100,0,0,0,0,0,0,0,0,0,0,0,0,20,0,0,0,0,2,0,0,0,0,0,0,1,0,0,3,11,0,255,0,255,0,0,0,0,0,0,0,0,0,0,0,4,1,0,0,0,0,0,0,0,0,0,0,-1,-1,2100,2010,-1,-1,-1,-1,-1,-1,-1,-1,-1,-1,-1,-1,-1,-1,-1,-1,-1,-1,-1,-1,-1,-1,-1,-1,-1,-1,-1,-1,0,0,0,0,0,0,0,0,0,0,0,0,-1,-1,-1,-1,-1,-1,-1,-1,-1,-1,-1,-1,-1,-1,-1,-1,-1,-1,-1,-1,-1,-1,-1,-1,0,0,0,0,0,0,0,0,0,0,0,0,0,0,0,0,0,0,0,0,0,0,0,0,255,139,139,103,0,0,0,1,0,0,0,100,100,100,100,0,0,100,-1,0,100,105,0,1,1,-1,0,0,100,0,0,0,0,103,0,103,0,0,0,0,130,0,[0|0|0|0]
6701431,Rellana's Twin Blades - Attack,0.4,0.1,0,0,1,0.08,6903,-1,-1,-1,1667,11110,11120,-1,-1,11100,11110,-1,-1,0,103,0,103,103,100,100,100,100,0,0,0,0,0,0,0,0,0,0,0,0,20,0,0,0,0,2,0,0,0,0,0,0,1,0,0,3,11,0,255,0,255,0,0,0,0,0,0,0,0,0,0,0,4,1,0,0,0,0,0,0,0,0,0,0,-1,-1,2100,2010,-1,-1,-1,-1,-1,-1,-1,-1,-1,-1,-1,-1,-1,-1,-1,-1,-1,-1,-1,-1,-1,-1,-1,-1,-1,-1,-1,-1,0,0,0,0,0,0,0,0,0,0,0,0,-1,-1,-1,-1,-1,-1,-1,-1,-1,-1,-1,-1,-1,-1,-1,-1,-1,-1,-1,-1,-1,-1,-1,-1,0,0,0,0,0,0,0,0,0,0,0,0,0,0,0,0,0,0,0,0,0,0,0,0,255,139,139,103,0,0,0,1,0,0,0,100,100,100,100,0,0,100,-1,0,100,105,0,1,1,-1,0,0,100,0,0,0,0,103,0,103,0,0,0,0,130,0,[0|0|0|0]
6701440,Rellana's Twin Blades - Attack,0.4,0.1,0,0,1,0.08,6903,-1,-1,-1,1667,21110,21120,-1,-1,21100,21110,-1,-1,0,104,0,104,104,100,100,100,100,104,0,0,0,0,0,0,0,0,0,0,0,20,0,0,0,0,2,0,0,0,0,0,0,1,0,0,3,11,0,255,0,255,0,0,0,0,0,0,0,0,0,0,0,4,1,0,0,0,0,0,0,0,0,0,0,-1,-1,2100,2010,-1,-1,-1,-1,-1,-1,-1,-1,-1,-1,-1,-1,-1,-1,-1,-1,-1,-1,-1,-1,-1,-1,-1,-1,-1,-1,-1,-1,0,0,0,0,0,0,0,0,0,0,0,0,-1,-1,-1,-1,-1,-1,-1,-1,-1,-1,-1,-1,-1,-1,-1,-1,-1,-1,-1,-1,-1,-1,-1,-1,0,0,0,0,0,0,0,0,0,0,0,0,0,0,0,0,0,0,0,0,0,0,0,0,255,139,139,104,0,0,0,1,0,0,0,100,100,100,100,0,0,100,-1,0,100,115,0,1,1,-1,0,0,100,0,0,0,0,104,0,104,0,0,0,0,130,0,[0|0|0|0]
6701441,Rellana's Twin Blades - Attack,0.4,0.1,0,0,1,0.08,6903,-1,-1,-1,1667,11110,11120,-1,-1,11100,11110,-1,-1,0,104,0,104,104,100,100,100,100,104,0,0,0,0,0,0,0,0,0,0,0,20,0,0,0,0,2,0,0,0,0,0,0,1,0,0,3,11,0,255,0,255,0,0,0,0,0,0,0,0,0,0,0,4,1,0,0,0,0,0,0,0,0,0,0,-1,-1,2100,2010,-1,-1,-1,-1,-1,-1,-1,-1,-1,-1,-1,-1,-1,-1,-1,-1,-1,-1,-1,-1,-1,-1,-1,-1,-1,-1,-1,-1,0,0,0,0,0,0,0,0,0,0,0,0,-1,-1,-1,-1,-1,-1,-1,-1,-1,-1,-1,-1,-1,-1,-1,-1,-1,-1,-1,-1,-1,-1,-1,-1,0,0,0,0,0,0,0,0,0,0,0,0,0,0,0,0,0,0,0,0,0,0,0,0,255,139,139,104,0,0,0,1,0,0,0,100,100,100,100,0,0,100,-1,0,100,115,0,1,1,-1,0,0,100,0,0,0,0,104,0,104,0,0,0,0,130,0,[0|0|0|0]
6701500,Rellana's Twin Blades - Attack,0.4,0,0,0,0,0,350510,350610,20382301,1665,1667,110,-1,-1,-1,100,-1,-1,-1,0,200,200,0,200,100,9900,100,100,0,0,0,0,0,0,0,0,0,0,0,0,20,0,0,0,0,0,0,0,0,0,0,0,0,0,0,2,10,2,6,0,255,0,2,0,0,0,0,0,0,0,0,1,0,1,0,0,0,0,0,0,0,0,0,0,-1,-1,2100,2010,-1,-1,-1,-1,-1,-1,-1,-1,-1,-1,-1,-1,-1,-1,-1,-1,-1,-1,-1,-1,-1,-1,-1,-1,-1,-1,-1,-1,0,0,0,0,0,0,0,0,0,0,0,0,-1,-1,-1,-1,-1,-1,-1,-1,-1,-1,-1,-1,-1,-1,-1,-1,-1,-1,-1,-1,-1,-1,-1,-1,0,0,0,0,0,0,0,0,0,0,0,0,0,0,0,0,0,0,0,0,0,0,0,0,255,139,139,200,0,0,1,1,0,0,0,100,100,100,100,0,1,100,-1,0,100,1000,0,1,1,-1,3,0,0,0,0,0,0,200,0,200,0,0,0,0,130,0,[0|0|0|0]
6701509,Rellana's Twin Blades - Attack,0.4,0,0,0,0.6,0.08,-1,-1,-1,1665,1667,110,-1,-1,-1,100,-1,-1,-1,0,100,100,0,100,100,100,100,100,0,0,0,0,0,0,0,0,0,0,0,0,20,0,0,0,0,0,0,0,0,0,0,0,1,0,0,2,10,2,255,0,255,0,0,0,0,0,0,0,0,0,0,0,0,1,0,0,0,0,0,0,0,0,0,0,-1,-1,2100,2010,-1,-1,-1,-1,-1,-1,-1,-1,-1,-1,-1,-1,-1,-1,-1,-1,-1,-1,-1,-1,-1,-1,-1,-1,-1,-1,-1,-1,0,0,0,0,0,0,0,0,0,0,0,0,-1,-1,-1,-1,-1,-1,-1,-1,-1,-1,-1,-1,-1,-1,-1,-1,-1,-1,-1,-1,-1,-1,-1,-1,0,0,0,0,0,0,0,0,0,0,0,0,0,0,0,0,0,0,0,0,0,0,0,0,255,139,139,100,0,0,1,1,0,0,0,100,100,100,100,0,0,100,-1,0,100,0,0,1,1,-1,3,0,0,0,0,0,0,100,0,100,0,0,0,0,130,0,[0|0|0|0]
6701510,Rellana's Twin Blades - Attack,0.4,0,0,0,0,0,350510,350610,20382301,1665,1667,110,-1,-1,-1,100,-1,-1,-1,0,300,300,0,300,100,9900,100,100,0,0,0,0,0,0,0,0,0,0,0,0,20,0,0,1,0,0,0,0,0,0,0,0,0,0,0,2,10,2,6,0,255,0,2,0,0,0,0,0,0,0,0,1,0,1,0,0,0,0,0,0,0,0,0,0,-1,-1,2100,2010,-1,-1,-1,-1,-1,-1,-1,-1,-1,-1,-1,-1,-1,-1,-1,-1,-1,-1,-1,-1,-1,-1,-1,-1,-1,-1,-1,-1,0,0,0,0,0,0,0,0,0,0,0,0,-1,-1,-1,-1,-1,-1,-1,-1,-1,-1,-1,-1,-1,-1,-1,-1,-1,-1,-1,-1,-1,-1,-1,-1,0,0,0,0,0,0,0,0,0,0,0,0,0,0,0,0,0,0,0,0,0,0,0,0,255,139,139,300,0,0,1,1,0,0,0,100,100,100,100,0,0,100,-1,0,100,1000,0,1,1,-1,3,0,0,0,0,0,0,300,0,300,0,0,0,0,130,0,[0|0|0|0]
6701530,Rellana's Twin Blades - Attack,0.4,0,0,0,0,0,350510,350610,20382301,1665,1667,110,-1,-1,-1,100,-1,-1,-1,0,400,400,0,400,100,9900,100,100,0,0,0,0,0,0,0,0,0,0,0,0,20,0,0,0,0,0,0,0,0,0,0,0,0,0,0,2,10,2,6,0,255,0,2,0,0,0,0,0,0,0,0,1,0,1,0,0,0,0,0,0,0,0,0,0,-1,-1,0,0,-1,-1,-1,-1,-1,-1,-1,-1,-1,-1,-1,-1,-1,-1,-1,-1,-1,-1,-1,-1,-1,-1,-1,-1,-1,-1,-1,-1,0,0,0,0,0,0,0,0,0,0,0,0,-1,-1,-1,-1,-1,-1,-1,-1,-1,-1,-1,-1,-1,-1,-1,-1,-1,-1,-1,-1,-1,-1,-1,-1,0,0,0,0,0,0,0,0,0,0,0,0,0,0,0,0,0,0,0,0,0,0,0,0,255,139,139,400,0,0,1,1,0,0,0,100,100,100,100,0,0,100,-1,0,100,1000,0,1,1,-1,3,0,0,0,0,0,0,400,0,400,0,0,0,0,130,0,[0|0|0|0]
6701550,Rellana's Twin Blades - Attack,0.4,0,0,0,0,0,350510,350610,20382301,1665,1667,110,-1,-1,-1,100,-1,-1,-1,0,400,400,0,400,100,9900,100,100,0,0,0,0,0,0,0,0,0,0,0,0,20,0,0,0,0,0,0,0,0,0,0,0,0,0,0,2,10,2,6,0,255,0,2,0,0,0,0,0,0,0,0,1,0,1,0,0,0,0,0,0,0,0,0,0,-1,-1,2100,2010,-1,-1,-1,-1,-1,-1,-1,-1,-1,-1,-1,-1,-1,-1,-1,-1,-1,-1,-1,-1,-1,-1,-1,-1,-1,-1,-1,-1,0,0,0,0,0,0,0,0,0,0,0,0,-1,-1,-1,-1,-1,-1,-1,-1,-1,-1,-1,-1,-1,-1,-1,-1,-1,-1,-1,-1,-1,-1,-1,-1,0,0,0,0,0,0,0,0,0,0,0,0,0,0,0,0,0,0,0,0,0,0,0,0,255,139,139,400,0,0,1,1,0,0,0,100,100,100,100,0,0,100,-1,0,100,1000,0,1,1,-1,3,0,0,0,0,0,0,400,0,400,0,0,0,0,130,0,[0|0|0|0]
6701560,Rellana's Twin Blades - Attack,0.4,0,0,0,0,0,-1,-1,-1,1665,1667,110,-1,-1,-1,100,-1,-1,-1,0,100,100,0,100,100,9900,100,100,0,0,0,0,0,0,0,0,0,0,0,0,20,0,0,0,0,0,0,0,0,0,0,0,0,0,0,2,10,2,6,0,255,0,2,0,0,0,0,0,0,0,0,1,0,1,0,0,0,0,0,0,0,0,0,0,-1,-1,2100,2010,-1,-1,-1,-1,-1,-1,-1,-1,-1,-1,-1,-1,-1,-1,-1,-1,-1,-1,-1,-1,-1,-1,-1,-1,-1,-1,-1,-1,0,0,0,0,0,0,0,0,0,0,0,0,-1,-1,-1,-1,-1,-1,-1,-1,-1,-1,-1,-1,-1,-1,-1,-1,-1,-1,-1,-1,-1,-1,-1,-1,0,0,0,0,0,0,0,0,0,0,0,0,0,0,0,0,0,0,0,0,0,0,0,0,255,139,139,100,0,0,1,1,0,0,0,100,100,100,100,0,0,100,-1,0,100,1000,0,1,1,-1,3,0,0,0,0,0,0,100,0,100,0,0,0,0,130,0,[0|0|0|0]
6701561,Rellana's Twin Blades - Attack,0.4,0,0,0,0,0,350510,350610,20382301,1665,1667,110,-1,-1,-1,100,-1,-1,-1,0,250,250,0,250,100,9900,100,100,0,0,0,0,0,0,0,0,0,0,0,0,20,0,0,0,0,0,0,0,0,0,0,0,0,0,0,2,10,2,6,0,255,0,2,0,0,0,0,0,0,0,0,1,0,1,0,0,0,0,0,0,0,0,0,0,-1,-1,2100,2010,-1,-1,-1,-1,-1,-1,-1,-1,-1,-1,-1,-1,-1,-1,-1,-1,-1,-1,-1,-1,-1,-1,-1,-1,-1,-1,-1,-1,0,0,0,0,0,0,0,0,0,0,0,0,-1,-1,-1,-1,-1,-1,-1,-1,-1,-1,-1,-1,-1,-1,-1,-1,-1,-1,-1,-1,-1,-1,-1,-1,0,0,0,0,0,0,0,0,0,0,0,0,0,0,0,0,0,0,0,0,0,0,0,0,255,139,139,250,0,0,1,1,0,0,0,100,100,100,100,0,0,100,-1,0,100,0,0,1,1,-1,3,0,0,0,0,0,0,250,0,250,0,0,0,0,130,0,[0|0|0|0]
6701590,Rellana's Twin Blades - Attack,0.5,0,0,0,0,0,-1,-1,-1,-1,-1,95,-1,-1,-1,94,-1,-1,-1,0,0,0,0,0,0,9000,100,100,0,0,0,0,0,0,0,0,0,0,0,0,0,0,0,0,0,0,0,0,0,0,0,0,0,2,0,3,0,1,6,0,255,1,1,0,0,0,0,0,0,0,0,1,0,1,0,0,0,0,0,0,0,0,0,0,-1,-1,2100,2010,-1,-1,-1,-1,-1,-1,-1,-1,-1,-1,-1,-1,-1,-1,-1,-1,-1,-1,-1,-1,-1,-1,-1,-1,-1,-1,-1,-1,0,0,0,0,0,0,0,0,0,0,0,0,-1,-1,-1,-1,-1,-1,-1,-1,-1,-1,-1,-1,-1,-1,-1,-1,-1,-1,-1,-1,-1,-1,-1,-1,0,0,0,0,0,0,0,0,0,0,0,0,0,0,0,0,0,0,0,0,0,0,0,0,255,139,139,0,0,0,1,1,0,0,0,0,0,0,0,0,0,0,-1,-1,-1,0,0,1,1,-1,0,0,0,0,0,0,0,0,0,0,0,0,0,0,130,0,[0|0|0|0]
6701600,Rellana's Twin Blades - Attack,0.5,0.1,0,0,0.5,0.08,6903,-1,-1,1665,1667,110,120,-1,-1,100,110,-1,-1,0,110,110,0,110,110,120,100,100,0,101,0,0,0,0,0,0,0,0,0,0,20,0,0,0,0,2,0,0,0,0,0,0,1,0,0,3,10,0,255,0,255,0,0,0,0,0,0,0,0,0,0,0,0,1,0,0,0,0,0,0,0,0,0,0,-1,-1,2100,2010,-1,-1,-1,-1,-1,-1,-1,-1,-1,-1,-1,-1,-1,-1,-1,-1,-1,-1,-1,-1,-1,-1,-1,-1,-1,-1,-1,-1,0,0,0,0,0,0,0,0,0,0,0,0,-1,-1,-1,-1,-1,-1,-1,-1,-1,-1,-1,-1,-1,-1,-1,-1,-1,-1,-1,-1,-1,-1,-1,-1,0,0,0,0,0,0,0,0,0,0,0,0,0,0,0,0,0,0,0,0,0,0,0,0,255,139,139,110,0,0,0,1,0,0,0,100,100,100,100,0,0,100,-1,0,100,100,0,1,1,-1,3,0,100,0,0,0,0,110,0,110,0,0,0,0,130,0,[0|0|0|0]
6701605,Rellana's Twin Blades - Attack,0.45,0.1,0,0,0.5,0.08,6903,-1,-1,1665,1667,110,120,-1,-1,100,110,-1,-1,0,110,110,0,110,110,120,100,100,0,101,0,0,0,0,0,0,0,0,0,0,20,0,0,0,0,2,0,0,0,0,0,0,1,0,0,3,10,0,255,0,255,0,0,0,0,0,0,0,0,0,0,0,0,1,0,0,0,0,0,0,0,0,0,0,-1,-1,2100,2010,-1,-1,-1,-1,-1,-1,-1,-1,-1,-1,-1,-1,-1,-1,-1,-1,-1,-1,-1,-1,-1,-1,-1,-1,-1,-1,-1,-1,0,0,0,0,0,0,0,0,0,0,0,0,-1,-1,-1,-1,-1,-1,-1,-1,-1,-1,-1,-1,-1,-1,-1,-1,-1,-1,-1,-1,-1,-1,-1,-1,0,0,0,0,0,0,0,0,0,0,0,0,0,0,0,0,0,0,0,0,0,0,0,0,255,139,139,110,0,0,0,1,0,0,0,100,100,100,100,0,0,100,-1,0,100,100,0,1,1,-1,3,0,100,0,0,0,0,110,0,110,0,0,0,0,130,0,[0|0|0|0]
6701610,Rellana's Twin Blades - Attack,0.5,0.1,0,0,0.7,0.08,6903,-1,-1,1665,1667,110,120,-1,-1,100,110,-1,-1,0,110,110,0,110,110,120,100,100,104,101,0,0,0,0,0,0,0,0,0,0,20,0,0,0,0,2,0,0,0,0,0,0,1,0,0,3,10,0,255,0,255,0,0,0,0,0,0,0,0,0,0,0,0,1,0,0,0,0,0,0,0,0,0,0,-1,-1,2100,2010,-1,-1,-1,-1,-1,-1,-1,-1,-1,-1,-1,-1,-1,-1,-1,-1,-1,-1,-1,-1,-1,-1,-1,-1,-1,-1,-1,-1,0,0,0,0,0,0,0,0,0,0,0,0,-1,-1,-1,-1,-1,-1,-1,-1,-1,-1,-1,-1,-1,-1,-1,-1,-1,-1,-1,-1,-1,-1,-1,-1,0,0,0,0,0,0,0,0,0,0,0,0,0,0,0,0,0,0,0,0,0,0,0,0,255,139,139,110,0,0,0,1,0,0,0,100,100,100,100,0,0,100,-1,0,100,100,0,1,1,-1,3,0,200,0,0,0,0,110,0,110,0,0,0,0,130,0,[0|0|0|0]
6701632,Rellana's Twin Blades - Attack,0.5,0.1,0,0,0.6,0.08,6904,-1,-1,1665,1667,110,120,-1,-1,100,110,-1,-1,0,135,135,0,135,170,200,100,100,0,101,0,0,0,0,0,0,0,0,0,0,20,0,0,0,0,2,0,0,0,0,0,0,1,0,0,2,10,0,255,0,255,0,0,0,0,0,0,0,0,0,0,0,0,1,0,0,0,0,0,0,0,0,0,0,-1,-1,2100,2010,-1,-1,-1,-1,-1,-1,-1,-1,-1,-1,-1,-1,-1,-1,-1,-1,-1,-1,-1,-1,-1,-1,-1,-1,-1,-1,-1,-1,0,0,0,0,0,0,0,0,0,0,0,0,-1,-1,-1,-1,-1,-1,-1,-1,-1,-1,-1,-1,-1,-1,-1,-1,-1,-1,-1,-1,-1,-1,-1,-1,0,0,0,0,0,0,0,0,0,0,0,0,0,0,0,0,0,0,0,0,0,0,0,0,255,139,139,135,0,0,0,1,0,0,0,100,100,100,100,0,0,100,-1,0,100,130,0,1,1,-1,3,0,200,0,0,0,0,135,0,135,0,0,0,0,130,0,[0|0|0|0]
6701633,Rellana's Twin Blades - Attack,0.5,0.1,0,0,0.6,0.08,6904,-1,-1,1665,1667,110,120,-1,-1,100,110,-1,-1,0,135,135,0,135,170,200,100,100,0,101,0,0,0,0,0,0,0,0,0,0,20,0,0,0,0,2,0,0,0,0,0,0,1,2,0,2,10,0,255,0,255,0,0,0,0,0,0,0,0,0,0,0,0,1,0,0,0,0,0,0,0,0,0,0,-1,-1,2100,2010,-1,-1,-1,-1,-1,-1,-1,-1,-1,-1,-1,-1,-1,-1,-1,-1,-1,-1,-1,-1,-1,-1,-1,-1,-1,-1,-1,-1,0,0,0,0,0,0,0,0,0,0,0,0,-1,-1,-1,-1,-1,-1,-1,-1,-1,-1,-1,-1,-1,-1,-1,-1,-1,-1,-1,-1,-1,-1,-1,-1,0,0,0,0,0,0,0,0,0,0,0,0,0,0,0,0,0,0,0,0,0,0,0,0,255,139,139,135,0,0,0,1,0,0,0,100,100,100,100,0,0,100,-1,0,100,130,0,1,1,-1,3,0,200,0,0,0,0,135,0,135,0,0,0,0,130,0,[0|0|0|0]
6701635,Rellana's Twin Blades - Attack,0.5,0.1,0,0,0.8,0.08,6906,-1,-1,1665,1667,110,120,-1,-1,100,110,-1,-1,0,170,170,0,170,240,400,100,100,100,101,0,0,0,0,0,0,0,0,0,0,20,0,0,0,0,2,0,0,0,0,0,0,2,0,0,2,10,0,255,0,255,0,0,0,0,0,0,0,0,0,0,0,0,1,0,0,0,0,0,0,0,0,0,0,-1,-1,2100,2010,-1,-1,-1,-1,-1,-1,-1,-1,-1,-1,-1,-1,-1,-1,-1,-1,-1,-1,-1,-1,-1,-1,-1,-1,-1,-1,-1,-1,0,0,0,0,0,0,0,0,0,0,0,0,-1,-1,-1,-1,-1,-1,-1,-1,-1,-1,-1,-1,-1,-1,-1,-1,-1,-1,-1,-1,-1,-1,-1,-1,0,0,0,0,0,0,0,0,0,0,0,0,0,0,0,0,0,0,0,0,0,0,0,0,255,139,139,170,0,0,0,1,0,0,0,100,100,100,100,0,0,100,-1,0,100,180,0,1,1,-1,3,0,600,0,0,0,0,170,0,170,0,0,0,0,130,0,[0|0|0|0]
6701638,Rellana's Twin Blades - Attack,0.5,0.1,0,0,0.8,0.08,6906,-1,-1,1665,1667,110,120,-1,-1,100,110,-1,-1,0,170,170,0,170,240,400,100,100,100,101,0,0,0,0,0,0,0,0,0,0,20,0,0,0,0,2,0,0,0,0,0,0,2,2,0,2,10,0,255,0,255,0,0,0,0,0,0,0,0,0,0,0,0,1,0,0,0,0,0,0,0,0,0,0,-1,-1,2100,2010,-1,-1,-1,-1,-1,-1,-1,-1,-1,-1,-1,-1,-1,-1,-1,-1,-1,-1,-1,-1,-1,-1,-1,-1,-1,-1,-1,-1,0,0,0,0,0,0,0,0,0,0,0,0,-1,-1,-1,-1,-1,-1,-1,-1,-1,-1,-1,-1,-1,-1,-1,-1,-1,-1,-1,-1,-1,-1,-1,-1,0,0,0,0,0,0,0,0,0,0,0,0,0,0,0,0,0,0,0,0,0,0,0,0,255,139,139,170,0,0,0,1,0,0,0,100,100,100,100,0,0,100,-1,0,100,180,0,1,1,-1,3,0,600,0,0,0,0,170,0,170,0,0,0,0,130,0,[0|0|0|0]
6701700,Rellana's Twin Blades - Attack,0.5,0.1,0,0,0.5,0.08,6903,-1,-1,1665,1667,110,120,-1,-1,100,110,-1,-1,0,110,110,0,110,110,120,100,100,0,101,0,0,0,0,0,0,0,0,0,0,20,0,0,0,0,2,0,0,0,0,0,0,1,0,0,3,10,0,255,0,255,0,0,0,0,0,0,0,0,0,0,0,0,1,0,0,0,0,0,0,0,0,0,0,-1,-1,2100,2010,-1,-1,-1,-1,-1,-1,-1,-1,-1,-1,-1,-1,-1,-1,-1,-1,-1,-1,-1,-1,-1,-1,-1,-1,-1,-1,-1,-1,0,0,0,0,0,0,0,0,0,0,0,0,-1,-1,-1,-1,-1,-1,-1,-1,-1,-1,-1,-1,-1,-1,-1,-1,-1,-1,-1,-1,-1,-1,-1,-1,0,0,0,0,0,0,0,0,0,0,0,0,0,0,0,0,0,0,0,0,0,0,0,0,255,139,139,110,0,0,0,1,0,0,0,100,100,100,100,0,0,100,-1,0,100,100,0,1,1,-1,3,0,100,0,0,0,0,110,0,110,0,0,0,0,130,0,[0|0|0|0]
6701705,Rellana's Twin Blades - Attack,0.45,0.1,0,0,0.5,0.08,6903,-1,-1,1665,1667,110,120,-1,-1,100,110,-1,-1,0,110,110,0,110,110,120,100,100,0,101,0,0,0,0,0,0,0,0,0,0,20,0,0,0,0,2,0,0,0,0,0,0,1,0,0,3,10,0,255,0,255,0,0,0,0,0,0,0,0,0,0,0,0,1,0,0,0,0,0,0,0,0,0,0,-1,-1,2100,2010,-1,-1,-1,-1,-1,-1,-1,-1,-1,-1,-1,-1,-1,-1,-1,-1,-1,-1,-1,-1,-1,-1,-1,-1,-1,-1,-1,-1,0,0,0,0,0,0,0,0,0,0,0,0,-1,-1,-1,-1,-1,-1,-1,-1,-1,-1,-1,-1,-1,-1,-1,-1,-1,-1,-1,-1,-1,-1,-1,-1,0,0,0,0,0,0,0,0,0,0,0,0,0,0,0,0,0,0,0,0,0,0,0,0,255,139,139,110,0,0,0,1,0,0,0,100,100,100,100,0,0,100,-1,0,100,100,0,1,1,-1,3,0,100,0,0,0,0,110,0,110,0,0,0,0,130,0,[0|0|0|0]
6701710,Rellana's Twin Blades - Attack,0.5,0.1,0,0,0.7,0.08,6903,-1,-1,1665,1667,110,120,-1,-1,100,110,-1,-1,0,110,110,0,110,110,120,100,100,104,101,0,0,0,0,0,0,0,0,0,0,20,0,0,0,0,2,0,0,0,0,0,0,1,0,0,3,10,0,255,0,255,0,0,0,0,0,0,0,0,0,0,0,0,1,0,0,0,0,0,0,0,0,0,0,-1,-1,2100,2010,-1,-1,-1,-1,-1,-1,-1,-1,-1,-1,-1,-1,-1,-1,-1,-1,-1,-1,-1,-1,-1,-1,-1,-1,-1,-1,-1,-1,0,0,0,0,0,0,0,0,0,0,0,0,-1,-1,-1,-1,-1,-1,-1,-1,-1,-1,-1,-1,-1,-1,-1,-1,-1,-1,-1,-1,-1,-1,-1,-1,0,0,0,0,0,0,0,0,0,0,0,0,0,0,0,0,0,0,0,0,0,0,0,0,255,139,139,110,0,0,0,1,0,0,0,100,100,100,100,0,0,100,-1,0,100,100,0,1,1,-1,3,0,200,0,0,0,0,110,0,110,0,0,0,0,130,0,[0|0|0|0]
6701732,Rellana's Twin Blades - Attack,0.5,0.1,0,0,0.6,0.08,6904,-1,-1,1665,1667,110,120,-1,-1,100,110,-1,-1,0,135,135,0,135,170,200,100,100,0,101,0,0,0,0,0,0,0,0,0,0,20,0,0,0,0,2,0,0,0,0,0,0,1,0,0,2,10,0,255,0,255,0,0,0,0,0,0,0,0,0,0,0,0,1,0,0,0,0,0,0,0,0,0,0,-1,-1,2100,2010,-1,-1,-1,-1,-1,-1,-1,-1,-1,-1,-1,-1,-1,-1,-1,-1,-1,-1,-1,-1,-1,-1,-1,-1,-1,-1,-1,-1,0,0,0,0,0,0,0,0,0,0,0,0,-1,-1,-1,-1,-1,-1,-1,-1,-1,-1,-1,-1,-1,-1,-1,-1,-1,-1,-1,-1,-1,-1,-1,-1,0,0,0,0,0,0,0,0,0,0,0,0,0,0,0,0,0,0,0,0,0,0,0,0,255,139,139,135,0,0,0,1,0,0,0,100,100,100,100,0,0,100,-1,0,100,130,0,1,1,-1,3,0,200,0,0,0,0,135,0,135,0,0,0,0,130,0,[0|0|0|0]
6701733,Rellana's Twin Blades - Attack,0.5,0.1,0,0,0.6,0.08,6904,-1,-1,1665,1667,110,120,-1,-1,100,110,-1,-1,0,135,135,0,135,170,200,100,100,0,101,0,0,0,0,0,0,0,0,0,0,20,0,0,0,0,2,0,0,0,0,0,0,1,2,0,2,10,0,255,0,255,0,0,0,0,0,0,0,0,0,0,0,0,1,0,0,0,0,0,0,0,0,0,0,-1,-1,2100,2010,-1,-1,-1,-1,-1,-1,-1,-1,-1,-1,-1,-1,-1,-1,-1,-1,-1,-1,-1,-1,-1,-1,-1,-1,-1,-1,-1,-1,0,0,0,0,0,0,0,0,0,0,0,0,-1,-1,-1,-1,-1,-1,-1,-1,-1,-1,-1,-1,-1,-1,-1,-1,-1,-1,-1,-1,-1,-1,-1,-1,0,0,0,0,0,0,0,0,0,0,0,0,0,0,0,0,0,0,0,0,0,0,0,0,255,139,139,135,0,0,0,1,0,0,0,100,100,100,100,0,0,100,-1,0,100,130,0,1,1,-1,3,0,200,0,0,0,0,135,0,135,0,0,0,0,130,0,[0|0|0|0]
6701735,Rellana's Twin Blades - Attack,0.5,0.1,0,0,0.8,0.08,6906,-1,-1,1665,1667,110,120,-1,-1,100,110,-1,-1,0,170,170,0,170,240,400,100,100,100,101,0,0,0,0,0,0,0,0,0,0,20,0,0,0,0,2,0,0,0,0,0,0,2,0,0,2,10,0,255,0,255,0,0,0,0,0,0,0,0,0,0,0,0,1,0,0,0,0,0,0,0,0,0,0,-1,-1,2100,2010,-1,-1,-1,-1,-1,-1,-1,-1,-1,-1,-1,-1,-1,-1,-1,-1,-1,-1,-1,-1,-1,-1,-1,-1,-1,-1,-1,-1,0,0,0,0,0,0,0,0,0,0,0,0,-1,-1,-1,-1,-1,-1,-1,-1,-1,-1,-1,-1,-1,-1,-1,-1,-1,-1,-1,-1,-1,-1,-1,-1,0,0,0,0,0,0,0,0,0,0,0,0,0,0,0,0,0,0,0,0,0,0,0,0,255,139,139,170,0,0,0,1,0,0,0,100,100,100,100,0,0,100,-1,0,100,180,0,1,1,-1,3,0,600,0,0,0,0,170,0,170,0,0,0,0,130,0,[0|0|0|0]
6701738,Rellana's Twin Blades - Attack,0.5,0.1,0,0,0.8,0.08,6906,-1,-1,1665,1667,110,120,-1,-1,100,110,-1,-1,0,170,170,0,170,240,400,100,100,100,101,0,0,0,0,0,0,0,0,0,0,20,0,0,0,0,2,0,0,0,0,0,0,2,2,0,2,10,0,255,0,255,0,0,0,0,0,0,0,0,0,0,0,0,1,0,0,0,0,0,0,0,0,0,0,-1,-1,2100,2010,-1,-1,-1,-1,-1,-1,-1,-1,-1,-1,-1,-1,-1,-1,-1,-1,-1,-1,-1,-1,-1,-1,-1,-1,-1,-1,-1,-1,0,0,0,0,0,0,0,0,0,0,0,0,-1,-1,-1,-1,-1,-1,-1,-1,-1,-1,-1,-1,-1,-1,-1,-1,-1,-1,-1,-1,-1,-1,-1,-1,0,0,0,0,0,0,0,0,0,0,0,0,0,0,0,0,0,0,0,0,0,0,0,0,255,139,139,170,0,0,0,1,0,0,0,100,100,100,100,0,0,100,-1,0,100,180,0,1,1,-1,3,0,600,0,0,0,0,170,0,170,0,0,0,0,130,0,[0|0|0|0]
6701800,Rellana's Twin Blades - Attack,0.4,0.1,0,0,1,0.04,6903,-1,-1,1665,-1,110,120,-1,-1,100,110,-1,-1,0,92,92,0,92,90,100,100,100,0,0,0,0,0,0,0,0,0,0,0,0,20,0,0,0,0,2,0,0,0,0,0,0,1,0,0,2,255,0,255,0,255,0,0,0,0,0,0,0,0,0,0,0,0,1,0,0,0,0,0,0,0,9,0,0,-1,-1,2100,2010,-1,-1,-1,-1,-1,-1,-1,-1,-1,-1,-1,-1,-1,-1,-1,-1,-1,-1,-1,-1,-1,-1,-1,-1,-1,-1,-1,-1,0,0,0,0,0,0,0,0,0,0,0,0,-1,-1,-1,-1,-1,-1,-1,-1,-1,-1,-1,-1,-1,-1,-1,-1,-1,-1,-1,-1,-1,-1,-1,-1,0,0,0,0,0,0,0,0,0,0,0,0,0,0,0,0,0,0,0,0,0,0,0,0,255,139,139,92,0,0,0,0,0,0,0,65,90,100,100,0,0,100,-1,0,100,100,0,1,1,-1,0,0,60,0,0,0,0,92,0,92,0,0,0,0,130,0,[0|0|0|0]
6701805,Rellana's Twin Blades - Attack,0.4,0.1,0,0,1.5,0.04,6903,-1,-1,-1,1667,21110,21120,-1,-1,21100,21110,-1,-1,0,92,0,92,92,90,100,100,100,0,0,0,0,0,0,0,0,0,0,0,0,20,0,0,0,0,2,0,0,0,0,0,0,1,0,0,2,11,0,255,0,255,0,0,0,0,0,0,0,0,0,0,0,0,1,0,0,0,0,0,0,0,0,0,0,-1,-1,2100,2010,-1,-1,-1,-1,-1,-1,-1,-1,-1,-1,-1,-1,-1,-1,-1,-1,-1,-1,-1,-1,-1,-1,-1,-1,-1,-1,-1,-1,0,0,0,0,0,0,0,0,0,0,0,0,-1,-1,-1,-1,-1,-1,-1,-1,-1,-1,-1,-1,-1,-1,-1,-1,-1,-1,-1,-1,-1,-1,-1,-1,0,0,0,0,0,0,0,0,0,0,0,0,0,0,0,0,0,0,0,0,0,0,0,0,255,139,139,92,0,0,0,0,0,0,0,65,90,100,100,0,0,100,-1,0,100,100,0,1,1,-1,0,0,60,0,0,0,0,92,0,92,0,0,0,0,130,0,[0|0|0|0]
6701810,Rellana's Twin Blades - Attack,0.4,0.1,0,0,1.5,0.04,6903,-1,-1,1665,-1,110,120,-1,-1,100,110,-1,-1,0,94,94,0,94,90,100,100,100,0,0,0,0,0,0,0,0,0,0,0,0,20,0,0,0,0,2,0,0,0,0,0,0,1,0,0,3,255,0,255,0,255,0,0,0,0,0,0,0,0,0,0,0,1,1,0,0,0,0,0,0,0,9,0,0,-1,-1,2100,2010,-1,-1,-1,-1,-1,-1,-1,-1,-1,-1,-1,-1,-1,-1,-1,-1,-1,-1,-1,-1,-1,-1,-1,-1,-1,-1,-1,-1,0,0,0,0,0,0,0,0,0,0,0,0,-1,-1,-1,-1,-1,-1,-1,-1,-1,-1,-1,-1,-1,-1,-1,-1,-1,-1,-1,-1,-1,-1,-1,-1,0,0,0,0,0,0,0,0,0,0,0,0,0,0,0,0,0,0,0,0,0,0,0,0,255,139,139,94,0,0,0,0,0,0,0,65,90,100,100,0,0,100,-1,0,100,100,0,1,1,-1,0,0,60,0,0,0,0,94,0,94,0,0,0,0,130,0,[0|0|0|0]
6701813,Rellana's Twin Blades - Attack,0.4,0.1,0,0,1.5,0.04,6903,-1,-1,1665,-1,110,120,-1,-1,100,110,-1,-1,0,94,94,0,94,90,100,100,100,0,0,0,0,0,0,0,0,0,0,0,0,20,0,0,0,0,2,0,0,0,0,0,0,1,2,0,3,255,0,255,0,255,0,0,0,0,0,0,0,0,0,0,0,1,1,0,0,0,0,0,0,0,9,0,0,-1,-1,2100,2010,-1,-1,-1,-1,-1,-1,-1,-1,-1,-1,-1,-1,-1,-1,-1,-1,-1,-1,-1,-1,-1,-1,-1,-1,-1,-1,-1,-1,0,0,0,0,0,0,0,0,0,0,0,0,-1,-1,-1,-1,-1,-1,-1,-1,-1,-1,-1,-1,-1,-1,-1,-1,-1,-1,-1,-1,-1,-1,-1,-1,0,0,0,0,0,0,0,0,0,0,0,0,0,0,0,0,0,0,0,0,0,0,0,0,255,139,139,94,0,0,0,0,0,0,0,65,90,100,100,0,0,100,-1,0,100,100,0,1,1,-1,0,0,60,0,0,0,0,94,0,94,0,0,0,0,130,0,[0|0|0|0]
6701815,Rellana's Twin Blades - Attack,0.4,0.1,0,0,1.5,0.04,6903,-1,-1,-1,1667,21110,21120,-1,-1,21100,21110,-1,-1,0,94,0,94,94,90,100,100,100,0,0,0,0,0,0,0,0,0,0,0,0,20,0,0,0,0,2,0,0,0,0,0,0,1,0,0,3,11,0,255,0,255,0,0,0,0,0,0,0,0,0,0,0,1,1,0,0,0,0,0,0,0,0,0,0,-1,-1,2100,2010,-1,-1,-1,-1,-1,-1,-1,-1,-1,-1,-1,-1,-1,-1,-1,-1,-1,-1,-1,-1,-1,-1,-1,-1,-1,-1,-1,-1,0,0,0,0,0,0,0,0,0,0,0,0,-1,-1,-1,-1,-1,-1,-1,-1,-1,-1,-1,-1,-1,-1,-1,-1,-1,-1,-1,-1,-1,-1,-1,-1,0,0,0,0,0,0,0,0,0,0,0,0,0,0,0,0,0,0,0,0,0,0,0,0,255,139,139,94,0,0,0,0,0,0,0,65,90,100,100,0,0,100,-1,0,100,100,0,1,1,-1,0,0,60,0,0,0,0,94,0,94,0,0,0,0,130,0,[0|0|0|0]
6701819,Rellana's Twin Blades - Attack,0.4,0.1,0,0,1.5,0.04,6903,-1,-1,-1,1667,21110,21120,-1,-1,21100,21110,-1,-1,0,94,0,94,94,90,100,100,100,0,0,0,0,0,0,0,0,0,0,0,0,20,0,0,0,0,2,0,0,0,0,0,0,1,2,0,3,11,0,255,0,255,0,0,0,0,0,0,0,0,0,0,0,1,1,0,0,0,0,0,0,0,0,0,0,-1,-1,2100,2010,-1,-1,-1,-1,-1,-1,-1,-1,-1,-1,-1,-1,-1,-1,-1,-1,-1,-1,-1,-1,-1,-1,-1,-1,-1,-1,-1,-1,0,0,0,0,0,0,0,0,0,0,0,0,-1,-1,-1,-1,-1,-1,-1,-1,-1,-1,-1,-1,-1,-1,-1,-1,-1,-1,-1,-1,-1,-1,-1,-1,0,0,0,0,0,0,0,0,0,0,0,0,0,0,0,0,0,0,0,0,0,0,0,0,255,139,139,94,0,0,0,0,0,0,0,65,90,100,100,0,0,100,-1,0,100,100,0,1,1,-1,0,0,60,0,0,0,0,94,0,94,0,0,0,0,130,0,[0|0|0|0]
6701820,Rellana's Twin Blades - Attack,0.4,0.1,0,0,0.5,0.04,6903,-1,-1,1665,-1,110,120,-1,-1,100,110,-1,-1,0,75,75,0,75,60,100,100,100,0,0,0,0,0,0,0,0,0,0,0,0,20,0,0,0,0,2,0,0,0,0,0,0,1,0,0,3,255,2,255,0,255,0,0,0,0,0,0,0,0,0,0,0,3,1,0,0,0,0,0,0,0,9,0,0,-1,-1,2100,2010,-1,-1,-1,-1,-1,-1,-1,-1,-1,-1,-1,-1,-1,-1,-1,-1,-1,-1,-1,-1,-1,-1,-1,-1,-1,-1,-1,-1,0,0,0,0,0,0,0,0,0,0,0,0,-1,-1,-1,-1,-1,-1,-1,-1,-1,-1,-1,-1,-1,-1,-1,-1,-1,-1,-1,-1,-1,-1,-1,-1,0,0,0,0,0,0,0,0,0,0,0,0,0,0,0,0,0,0,0,0,0,0,0,0,255,139,139,75,0,0,0,0,0,0,0,65,90,100,100,0,0,100,-1,0,100,105,0,1,1,-1,0,0,40,0,0,0,0,75,0,75,0,0,0,0,130,0,[0|0|0|0]
6701823,Rellana's Twin Blades - Attack,0.4,0.1,0,0,0.5,0.04,6903,-1,-1,1665,-1,110,120,-1,-1,100,110,-1,-1,0,75,75,0,75,60,100,100,100,0,0,0,0,0,0,0,0,0,0,0,0,20,0,0,0,0,2,0,0,0,0,0,0,1,2,0,3,255,2,255,0,255,0,0,0,0,0,0,0,0,0,0,0,3,1,0,0,0,0,0,0,0,9,0,0,-1,-1,2100,2010,-1,-1,-1,-1,-1,-1,-1,-1,-1,-1,-1,-1,-1,-1,-1,-1,-1,-1,-1,-1,-1,-1,-1,-1,-1,-1,-1,-1,0,0,0,0,0,0,0,0,0,0,0,0,-1,-1,-1,-1,-1,-1,-1,-1,-1,-1,-1,-1,-1,-1,-1,-1,-1,-1,-1,-1,-1,-1,-1,-1,0,0,0,0,0,0,0,0,0,0,0,0,0,0,0,0,0,0,0,0,0,0,0,0,255,139,139,75,0,0,0,0,0,0,0,65,90,100,100,0,0,100,-1,0,100,105,0,1,1,-1,0,0,40,0,0,0,0,75,0,75,0,0,0,0,130,0,[0|0|0|0]
6701825,Rellana's Twin Blades - Attack,0.4,0.1,0,0,0.5,0.04,6903,-1,-1,-1,1667,21110,21120,-1,-1,21100,21110,-1,-1,0,75,0,75,75,60,100,100,100,0,0,0,0,0,0,0,0,0,0,0,0,20,0,0,0,0,2,0,0,0,0,0,0,1,0,0,3,11,2,255,0,255,0,0,0,0,0,0,0,0,0,0,0,2,1,0,0,0,0,0,0,0,0,0,0,-1,-1,2100,2010,-1,-1,-1,-1,-1,-1,-1,-1,-1,-1,-1,-1,-1,-1,-1,-1,-1,-1,-1,-1,-1,-1,-1,-1,-1,-1,-1,-1,0,0,0,0,0,0,0,0,0,0,0,0,-1,-1,-1,-1,-1,-1,-1,-1,-1,-1,-1,-1,-1,-1,-1,-1,-1,-1,-1,-1,-1,-1,-1,-1,0,0,0,0,0,0,0,0,0,0,0,0,0,0,0,0,0,0,0,0,0,0,0,0,255,139,139,75,0,0,0,0,0,0,0,65,90,100,100,0,0,100,-1,0,100,105,0,1,1,-1,0,0,40,0,0,0,0,75,0,75,0,0,0,0,130,0,[0|0|0|0]
6701826,Rellana's Twin Blades - Attack,0.4,0.1,0,0,1.3,0.04,6903,-1,-1,-1,1667,21110,21120,-1,-1,21100,21110,-1,-1,0,85,0,85,85,60,100,100,100,0,0,0,0,0,0,0,0,0,0,0,0,20,0,0,0,0,2,0,0,0,0,0,0,1,0,0,3,11,2,255,0,255,0,0,0,0,0,0,0,0,0,0,0,3,1,0,0,0,0,0,0,0,0,0,0,-1,-1,2100,2010,-1,-1,-1,-1,-1,-1,-1,-1,-1,-1,-1,-1,-1,-1,-1,-1,-1,-1,-1,-1,-1,-1,-1,-1,-1,-1,-1,-1,0,0,0,0,0,0,0,0,0,0,0,0,-1,-1,-1,-1,-1,-1,-1,-1,-1,-1,-1,-1,-1,-1,-1,-1,-1,-1,-1,-1,-1,-1,-1,-1,0,0,0,0,0,0,0,0,0,0,0,0,0,0,0,0,0,0,0,0,0,0,0,0,255,139,139,85,0,0,0,0,0,0,0,65,90,100,100,0,0,100,-1,0,100,105,0,1,1,-1,0,0,40,0,0,0,0,85,0,85,0,0,0,0,130,0,[0|0|0|0]
6701829,Rellana's Twin Blades - Attack,0.4,0.1,0,0,0.5,0.04,6903,-1,-1,-1,1667,21110,21120,-1,-1,21100,21110,-1,-1,0,75,0,75,75,60,100,100,100,0,0,0,0,0,0,0,0,0,0,0,0,20,0,0,0,0,2,0,0,0,0,0,0,1,2,0,3,255,2,255,0,255,0,0,0,0,0,0,0,0,0,0,0,3,1,0,0,0,0,0,0,0,0,0,0,-1,-1,2100,2010,-1,-1,-1,-1,-1,-1,-1,-1,-1,-1,-1,-1,-1,-1,-1,-1,-1,-1,-1,-1,-1,-1,-1,-1,-1,-1,-1,-1,0,0,0,0,0,0,0,0,0,0,0,0,-1,-1,-1,-1,-1,-1,-1,-1,-1,-1,-1,-1,-1,-1,-1,-1,-1,-1,-1,-1,-1,-1,-1,-1,0,0,0,0,0,0,0,0,0,0,0,0,0,0,0,0,0,0,0,0,0,0,0,0,255,139,139,75,0,0,0,0,0,0,0,65,90,100,100,0,0,100,-1,0,100,105,0,1,1,-1,0,0,40,0,0,0,0,75,0,75,0,0,0,0,130,0,[0|0|0|0]
6701830,Rellana's Twin Blades - Attack,0.4,0.1,0,0,1,0.04,6903,-1,-1,1665,-1,110,120,-1,-1,100,110,-1,-1,0,40,40,0,40,45,100,100,100,104,0,0,0,0,0,0,0,0,0,0,0,20,0,0,0,0,2,0,0,0,0,0,0,1,0,0,3,255,0,255,0,255,0,0,0,0,0,0,0,0,0,0,0,4,1,0,0,0,0,0,0,0,9,0,0,-1,-1,2100,2010,-1,-1,-1,-1,-1,-1,-1,-1,-1,-1,-1,-1,-1,-1,-1,-1,-1,-1,-1,-1,-1,-1,-1,-1,-1,-1,-1,-1,0,0,0,0,0,0,0,0,0,0,0,0,-1,-1,-1,-1,-1,-1,-1,-1,-1,-1,-1,-1,-1,-1,-1,-1,-1,-1,-1,-1,-1,-1,-1,-1,0,0,0,0,0,0,0,0,0,0,0,0,0,0,0,0,0,0,0,0,0,0,0,0,255,139,139,40,0,0,0,0,0,0,0,65,90,100,100,0,0,100,-1,0,100,105,0,1,1,-1,0,0,60,0,0,0,0,40,0,40,0,0,0,0,130,0,[0|0|0|0]
6701831,Rellana's Twin Blades - Attack,0.4,0.1,0,0,1.4,0.04,6903,-1,-1,1665,-1,110,120,-1,-1,100,110,-1,-1,0,60,60,0,60,45,100,100,100,104,0,0,0,0,0,0,0,0,0,0,0,20,0,0,0,0,2,0,0,0,0,0,0,1,0,0,3,255,0,255,0,255,0,0,0,0,0,0,0,0,0,0,0,3,1,0,0,0,0,0,0,0,9,0,0,-1,-1,2100,2010,-1,-1,-1,-1,-1,-1,-1,-1,-1,-1,-1,-1,-1,-1,-1,-1,-1,-1,-1,-1,-1,-1,-1,-1,-1,-1,-1,-1,0,0,0,0,0,0,0,0,0,0,0,0,-1,-1,-1,-1,-1,-1,-1,-1,-1,-1,-1,-1,-1,-1,-1,-1,-1,-1,-1,-1,-1,-1,-1,-1,0,0,0,0,0,0,0,0,0,0,0,0,0,0,0,0,0,0,0,0,0,0,0,0,255,139,139,60,0,0,0,0,0,0,0,65,90,100,100,0,0,100,-1,0,100,105,0,1,1,-1,0,0,60,0,0,0,0,60,0,60,0,0,0,0,130,0,[0|0|0|0]
6701833,Rellana's Twin Blades - Attack,0.4,0.1,0,0,1.2,0.04,6903,-1,-1,1665,-1,110,120,-1,-1,100,110,-1,-1,0,40,40,0,40,45,100,100,100,104,0,0,0,0,0,0,0,0,0,0,0,20,0,0,0,0,2,0,0,0,0,0,0,1,2,0,3,255,0,255,0,255,0,0,0,0,0,0,0,0,0,0,0,4,1,0,0,0,0,0,0,0,9,0,0,-1,-1,2100,2010,-1,-1,-1,-1,-1,-1,-1,-1,-1,-1,-1,-1,-1,-1,-1,-1,-1,-1,-1,-1,-1,-1,-1,-1,-1,-1,-1,-1,0,0,0,0,0,0,0,0,0,0,0,0,-1,-1,-1,-1,-1,-1,-1,-1,-1,-1,-1,-1,-1,-1,-1,-1,-1,-1,-1,-1,-1,-1,-1,-1,0,0,0,0,0,0,0,0,0,0,0,0,0,0,0,0,0,0,0,0,0,0,0,0,255,139,139,40,0,0,0,0,0,0,0,65,90,100,100,0,0,100,-1,0,100,105,0,1,1,-1,0,0,60,0,0,0,0,40,0,40,0,0,0,0,130,0,[0|0|0|0]
6701834,Rellana's Twin Blades - Attack,0.4,0.1,0,0,1.4,0.04,6903,-1,-1,1665,-1,110,120,-1,-1,100,110,-1,-1,0,60,60,0,60,45,100,100,100,104,0,0,0,0,0,0,0,0,0,0,0,20,0,0,0,0,2,0,0,0,0,0,0,1,2,0,3,255,0,255,0,255,0,0,0,0,0,0,0,0,0,0,0,3,1,0,0,0,0,0,0,0,9,0,0,-1,-1,2100,2010,-1,-1,-1,-1,-1,-1,-1,-1,-1,-1,-1,-1,-1,-1,-1,-1,-1,-1,-1,-1,-1,-1,-1,-1,-1,-1,-1,-1,0,0,0,0,0,0,0,0,0,0,0,0,-1,-1,-1,-1,-1,-1,-1,-1,-1,-1,-1,-1,-1,-1,-1,-1,-1,-1,-1,-1,-1,-1,-1,-1,0,0,0,0,0,0,0,0,0,0,0,0,0,0,0,0,0,0,0,0,0,0,0,0,255,139,139,60,0,0,0,0,0,0,0,65,90,100,100,0,0,100,-1,0,100,105,0,1,1,-1,0,0,60,0,0,0,0,60,0,60,0,0,0,0,130,0,[0|0|0|0]
6701835,Rellana's Twin Blades - Attack,0.4,0.1,0,0,1.4,0.04,6903,-1,-1,-1,1667,21110,21120,-1,-1,21100,21110,-1,-1,0,40,0,40,40,45,100,100,100,104,0,0,0,0,0,0,0,0,0,0,0,20,0,0,0,0,2,0,0,0,0,0,0,1,0,0,3,11,0,255,0,255,0,0,0,0,0,0,0,0,0,0,0,4,1,0,0,0,0,0,0,0,0,0,0,-1,-1,2100,2010,-1,-1,-1,-1,-1,-1,-1,-1,-1,-1,-1,-1,-1,-1,-1,-1,-1,-1,-1,-1,-1,-1,-1,-1,-1,-1,-1,-1,0,0,0,0,0,0,0,0,0,0,0,0,-1,-1,-1,-1,-1,-1,-1,-1,-1,-1,-1,-1,-1,-1,-1,-1,-1,-1,-1,-1,-1,-1,-1,-1,0,0,0,0,0,0,0,0,0,0,0,0,0,0,0,0,0,0,0,0,0,0,0,0,255,139,139,40,0,0,0,0,0,0,0,65,90,100,100,0,0,100,-1,0,100,105,0,1,1,-1,0,0,60,0,0,0,0,40,0,40,0,0,0,0,130,0,[0|0|0|0]
6701836,Rellana's Twin Blades - Attack,0.4,0.1,0,0,1.4,0.04,6903,-1,-1,-1,1667,21110,21120,-1,-1,21100,21110,-1,-1,0,60,0,60,60,45,100,100,100,104,0,0,0,0,0,0,0,0,0,0,0,20,0,0,0,0,2,0,0,0,0,0,0,1,0,0,3,11,0,255,0,255,0,0,0,0,0,0,0,0,0,0,0,3,1,0,0,0,0,0,0,0,0,0,0,-1,-1,2100,2010,-1,-1,-1,-1,-1,-1,-1,-1,-1,-1,-1,-1,-1,-1,-1,-1,-1,-1,-1,-1,-1,-1,-1,-1,-1,-1,-1,-1,0,0,0,0,0,0,0,0,0,0,0,0,-1,-1,-1,-1,-1,-1,-1,-1,-1,-1,-1,-1,-1,-1,-1,-1,-1,-1,-1,-1,-1,-1,-1,-1,0,0,0,0,0,0,0,0,0,0,0,0,0,0,0,0,0,0,0,0,0,0,0,0,255,139,139,60,0,0,0,0,0,0,0,65,90,100,100,0,0,100,-1,0,100,105,0,1,1,-1,0,0,60,0,0,0,0,60,0,60,0,0,0,0,130,0,[0|0|0|0]
6701838,Rellana's Twin Blades - Attack,0.4,0.1,0,0,1.4,0.04,6903,-1,-1,-1,1667,21110,21120,-1,-1,21100,21110,-1,-1,0,40,0,40,40,45,100,100,100,104,0,0,0,0,0,0,0,0,0,0,0,20,0,0,0,0,2,0,0,0,0,0,0,1,2,0,3,11,0,255,0,255,0,0,0,0,0,0,0,0,0,0,0,4,1,0,0,0,0,0,0,0,0,0,0,-1,-1,2100,2010,-1,-1,-1,-1,-1,-1,-1,-1,-1,-1,-1,-1,-1,-1,-1,-1,-1,-1,-1,-1,-1,-1,-1,-1,-1,-1,-1,-1,0,0,0,0,0,0,0,0,0,0,0,0,-1,-1,-1,-1,-1,-1,-1,-1,-1,-1,-1,-1,-1,-1,-1,-1,-1,-1,-1,-1,-1,-1,-1,-1,0,0,0,0,0,0,0,0,0,0,0,0,0,0,0,0,0,0,0,0,0,0,0,0,255,139,139,40,0,0,0,0,0,0,0,65,90,100,100,0,0,100,-1,0,100,105,0,1,1,-1,0,0,60,0,0,0,0,40,0,40,0,0,0,0,130,0,[0|0|0|0]
6701839,Rellana's Twin Blades - Attack,0.4,0.1,0,0,1.4,0.04,6903,-1,-1,-1,1667,21110,21120,-1,-1,21100,21110,-1,-1,0,60,0,60,60,45,100,100,100,104,0,0,0,0,0,0,0,0,0,0,0,20,0,0,0,0,2,0,0,0,0,0,0,1,2,0,3,11,0,255,0,255,0,0,0,0,0,0,0,0,0,0,0,3,1,0,0,0,0,0,0,0,0,0,0,-1,-1,2100,2010,-1,-1,-1,-1,-1,-1,-1,-1,-1,-1,-1,-1,-1,-1,-1,-1,-1,-1,-1,-1,-1,-1,-1,-1,-1,-1,-1,-1,0,0,0,0,0,0,0,0,0,0,0,0,-1,-1,-1,-1,-1,-1,-1,-1,-1,-1,-1,-1,-1,-1,-1,-1,-1,-1,-1,-1,-1,-1,-1,-1,0,0,0,0,0,0,0,0,0,0,0,0,0,0,0,0,0,0,0,0,0,0,0,0,255,139,139,60,0,0,0,0,0,0,0,65,90,100,100,0,0,100,-1,0,100,105,0,1,1,-1,0,0,60,0,0,0,0,60,0,60,0,0,0,0,130,0,[0|0|0|0]
6701860,Rellana's Twin Blades - Attack,0.4,0.1,0,0,1.5,0.04,6903,-1,-1,1665,-1,110,120,-1,-1,100,110,-1,-1,0,100,100,0,100,105,120,100,100,122,0,0,0,0,0,0,0,0,0,0,0,20,0,0,0,0,2,0,0,0,0,0,0,1,0,0,2,255,0,255,0,255,0,0,0,0,0,0,0,0,0,0,0,0,1,0,0,0,0,0,0,0,9,0,0,-1,-1,2100,2010,-1,-1,-1,-1,-1,-1,-1,-1,-1,-1,-1,-1,-1,-1,-1,-1,-1,-1,-1,-1,-1,-1,-1,-1,-1,-1,-1,-1,0,0,0,0,0,0,0,0,0,0,0,0,-1,-1,-1,-1,-1,-1,-1,-1,-1,-1,-1,-1,-1,-1,-1,-1,-1,-1,-1,-1,-1,-1,-1,-1,0,0,0,0,0,0,0,0,0,0,0,0,0,0,0,0,0,0,0,0,0,0,0,0,255,139,139,100,0,0,0,0,0,0,0,65,90,100,100,0,0,100,-1,0,100,110,0,1,1,-1,0,0,60,0,0,0,0,100,0,100,0,0,0,0,130,0,[0|0|0|0]
6701865,Rellana's Twin Blades - Attack,0.4,0.1,0,0,1,0.04,6903,-1,-1,-1,1667,21110,21120,-1,-1,21100,21110,-1,-1,0,95,0,95,95,105,120,100,100,122,0,0,0,0,0,0,0,0,0,0,0,20,0,0,0,0,2,0,0,0,0,0,0,1,0,0,3,11,2,255,0,255,0,0,0,0,0,0,0,0,0,0,0,2,1,0,0,0,0,0,0,0,0,0,0,-1,-1,2100,2010,-1,-1,-1,-1,-1,-1,-1,-1,-1,-1,-1,-1,-1,-1,-1,-1,-1,-1,-1,-1,-1,-1,-1,-1,-1,-1,-1,-1,0,0,0,0,0,0,0,0,0,0,0,0,-1,-1,-1,-1,-1,-1,-1,-1,-1,-1,-1,-1,-1,-1,-1,-1,-1,-1,-1,-1,-1,-1,-1,-1,0,0,0,0,0,0,0,0,0,0,0,0,0,0,0,0,0,0,0,0,0,0,0,0,255,139,139,95,0,0,0,0,0,0,0,65,90,100,100,0,0,100,-1,0,100,110,0,1,1,-1,0,0,60,0,0,0,0,95,0,95,0,0,0,0,130,0,[0|0|0|0]
6701869,Rellana's Twin Blades - Attack,0.4,0.1,0,0,1,0.04,6903,-1,-1,-1,1667,21110,21120,-1,-1,21100,21110,-1,-1,0,95,0,95,95,105,120,100,100,122,0,0,0,0,0,0,0,0,0,0,0,20,0,0,0,0,2,0,0,0,0,0,0,1,2,0,3,11,2,255,0,255,0,0,0,0,0,0,0,0,0,0,0,2,1,0,0,0,0,0,0,0,0,0,0,-1,-1,2100,2010,-1,-1,-1,-1,-1,-1,-1,-1,-1,-1,-1,-1,-1,-1,-1,-1,-1,-1,-1,-1,-1,-1,-1,-1,-1,-1,-1,-1,0,0,0,0,0,0,0,0,0,0,0,0,-1,-1,-1,-1,-1,-1,-1,-1,-1,-1,-1,-1,-1,-1,-1,-1,-1,-1,-1,-1,-1,-1,-1,-1,0,0,0,0,0,0,0,0,0,0,0,0,0,0,0,0,0,0,0,0,0,0,0,0,255,139,139,95,0,0,0,0,0,0,0,65,90,100,100,0,0,100,-1,0,100,110,0,1,1,-1,0,0,60,0,0,0,0,95,0,95,0,0,0,0,130,0,[0|0|0|0]
6701870,Rellana's Twin Blades - Attack,0.4,0.1,0,0,0.1,0.04,6903,-1,-1,1665,-1,110,120,-1,-1,100,110,-1,-1,0,85,85,0,85,100,200,100,100,121,0,0,0,0,0,0,0,0,0,0,0,20,0,0,0,0,2,0,0,0,0,0,0,1,0,0,3,255,0,255,0,255,0,0,0,0,0,0,0,0,0,0,0,3,1,0,0,0,0,0,0,0,9,0,0,-1,-1,2100,2010,-1,-1,-1,-1,-1,-1,-1,-1,-1,-1,-1,-1,-1,-1,-1,-1,-1,-1,-1,-1,-1,-1,-1,-1,-1,-1,-1,-1,0,0,0,0,0,0,0,0,0,0,0,0,-1,-1,-1,-1,-1,-1,-1,-1,-1,-1,-1,-1,-1,-1,-1,-1,-1,-1,-1,-1,-1,-1,-1,-1,0,0,0,0,0,0,0,0,0,0,0,0,0,0,0,0,0,0,0,0,0,0,0,0,255,139,139,85,0,0,0,0,0,0,0,65,90,100,100,0,0,100,-1,0,100,90,0,1,1,-1,0,0,60,0,0,0,0,85,0,85,0,0,0,0,130,0,[0|0|0|0]
6701873,Rellana's Twin Blades - Attack,0.4,0.1,0,0,0.1,0.04,6903,-1,-1,1665,-1,110,120,-1,-1,100,110,-1,-1,0,85,85,0,85,100,200,100,100,121,0,0,0,0,0,0,0,0,0,0,0,20,0,0,0,0,2,0,0,0,0,0,0,1,2,0,3,255,0,255,0,255,0,0,0,0,0,0,0,0,0,0,0,3,1,0,0,0,0,0,0,0,9,0,0,-1,-1,2100,2010,-1,-1,-1,-1,-1,-1,-1,-1,-1,-1,-1,-1,-1,-1,-1,-1,-1,-1,-1,-1,-1,-1,-1,-1,-1,-1,-1,-1,0,0,0,0,0,0,0,0,0,0,0,0,-1,-1,-1,-1,-1,-1,-1,-1,-1,-1,-1,-1,-1,-1,-1,-1,-1,-1,-1,-1,-1,-1,-1,-1,0,0,0,0,0,0,0,0,0,0,0,0,0,0,0,0,0,0,0,0,0,0,0,0,255,139,139,85,0,0,0,0,0,0,0,65,90,100,100,0,0,100,-1,0,100,90,0,1,1,-1,0,0,60,0,0,0,0,85,0,85,0,0,0,0,130,0,[0|0|0|0]
6701875,Rellana's Twin Blades - Attack,0.4,0.1,0,0,1,0.04,6903,-1,-1,-1,1667,21110,21120,-1,-1,21100,21110,-1,-1,0,85,0,85,85,100,200,100,100,121,0,0,0,0,0,0,0,0,0,0,0,20,0,0,0,0,2,0,0,0,0,0,0,1,0,0,3,255,0,255,0,255,0,0,0,0,0,0,0,0,0,0,0,3,1,0,0,0,0,0,0,0,0,0,0,-1,-1,2100,2010,-1,-1,-1,-1,-1,-1,-1,-1,-1,-1,-1,-1,-1,-1,-1,-1,-1,-1,-1,-1,-1,-1,-1,-1,-1,-1,-1,-1,0,0,0,0,0,0,0,0,0,0,0,0,-1,-1,-1,-1,-1,-1,-1,-1,-1,-1,-1,-1,-1,-1,-1,-1,-1,-1,-1,-1,-1,-1,-1,-1,0,0,0,0,0,0,0,0,0,0,0,0,0,0,0,0,0,0,0,0,0,0,0,0,255,139,139,85,0,0,0,0,0,0,0,65,90,100,100,0,0,100,-1,0,100,90,0,1,1,-1,0,0,60,0,0,0,0,85,0,85,0,0,0,0,130,0,[0|0|0|0]
6701880,Rellana's Twin Blades - Attack,0.4,0.1,0,0,1.5,0.04,6903,-1,-1,1665,-1,110,120,-1,-1,100,110,-1,-1,0,85,85,0,85,100,200,100,100,121,0,0,0,0,0,0,0,0,0,0,0,20,0,0,0,0,2,0,0,0,0,0,0,1,0,0,3,255,2,255,0,255,0,0,0,0,0,0,0,0,0,0,0,1,1,0,0,0,0,0,0,0,9,0,0,-1,-1,2100,2010,-1,-1,-1,-1,-1,-1,-1,-1,-1,-1,-1,-1,-1,-1,-1,-1,-1,-1,-1,-1,-1,-1,-1,-1,-1,-1,-1,-1,0,0,0,0,0,0,0,0,0,0,0,0,-1,-1,-1,-1,-1,-1,-1,-1,-1,-1,-1,-1,-1,-1,-1,-1,-1,-1,-1,-1,-1,-1,-1,-1,0,0,0,0,0,0,0,0,0,0,0,0,0,0,0,0,0,0,0,0,0,0,0,0,255,139,139,85,0,0,0,0,0,0,0,65,90,100,100,0,0,100,-1,0,100,90,0,1,1,-1,0,0,60,0,0,0,0,85,0,85,0,0,0,0,130,0,[0|0|0|0]
6701883,Rellana's Twin Blades - Attack,0.4,0.1,0,0,1.5,0.04,6903,-1,-1,1665,-1,110,120,-1,-1,100,110,-1,-1,0,85,85,0,85,100,200,100,100,121,0,0,0,0,0,0,0,0,0,0,0,20,0,0,0,0,2,0,0,0,0,0,0,1,2,0,3,255,2,255,0,255,0,0,0,0,0,0,0,0,0,0,0,1,1,0,0,0,0,0,0,0,9,0,0,-1,-1,2100,2010,-1,-1,-1,-1,-1,-1,-1,-1,-1,-1,-1,-1,-1,-1,-1,-1,-1,-1,-1,-1,-1,-1,-1,-1,-1,-1,-1,-1,0,0,0,0,0,0,0,0,0,0,0,0,-1,-1,-1,-1,-1,-1,-1,-1,-1,-1,-1,-1,-1,-1,-1,-1,-1,-1,-1,-1,-1,-1,-1,-1,0,0,0,0,0,0,0,0,0,0,0,0,0,0,0,0,0,0,0,0,0,0,0,0,255,139,139,85,0,0,0,0,0,0,0,65,90,100,100,0,0,100,-1,0,100,90,0,1,1,-1,0,0,60,0,0,0,0,85,0,85,0,0,0,0,130,0,[0|0|0|0]
6701885,Rellana's Twin Blades - Attack,0.4,0.1,0,0,1.5,0.04,6903,-1,-1,-1,1667,21110,21120,-1,-1,21100,21110,-1,-1,0,85,0,85,85,100,200,100,100,121,0,0,0,0,0,0,0,0,0,0,0,20,0,0,0,0,2,0,0,0,0,0,0,1,0,0,3,11,2,255,0,255,0,0,0,0,0,0,0,0,0,0,0,1,1,0,0,0,0,0,0,0,0,0,0,-1,-1,2100,2010,-1,-1,-1,-1,-1,-1,-1,-1,-1,-1,-1,-1,-1,-1,-1,-1,-1,-1,-1,-1,-1,-1,-1,-1,-1,-1,-1,-1,0,0,0,0,0,0,0,0,0,0,0,0,-1,-1,-1,-1,-1,-1,-1,-1,-1,-1,-1,-1,-1,-1,-1,-1,-1,-1,-1,-1,-1,-1,-1,-1,0,0,0,0,0,0,0,0,0,0,0,0,0,0,0,0,0,0,0,0,0,0,0,0,255,139,139,85,0,0,0,0,0,0,0,65,90,100,100,0,0,100,-1,0,100,90,0,1,1,-1,0,0,60,0,0,0,0,85,0,85,0,0,0,0,130,0,[0|0|0|0]
6701889,Rellana's Twin Blades - Attack,0.4,0.1,0,0,1.5,0.04,6903,-1,-1,-1,1667,21110,21120,-1,-1,21100,21110,-1,-1,0,85,0,85,85,100,200,100,100,121,0,0,0,0,0,0,0,0,0,0,0,20,0,0,0,0,2,0,0,0,0,0,0,1,2,0,3,11,2,255,0,255,0,0,0,0,0,0,0,0,0,0,0,1,1,0,0,0,0,0,0,0,0,0,0,-1,-1,2100,2010,-1,-1,-1,-1,-1,-1,-1,-1,-1,-1,-1,-1,-1,-1,-1,-1,-1,-1,-1,-1,-1,-1,-1,-1,-1,-1,-1,-1,0,0,0,0,0,0,0,0,0,0,0,0,-1,-1,-1,-1,-1,-1,-1,-1,-1,-1,-1,-1,-1,-1,-1,-1,-1,-1,-1,-1,-1,-1,-1,-1,0,0,0,0,0,0,0,0,0,0,0,0,0,0,0,0,0,0,0,0,0,0,0,0,255,139,139,85,0,0,0,0,0,0,0,65,90,100,100,0,0,100,-1,0,100,90,0,1,1,-1,0,0,60,0,0,0,0,85,0,85,0,0,0,0,130,0,[0|0|0|0]
6701890,Rellana's Twin Blades - Attack,0.4,0.1,0,0,0.5,0.04,6903,-1,-1,1665,-1,110,120,-1,-1,100,110,-1,-1,0,80,80,0,80,75,9900,100,100,102,0,0,0,0,0,0,0,0,0,0,0,20,0,0,0,0,2,0,0,0,0,0,0,1,0,0,3,255,0,255,0,255,0,0,0,0,0,0,0,0,0,0,1,2,1,0,0,0,0,0,0,0,9,0,0,-1,-1,2100,2010,-1,-1,-1,-1,-1,-1,-1,-1,-1,-1,-1,-1,-1,-1,-1,-1,-1,-1,-1,-1,-1,-1,-1,-1,-1,-1,-1,-1,0,0,0,0,0,0,0,0,0,0,0,0,-1,-1,-1,-1,-1,-1,-1,-1,-1,-1,-1,-1,-1,-1,-1,-1,-1,-1,-1,-1,-1,-1,-1,-1,0,0,0,0,0,0,0,0,0,0,0,0,0,0,0,0,0,0,0,0,0,0,0,0,255,139,139,80,0,0,0,0,0,0,0,65,90,100,100,0,0,100,-1,0,100,130,0,1,1,-1,0,0,100,0,0,0,0,80,0,80,0,0,0,0,130,0,[0|0|0|0]
6701891,Rellana's Twin Blades - Attack,0.4,0.1,0,0,0.5,0.04,6903,-1,-1,1665,-1,110,120,-1,-1,100,110,-1,-1,0,85,85,0,85,75,9900,100,100,102,0,0,0,0,0,0,0,0,0,0,0,20,0,0,0,0,2,0,0,0,0,0,0,1,0,0,3,255,0,255,0,255,0,0,0,0,0,0,0,0,0,0,1,3,1,0,0,0,0,0,0,0,9,0,0,-1,-1,2100,2010,-1,-1,-1,-1,-1,-1,-1,-1,-1,-1,-1,-1,-1,-1,-1,-1,-1,-1,-1,-1,-1,-1,-1,-1,-1,-1,-1,-1,0,0,0,0,0,0,0,0,0,0,0,0,-1,-1,-1,-1,-1,-1,-1,-1,-1,-1,-1,-1,-1,-1,-1,-1,-1,-1,-1,-1,-1,-1,-1,-1,0,0,0,0,0,0,0,0,0,0,0,0,0,0,0,0,0,0,0,0,0,0,0,0,255,139,139,85,0,0,0,0,0,0,0,65,90,100,100,0,0,100,-1,0,100,130,0,1,1,-1,0,0,100,0,0,0,0,85,0,85,0,0,0,0,130,0,[0|0|0|0]
6701893,Rellana's Twin Blades - Attack,0.4,0.1,0,0,0.5,0.04,6903,-1,-1,1665,-1,110,120,-1,-1,100,110,-1,-1,0,80,80,0,80,75,9900,100,100,102,0,0,0,0,0,0,0,0,0,0,0,20,0,0,0,0,2,0,0,0,0,0,0,1,2,0,3,255,0,255,0,255,0,0,0,0,0,0,0,0,0,0,1,2,1,0,0,0,0,0,0,0,9,0,0,-1,-1,2100,2010,-1,-1,-1,-1,-1,-1,-1,-1,-1,-1,-1,-1,-1,-1,-1,-1,-1,-1,-1,-1,-1,-1,-1,-1,-1,-1,-1,-1,0,0,0,0,0,0,0,0,0,0,0,0,-1,-1,-1,-1,-1,-1,-1,-1,-1,-1,-1,-1,-1,-1,-1,-1,-1,-1,-1,-1,-1,-1,-1,-1,0,0,0,0,0,0,0,0,0,0,0,0,0,0,0,0,0,0,0,0,0,0,0,0,255,139,139,80,0,0,0,0,0,0,0,65,90,100,100,0,0,100,-1,0,100,130,0,1,1,-1,0,0,100,0,0,0,0,80,0,80,0,0,0,0,130,0,[0|0|0|0]
6701894,Rellana's Twin Blades - Attack,0.4,0.1,0,0,0.5,0.04,6903,-1,-1,1665,-1,110,120,-1,-1,100,110,-1,-1,0,85,85,0,85,75,9900,100,100,102,0,0,0,0,0,0,0,0,0,0,0,20,0,0,0,0,2,0,0,0,0,0,0,1,2,0,3,255,0,255,0,255,0,0,0,0,0,0,0,0,0,0,1,3,1,0,0,0,0,0,0,0,9,0,0,-1,-1,2100,2010,-1,-1,-1,-1,-1,-1,-1,-1,-1,-1,-1,-1,-1,-1,-1,-1,-1,-1,-1,-1,-1,-1,-1,-1,-1,-1,-1,-1,0,0,0,0,0,0,0,0,0,0,0,0,-1,-1,-1,-1,-1,-1,-1,-1,-1,-1,-1,-1,-1,-1,-1,-1,-1,-1,-1,-1,-1,-1,-1,-1,0,0,0,0,0,0,0,0,0,0,0,0,0,0,0,0,0,0,0,0,0,0,0,0,255,139,139,85,0,0,0,0,0,0,0,65,90,100,100,0,0,100,-1,0,100,130,0,1,1,-1,0,0,100,0,0,0,0,85,0,85,0,0,0,0,130,0,[0|0|0|0]
6701895,Rellana's Twin Blades - Attack,0.4,0.1,0,0,0.7,0.04,6903,-1,-1,-1,1667,21110,21120,-1,-1,21100,21110,-1,-1,0,85,0,85,85,75,9900,100,100,102,0,0,0,0,0,0,0,0,0,0,0,20,0,0,0,0,2,0,0,0,0,0,0,1,0,0,3,11,0,255,0,255,0,0,0,0,0,0,0,0,0,0,1,3,1,0,0,0,0,0,0,0,0,0,0,-1,-1,2100,2010,-1,-1,-1,-1,-1,-1,-1,-1,-1,-1,-1,-1,-1,-1,-1,-1,-1,-1,-1,-1,-1,-1,-1,-1,-1,-1,-1,-1,0,0,0,0,0,0,0,0,0,0,0,0,-1,-1,-1,-1,-1,-1,-1,-1,-1,-1,-1,-1,-1,-1,-1,-1,-1,-1,-1,-1,-1,-1,-1,-1,0,0,0,0,0,0,0,0,0,0,0,0,0,0,0,0,0,0,0,0,0,0,0,0,255,139,139,85,0,0,0,0,0,0,0,65,90,100,100,0,0,100,-1,0,100,130,0,1,1,-1,0,0,100,0,0,0,0,85,0,85,0,0,0,0,130,0,[0|0|0|0]
10301103,Gael,0.3,0.3,0.3,0.3,0.7,0,-1,-1,-1,-1,-1,30,30,1,11,31,1,11,21,0,30,30,30,30,5,100,100,0,112,0,0,0,0,0,65,100,0,0,0,0,0,0,0,0,0,0,0,0,0,0,0,0,0,0,0,3,13,3,6,0,0,0,0,0,0,0,0,0,0,0,0,1,0,1,0,0,0,0,0,0,1,0,0,15,-1,-1,0,0,-1,-1,-1,-1,-1,-1,-1,-1,-1,-1,-1,-1,-1,-1,-1,-1,-1,-1,-1,-1,-1,-1,-1,-1,-1,-1,-1,-1,0,0,0,0,0,0,0,0,0,0,0,0,-1,-1,-1,-1,-1,-1,-1,-1,-1,-1,-1,-1,-1,-1,-1,-1,-1,-1,-1,-1,-1,-1,-1,-1,0,0,0,0,0,0,0,0,0,0,0,0,0,0,0,0,0,0,0,0,0,0,0,0,0,139,139,30,40,0,1,0,0,1,0,100,100,100,100,0,0,100,-1,-1,-1,100,0,1,1,-1,0,0,5,0,0,100,0,40,0,40,15,-1,0,0,130,1,[0|0|0|0]
10301104,Gael_1,0,0,0,0,0.7,0,-1,-1,-1,-1,-1,-1,-1,-1,-1,-1,-1,-1,-1,0,40,40,40,40,5,100,100,0,112,0,0,0,0,50,60,100,0,0,0,0,0,0,0,0,0,0,0,0,0,0,0,0,4,0,0,3,12,3,6,0,0,0,0,0,0,0,0,0,0,0,0,1,0,1,0,0,0,0,0,0,1,0,0,15,-1,-1,0,0,-1,-1,-1,-1,-1,-1,-1,-1,-1,-1,-1,-1,-1,-1,-1,-1,-1,-1,-1,-1,-1,-1,-1,-1,-1,-1,-1,-1,0,0,0,0,0,0,0,0,0,0,0,0,-1,-1,-1,-1,-1,-1,-1,-1,-1,-1,-1,-1,-1,-1,-1,-1,-1,-1,-1,-1,-1,-1,-1,-1,0,0,0,0,0,0,0,0,0,0,0,0,0,0,0,0,0,0,0,0,0,0,0,0,0,139,139,40,0,0,1,0,0,1,0,100,100,100,100,0,0,100,-1,-1,-1,100,0,1,1,-1,0,0,5,0,0,100,0,40,0,40,15,-1,0,0,130,1,[0|0|0|0]
210432000,Rellana's Twin Moons,0,0,0,0,0,0,-1,-1,-1,-1,-1,-1,-1,-1,-1,-1,-1,-1,-1,0,100,100,100,100,100,100,100,0,1,0,0,300,0,0,200,100,0,0,0,0,0,0,0,0,0,0,0,0,0,0,0,0,3,2,0,3,0,3,6,0,0,0,0,0,0,0,0,0,0,0,0,0,2,1,0,0,0,0,0,0,1,0,0,10,-1,-1,2120,2020,-1,-1,-1,-1,-1,-1,-1,-1,-1,-1,-1,-1,-1,-1,-1,-1,-1,-1,-1,-1,-1,-1,-1,-1,-1,-1,-1,-1,0,0,0,0,0,0,0,0,0,0,0,0,-1,-1,-1,-1,-1,-1,-1,-1,-1,-1,-1,-1,-1,-1,-1,-1,-1,-1,-1,-1,-1,-1,-1,-1,0,0,0,0,0,0,0,0,0,0,0,0,0,0,0,0,0,0,0,0,0,0,0,0,0,139,139,100,0,0,1,0,1,1,0,100,100,100,100,0,0,100,-1,-1,-1,100,0,1,1,-1,0,0,100,0,0,100,0,100,0,100,10,-1,0,0,0,1,[0|0|0|0]
210432001,Rellana's Twin Moons,0,0,0,0,0,0,-1,-1,-1,-1,-1,-1,-1,-1,-1,-1,-1,-1,-1,0,100,100,100,100,100,100,100,0,1,0,0,300,0,0,200,100,0,0,0,0,0,0,0,0,0,0,0,0,0,0,0,0,3,2,0,3,0,3,6,0,0,0,0,0,0,0,0,0,0,0,0,0,2,1,0,0,0,0,0,0,1,0,0,10,-1,-1,2130,2030,-1,-1,-1,-1,-1,-1,-1,-1,-1,-1,-1,-1,-1,-1,-1,-1,-1,-1,-1,-1,-1,-1,-1,-1,-1,-1,-1,-1,0,0,0,0,0,0,0,0,0,0,0,0,-1,-1,-1,-1,-1,-1,-1,-1,-1,-1,-1,-1,-1,-1,-1,-1,-1,-1,-1,-1,-1,-1,-1,-1,0,0,0,0,0,0,0,0,0,0,0,0,0,0,0,0,0,0,0,0,0,0,0,0,0,139,139,100,0,0,1,0,1,1,0,100,100,100,100,0,0,100,-1,-1,-1,100,0,1,1,-1,0,0,100,0,0,100,0,100,0,100,10,-1,0,0,0,1,[0|0|0|0]
210432002,Rellana's Twin Moons,7,0,0,0,1.47,0,-1,-1,-1,-1,-1,900,-1,-1,-1,-1,-1,-1,-1,0,100,100,100,100,100,100,100,0,1,0,0,400,0,0,200,100,0,0,0,0,0,0,0,0,0,0,0,0,0,0,0,0,9,2,0,3,0,3,6,0,0,1,0,0,0,0,0,0,0,0,0,0,0,1,0,0,0,0,0,0,1,0,0,10,-1,-1,2130,2030,-1,-1,-1,-1,-1,-1,-1,-1,-1,-1,-1,-1,-1,-1,-1,-1,-1,-1,-1,-1,-1,-1,-1,-1,-1,-1,-1,-1,0,0,0,0,0,0,0,0,0,0,0,0,-1,-1,-1,-1,-1,-1,-1,-1,-1,-1,-1,-1,-1,-1,-1,-1,-1,-1,-1,-1,-1,-1,-1,-1,0,0,0,0,0,0,0,0,0,0,0,0,0,0,0,0,0,0,0,0,0,0,0,0,0,139,139,100,0,0,1,0,1,1,0,100,100,100,100,0,0,100,-1,-1,-1,100,0,1,1,-1,0,0,100,0,0,100,0,100,0,100,10,-1,0,0,0,1,[0|0|0|0]
210471000,Gravitational Missile,0,0,0,0,0,0,-1,-1,-1,-1,-1,-1,-1,-1,-1,-1,-1,-1,-1,0,100,100,100,100,100,100,100,0,11,0,0,0,0,0,0,0,0,0,0,0,10,0,0,0,0,0,0,0,0,0,0,0,0,2,0,3,10,3,6,0,0,0,0,0,0,0,0,0,0,0,0,1,0,1,0,0,0,0,0,0,1,0,0,0,-1,-1,0,0,-1,-1,-1,-1,-1,-1,-1,-1,-1,-1,-1,-1,-1,-1,-1,-1,-1,-1,-1,-1,-1,-1,-1,-1,-1,-1,-1,-1,0,0,0,0,0,0,0,0,0,0,0,0,-1,-1,-1,-1,-1,-1,-1,-1,-1,-1,-1,-1,-1,-1,-1,-1,-1,-1,-1,-1,-1,-1,-1,-1,0,0,0,0,0,0,0,0,0,0,0,0,0,0,0,0,0,0,0,0,0,0,0,0,0,139,139,100,0,0,1,0,0,1,0,100,100,100,100,0,0,100,-1,-1,-1,100,0,1,1,-1,4,0,0,0,0,100,0,100,0,100,0,-1,0,0,0,1,[0|0|0|0]
210471001,Gravitational Missile,0,0,0,0,-1.75,0,-1,-1,-1,-1,-1,-1,0,-1,-1,-1,0,-1,-1,0,100,100,100,100,100,100,100,0,11,0,0,30,0,0,10,100,0,0,0,0,10,0,0,0,0,0,0,0,0,0,0,0,2,2,0,3,10,3,6,0,0,0,0,0,0,0,0,0,0,0,0,1,0,1,0,0,0,0,0,0,1,0,0,3,-1,-1,0,0,-1,-1,-1,-1,-1,-1,-1,-1,-1,-1,-1,-1,-1,-1,-1,-1,-1,-1,-1,-1,-1,-1,-1,-1,-1,-1,-1,-1,0,0,0,0,0,0,0,0,0,0,0,0,-1,-1,-1,-1,-1,-1,-1,-1,-1,-1,-1,-1,-1,-1,-1,-1,-1,-1,-1,-1,-1,-1,-1,-1,0,0,0,0,0,0,0,0,0,0,0,0,0,0,0,0,0,0,0,0,0,0,0,0,0,139,139,100,0,0,0,0,0,1,0,100,100,100,100,0,0,100,-1,-1,-1,100,0,1,1,-1,4,0,0,0,0,100,0,100,0,100,3,-1,0,0,0,1,[0|0|0|0]
210471002,Gravitational Missile,0,0,0,0,2,0,-1,-1,-1,-1,-1,-1,-1,-1,-1,-1,-1,-1,-1,0,100,100,100,100,100,100,100,0,11,0,0,279,0,0,125,100,0,0,0,0,10,0,0,0,0,0,0,0,0,0,0,0,4,2,0,3,10,3,6,0,0,0,0,0,0,0,0,0,0,0,0,1,0,1,0,0,0,0,0,0,1,0,0,10,-1,-1,0,0,-1,-1,-1,-1,-1,-1,-1,-1,-1,-1,-1,-1,-1,-1,-1,-1,-1,-1,-1,-1,-1,-1,-1,-1,-1,-1,-1,-1,0,0,0,0,0,0,0,0,0,0,0,0,-1,-1,-1,-1,-1,-1,-1,-1,-1,-1,-1,-1,-1,-1,-1,-1,-1,-1,-1,-1,-1,-1,-1,-1,0,0,0,0,0,0,0,0,0,0,0,0,0,0,0,0,0,0,0,0,0,0,0,0,0,139,139,100,0,0,1,0,0,1,0,100,100,100,100,0,0,100,-1,-1,-1,100,0,1,1,-1,4,0,0,0,0,100,0,100,0,100,10,-1,0,0,0,1,[0|0|0|0]
210471050,Gravitational Missile,0,0,0,0,0,0,-1,-1,-1,-1,-1,-1,-1,-1,-1,-1,-1,-1,-1,0,100,100,100,100,100,100,100,0,11,110,0,0,0,0,0,0,0,0,0,0,10,0,0,0,0,0,0,0,0,0,0,0,0,2,0,3,10,3,6,0,0,0,0,0,0,0,0,0,0,0,0,1,0,1,0,0,0,0,0,0,1,0,0,0,-1,-1,0,0,-1,-1,-1,-1,-1,-1,-1,-1,-1,-1,-1,-1,-1,-1,-1,-1,-1,-1,-1,-1,-1,-1,-1,-1,-1,-1,-1,-1,0,0,0,0,0,0,0,0,0,0,0,0,-1,-1,-1,-1,-1,-1,-1,-1,-1,-1,-1,-1,-1,-1,-1,-1,-1,-1,-1,-1,-1,-1,-1,-1,0,0,0,0,0,0,0,0,0,0,0,0,0,0,0,0,0,0,0,0,0,0,0,0,0,139,139,100,0,0,1,0,0,1,0,100,100,100,100,0,0,100,-1,-1,-1,100,0,1,1,-1,4,0,0,0,0,100,0,100,0,100,0,-1,0,0,0,1,[0|0|0|0]
210471051,Gravitational Missile,0,0,0,0,-1.75,0,-1,-1,-1,-1,-1,-1,0,-1,-1,-1,0,-1,-1,0,100,100,100,100,100,100,100,0,11,110,0,40,0,0,10,100,0,0,0,0,10,0,0,0,0,0,0,0,0,0,0,0,2,2,0,3,10,3,6,0,0,0,0,0,0,0,0,0,0,0,0,1,0,1,0,0,0,0,0,0,1,0,0,3,-1,-1,0,0,-1,-1,-1,-1,-1,-1,-1,-1,-1,-1,-1,-1,-1,-1,-1,-1,-1,-1,-1,-1,-1,-1,-1,-1,-1,-1,-1,-1,0,0,0,0,0,0,0,0,0,0,0,0,-1,-1,-1,-1,-1,-1,-1,-1,-1,-1,-1,-1,-1,-1,-1,-1,-1,-1,-1,-1,-1,-1,-1,-1,0,0,0,0,0,0,0,0,0,0,0,0,0,0,0,0,0,0,0,0,0,0,0,0,0,139,139,100,0,0,0,0,0,1,0,100,100,100,100,0,0,100,-1,-1,-1,100,0,1,1,-1,4,0,0,0,0,100,0,100,0,100,3,-1,0,0,0,1,[0|0|0|0]
210471052,Gravitational Missile,0,0,0,0,2,0,-1,-1,-1,-1,-1,-1,-1,-1,-1,-1,-1,-1,-1,0,100,100,100,100,100,100,100,0,11,110,0,338,0,0,175,100,0,0,0,0,10,0,0,0,0,0,0,0,0,0,0,0,4,2,0,3,10,3,6,0,0,0,0,0,0,0,0,0,0,0,0,1,0,1,0,0,0,0,0,0,1,0,0,10,-1,-1,0,0,-1,-1,-1,-1,-1,-1,-1,-1,-1,-1,-1,-1,-1,-1,-1,-1,-1,-1,-1,-1,-1,-1,-1,-1,-1,-1,-1,-1,0,0,0,0,0,0,0,0,0,0,0,0,-1,-1,-1,-1,-1,-1,-1,-1,-1,-1,-1,-1,-1,-1,-1,-1,-1,-1,-1,-1,-1,-1,-1,-1,0,0,0,0,0,0,0,0,0,0,0,0,0,0,0,0,0,0,0,0,0,0,0,0,0,139,139,100,0,0,1,0,0,1,0,100,100,100,100,0,0,100,-1,-1,-1,100,0,1,1,-1,4,0,0,0,0,100,0,100,0,100,10,-1,0,0,0,1,[0|0|0|0]
210665000,Aspects of the Crucible: Thorns,0,0,0,0,0,0,-1,-1,-1,-1,-1,-1,-1,-1,-1,-1,-1,-1,-1,0,100,100,100,100,100,100,100,0,28,0,45,0,0,0,15,100,0,0,0,0,10,0,0,0,0,0,0,0,0,0,0,0,1,1,0,2,0,2,6,0,0,0,0,0,0,0,0,0,0,0,0,1,0,1,0,0,0,0,0,0,0,0,0,0.6,-1,-1,0,0,-1,-1,-1,-1,-1,-1,-1,-1,-1,-1,-1,-1,-1,-1,-1,-1,-1,-1,-1,-1,-1,-1,-1,-1,-1,-1,-1,-1,0,0,0,0,0,0,0,0,0,0,0,0,-1,-1,-1,-1,-1,-1,-1,-1,-1,-1,-1,-1,-1,-1,-1,-1,-1,-1,-1,-1,-1,-1,-1,-1,0,0,0,0,0,0,0,0,0,0,0,0,0,0,0,0,0,0,0,0,0,0,0,0,0,139,139,100,0,0,1,0,0,0,1,100,100,100,100,0,0,100,-1,-1,-1,100,0,1,1,-1,0,0,0,0,0,0,0,100,0,100,0,0,0,0,0,0,[0|0|0|0]
210665001,Aspects of the Crucible: Thorns,1.2,0,0,0,0,0,-1,-1,-1,-1,-1,9,-1,-1,-1,-1,-1,-1,-1,0,100,100,100,100,100,100,100,0,28,0,120,0,0,0,85,100,0,0,0,0,10,0,0,0,0,0,0,0,0,0,0,0,2,1,0,2,0,2,6,0,0,1,0,0,0,0,0,0,0,0,0,1,0,1,0,0,0,0,0,0,0,0,0,5,-1,-1,0,0,-1,-1,-1,-1,-1,-1,-1,-1,-1,-1,-1,-1,-1,-1,-1,-1,-1,-1,-1,-1,-1,-1,-1,-1,-1,-1,-1,-1,0,0,0,0,0,0,0,0,0,0,0,0,-1,-1,-1,-1,-1,-1,-1,-1,-1,-1,-1,-1,-1,-1,-1,-1,-1,-1,-1,-1,-1,-1,-1,-1,0,0,0,0,0,0,0,0,0,0,0,0,0,0,0,0,0,0,0,0,0,0,0,0,0,139,139,100,0,0,1,0,0,0,0,100,100,100,100,0,0,100,-1,-1,-1,100,0,1,1,-1,0,0,0,0,0,0,0,100,0,100,0,0,0,0,0,0,[0|0|0|0]
210665050,Aspects of the Crucible: Thorns,0,0,0,0,0,0,-1,-1,-1,-1,-1,-1,-1,-1,-1,-1,-1,-1,-1,0,100,100,100,100,100,100,100,0,28,110,45,0,0,0,15,20,0,0,0,0,10,0,0,0,0,0,0,0,0,0,0,0,1,1,0,2,0,2,6,0,0,0,0,0,0,0,0,0,0,0,0,1,0,1,0,0,0,0,0,0,0,0,0,1,-1,-1,0,0,-1,-1,-1,-1,-1,-1,-1,-1,-1,-1,-1,-1,-1,-1,-1,-1,-1,-1,-1,-1,-1,-1,-1,-1,-1,-1,-1,-1,0,0,0,0,0,0,0,0,0,0,0,0,-1,-1,-1,-1,-1,-1,-1,-1,-1,-1,-1,-1,-1,-1,-1,-1,-1,-1,-1,-1,-1,-1,-1,-1,0,0,0,0,0,0,0,0,0,0,0,0,0,0,0,0,0,0,0,0,0,0,0,0,0,139,139,100,0,0,1,0,0,0,0,100,100,100,100,0,0,100,-1,-1,-1,100,0,1,1,-1,0,0,0,0,0,0,0,100,0,100,0,0,0,0,0,0,[0|0|0|0]
210665051,Aspects of the Crucible: Thorns,0,0,0,0,0,0,-1,-1,-1,-1,-1,-1,-1,-1,-1,-1,-1,-1,-1,0,100,100,100,100,100,100,100,0,28,110,45,0,0,0,20,20,0,0,0,0,10,0,0,0,0,0,0,0,0,0,0,0,1,1,0,2,0,2,6,0,0,0,0,0,0,0,0,0,0,0,0,1,0,1,0,0,0,0,0,0,0,0,0,7,-1,-1,0,0,-1,-1,-1,-1,-1,-1,-1,-1,-1,-1,-1,-1,-1,-1,-1,-1,-1,-1,-1,-1,-1,-1,-1,-1,-1,-1,-1,-1,0,0,0,0,0,0,0,0,0,0,0,0,-1,-1,-1,-1,-1,-1,-1,-1,-1,-1,-1,-1,-1,-1,-1,-1,-1,-1,-1,-1,-1,-1,-1,-1,0,0,0,0,0,0,0,0,0,0,0,0,0,0,0,0,0,0,0,0,0,0,0,0,0,139,139,100,0,0,1,0,0,0,0,100,100,100,100,0,0,100,-1,-1,-1,100,0,1,1,-1,0,0,0,0,0,0,0,100,0,100,0,0,0,0,0,0,[0|0|0|0]
210666000,Aspects of the Crucible: Bloom,0,0,0,0,0,0,-1,-1,-1,-1,-1,-1,-1,-1,-1,-1,-1,-1,-1,0,100,100,100,100,100,100,100,0,28,0,0,0,0,0,20,100,0,0,0,0,10,0,0,0,0,0,0,0,0,0,0,0,1,0,0,3,0,3,6,0,0,0,0,0,0,0,0,0,0,0,0,1,0,1,0,0,0,0,0,0,0,0,0,2,-1,-1,0,0,-1,-1,-1,-1,-1,-1,-1,-1,-1,-1,-1,-1,-1,-1,-1,-1,-1,-1,-1,-1,-1,-1,-1,-1,-1,-1,-1,-1,0,0,0,0,0,0,0,0,0,0,0,0,-1,-1,-1,-1,-1,-1,-1,-1,-1,-1,-1,-1,-1,-1,-1,-1,-1,-1,-1,-1,-1,-1,-1,-1,0,0,0,0,0,0,0,0,0,0,0,0,0,0,0,0,0,0,0,0,0,0,0,0,0,139,139,100,80,0,1,0,0,0,0,100,100,100,100,0,0,100,-1,-1,-1,100,0,1,1,-1,0,0,0,0,0,0,0,100,0,100,0,0,0,0,0,0,[0|0|0|0]
210666050,Aspects of the Crucible: Bloom,0,0,0,0,0,0,-1,-1,-1,-1,-1,-1,-1,-1,-1,-1,-1,-1,-1,0,100,100,100,100,100,100,100,0,28,110,0,0,0,0,20,100,0,0,0,0,10,0,0,0,0,0,0,0,0,0,0,0,1,0,0,3,0,3,6,0,0,0,0,0,0,0,0,0,0,0,0,1,0,1,0,0,0,0,0,0,0,0,0,2,-1,-1,0,0,-1,-1,-1,-1,-1,-1,-1,-1,-1,-1,-1,-1,-1,-1,-1,-1,-1,-1,-1,-1,-1,-1,-1,-1,-1,-1,-1,-1,0,0,0,0,0,0,0,0,0,0,0,0,-1,-1,-1,-1,-1,-1,-1,-1,-1,-1,-1,-1,-1,-1,-1,-1,-1,-1,-1,-1,-1,-1,-1,-1,0,0,0,0,0,0,0,0,0,0,0,0,0,0,0,0,0,0,0,0,0,0,0,0,0,139,139,100,100,0,1,0,0,0,0,100,100,100,100,0,0,100,-1,-1,-1,100,0,1,1,-1,0,0,0,0,0,0,0,100,0,100,0,0,0,0,0,0,[0|0|0|0]
210690000,Knight's Lightning Spear,0,0,0,0,1.2,0,-1,-1,-1,-1,-1,-1,-1,-1,-1,-1,-1,-1,-1,0,0,0,0,100,100,0,0,0,22,0,0,0,0,138,50,100,0,0,0,0,10,0,0,0,0,0,0,0,0,0,0,0,2,1,0,3,12,3,6,0,0,0,0,0,0,0,0,0,0,0,0,0,0,1,0,0,0,0,0,0,0,0,0,5,-1,-1,2110,2110,-1,-1,-1,-1,-1,-1,-1,-1,-1,-1,-1,-1,-1,-1,-1,-1,-1,-1,-1,-1,-1,-1,-1,-1,-1,-1,-1,-1,0,0,0,0,0,0,0,0,0,0,0,0,-1,-1,-1,-1,-1,-1,-1,-1,-1,-1,-1,-1,-1,-1,-1,-1,-1,-1,-1,-1,-1,-1,-1,-1,0,0,0,0,0,0,0,0,0,0,0,0,0,0,0,0,0,0,0,0,0,0,0,0,0,139,139,0,0,0,1,0,0,0,3,100,100,100,100,0,0,100,-1,-1,-1,100,0,1,1,-1,0,0,50,0,0,0,0,100,0,100,5,0,0,0,0,0,[0|0|0|0]
210690001,Knight's Lightning Spear,0,0,0,0,1.2,0,-1,-1,-1,-1,-1,-1,-1,-1,-1,-1,-1,-1,-1,0,0,0,0,100,100,0,0,0,22,0,0,0,0,50,40,100,0,0,0,0,10,0,0,0,0,0,0,0,0,0,0,0,1,1,0,3,12,3,6,0,0,0,0,0,0,0,0,0,0,0,0,0,0,1,0,0,0,0,0,0,0,0,0,2,-1,-1,2100,2000,-1,-1,-1,-1,-1,-1,-1,-1,-1,-1,-1,-1,-1,-1,-1,-1,-1,-1,-1,-1,-1,-1,-1,-1,-1,-1,-1,-1,0,0,0,0,0,0,0,0,0,0,0,0,-1,-1,-1,-1,-1,-1,-1,-1,-1,-1,-1,-1,-1,-1,-1,-1,-1,-1,-1,-1,-1,-1,-1,-1,0,0,0,0,0,0,0,0,0,0,0,0,0,0,0,0,0,0,0,0,0,0,0,0,0,139,139,0,0,0,1,0,0,0,0,100,100,100,100,0,0,100,-1,-1,-1,100,0,1,1,-1,0,0,20,0,0,0,0,100,0,100,2,0,0,0,0,0,[0|0|0|0]
210690002,Knight's Lightning Spear Bullet,0,0,0,0,1.2,0,-1,-1,-1,-1,-1,-1,-1,-1,-1,-1,-1,-1,-1,0,0,0,0,100,100,0,0,0,22,0,0,0,0,63,50,100,0,0,0,0,10,0,0,0,0,0,0,0,0,0,0,0,2,1,0,3,12,3,6,0,0,0,0,0,0,0,0,0,0,0,0,0,0,1,0,0,0,0,0,0,0,0,0,5,-1,-1,2110,2110,-1,-1,-1,-1,-1,-1,-1,-1,-1,-1,-1,-1,-1,-1,-1,-1,-1,-1,-1,-1,-1,-1,-1,-1,-1,-1,-1,-1,0,0,0,0,0,0,0,0,0,0,0,0,-1,-1,-1,-1,-1,-1,-1,-1,-1,-1,-1,-1,-1,-1,-1,-1,-1,-1,-1,-1,-1,-1,-1,-1,0,0,0,0,0,0,0,0,0,0,0,0,0,0,0,0,0,0,0,0,0,0,0,0,0,139,139,0,0,0,1,0,0,0,3,100,100,100,100,0,0,100,-1,-1,-1,100,0,1,1,-1,0,0,50,0,0,0,0,100,0,100,5,0,0,0,0,0,[0|0|0|0]
210690050,Knight's Lightning Spear,0,0,0,0,1.2,0,-1,-1,-1,-1,-1,-1,-1,-1,-1,-1,-1,-1,-1,0,0,0,0,100,100,0,0,0,22,110,0,0,0,164,60,100,0,0,0,0,10,0,0,0,0,0,0,0,0,0,0,0,3,1,0,3,12,3,6,0,0,0,0,0,0,0,0,0,0,0,0,0,1,1,0,0,0,0,0,0,0,0,0,9.25,-1,-1,2120,2120,-1,-1,-1,-1,-1,-1,-1,-1,-1,-1,-1,-1,-1,-1,-1,-1,-1,-1,-1,-1,-1,-1,-1,-1,-1,-1,-1,-1,0,0,0,0,0,0,0,0,0,0,0,0,-1,-1,-1,-1,-1,-1,-1,-1,-1,-1,-1,-1,-1,-1,-1,-1,-1,-1,-1,-1,-1,-1,-1,-1,0,0,0,0,0,0,0,0,0,0,0,0,0,0,0,0,0,0,0,0,0,0,0,0,0,139,139,0,0,0,1,0,0,0,3,100,100,100,100,0,0,100,-1,-1,-1,100,0,1,1,-1,0,0,60,0,0,0,0,100,0,100,9.25,0,0,0,0,0,[0|0|0|0]
210690051,Knight's Lightning Spear,0,0,0,0,1.2,0,-1,-1,-1,-1,-1,-1,-1,-1,-1,-1,-1,-1,-1,0,0,0,0,100,100,0,0,0,22,110,0,0,0,50,40,100,0,0,0,0,10,0,0,0,0,0,0,0,0,0,0,0,1,1,0,3,12,3,6,0,0,0,0,0,0,0,0,0,0,0,0,0,0,1,0,0,0,0,0,0,0,0,0,2,-1,-1,2100,2000,-1,-1,-1,-1,-1,-1,-1,-1,-1,-1,-1,-1,-1,-1,-1,-1,-1,-1,-1,-1,-1,-1,-1,-1,-1,-1,-1,-1,0,0,0,0,0,0,0,0,0,0,0,0,-1,-1,-1,-1,-1,-1,-1,-1,-1,-1,-1,-1,-1,-1,-1,-1,-1,-1,-1,-1,-1,-1,-1,-1,0,0,0,0,0,0,0,0,0,0,0,0,0,0,0,0,0,0,0,0,0,0,0,0,0,139,139,0,0,0,1,0,0,0,0,100,100,100,100,0,0,100,-1,-1,-1,100,0,1,1,-1,0,0,20,0,0,0,0,100,0,100,2,0,0,0,0,0,[0|0|0|0]
210690052,Knight's Lightning Spear Bullet,0,0,0,0,1.2,0,-1,-1,-1,-1,-1,-1,-1,-1,-1,-1,-1,-1,-1,0,0,0,0,100,100,0,0,0,22,110,0,0,0,130,60,100,0,0,0,0,10,0,0,0,0,0,0,0,0,0,0,0,3,1,0,3,12,3,6,0,0,0,0,0,0,0,0,0,0,0,0,0,1,1,0,0,0,0,0,0,0,0,0,9.25,-1,-1,2120,2120,-1,-1,-1,-1,-1,-1,-1,-1,-1,-1,-1,-1,-1,-1,-1,-1,-1,-1,-1,-1,-1,-1,-1,-1,-1,-1,-1,-1,0,0,0,0,0,0,0,0,0,0,0,0,-1,-1,-1,-1,-1,-1,-1,-1,-1,-1,-1,-1,-1,-1,-1,-1,-1,-1,-1,-1,-1,-1,-1,-1,0,0,0,0,0,0,0,0,0,0,0,0,0,0,0,0,0,0,0,0,0,0,0,0,0,139,139,0,0,0,1,0,0,0,3,100,100,100,100,0,0,100,-1,-1,-1,100,0,1,1,-1,0,0,60,0,0,0,0,100,0,100,9.25,0,0,0,0,0,[0|0|0|0]
210721000,Pest-thread Spears,2,0,0,0,0,0,-1,-1,-1,-1,-1,900,-1,-1,-1,7,-1,-1,-1,0,100,100,100,100,100,100,100,0,0,0,150,0,0,0,10,100,0,0,0,0,10,0,0,0,0,0,0,0,0,0,0,0,2,1,0,3,0,3,0,0,0,0,0,0,0,0,0,0,0,0,0,1,0,1,0,0,0,0,0,0,1,0,0,3,-1,-1,2100,2000,-1,-1,-1,-1,-1,-1,-1,-1,-1,-1,-1,-1,-1,-1,-1,-1,-1,-1,-1,-1,-1,-1,-1,-1,-1,-1,-1,-1,0,0,0,0,0,0,0,0,0,0,0,0,-1,-1,-1,-1,-1,-1,-1,-1,-1,-1,-1,-1,-1,-1,-1,-1,-1,-1,-1,-1,-1,-1,-1,-1,0,0,0,0,0,0,0,0,0,0,0,0,0,0,0,0,0,0,0,0,0,0,0,0,0,139,139,100,0,0,1,0,0,1,0,100,100,100,100,0,0,100,-1,-1,-1,100,0,1,1,-1,0,0,100,0,0,100,0,100,0,100,3,-1,0,0,0,1,[0|0|0|0]
210721050,Pest-thread Spears,2,0,0,0,0,0,-1,-1,-1,-1,-1,900,-1,-1,-1,7,-1,-1,-1,0,100,100,100,100,100,100,100,0,110,0,200,0,0,0,10,100,0,0,0,0,10,0,0,0,0,0,0,0,0,0,0,0,2,1,0,3,0,3,0,0,0,0,0,0,0,0,0,0,0,0,0,1,0,1,0,0,0,0,0,0,1,0,0,4,-1,-1,2100,2000,-1,-1,-1,-1,-1,-1,-1,-1,-1,-1,-1,-1,-1,-1,-1,-1,-1,-1,-1,-1,-1,-1,-1,-1,-1,-1,-1,-1,0,0,0,0,0,0,0,0,0,0,0,0,-1,-1,-1,-1,-1,-1,-1,-1,-1,-1,-1,-1,-1,-1,-1,-1,-1,-1,-1,-1,-1,-1,-1,-1,0,0,0,0,0,0,0,0,0,0,0,0,0,0,0,0,0,0,0,0,0,0,0,0,0,139,139,100,0,0,1,0,0,1,0,100,100,100,100,0,0,100,-1,-1,-1,100,0,1,1,-1,0,0,100,0,0,100,0,100,0,100,4,-1,0,0,0,1,[0|0|0|0]
300000291,[AoW] Lorian,0.4,0.2,0,0,2.75,0.08,6909,-1,-1,-1,-1,100,110,-1,-1,120,120,-1,-1,0,130,130,130,130,200,140,100,100,112,0,0,0,0,0,0,0,0,0,0,0,10,0,0,0,0,2,0,0,0,0,0,0,9,0,0,253,255,0,0,0,255,0,0,0,0,0,0,0,0,0,0,2,2,1,0,0,0,0,0,0,1,0,1,0,-1,-1,2100,2010,-1,-1,-1,-1,-1,-1,-1,-1,-1,-1,-1,-1,-1,-1,-1,-1,-1,-1,-1,-1,-1,-1,-1,-1,-1,-1,-1,-1,0,0,0,0,0,0,0,0,0,0,0,0,-1,-1,-1,-1,-1,-1,-1,-1,-1,-1,-1,-1,-1,-1,-1,-1,-1,-1,-1,-1,-1,-1,-1,-1,0,0,0,0,0,0,0,0,0,0,0,0,0,0,0,0,0,0,0,0,0,0,0,0,255,139,139,130,0,0,1,1,0,1,0,100,100,100,100,0,0,100,-1,0,100,200,0,1,1,-1,0,0,500,0,0,100,0,130,0,130,0,-1,0,0,130,1,[0|0|0|0]
300000292,[AoW] Lorian Twin Prince,0.4,0.2,0,0,2.75,0.08,6909,-1,-1,-1,-1,100,110,-1,-1,120,120,-1,-1,0,140,140,140,140,200,140,100,100,112,0,0,0,0,0,0,0,0,0,0,0,10,0,0,0,0,2,0,0,0,0,0,0,9,0,0,253,255,0,0,0,255,0,0,0,0,0,0,0,0,0,0,2,2,1,0,0,0,0,0,0,1,0,1,0,-1,-1,2100,2010,-1,-1,-1,-1,-1,-1,-1,-1,-1,-1,-1,-1,-1,-1,-1,-1,-1,-1,-1,-1,-1,-1,-1,-1,-1,-1,-1,-1,0,0,0,0,0,0,0,0,0,0,0,0,-1,-1,-1,-1,-1,-1,-1,-1,-1,-1,-1,-1,-1,-1,-1,-1,-1,-1,-1,-1,-1,-1,-1,-1,0,0,0,0,0,0,0,0,0,0,0,0,0,0,0,0,0,0,0,0,0,0,0,0,255,139,139,140,0,0,1,1,0,1,0,100,100,100,100,0,0,100,-1,0,100,200,0,1,1,-1,0,0,600,0,0,100,0,140,0,140,0,-1,0,0,130,1,[0|0|0|0]
306700950,Light Greatsword - Default Attack,0.4,0.2,0,0,0.8,0.03,6903,-1,-1,-1,-1,100,120,-1,-1,120,-1,-1,-1,0,82,82,82,82,100,400,100,100,100,106,0,0,0,0,0,0,0,0,0,0,20,0,0,0,0,2,0,0,0,0,0,0,1,0,0,253,255,0,255,0,255,0,0,0,0,0,0,0,0,0,0,0,4,1,0,0,0,0,0,0,0,9,0,0,-1,-1,2100,2010,-1,-1,-1,-1,-1,-1,-1,-1,-1,-1,-1,-1,-1,-1,-1,-1,-1,-1,-1,-1,-1,-1,-1,-1,-1,-1,-1,-1,0,0,0,0,0,0,0,0,0,0,0,0,-1,-1,-1,-1,-1,-1,-1,-1,-1,-1,-1,-1,-1,-1,-1,-1,-1,-1,-1,-1,-1,-1,-1,-1,0,0,0,0,0,0,0,0,0,0,0,0,0,0,0,0,0,0,0,0,0,0,0,0,255,139,139,82,0,0,0,0,0,0,0,80,80,100,100,0,0,80,-1,0,100,90,0,1,1,-1,0,0,150,0,0,0,0,82,0,82,0,0,0,0,130,0,[0|0|0|0]
306700951,Light Greatsword - Default Attack,0.4,0.2,0,0,0.8,0.03,6903,-1,-1,-1,-1,100,120,-1,-1,120,-1,-1,-1,0,82,82,82,82,100,400,100,100,100,106,0,0,0,0,0,0,0,0,0,0,20,0,0,0,0,2,0,0,0,0,0,0,2,0,0,253,255,0,255,0,255,0,0,0,0,0,0,0,0,0,0,0,3,1,0,0,0,0,0,0,0,9,0,0,-1,-1,2100,2010,-1,-1,-1,-1,-1,-1,-1,-1,-1,-1,-1,-1,-1,-1,-1,-1,-1,-1,-1,-1,-1,-1,-1,-1,-1,-1,-1,-1,0,0,0,0,0,0,0,0,0,0,0,0,-1,-1,-1,-1,-1,-1,-1,-1,-1,-1,-1,-1,-1,-1,-1,-1,-1,-1,-1,-1,-1,-1,-1,-1,0,0,0,0,0,0,0,0,0,0,0,0,0,0,0,0,0,0,0,0,0,0,0,0,255,139,139,82,0,0,0,0,0,0,0,80,80,100,100,0,0,80,-1,0,100,90,0,1,1,-1,0,0,150,0,0,0,0,82,0,82,0,0,0,0,130,0,[0|0|0|0]
306700952,Light Greatsword - Default Attack,0.4,0.2,0,0,1.4,0.08,6903,-1,-1,-1,-1,100,120,-1,-1,120,-1,-1,-1,0,86,86,86,86,130,400,100,100,100,106,0,0,0,0,0,0,0,0,0,0,20,0,0,0,0,2,0,0,0,0,0,0,2,0,0,253,255,0,255,0,255,0,0,0,0,0,0,0,0,0,0,0,2,1,0,0,0,0,0,0,0,0,0,0,-1,-1,2100,2010,-1,-1,-1,-1,-1,-1,-1,-1,-1,-1,-1,-1,-1,-1,-1,-1,-1,-1,-1,-1,-1,-1,-1,-1,-1,-1,-1,-1,0,0,0,0,0,0,0,0,0,0,0,0,-1,-1,-1,-1,-1,-1,-1,-1,-1,-1,-1,-1,-1,-1,-1,-1,-1,-1,-1,-1,-1,-1,-1,-1,0,0,0,0,0,0,0,0,0,0,0,0,0,0,0,0,0,0,0,0,0,0,0,0,255,139,139,86,0,0,0,0,0,0,0,80,80,100,100,0,0,80,-1,0,100,110,0,1,1,-1,0,0,200,0,0,0,0,86,0,86,0,0,0,0,130,0,[0|0|0|0]
306700953,Light Greatsword - Default Attack,0.4,0.2,0,0,0.8,0.03,6903,-1,-1,-1,-1,100,120,-1,-1,120,-1,-1,-1,0,70,70,70,70,90,100,100,100,0,106,0,0,0,0,0,0,0,0,0,0,20,0,0,0,0,2,0,0,0,0,0,0,1,0,0,253,255,0,255,0,255,0,0,0,0,0,0,0,0,0,0,0,4,1,0,0,0,0,0,0,0,9,0,0,-1,-1,2100,2010,-1,-1,-1,-1,-1,-1,-1,-1,-1,-1,-1,-1,-1,-1,-1,-1,-1,-1,-1,-1,-1,-1,-1,-1,-1,-1,-1,-1,0,0,0,0,0,0,0,0,0,0,0,0,-1,-1,-1,-1,-1,-1,-1,-1,-1,-1,-1,-1,-1,-1,-1,-1,-1,-1,-1,-1,-1,-1,-1,-1,0,0,0,0,0,0,0,0,0,0,0,0,0,0,0,0,0,0,0,0,0,0,0,0,255,139,139,70,0,0,0,0,0,0,0,65,65,100,100,0,0,65,-1,0,100,70,0,1,1,-1,0,0,100,0,0,0,0,70,0,70,0,0,0,0,130,0,[0|0|0|0]
306700954,Light Greatsword - Default Attack,0.4,0.2,0,0,0.8,0.03,6903,-1,-1,-1,-1,100,120,-1,-1,120,-1,-1,-1,0,70,70,70,70,90,100,100,100,0,106,0,0,0,0,0,0,0,0,0,0,20,0,0,0,0,2,0,0,0,0,0,0,2,0,0,253,255,0,255,0,255,0,0,0,0,0,0,0,0,0,0,0,3,1,0,0,0,0,0,0,0,0,0,0,-1,-1,2100,2010,-1,-1,-1,-1,-1,-1,-1,-1,-1,-1,-1,-1,-1,-1,-1,-1,-1,-1,-1,-1,-1,-1,-1,-1,-1,-1,-1,-1,0,0,0,0,0,0,0,0,0,0,0,0,-1,-1,-1,-1,-1,-1,-1,-1,-1,-1,-1,-1,-1,-1,-1,-1,-1,-1,-1,-1,-1,-1,-1,-1,0,0,0,0,0,0,0,0,0,0,0,0,0,0,0,0,0,0,0,0,0,0,0,0,255,139,139,70,0,0,0,0,0,0,0,65,65,100,100,0,0,65,-1,0,100,70,0,1,1,-1,0,0,100,0,0,0,0,70,0,70,0,0,0,0,130,0,[0|0|0|0]
306700955,Light Greatsword - Default Attack,0.4,0.2,0,0,1.4,0.08,6903,-1,-1,-1,-1,100,120,-1,-1,120,-1,-1,-1,0,75,75,75,75,110,100,100,100,0,106,0,0,0,0,0,0,0,0,0,0,20,0,0,0,0,2,0,0,0,0,0,0,2,0,0,253,255,0,255,0,255,0,0,0,0,0,0,0,0,0,0,0,2,1,0,0,0,0,0,0,0,0,0,0,-1,-1,2100,2010,-1,-1,-1,-1,-1,-1,-1,-1,-1,-1,-1,-1,-1,-1,-1,-1,-1,-1,-1,-1,-1,-1,-1,-1,-1,-1,-1,-1,0,0,0,0,0,0,0,0,0,0,0,0,-1,-1,-1,-1,-1,-1,-1,-1,-1,-1,-1,-1,-1,-1,-1,-1,-1,-1,-1,-1,-1,-1,-1,-1,0,0,0,0,0,0,0,0,0,0,0,0,0,0,0,0,0,0,0,0,0,0,0,0,255,139,139,75,0,0,0,0,0,0,0,65,65,100,100,0,0,65,-1,0,100,90,0,1,1,-1,0,0,150,0,0,0,0,75,0,75,0,0,0,0,130,0,[0|0|0|0]
306700956,Light Greatsword - Default Attack,0.4,0.2,0,0,0.8,0.03,6903,-1,-1,-1,-1,100,120,-1,-1,120,-1,-1,-1,0,100,100,100,100,150,400,100,100,100,106,0,0,0,0,0,0,0,0,0,0,20,0,0,0,0,2,0,0,0,0,0,0,2,0,0,253,255,0,255,0,255,0,0,0,0,0,0,0,0,0,0,0,2,1,0,0,0,0,0,0,0,9,0,0,-1,-1,2100,2010,-1,-1,-1,-1,-1,-1,-1,-1,-1,-1,-1,-1,-1,-1,-1,-1,-1,-1,-1,-1,-1,-1,-1,-1,-1,-1,-1,-1,0,0,0,0,0,0,0,0,0,0,0,0,-1,-1,-1,-1,-1,-1,-1,-1,-1,-1,-1,-1,-1,-1,-1,-1,-1,-1,-1,-1,-1,-1,-1,-1,0,0,0,0,0,0,0,0,0,0,0,0,0,0,0,0,0,0,0,0,0,0,0,0,255,139,139,100,0,0,0,0,0,0,0,100,100,100,100,0,0,100,-1,0,100,130,0,1,1,-1,0,0,120,0,0,0,0,100,0,100,0,0,0,0,130,0,[0|0|0|0]
306700957,Light Greatsword - Default Attack,0.4,0.2,0,0,1.4,0.08,6906,-1,-1,-1,-1,100,120,-1,-1,120,-1,-1,-1,0,125,125,125,125,200,400,100,100,100,106,0,0,0,0,0,0,0,0,0,0,20,0,0,0,0,2,0,0,0,0,0,0,2,0,0,253,255,0,255,0,255,0,0,0,0,0,0,0,0,0,0,0,1,1,0,0,0,0,0,0,0,0,0,0,-1,-1,2100,2010,-1,-1,-1,-1,-1,-1,-1,-1,-1,-1,-1,-1,-1,-1,-1,-1,-1,-1,-1,-1,-1,-1,-1,-1,-1,-1,-1,-1,0,0,0,0,0,0,0,0,0,0,0,0,-1,-1,-1,-1,-1,-1,-1,-1,-1,-1,-1,-1,-1,-1,-1,-1,-1,-1,-1,-1,-1,-1,-1,-1,0,0,0,0,0,0,0,0,0,0,0,0,0,0,0,0,0,0,0,0,0,0,0,0,255,139,139,125,0,0,0,0,0,0,0,135,135,100,100,0,0,135,-1,0,100,150,0,1,1,-1,0,0,200,0,0,0,0,125,0,125,0,0,0,0,130,0,[0|0|0|0]
306700958,Light Greatsword - Default Attack,0.4,0.2,0,0,0.8,0.03,6903,-1,-1,-1,-1,100,120,-1,-1,120,-1,-1,-1,0,85,85,85,85,90,120,100,100,0,106,0,0,0,0,0,0,0,0,0,0,20,0,0,0,0,2,0,0,0,0,0,0,2,0,0,253,255,0,255,0,255,0,0,0,0,0,0,0,0,0,0,0,2,1,0,0,0,0,0,0,0,9,0,0,-1,-1,2100,2010,-1,-1,-1,-1,-1,-1,-1,-1,-1,-1,-1,-1,-1,-1,-1,-1,-1,-1,-1,-1,-1,-1,-1,-1,-1,-1,-1,-1,0,0,0,0,0,0,0,0,0,0,0,0,-1,-1,-1,-1,-1,-1,-1,-1,-1,-1,-1,-1,-1,-1,-1,-1,-1,-1,-1,-1,-1,-1,-1,-1,0,0,0,0,0,0,0,0,0,0,0,0,0,0,0,0,0,0,0,0,0,0,0,0,255,139,139,85,0,0,0,0,0,0,0,80,80,100,100,0,0,80,-1,0,100,100,0,1,1,-1,0,0,100,0,0,0,0,85,0,85,0,0,0,0,130,0,[0|0|0|0]
306700959,Light Greatsword - Default Attack,0.4,0.2,0,0,1.4,0.08,6904,-1,-1,-1,-1,100,120,-1,-1,120,-1,-1,-1,0,105,105,105,105,110,400,100,100,0,106,0,0,0,0,0,0,0,0,0,0,20,0,0,0,0,2,0,0,0,0,0,0,2,0,0,253,255,0,255,0,255,0,0,0,0,0,0,0,0,0,0,0,1,1,0,0,0,0,0,0,0,0,0,0,-1,-1,2100,2010,-1,-1,-1,-1,-1,-1,-1,-1,-1,-1,-1,-1,-1,-1,-1,-1,-1,-1,-1,-1,-1,-1,-1,-1,-1,-1,-1,-1,0,0,0,0,0,0,0,0,0,0,0,0,-1,-1,-1,-1,-1,-1,-1,-1,-1,-1,-1,-1,-1,-1,-1,-1,-1,-1,-1,-1,-1,-1,-1,-1,0,0,0,0,0,0,0,0,0,0,0,0,0,0,0,0,0,0,0,0,0,0,0,0,255,139,139,105,0,0,0,0,0,0,0,100,100,100,100,0,0,100,-1,0,100,120,0,1,1,-1,0,0,120,0,0,0,0,105,0,105,0,0,0,0,130,0,[0|0|0|0]
306700960,Light Greatsword - Default Attack,0.4,0.2,0,0,0.8,0.03,6903,-1,-1,-1,-1,100,120,-1,-1,120,-1,-1,-1,0,87,87,87,87,120,500,100,100,100,106,0,0,0,0,0,0,0,0,0,0,20,0,0,0,0,2,0,0,0,0,0,0,1,0,0,253,255,0,255,0,255,0,0,0,0,0,0,0,0,0,0,0,4,1,0,0,0,0,0,0,0,9,0,0,-1,-1,2100,2010,-1,-1,-1,-1,-1,-1,-1,-1,-1,-1,-1,-1,-1,-1,-1,-1,-1,-1,-1,-1,-1,-1,-1,-1,-1,-1,-1,-1,0,0,0,0,0,0,0,0,0,0,0,0,-1,-1,-1,-1,-1,-1,-1,-1,-1,-1,-1,-1,-1,-1,-1,-1,-1,-1,-1,-1,-1,-1,-1,-1,0,0,0,0,0,0,0,0,0,0,0,0,0,0,0,0,0,0,0,0,0,0,0,0,255,139,139,87,0,0,0,0,0,0,0,80,80,100,100,0,0,80,-1,0,100,90,0,1,1,-1,0,0,180,0,0,0,0,87,0,87,0,0,0,0,130,0,[0|0|0|0]
306700961,Light Greatsword - Default Attack,0.4,0.2,0,0,0.8,0.03,6903,-1,-1,-1,-1,100,120,-1,-1,120,-1,-1,-1,0,87,87,87,87,120,500,100,100,100,106,0,0,0,0,0,0,0,0,0,0,20,0,0,0,0,2,0,0,0,0,0,0,2,0,0,253,255,0,255,0,255,0,0,0,0,0,0,0,0,0,0,0,3,1,0,0,0,0,0,0,0,9,0,0,-1,-1,2100,2010,-1,-1,-1,-1,-1,-1,-1,-1,-1,-1,-1,-1,-1,-1,-1,-1,-1,-1,-1,-1,-1,-1,-1,-1,-1,-1,-1,-1,0,0,0,0,0,0,0,0,0,0,0,0,-1,-1,-1,-1,-1,-1,-1,-1,-1,-1,-1,-1,-1,-1,-1,-1,-1,-1,-1,-1,-1,-1,-1,-1,0,0,0,0,0,0,0,0,0,0,0,0,0,0,0,0,0,0,0,0,0,0,0,0,255,139,139,87,0,0,0,0,0,0,0,80,80,100,100,0,0,80,-1,0,100,90,0,1,1,-1,0,0,180,0,0,0,0,87,0,87,0,0,0,0,130,0,[0|0|0|0]
306700962,Light Greatsword - Default Attack,0.4,0.2,0,0,1.4,0.08,6903,-1,-1,-1,-1,100,120,-1,-1,120,-1,-1,-1,0,91,91,91,91,150,500,100,100,100,106,0,0,0,0,0,0,0,0,0,0,20,0,0,0,0,2,0,0,0,0,0,0,2,0,0,253,255,0,255,0,255,0,0,0,0,0,0,0,0,0,0,0,2,1,0,0,0,0,0,0,0,0,0,0,-1,-1,2100,2010,-1,-1,-1,-1,-1,-1,-1,-1,-1,-1,-1,-1,-1,-1,-1,-1,-1,-1,-1,-1,-1,-1,-1,-1,-1,-1,-1,-1,0,0,0,0,0,0,0,0,0,0,0,0,-1,-1,-1,-1,-1,-1,-1,-1,-1,-1,-1,-1,-1,-1,-1,-1,-1,-1,-1,-1,-1,-1,-1,-1,0,0,0,0,0,0,0,0,0,0,0,0,0,0,0,0,0,0,0,0,0,0,0,0,255,139,139,91,0,0,0,0,0,0,0,80,80,100,100,0,0,80,-1,0,100,110,0,1,1,-1,0,0,250,0,0,0,0,91,0,91,0,0,0,0,130,0,[0|0|0|0]
306700963,Light Greatsword - Default Attack,0.4,0.2,0,0,0.8,0.03,6903,-1,-1,-1,-1,100,120,-1,-1,120,-1,-1,-1,0,75,75,75,75,100,500,100,100,0,106,0,0,0,0,0,0,0,0,0,0,20,0,0,0,0,2,0,0,0,0,0,0,1,0,0,253,255,0,255,0,255,0,0,0,0,0,0,0,0,0,0,0,4,1,0,0,0,0,0,0,0,9,0,0,-1,-1,2100,2010,-1,-1,-1,-1,-1,-1,-1,-1,-1,-1,-1,-1,-1,-1,-1,-1,-1,-1,-1,-1,-1,-1,-1,-1,-1,-1,-1,-1,0,0,0,0,0,0,0,0,0,0,0,0,-1,-1,-1,-1,-1,-1,-1,-1,-1,-1,-1,-1,-1,-1,-1,-1,-1,-1,-1,-1,-1,-1,-1,-1,0,0,0,0,0,0,0,0,0,0,0,0,0,0,0,0,0,0,0,0,0,0,0,0,255,139,139,75,0,0,0,0,0,0,0,65,65,100,100,0,0,65,-1,0,100,70,0,1,1,-1,0,0,120,0,0,0,0,75,0,75,0,0,0,0,130,0,[0|0|0|0]
306700964,Light Greatsword - Default Attack,0.4,0.2,0,0,0.8,0.03,6903,-1,-1,-1,-1,100,120,-1,-1,120,-1,-1,-1,0,75,75,75,75,100,500,100,100,0,106,0,0,0,0,0,0,0,0,0,0,20,0,0,0,0,2,0,0,0,0,0,0,2,0,0,253,255,0,255,0,255,0,0,0,0,0,0,0,0,0,0,0,3,1,0,0,0,0,0,0,0,9,0,0,-1,-1,2100,2010,-1,-1,-1,-1,-1,-1,-1,-1,-1,-1,-1,-1,-1,-1,-1,-1,-1,-1,-1,-1,-1,-1,-1,-1,-1,-1,-1,-1,0,0,0,0,0,0,0,0,0,0,0,0,-1,-1,-1,-1,-1,-1,-1,-1,-1,-1,-1,-1,-1,-1,-1,-1,-1,-1,-1,-1,-1,-1,-1,-1,0,0,0,0,0,0,0,0,0,0,0,0,0,0,0,0,0,0,0,0,0,0,0,0,255,139,139,75,0,0,0,0,0,0,0,65,65,100,100,0,0,65,-1,0,100,70,0,1,1,-1,0,0,120,0,0,0,0,75,0,75,0,0,0,0,130,0,[0|0|0|0]
306700965,Light Greatsword - Default Attack,0.4,0.2,0,0,1.4,0.08,6903,-1,-1,-1,-1,100,120,-1,-1,120,-1,-1,-1,0,80,80,80,80,130,500,100,100,0,106,0,0,0,0,0,0,0,0,0,0,20,0,0,0,0,2,0,0,0,0,0,0,2,0,0,253,255,0,255,0,255,0,0,0,0,0,0,0,0,0,0,0,2,1,0,0,0,0,0,0,0,0,0,0,-1,-1,2100,2010,-1,-1,-1,-1,-1,-1,-1,-1,-1,-1,-1,-1,-1,-1,-1,-1,-1,-1,-1,-1,-1,-1,-1,-1,-1,-1,-1,-1,0,0,0,0,0,0,0,0,0,0,0,0,-1,-1,-1,-1,-1,-1,-1,-1,-1,-1,-1,-1,-1,-1,-1,-1,-1,-1,-1,-1,-1,-1,-1,-1,0,0,0,0,0,0,0,0,0,0,0,0,0,0,0,0,0,0,0,0,0,0,0,0,255,139,139,80,0,0,0,0,0,0,0,65,65,100,100,0,0,65,-1,0,100,90,0,1,1,-1,0,0,180,0,0,0,0,80,0,80,0,0,0,0,130,0,[0|0|0|0]
306700966,Light Greatsword - Default Attack,0.4,0.2,0,0,0.8,0.03,6903,-1,-1,-1,-1,100,120,-1,-1,120,-1,-1,-1,0,105,105,105,105,170,500,100,100,100,106,0,0,0,0,0,0,0,0,0,0,20,0,0,0,0,2,0,0,0,0,0,0,2,0,0,253,255,0,255,0,255,0,0,0,0,0,0,0,0,0,0,0,2,1,0,0,0,0,0,0,0,9,0,0,-1,-1,2100,2010,-1,-1,-1,-1,-1,-1,-1,-1,-1,-1,-1,-1,-1,-1,-1,-1,-1,-1,-1,-1,-1,-1,-1,-1,-1,-1,-1,-1,0,0,0,0,0,0,0,0,0,0,0,0,-1,-1,-1,-1,-1,-1,-1,-1,-1,-1,-1,-1,-1,-1,-1,-1,-1,-1,-1,-1,-1,-1,-1,-1,0,0,0,0,0,0,0,0,0,0,0,0,0,0,0,0,0,0,0,0,0,0,0,0,255,139,139,105,0,0,0,0,0,0,0,100,100,100,100,0,0,100,-1,0,100,130,0,1,1,-1,0,0,150,0,0,0,0,105,0,105,0,0,0,0,130,0,[0|0|0|0]
306700967,Light Greatsword - Default Attack,0.4,0.2,0,0,1.4,0.08,6906,-1,-1,-1,-1,100,120,-1,-1,120,-1,-1,-1,0,130,130,130,130,240,500,100,100,100,106,0,0,0,0,0,0,0,0,0,0,20,0,0,0,0,2,0,0,0,0,0,0,2,0,0,253,255,0,255,0,255,0,0,0,0,0,0,0,0,0,0,0,1,1,0,0,0,0,0,0,0,0,0,0,-1,-1,2100,2010,-1,-1,-1,-1,-1,-1,-1,-1,-1,-1,-1,-1,-1,-1,-1,-1,-1,-1,-1,-1,-1,-1,-1,-1,-1,-1,-1,-1,0,0,0,0,0,0,0,0,0,0,0,0,-1,-1,-1,-1,-1,-1,-1,-1,-1,-1,-1,-1,-1,-1,-1,-1,-1,-1,-1,-1,-1,-1,-1,-1,0,0,0,0,0,0,0,0,0,0,0,0,0,0,0,0,0,0,0,0,0,0,0,0,255,139,139,130,0,0,0,0,0,0,0,135,135,100,100,0,0,135,-1,0,100,150,0,1,1,-1,0,0,250,0,0,0,0,130,0,130,0,0,0,0,130,0,[0|0|0|0]
306700968,Light Greatsword - Default Attack,0.4,0.2,0,0,0.8,0.03,6903,-1,-1,-1,-1,100,120,-1,-1,120,-1,-1,-1,0,90,90,90,90,100,500,100,100,0,106,0,0,0,0,0,0,0,0,0,0,20,0,0,0,0,2,0,0,0,0,0,0,2,0,0,253,255,0,255,0,255,0,0,0,0,0,0,0,0,0,0,0,2,1,0,0,0,0,0,0,0,9,0,0,-1,-1,2100,2010,-1,-1,-1,-1,-1,-1,-1,-1,-1,-1,-1,-1,-1,-1,-1,-1,-1,-1,-1,-1,-1,-1,-1,-1,-1,-1,-1,-1,0,0,0,0,0,0,0,0,0,0,0,0,-1,-1,-1,-1,-1,-1,-1,-1,-1,-1,-1,-1,-1,-1,-1,-1,-1,-1,-1,-1,-1,-1,-1,-1,0,0,0,0,0,0,0,0,0,0,0,0,0,0,0,0,0,0,0,0,0,0,0,0,255,139,139,90,0,0,0,0,0,0,0,80,80,100,100,0,0,80,-1,0,100,100,0,1,1,-1,0,0,120,0,0,0,0,90,0,90,0,0,0,0,130,0,[0|0|0|0]
306700969,Light Greatsword - Default Attack,0.4,0.2,0,0,1.4,0.08,6904,-1,-1,-1,-1,100,120,-1,-1,120,-1,-1,-1,0,110,110,110,110,170,500,100,100,0,106,0,0,0,0,0,0,0,0,0,0,20,0,0,0,0,2,0,0,0,0,0,0,2,0,0,253,255,0,255,0,255,0,0,0,0,0,0,0,0,0,0,0,1,1,0,0,0,0,0,0,0,0,0,0,-1,-1,2100,2010,-1,-1,-1,-1,-1,-1,-1,-1,-1,-1,-1,-1,-1,-1,-1,-1,-1,-1,-1,-1,-1,-1,-1,-1,-1,-1,-1,-1,0,0,0,0,0,0,0,0,0,0,0,0,-1,-1,-1,-1,-1,-1,-1,-1,-1,-1,-1,-1,-1,-1,-1,-1,-1,-1,-1,-1,-1,-1,-1,-1,0,0,0,0,0,0,0,0,0,0,0,0,0,0,0,0,0,0,0,0,0,0,0,0,255,139,139,110,0,0,0,0,0,0,0,100,100,100,100,0,0,100,-1,0,100,120,0,1,1,-1,0,0,140,0,0,0,0,110,0,110,0,0,0,0,130,0,[0|0|0|0]
306700980,Light Greatsword - Default Attack,0.3,0.1,0,0,1.7,0.08,6906,-1,-1,-1,-1,100,120,-1,-1,120,130,-1,-1,0,175,175,175,175,250,400,100,100,100,106,0,0,0,0,0,100,0,0,0,0,20,0,0,0,0,2,0,0,0,0,0,0,3,0,0,253,255,0,255,0,255,0,0,0,0,0,0,0,0,0,0,0,1,1,0,0,0,0,0,0,0,0,0,0,-1,-1,2100,2010,-1,-1,-1,-1,-1,-1,-1,-1,-1,-1,-1,-1,-1,-1,-1,-1,-1,-1,-1,-1,-1,-1,-1,-1,-1,-1,-1,-1,0,0,0,0,0,0,0,0,0,0,0,0,-1,-1,-1,-1,-1,-1,-1,-1,-1,-1,-1,-1,-1,-1,-1,-1,-1,-1,-1,-1,-1,-1,-1,-1,0,0,0,0,0,0,0,0,0,0,0,0,0,0,0,0,0,0,0,0,0,0,0,0,255,139,139,175,0,0,0,0,0,0,0,200,100,100,100,0,0,100,-1,0,100,190,0,1,1,-1,0,0,600,0,0,0,0,175,0,175,0,0,0,0,130,0,[0|0|0|0]
306700981,Light Greatsword - Default Attack,0.3,0.1,0,0,1.2,0.08,6906,-1,-1,-1,-1,100,120,-1,-1,120,130,-1,-1,0,135,135,135,135,140,140,100,100,0,106,0,0,0,0,0,100,0,0,0,0,20,0,0,0,0,2,0,0,0,0,0,0,2,0,0,253,255,0,255,0,255,0,0,0,0,0,0,0,0,0,0,0,1,1,0,0,0,0,0,0,0,0,0,0,-1,-1,2100,2010,-1,-1,-1,-1,-1,-1,-1,-1,-1,-1,-1,-1,-1,-1,-1,-1,-1,-1,-1,-1,-1,-1,-1,-1,-1,-1,-1,-1,0,0,0,0,0,0,0,0,0,0,0,0,-1,-1,-1,-1,-1,-1,-1,-1,-1,-1,-1,-1,-1,-1,-1,-1,-1,-1,-1,-1,-1,-1,-1,-1,0,0,0,0,0,0,0,0,0,0,0,0,0,0,0,0,0,0,0,0,0,0,0,0,255,139,139,135,0,0,0,0,0,0,0,100,100,100,100,0,0,100,-1,0,100,125,0,1,1,-1,0,0,200,0,0,0,0,135,0,135,0,0,0,0,130,0,[0|0|0|0]
442615791,RKPG_1,0.5,0.1,0,0,0.6,0,-1,6903,-1,-1,-1,11100,11120,-1,-1,11110,-1,-1,-1,0,55,55,100,55,75,100,100,100,0,0,0,0,0,0,0,100,0,0,0,0,0,0,0,0,0,2,0,0,0,0,0,0,3,0,0,3,11,3,6,0,0,0,0,0,0,0,0,0,0,0,0,0,1,0,0,0,0,0,0,0,1,0,0,0,-1,-1,2130,2030,-1,-1,-1,-1,-1,-1,-1,-1,-1,-1,-1,-1,-1,-1,-1,-1,-1,-1,-1,-1,-1,-1,-1,-1,-1,-1,-1,-1,0,0,0,0,0,0,0,0,0,0,0,0,-1,-1,-1,-1,-1,-1,-1,-1,-1,-1,-1,-1,-1,-1,-1,-1,-1,-1,-1,-1,-1,-1,-1,-1,0,0,0,0,0,0,0,0,0,0,0,0,0,0,0,0,0,0,0,0,0,0,0,0,0,139,139,55,0,0,0,1,0,1,0,100,100,100,100,0,0,100,-1,-1,-1,100,0,1,1,-1,0,0,70,0,0,100,0,55,0,55,0,-1,0,0,0,1,[0|0|0|0]
600000051,,0.4,0,0,0,0,0,6902,-1,-1,-1,-1,6,0,-1,-1,940,0,-1,-1,0,0,0,0,0,0,0,0,100,0,119,0,0,0,0,0,0,0,0,0,0,10,0,0,0,0,0,0,0,0,0,0,0,2,1,0,2,255,2,255,0,255,0,0,0,0,0,0,0,0,0,0,0,0,0,0,0,0,0,0,0,0,0,0,0,-1,-1,2100,2010,-1,-1,-1,-1,-1,-1,-1,-1,-1,-1,-1,-1,-1,-1,-1,-1,-1,-1,-1,-1,-1,-1,-1,-1,-1,-1,-1,-1,0,0,0,0,0,0,0,0,0,0,0,0,-1,-1,-1,-1,-1,-1,-1,-1,-1,-1,-1,-1,-1,-1,-1,-1,-1,-1,-1,-1,-1,-1,-1,-1,0,0,0,0,0,0,0,0,0,0,0,0,0,0,0,0,0,0,0,0,0,0,0,0,255,139,139,0,0,0,0,1,0,0,0,0,0,0,0,0,0,0,-1,0,100,0,0,1,1,-1,0,0,0,0,0,0,0,0,0,0,0,0,0,0,130,0,[0|0|0|0]
600000052,,0.4,0,0,0,1.2,0,6902,-1,-1,1665,-1,6,0,-1,-1,940,0,-1,-1,0,50,50,50,50,100,100,100,100,112,119,0,0,0,0,0,0,0,0,0,0,10,0,0,0,0,0,0,0,0,0,0,0,1,1,0,2,255,2,255,0,255,0,0,0,0,0,0,0,1,0,0,0,0,1,0,0,0,0,0,0,0,0,0,0,-1,-1,2100,2010,-1,-1,-1,-1,-1,-1,-1,-1,-1,-1,-1,-1,-1,-1,-1,-1,-1,-1,-1,-1,-1,-1,-1,-1,-1,-1,-1,-1,0,0,0,0,0,0,0,0,0,0,0,0,-1,-1,-1,-1,-1,-1,-1,-1,-1,-1,-1,-1,-1,-1,-1,-1,-1,-1,-1,-1,-1,-1,-1,-1,0,0,0,0,0,0,0,0,0,0,0,0,0,0,0,0,0,0,0,0,0,0,0,0,255,139,139,50,0,0,0,1,0,0,0,50,100,100,100,0,0,100,-1,0,100,100,0,1,1,-1,0,0,100,0,0,0,0,50,0,50,0,0,0,0,130,0,[0|0|0|0]
600000053,,0.4,0,0,0,1.2,0,6902,-1,-1,1665,-1,6,0,-1,-1,940,0,-1,-1,0,175,175,175,175,150,100,100,100,112,119,0,0,0,0,0,0,0,0,0,0,10,0,0,0,0,0,0,0,0,0,0,0,2,1,0,2,255,2,255,0,255,0,0,0,0,0,0,0,1,0,0,0,0,1,0,0,0,0,0,0,0,0,0,0,-1,-1,2100,2010,-1,-1,-1,-1,-1,-1,-1,-1,-1,-1,-1,-1,-1,-1,-1,-1,-1,-1,-1,-1,-1,-1,-1,-1,-1,-1,-1,-1,0,0,0,0,0,0,0,0,0,0,0,0,-1,-1,-1,-1,-1,-1,-1,-1,-1,-1,-1,-1,-1,-1,-1,-1,-1,-1,-1,-1,-1,-1,-1,-1,0,0,0,0,0,0,0,0,0,0,0,0,0,0,0,0,0,0,0,0,0,0,0,0,255,139,139,175,0,0,0,1,0,0,0,100,100,100,100,0,0,100,-1,0,100,150,0,1,1,-1,0,0,150,0,0,0,0,175,0,175,0,0,0,0,130,0,[0|0|0|0]
600000060,Great Katana - Default Attack_1,0.3,0.2,0,0,1.2,0.08,6906,-1,-1,-1,1667,100,120,-1,-1,120,-1,-1,-1,0,147,155,155,155,100,500,100,100,112,128,0,0,0,0,0,0,0,0,0,0,10,0,0,0,0,2,0,0,0,0,0,0,2,0,0,253,255,0,255,0,255,0,0,0,0,0,0,0,0,0,0,0,1,1,0,0,0,0,0,0,0,0,0,0,-1,-1,2100,2010,-1,-1,-1,-1,-1,-1,-1,-1,-1,-1,-1,-1,-1,-1,-1,-1,-1,-1,-1,-1,-1,-1,-1,-1,-1,-1,-1,-1,0,0,0,0,0,0,0,0,0,0,0,0,-1,-1,-1,-1,-1,-1,-1,-1,-1,-1,-1,-1,-1,-1,-1,-1,-1,-1,-1,-1,-1,-1,-1,-1,0,0,0,0,0,0,0,0,0,0,0,0,0,0,0,0,0,0,0,0,0,0,0,0,255,139,139,155,0,0,1,1,0,0,0,100,100,100,100,0,0,100,-1,0,100,100,0,1,1,-1,0,0,200,0,0,0,0,147,0,147,0,0,0,0,130,0,[0|0|0|0]
600000061,Great Katana - Default Attack_1_1,0.3,0.2,0,0,1.8,0.08,6906,-1,-1,-1,1667,100,120,-1,-1,120,-1,-1,-1,0,87,90,90,90,100,500,100,100,112,128,0,0,0,0,0,0,0,0,0,0,10,0,0,0,0,2,0,0,0,0,0,0,3,0,0,253,255,0,255,0,255,0,0,0,0,0,0,0,0,0,0,0,1,1,0,0,0,0,0,0,0,0,0,0,-1,-1,2100,2010,-1,-1,-1,-1,-1,-1,-1,-1,-1,-1,-1,-1,-1,-1,-1,-1,-1,-1,-1,-1,-1,-1,-1,-1,-1,-1,-1,-1,0,0,0,0,0,0,0,0,0,0,0,0,-1,-1,-1,-1,-1,-1,-1,-1,-1,-1,-1,-1,-1,-1,-1,-1,-1,-1,-1,-1,-1,-1,-1,-1,0,0,0,0,0,0,0,0,0,0,0,0,0,0,0,0,0,0,0,0,0,0,0,0,255,139,139,90,0,0,1,1,0,0,0,70,100,100,100,0,0,100,-1,0,100,100,0,1,1,-1,0,0,200,0,0,0,0,87,0,87,0,0,0,0,130,0,[0|0|0|0]
600000062,Great Katana - Default Attack_1_1_1,0.3,0.2,0,0,1.8,0.08,6906,-1,-1,-1,1667,100,120,-1,-1,120,-1,-1,-1,0,97,95,95,95,100,500,100,100,112,128,0,0,0,0,0,0,0,0,0,0,10,0,0,0,0,2,0,0,0,0,0,0,3,0,0,253,255,0,255,0,255,0,0,0,0,0,0,0,0,0,0,0,1,1,0,0,0,0,0,0,0,0,0,0,-1,-1,2100,2010,-1,-1,-1,-1,-1,-1,-1,-1,-1,-1,-1,-1,-1,-1,-1,-1,-1,-1,-1,-1,-1,-1,-1,-1,-1,-1,-1,-1,0,0,0,0,0,0,0,0,0,0,0,0,-1,-1,-1,-1,-1,-1,-1,-1,-1,-1,-1,-1,-1,-1,-1,-1,-1,-1,-1,-1,-1,-1,-1,-1,0,0,0,0,0,0,0,0,0,0,0,0,0,0,0,0,0,0,0,0,0,0,0,0,255,139,139,95,0,0,1,1,0,0,0,75,100,100,100,0,0,100,-1,0,100,100,0,1,1,-1,0,0,200,0,0,0,0,97,0,97,0,0,0,0,130,0,[0|0|0|0]
600000063,Great Katana - Default Attack_1_1_1_1,0.3,0.2,0,0,1.8,0.08,6906,-1,-1,-1,1667,100,120,-1,-1,120,-1,-1,-1,0,103,110,110,110,100,500,100,100,112,128,0,0,0,0,0,0,0,0,0,0,10,0,0,0,0,2,0,0,0,0,0,0,3,0,0,253,255,0,255,0,255,0,0,0,0,0,0,0,0,0,0,0,1,1,0,0,0,0,0,0,0,0,0,0,-1,-1,2100,2010,-1,-1,-1,-1,-1,-1,-1,-1,-1,-1,-1,-1,-1,-1,-1,-1,-1,-1,-1,-1,-1,-1,-1,-1,-1,-1,-1,-1,0,0,0,0,0,0,0,0,0,0,0,0,-1,-1,-1,-1,-1,-1,-1,-1,-1,-1,-1,-1,-1,-1,-1,-1,-1,-1,-1,-1,-1,-1,-1,-1,0,0,0,0,0,0,0,0,0,0,0,0,0,0,0,0,0,0,0,0,0,0,0,0,255,139,139,110,0,0,1,1,0,0,0,85,100,100,100,0,0,100,-1,0,100,100,0,1,1,-1,0,0,200,0,0,0,0,103,0,103,0,0,0,0,130,0,[0|0|0|0]
600000064,Great Katana - Default Attack_1_1_1_1_1,0.3,0.2,0,0,1.2,0.08,6906,-1,-1,-1,1667,100,120,-1,-1,120,-1,-1,-1,0,50,50,50,50,50,100,100,100,112,128,0,0,0,0,0,0,0,0,0,0,10,0,0,0,0,2,0,0,0,0,0,0,1,0,0,253,255,0,255,0,255,0,0,0,0,0,0,0,0,0,0,0,1,1,0,0,0,0,0,0,0,0,0,0,-1,-1,2100,2010,-1,-1,-1,-1,-1,-1,-1,-1,-1,-1,-1,-1,-1,-1,-1,-1,-1,-1,-1,-1,-1,-1,-1,-1,-1,-1,-1,-1,0,0,0,0,0,0,0,0,0,0,0,0,-1,-1,-1,-1,-1,-1,-1,-1,-1,-1,-1,-1,-1,-1,-1,-1,-1,-1,-1,-1,-1,-1,-1,-1,0,0,0,0,0,0,0,0,0,0,0,0,0,0,0,0,0,0,0,0,0,0,0,0,255,139,139,50,0,0,1,1,0,0,0,100,100,100,100,0,0,100,-1,0,100,100,0,1,1,-1,0,0,50,0,0,0,0,50,0,50,0,0,0,0,130,0,[0|0|0|0]
600000065,Great Katana - Default Attack_1_1_1_1_1_1,0.3,0.2,0,0,1.8,0.08,6906,-1,-1,-1,1667,100,120,-1,-1,120,-1,-1,-1,0,50,50,50,50,50,100,100,100,112,128,0,0,0,0,0,0,0,0,0,0,10,0,0,0,0,2,0,0,0,0,0,0,2,0,0,253,255,0,255,0,255,0,0,0,0,0,0,0,0,0,0,0,1,1,0,0,0,0,0,0,0,0,0,0,-1,-1,2100,2010,-1,-1,-1,-1,-1,-1,-1,-1,-1,-1,-1,-1,-1,-1,-1,-1,-1,-1,-1,-1,-1,-1,-1,-1,-1,-1,-1,-1,0,0,0,0,0,0,0,0,0,0,0,0,-1,-1,-1,-1,-1,-1,-1,-1,-1,-1,-1,-1,-1,-1,-1,-1,-1,-1,-1,-1,-1,-1,-1,-1,0,0,0,0,0,0,0,0,0,0,0,0,0,0,0,0,0,0,0,0,0,0,0,0,255,139,139,50,0,0,1,1,0,0,0,100,100,100,100,0,0,100,-1,0,100,100,0,1,1,-1,0,0,50,0,0,0,0,50,0,50,0,0,0,0,130,0,[0|0|0|0]
600000066,Great Katana - Default Attack_1_1_1_1_1_1_1,0.3,0.2,0,0,1.8,0.08,6906,-1,-1,-1,1667,100,120,-1,-1,120,-1,-1,-1,0,50,50,50,50,50,100,100,100,112,128,0,0,0,0,0,0,0,0,0,0,10,0,0,0,0,2,0,0,0,0,0,0,2,0,0,253,255,0,255,0,255,0,0,0,0,0,0,0,0,0,0,0,1,1,0,0,0,0,0,0,0,0,0,0,-1,-1,2100,2010,-1,-1,-1,-1,-1,-1,-1,-1,-1,-1,-1,-1,-1,-1,-1,-1,-1,-1,-1,-1,-1,-1,-1,-1,-1,-1,-1,-1,0,0,0,0,0,0,0,0,0,0,0,0,-1,-1,-1,-1,-1,-1,-1,-1,-1,-1,-1,-1,-1,-1,-1,-1,-1,-1,-1,-1,-1,-1,-1,-1,0,0,0,0,0,0,0,0,0,0,0,0,0,0,0,0,0,0,0,0,0,0,0,0,255,139,139,50,0,0,1,1,0,0,0,100,100,100,100,0,0,100,-1,0,100,100,0,1,1,-1,0,0,50,0,0,0,0,50,0,50,0,0,0,0,130,0,[0|0|0|0]
600000067,Great Katana - Default Attack_1_1_1_1_1_1_1_1,0.3,0.2,0,0,1.8,0.08,6906,-1,-1,-1,1667,100,120,-1,-1,120,-1,-1,-1,0,50,50,50,50,50,100,100,100,112,128,0,0,0,0,0,0,0,0,0,0,10,0,0,0,0,2,0,0,0,0,0,0,2,0,0,253,255,0,255,0,255,0,0,0,0,0,0,0,0,0,0,0,1,1,0,0,0,0,0,0,0,0,0,0,-1,-1,2100,2010,-1,-1,-1,-1,-1,-1,-1,-1,-1,-1,-1,-1,-1,-1,-1,-1,-1,-1,-1,-1,-1,-1,-1,-1,-1,-1,-1,-1,0,0,0,0,0,0,0,0,0,0,0,0,-1,-1,-1,-1,-1,-1,-1,-1,-1,-1,-1,-1,-1,-1,-1,-1,-1,-1,-1,-1,-1,-1,-1,-1,0,0,0,0,0,0,0,0,0,0,0,0,0,0,0,0,0,0,0,0,0,0,0,0,255,139,139,50,0,0,1,1,0,0,0,100,100,100,100,0,0,100,-1,0,100,100,0,1,1,-1,0,0,50,0,0,0,0,50,0,50,0,0,0,0,130,0,[0|0|0|0]
600000100,,0.5,0,0,0,0,0,6904,-1,-1,-1,1667,6,0,-1,-1,940,0,-1,-1,0,115,115,115,115,150,9900,100,100,112,0,0,0,0,0,0,0,0,0,0,0,20,0,0,0,0,0,0,0,0,0,0,0,1,0,0,1,255,1,255,0,255,0,0,0,0,0,0,0,0,0,0,0,0,0,0,0,0,0,0,0,0,0,0,0,-1,-1,2100,2010,-1,-1,-1,-1,-1,-1,-1,-1,-1,-1,-1,-1,-1,-1,-1,-1,-1,-1,-1,-1,-1,-1,-1,-1,-1,-1,-1,-1,0,0,0,0,0,0,0,0,0,0,0,0,-1,-1,-1,-1,-1,-1,-1,-1,-1,-1,-1,-1,-1,-1,-1,-1,-1,-1,-1,-1,-1,-1,-1,-1,0,0,0,0,0,0,0,0,0,0,0,0,0,0,0,0,0,0,0,0,0,0,0,0,255,139,139,115,0,0,0,1,0,0,0,65,90,100,100,0,0,100,-1,0,100,130,0,1,1,-1,0,0,240,0,0,0,0,115,0,115,0,0,0,0,0,0,[0|0|0|0]
600000101,,0.5,0,0,0,2,0.08,6904,-1,-1,-1,1667,6,0,-1,-1,940,0,-1,-1,0,290,290,290,290,200,9900,100,100,112,0,0,0,0,0,0,0,0,0,0,0,20,0,0,0,0,0,0,0,0,0,0,0,3,0,0,1,255,1,255,0,255,0,0,0,0,0,0,0,0,0,0,0,0,1,0,0,0,0,0,0,0,0,0,0,-1,-1,2100,2010,-1,-1,-1,-1,-1,-1,-1,-1,-1,-1,-1,-1,-1,-1,-1,-1,-1,-1,-1,-1,-1,-1,-1,-1,-1,-1,-1,-1,0,0,0,0,0,0,0,0,0,0,0,0,-1,-1,-1,-1,-1,-1,-1,-1,-1,-1,-1,-1,-1,-1,-1,-1,-1,-1,-1,-1,-1,-1,-1,-1,0,0,0,0,0,0,0,0,0,0,0,0,0,0,0,0,0,0,0,0,0,0,0,0,255,139,139,290,0,0,0,1,0,0,0,65,90,100,100,0,0,100,-1,0,100,130,0,1,1,-1,0,0,500,0,0,0,0,290,0,290,0,0,0,0,0,0,[0|0|0|0]
600000102,,0.4,0.2,0,0,1,0.08,6902,-1,-1,1665,-1,1,1,-1,-1,-1,-1,-1,-1,0,120,120,120,120,100,100,100,100,112,0,0,0,0,0,0,0,0,0,0,0,10,0,0,0,0,2,0,0,0,0,0,0,1,0,0,1,255,1,255,0,255,0,0,0,0,0,0,0,0,0,0,0,0,1,0,0,0,0,0,0,0,0,0,0,-1,-1,2100,2010,-1,-1,-1,-1,-1,-1,-1,-1,-1,-1,-1,-1,-1,-1,-1,-1,-1,-1,-1,-1,-1,-1,-1,-1,-1,-1,-1,-1,0,0,0,0,0,0,0,0,0,0,0,0,-1,-1,-1,-1,-1,-1,-1,-1,-1,-1,-1,-1,-1,-1,-1,-1,-1,-1,-1,-1,-1,-1,-1,-1,0,0,0,0,0,0,0,0,0,0,0,0,0,0,0,0,0,0,0,0,0,0,0,0,255,139,139,120,0,0,0,1,0,0,0,100,100,100,100,0,0,100,-1,0,100,100,0,1,1,-1,0,0,100,0,0,0,0,120,0,120,0,0,0,0,0,0,[0|0|0|0]
600000105,,0.5,0,0,0,0,0,6904,-1,-1,-1,1667,6,0,-1,-1,940,0,-1,-1,0,115,115,115,115,150,9900,100,100,111,0,0,0,0,0,0,0,0,0,0,0,20,0,0,0,0,0,0,0,0,0,0,0,1,0,0,1,255,1,255,0,255,0,0,0,0,0,0,0,0,0,0,0,0,0,0,0,0,0,0,0,0,0,0,0,-1,-1,2100,2010,-1,-1,-1,-1,-1,-1,-1,-1,-1,-1,-1,-1,-1,-1,-1,-1,-1,-1,-1,-1,-1,-1,-1,-1,-1,-1,-1,-1,0,0,0,0,0,0,0,0,0,0,0,0,-1,-1,-1,-1,-1,-1,-1,-1,-1,-1,-1,-1,-1,-1,-1,-1,-1,-1,-1,-1,-1,-1,-1,-1,0,0,0,0,0,0,0,0,0,0,0,0,0,0,0,0,0,0,0,0,0,0,0,0,255,139,139,115,0,0,0,1,0,0,0,65,90,100,100,0,0,100,-1,0,100,130,0,1,1,-1,0,0,240,0,0,0,0,115,0,115,0,0,0,0,0,0,[0|0|0|0]
600000106,,0.5,0,0,0,2.5,0.08,6904,-1,-1,-1,1667,6,0,-1,-1,940,0,-1,-1,0,540,540,540,540,400,9900,100,100,111,0,0,0,0,0,0,0,0,0,0,0,20,0,0,0,0,0,0,0,0,0,0,0,4,0,0,1,255,1,255,0,255,0,0,0,0,0,0,0,0,0,0,0,0,1,0,0,0,0,0,0,0,0,0,0,-1,-1,2100,2010,-1,-1,-1,-1,-1,-1,-1,-1,-1,-1,-1,-1,-1,-1,-1,-1,-1,-1,-1,-1,-1,-1,-1,-1,-1,-1,-1,-1,0,0,0,0,0,0,0,0,0,0,0,0,-1,-1,-1,-1,-1,-1,-1,-1,-1,-1,-1,-1,-1,-1,-1,-1,-1,-1,-1,-1,-1,-1,-1,-1,0,0,0,0,0,0,0,0,0,0,0,0,0,0,0,0,0,0,0,0,0,0,0,0,255,139,139,540,0,0,0,1,0,0,0,65,90,100,100,0,0,100,-1,0,100,130,0,1,1,-1,0,0,900,0,0,0,0,540,0,540,0,0,0,0,0,0,[0|0|0|0]
600000107,,0.4,0.2,0,0,1,0.08,6904,-1,-1,1665,-1,1,1,-1,-1,-1,-1,-1,-1,0,180,180,180,180,140,120,100,100,111,0,0,0,0,0,0,0,0,0,0,0,10,0,0,0,0,2,0,0,0,0,0,0,1,0,0,1,255,1,255,0,255,0,0,0,0,0,0,0,0,0,0,0,0,1,0,0,0,0,0,0,0,0,0,0,-1,-1,2100,2010,-1,-1,-1,-1,-1,-1,-1,-1,-1,-1,-1,-1,-1,-1,-1,-1,-1,-1,-1,-1,-1,-1,-1,-1,-1,-1,-1,-1,0,0,0,0,0,0,0,0,0,0,0,0,-1,-1,-1,-1,-1,-1,-1,-1,-1,-1,-1,-1,-1,-1,-1,-1,-1,-1,-1,-1,-1,-1,-1,-1,0,0,0,0,0,0,0,0,0,0,0,0,0,0,0,0,0,0,0,0,0,0,0,0,255,139,139,180,0,0,0,1,0,0,0,100,100,100,100,0,0,100,-1,0,100,130,0,1,1,-1,0,0,200,0,0,0,0,180,0,180,0,0,0,0,0,0,[0|0|0|0]
600000111,,0.4,0.4,0.08,0,1.5,0.08,-1,-1,-1,-1,-1,100,100,110,-1,-1,120,120,-1,0,148,148,148,148,300,500,100,100,112,130,0,0,0,0,0,0,0,0,0,0,80,0,0,0,0,0,2,0,0,0,0,0,3,0,0,2,11,2,255,0,255,0,0,0,0,0,0,0,0,0,0,0,2,1,0,0,0,0,0,0,0,0,1,0,-1,-1,2100,2010,-1,-1,-1,-1,-1,-1,-1,-1,-1,-1,-1,-1,-1,-1,-1,-1,-1,-1,-1,-1,-1,-1,-1,-1,-1,-1,-1,-1,0,0,0,0,0,0,0,0,0,0,0,0,-1,-1,-1,-1,-1,-1,-1,-1,-1,-1,-1,-1,-1,-1,-1,-1,-1,-1,-1,-1,-1,-1,-1,-1,0,0,0,0,0,0,0,0,0,0,0,0,0,0,0,0,0,0,0,0,0,0,0,0,255,139,139,148,0,0,0,1,0,0,0,100,100,100,100,0,0,100,-1,0,100,100,0,1,1,-1,7,0,400,0,0,0,0,148,0,148,0,0,0,0,0,0,[0|0|0|0]
600000112,,0.4,0.4,0.08,0,1.5,0.08,-1,-1,-1,-1,-1,100,100,110,-1,-1,120,120,-1,0,115,115,115,115,100,100,100,100,112,130,0,0,0,0,0,0,0,0,0,0,20,0,0,0,0,0,2,0,0,0,0,0,3,0,0,252,255,2,255,0,255,0,0,0,0,0,0,0,0,0,0,0,2,1,0,0,0,0,0,0,0,0,1,0,-1,-1,2100,2010,-1,-1,-1,-1,-1,-1,-1,-1,-1,-1,-1,-1,-1,-1,-1,-1,-1,-1,-1,-1,-1,-1,-1,-1,-1,-1,-1,-1,0,0,0,0,0,0,0,0,0,0,0,0,-1,-1,-1,-1,-1,-1,-1,-1,-1,-1,-1,-1,-1,-1,-1,-1,-1,-1,-1,-1,-1,-1,-1,-1,0,0,0,0,0,0,0,0,0,0,0,0,0,0,0,0,0,0,0,0,0,0,0,0,255,139,139,115,0,0,0,1,0,0,0,100,100,100,100,0,0,100,-1,0,100,100,0,1,1,-1,0,0,100,0,0,0,0,115,0,115,0,0,0,0,0,0,[0|0|0|0]
600000113,,0.35,0.1,0,0,1.8,0,6904,-1,-1,-1,1667,11120,11120,-1,-1,11100,-1,-1,-1,0,0,0,0,0,0,500,100,100,112,130,0,0,168,0,0,0,0,0,0,0,10,0,0,0,0,2,0,0,0,0,0,0,3,0,0,1,11,3,255,0,255,0,0,0,0,0,0,0,0,0,0,0,2,1,0,0,0,0,1,0,0,0,0,15,-1,-1,2100,2010,-1,-1,-1,-1,-1,-1,-1,-1,-1,-1,-1,-1,-1,-1,-1,-1,-1,-1,-1,-1,-1,-1,-1,-1,-1,-1,-1,-1,0,0,0,0,0,0,0,0,0,0,0,0,-1,-1,-1,-1,-1,-1,-1,-1,-1,-1,-1,-1,-1,-1,-1,-1,-1,-1,-1,-1,-1,-1,-1,-1,0,0,0,0,0,0,0,0,0,0,0,0,0,0,0,0,0,0,0,0,0,0,0,0,255,139,139,0,0,0,1,1,0,0,0,0,0,100,100,0,0,0,51050,0,100,100,0,1,1,-1,7,0,0,0,0,0,0,0,0,0,15,0,0,0,0,0,[0|0|0|0]
600000114,,0.35,0.1,0,0,0.5,0,6904,-1,-1,1665,-1,2,-1,-1,-1,-1,-1,-1,-1,0,0,0,0,0,0,500,100,100,112,130,45,0,0,0,10,0,0,0,0,0,10,0,0,0,0,2,0,0,0,0,0,0,1,0,0,1,11,3,255,0,255,0,0,0,0,0,0,0,0,0,0,0,2,1,0,0,0,0,1,0,0,0,0,5,-1,-1,2100,2010,-1,-1,-1,-1,-1,-1,-1,-1,-1,-1,-1,-1,-1,-1,-1,-1,-1,-1,-1,-1,-1,-1,-1,-1,-1,-1,-1,-1,0,0,0,0,0,0,0,0,0,0,0,0,-1,-1,-1,-1,-1,-1,-1,-1,-1,-1,-1,-1,-1,-1,-1,-1,-1,-1,-1,-1,-1,-1,-1,-1,0,0,0,0,0,0,0,0,0,0,0,0,0,0,0,0,0,0,0,0,0,0,0,0,255,139,139,0,0,0,1,1,0,0,0,0,0,100,100,0,0,0,-1,0,100,100,0,1,1,-1,0,0,0,0,0,0,0,0,0,0,5,0,0,0,0,0,[0|0|0|0]
600000130,,0.8,0,0,0,0.7,0.08,6904,-1,-1,1665,-1,6,0,-1,-1,940,0,-1,-1,0,120,120,120,120,315,500,100,100,112,127,0,0,0,0,0,0,0,0,0,0,10,0,0,0,0,0,0,0,0,0,0,0,2,0,0,1,255,1,255,0,255,0,0,0,0,0,0,0,0,0,0,0,3,1,0,0,0,0,0,0,0,0,0,0,-1,-1,2100,2010,-1,-1,-1,-1,-1,-1,-1,-1,-1,-1,-1,-1,-1,-1,-1,-1,-1,-1,-1,-1,-1,-1,-1,-1,-1,-1,-1,-1,0,0,0,0,0,0,0,0,0,0,0,0,-1,-1,-1,-1,-1,-1,-1,-1,-1,-1,-1,-1,-1,-1,-1,-1,-1,-1,-1,-1,-1,-1,-1,-1,0,0,0,0,0,0,0,0,0,0,0,0,0,0,0,0,0,0,0,0,0,0,0,0,255,139,139,120,0,0,0,1,0,0,0,70,100,100,100,0,0,100,-1,0,100,130,0,1,1,-1,0,0,200,0,0,0,0,120,0,120,0,0,0,0,0,0,[0|0|0|0]
600000131,,0.8,0,0,0,0.7,0.08,6904,-1,-1,1665,-1,5,0,-1,-1,930,0,-1,-1,0,91,91,91,91,315,500,100,100,112,127,0,0,0,0,0,0,0,0,0,0,10,0,0,0,0,0,0,0,0,0,0,0,2,0,0,1,255,1,255,0,255,0,0,0,0,0,0,0,0,0,0,0,3,1,0,0,0,0,0,0,0,0,0,0,-1,-1,2100,2010,-1,-1,-1,-1,-1,-1,-1,-1,-1,-1,-1,-1,-1,-1,-1,-1,-1,-1,-1,-1,-1,-1,-1,-1,-1,-1,-1,-1,0,0,0,0,0,0,0,0,0,0,0,0,-1,-1,-1,-1,-1,-1,-1,-1,-1,-1,-1,-1,-1,-1,-1,-1,-1,-1,-1,-1,-1,-1,-1,-1,0,0,0,0,0,0,0,0,0,0,0,0,0,0,0,0,0,0,0,0,0,0,0,0,255,139,139,91,0,0,0,1,0,0,0,70,100,100,100,0,0,100,-1,0,100,130,0,1,1,-1,0,0,50,0,0,0,0,91,0,91,0,0,0,0,0,0,[0|0|0|0]
600000132,,0.8,0,0,0,0.7,0.08,6904,-1,-1,1665,-1,6,0,-1,-1,940,0,-1,-1,0,91,91,91,91,315,500,100,100,112,127,0,0,0,0,0,0,0,0,0,0,10,0,0,0,0,0,0,0,0,0,0,0,2,0,0,1,255,1,255,0,255,0,0,0,0,0,0,0,0,0,0,0,3,1,0,0,0,0,0,0,0,0,0,0,-1,-1,2100,2010,-1,-1,-1,-1,-1,-1,-1,-1,-1,-1,-1,-1,-1,-1,-1,-1,-1,-1,-1,-1,-1,-1,-1,-1,-1,-1,-1,-1,0,0,0,0,0,0,0,0,0,0,0,0,-1,-1,-1,-1,-1,-1,-1,-1,-1,-1,-1,-1,-1,-1,-1,-1,-1,-1,-1,-1,-1,-1,-1,-1,0,0,0,0,0,0,0,0,0,0,0,0,0,0,0,0,0,0,0,0,0,0,0,0,255,139,139,91,0,0,0,1,0,0,0,70,100,100,100,0,0,100,-1,0,100,130,0,1,1,-1,0,0,50,0,0,0,0,91,0,91,0,0,0,0,0,0,[0|0|0|0]
600000133,,0.8,0,0,0,1,0.08,6904,-1,-1,1665,-1,6,0,-1,-1,940,0,-1,-1,0,140,140,140,140,315,500,100,100,112,127,0,0,0,0,0,0,0,0,0,0,10,0,0,0,0,0,0,0,0,0,0,0,2,0,0,1,255,1,255,0,255,0,0,0,0,0,0,0,0,0,0,0,3,1,0,0,0,0,0,0,0,0,0,0,-1,-1,2100,2010,-1,-1,-1,-1,-1,-1,-1,-1,-1,-1,-1,-1,-1,-1,-1,-1,-1,-1,-1,-1,-1,-1,-1,-1,-1,-1,-1,-1,0,0,0,0,0,0,0,0,0,0,0,0,-1,-1,-1,-1,-1,-1,-1,-1,-1,-1,-1,-1,-1,-1,-1,-1,-1,-1,-1,-1,-1,-1,-1,-1,0,0,0,0,0,0,0,0,0,0,0,0,0,0,0,0,0,0,0,0,0,0,0,0,255,139,139,140,0,0,0,1,0,0,0,70,100,100,100,0,0,100,-1,0,100,130,0,1,1,-1,0,0,400,0,0,0,0,140,0,140,0,0,0,0,0,0,[0|0|0|0]
600000134,,0.4,0,0,0,0.7,0.08,6904,-1,-1,1665,-1,6,0,-1,-1,940,0,-1,-1,0,70,70,70,70,100,120,100,100,112,127,0,0,0,0,0,0,0,0,0,0,10,0,0,0,0,0,0,0,0,0,0,0,2,0,0,1,255,1,255,0,255,0,0,0,0,0,0,0,0,0,0,0,3,1,0,0,0,0,0,0,0,0,0,0,-1,-1,2100,2010,-1,-1,-1,-1,-1,-1,-1,-1,-1,-1,-1,-1,-1,-1,-1,-1,-1,-1,-1,-1,-1,-1,-1,-1,-1,-1,-1,-1,0,0,0,0,0,0,0,0,0,0,0,0,-1,-1,-1,-1,-1,-1,-1,-1,-1,-1,-1,-1,-1,-1,-1,-1,-1,-1,-1,-1,-1,-1,-1,-1,0,0,0,0,0,0,0,0,0,0,0,0,0,0,0,0,0,0,0,0,0,0,0,0,255,139,139,70,0,0,0,1,0,0,0,100,100,100,100,0,0,100,-1,0,100,130,0,1,1,-1,0,0,100,0,0,0,0,70,0,70,0,0,0,0,0,0,[0|0|0|0]
600000135,,0.4,0,0,0,0.7,0.08,6904,-1,-1,1665,-1,5,0,-1,-1,930,0,-1,-1,0,70,70,70,70,100,120,100,100,112,127,0,0,0,0,0,0,0,0,0,0,10,0,0,0,0,0,0,0,0,0,0,0,2,0,0,1,255,1,255,0,255,0,0,0,0,0,0,0,0,0,0,0,3,1,0,0,0,0,0,0,0,0,0,0,-1,-1,2100,2010,-1,-1,-1,-1,-1,-1,-1,-1,-1,-1,-1,-1,-1,-1,-1,-1,-1,-1,-1,-1,-1,-1,-1,-1,-1,-1,-1,-1,0,0,0,0,0,0,0,0,0,0,0,0,-1,-1,-1,-1,-1,-1,-1,-1,-1,-1,-1,-1,-1,-1,-1,-1,-1,-1,-1,-1,-1,-1,-1,-1,0,0,0,0,0,0,0,0,0,0,0,0,0,0,0,0,0,0,0,0,0,0,0,0,255,139,139,70,0,0,0,1,0,0,0,100,100,100,100,0,0,100,-1,0,100,130,0,1,1,-1,0,0,100,0,0,0,0,70,0,70,0,0,0,0,0,0,[0|0|0|0]
600000136,,0.4,0,0,0,0.7,0.08,6904,-1,-1,1665,-1,6,0,-1,-1,940,0,-1,-1,0,70,70,70,70,100,120,100,100,112,127,0,0,0,0,0,0,0,0,0,0,10,0,0,0,0,0,0,0,0,0,0,0,2,0,0,1,255,1,255,0,255,0,0,0,0,0,0,0,0,0,0,0,3,1,0,0,0,0,0,0,0,0,0,0,-1,-1,2100,2010,-1,-1,-1,-1,-1,-1,-1,-1,-1,-1,-1,-1,-1,-1,-1,-1,-1,-1,-1,-1,-1,-1,-1,-1,-1,-1,-1,-1,0,0,0,0,0,0,0,0,0,0,0,0,-1,-1,-1,-1,-1,-1,-1,-1,-1,-1,-1,-1,-1,-1,-1,-1,-1,-1,-1,-1,-1,-1,-1,-1,0,0,0,0,0,0,0,0,0,0,0,0,0,0,0,0,0,0,0,0,0,0,0,0,255,139,139,70,0,0,0,1,0,0,0,100,100,100,100,0,0,100,-1,0,100,130,0,1,1,-1,0,0,100,0,0,0,0,70,0,70,0,0,0,0,0,0,[0|0|0|0]
600000137,,0.4,0,0,0,1,0.08,6904,-1,-1,1665,-1,6,0,-1,-1,940,0,-1,-1,0,70,70,70,70,100,120,100,100,112,127,0,0,0,0,0,0,0,0,0,0,10,0,0,0,0,0,0,0,0,0,0,0,2,0,0,1,255,1,255,0,255,0,0,0,0,0,0,0,0,0,0,0,3,1,0,0,0,0,0,0,0,0,0,0,-1,-1,2100,2010,-1,-1,-1,-1,-1,-1,-1,-1,-1,-1,-1,-1,-1,-1,-1,-1,-1,-1,-1,-1,-1,-1,-1,-1,-1,-1,-1,-1,0,0,0,0,0,0,0,0,0,0,0,0,-1,-1,-1,-1,-1,-1,-1,-1,-1,-1,-1,-1,-1,-1,-1,-1,-1,-1,-1,-1,-1,-1,-1,-1,0,0,0,0,0,0,0,0,0,0,0,0,0,0,0,0,0,0,0,0,0,0,0,0,255,139,139,70,0,0,0,1,0,0,0,100,100,100,100,0,0,100,-1,0,100,130,0,1,1,-1,0,0,100,0,0,0,0,70,0,70,0,0,0,0,0,0,[0|0|0|0]
600000151,,0.4,0,0,0,2,0.08,6904,-1,-1,1665,-1,100,0,-1,-1,110,0,-1,-1,0,231,231,231,231,315,500,100,100,112,28,0,0,0,0,0,0,0,0,0,0,10,0,0,0,0,0,0,0,0,0,0,0,3,0,0,252,255,2,255,0,255,0,0,0,0,0,0,0,0,0,0,0,0,1,0,0,0,0,0,0,0,0,0,0,-1,-1,2100,2010,-1,-1,-1,-1,-1,-1,-1,-1,-1,-1,-1,-1,-1,-1,-1,-1,-1,-1,-1,-1,-1,-1,-1,-1,-1,-1,-1,-1,0,0,0,0,0,0,0,0,0,0,0,0,-1,-1,-1,-1,-1,-1,-1,-1,-1,-1,-1,-1,-1,-1,-1,-1,-1,-1,-1,-1,-1,-1,-1,-1,0,0,0,0,0,0,0,0,0,0,0,0,0,0,0,0,0,0,0,0,0,0,0,0,255,139,139,231,0,0,0,1,0,0,0,100,100,100,100,0,0,100,-1,0,100,130,0,1,1,-1,0,0,400,0,0,0,0,231,0,231,0,0,0,0,0,0,[0|0|0|0]
600000160,,0.4,0.15,0,0,0.7,0.03,6904,-1,-1,1665,-1,120,122,-1,-1,130,130,-1,-1,0,47,47,47,47,100,500,100,100,112,28,0,0,0,0,0,0,0,0,0,0,10,0,0,0,0,2,0,0,0,0,0,0,2,0,0,253,255,0,255,0,255,0,0,0,0,0,0,0,0,0,0,0,0,1,0,0,0,0,0,0,0,0,0,0,-1,-1,2100,2010,-1,-1,-1,-1,-1,-1,-1,-1,-1,-1,-1,-1,-1,-1,-1,-1,-1,-1,-1,-1,-1,-1,-1,-1,-1,-1,-1,-1,0,0,0,0,0,0,0,0,0,0,0,0,-1,-1,-1,-1,-1,-1,-1,-1,-1,-1,-1,-1,-1,-1,-1,-1,-1,-1,-1,-1,-1,-1,-1,-1,0,0,0,0,0,0,0,0,0,0,0,0,0,0,0,0,0,0,0,0,0,0,0,0,255,139,139,47,0,0,0,1,0,0,0,40,100,100,100,0,0,100,-1,0,100,130,0,1,1,-1,0,0,50,0,0,0,0,47,0,47,0,0,0,0,0,0,[0|0|0|0]
600000161,,0.4,0.15,0,0,0.7,0.03,6904,-1,-1,1665,-1,100,122,-1,-1,110,110,-1,-1,0,47,47,47,47,100,500,100,100,112,28,0,0,0,0,0,0,0,0,0,0,10,0,0,0,0,2,0,0,0,0,0,0,2,0,0,253,255,0,255,0,255,0,0,0,0,0,0,0,0,0,0,0,0,1,0,0,0,0,0,0,0,0,0,0,-1,-1,2100,2010,-1,-1,-1,-1,-1,-1,-1,-1,-1,-1,-1,-1,-1,-1,-1,-1,-1,-1,-1,-1,-1,-1,-1,-1,-1,-1,-1,-1,0,0,0,0,0,0,0,0,0,0,0,0,-1,-1,-1,-1,-1,-1,-1,-1,-1,-1,-1,-1,-1,-1,-1,-1,-1,-1,-1,-1,-1,-1,-1,-1,0,0,0,0,0,0,0,0,0,0,0,0,0,0,0,0,0,0,0,0,0,0,0,0,255,139,139,47,0,0,0,1,0,0,0,40,100,100,100,0,0,100,-1,0,100,130,0,1,1,-1,0,0,50,0,0,0,0,47,0,47,0,0,0,0,0,0,[0|0|0|0]
600000162,,0.4,0.15,0,0,0.7,0.03,6904,-1,-1,1665,-1,120,122,-1,-1,130,130,-1,-1,0,63,63,63,63,100,500,100,100,112,28,0,0,0,0,0,0,0,0,0,0,10,0,0,0,0,2,0,0,0,0,0,0,2,0,0,253,255,0,255,0,255,0,0,0,0,0,0,0,0,0,0,0,0,1,0,0,0,0,0,0,0,0,0,0,-1,-1,2100,2010,-1,-1,-1,-1,-1,-1,-1,-1,-1,-1,-1,-1,-1,-1,-1,-1,-1,-1,-1,-1,-1,-1,-1,-1,-1,-1,-1,-1,0,0,0,0,0,0,0,0,0,0,0,0,-1,-1,-1,-1,-1,-1,-1,-1,-1,-1,-1,-1,-1,-1,-1,-1,-1,-1,-1,-1,-1,-1,-1,-1,0,0,0,0,0,0,0,0,0,0,0,0,0,0,0,0,0,0,0,0,0,0,0,0,255,139,139,63,0,0,0,1,0,0,0,40,100,100,100,0,0,100,-1,0,100,130,0,1,1,-1,0,0,50,0,0,0,0,63,0,63,0,0,0,0,0,0,[0|0|0|0]
600000163,,0.4,0.15,0,0,0.7,0.03,6904,-1,-1,1665,-1,100,122,-1,-1,110,110,-1,-1,0,63,63,63,63,100,500,100,100,112,28,0,0,0,0,0,0,0,0,0,0,10,0,0,0,0,2,0,0,0,0,0,0,2,0,0,253,255,0,255,0,255,0,0,0,0,0,0,0,0,0,0,0,0,1,0,0,0,0,0,0,0,0,0,0,-1,-1,2100,2010,-1,-1,-1,-1,-1,-1,-1,-1,-1,-1,-1,-1,-1,-1,-1,-1,-1,-1,-1,-1,-1,-1,-1,-1,-1,-1,-1,-1,0,0,0,0,0,0,0,0,0,0,0,0,-1,-1,-1,-1,-1,-1,-1,-1,-1,-1,-1,-1,-1,-1,-1,-1,-1,-1,-1,-1,-1,-1,-1,-1,0,0,0,0,0,0,0,0,0,0,0,0,0,0,0,0,0,0,0,0,0,0,0,0,255,139,139,63,0,0,0,1,0,0,0,40,100,100,100,0,0,100,-1,0,100,130,0,1,1,-1,0,0,50,0,0,0,0,63,0,63,0,0,0,0,0,0,[0|0|0|0]
600000164,,0.4,0.15,0,0,0.7,0.03,6904,-1,-1,1665,-1,120,122,-1,-1,130,130,-1,-1,0,68,68,68,68,100,500,100,100,112,28,0,0,0,0,0,0,0,0,0,0,10,0,0,0,0,2,0,0,0,0,0,0,2,0,0,253,255,0,255,0,255,0,0,0,0,0,0,0,0,0,0,0,0,1,0,0,0,0,0,0,0,0,0,0,-1,-1,2100,2010,-1,-1,-1,-1,-1,-1,-1,-1,-1,-1,-1,-1,-1,-1,-1,-1,-1,-1,-1,-1,-1,-1,-1,-1,-1,-1,-1,-1,0,0,0,0,0,0,0,0,0,0,0,0,-1,-1,-1,-1,-1,-1,-1,-1,-1,-1,-1,-1,-1,-1,-1,-1,-1,-1,-1,-1,-1,-1,-1,-1,0,0,0,0,0,0,0,0,0,0,0,0,0,0,0,0,0,0,0,0,0,0,0,0,255,139,139,68,0,0,0,1,0,0,0,40,100,100,100,0,0,100,-1,0,100,130,0,1,1,-1,0,0,50,0,0,0,0,68,0,68,0,0,0,0,0,0,[0|0|0|0]
600000165,,0.4,0.15,0,0,0.7,0.03,6904,-1,-1,1665,-1,100,122,-1,-1,110,110,-1,-1,0,68,68,68,68,100,500,100,100,112,28,0,0,0,0,0,0,0,0,0,0,10,0,0,0,0,2,0,0,0,0,0,0,2,0,0,253,255,0,255,0,255,0,0,0,0,0,0,0,0,0,0,0,0,1,0,0,0,0,0,0,0,0,0,0,-1,-1,2100,2010,-1,-1,-1,-1,-1,-1,-1,-1,-1,-1,-1,-1,-1,-1,-1,-1,-1,-1,-1,-1,-1,-1,-1,-1,-1,-1,-1,-1,0,0,0,0,0,0,0,0,0,0,0,0,-1,-1,-1,-1,-1,-1,-1,-1,-1,-1,-1,-1,-1,-1,-1,-1,-1,-1,-1,-1,-1,-1,-1,-1,0,0,0,0,0,0,0,0,0,0,0,0,0,0,0,0,0,0,0,0,0,0,0,0,255,139,139,68,0,0,0,1,0,0,0,40,100,100,100,0,0,100,-1,0,100,130,0,1,1,-1,0,0,50,0,0,0,0,68,0,68,0,0,0,0,0,0,[0|0|0|0]
600000166,,0.4,0.15,0,0,0.7,0.03,6904,-1,-1,1665,-1,120,122,-1,-1,130,130,-1,-1,0,52,52,52,52,100,500,100,100,112,28,0,0,0,0,0,0,0,0,0,0,10,0,0,0,0,2,0,0,0,0,0,0,2,0,0,253,255,0,255,0,255,0,0,0,0,0,0,0,0,0,0,0,0,1,0,0,0,0,0,0,0,0,0,0,-1,-1,2100,2010,-1,-1,-1,-1,-1,-1,-1,-1,-1,-1,-1,-1,-1,-1,-1,-1,-1,-1,-1,-1,-1,-1,-1,-1,-1,-1,-1,-1,0,0,0,0,0,0,0,0,0,0,0,0,-1,-1,-1,-1,-1,-1,-1,-1,-1,-1,-1,-1,-1,-1,-1,-1,-1,-1,-1,-1,-1,-1,-1,-1,0,0,0,0,0,0,0,0,0,0,0,0,0,0,0,0,0,0,0,0,0,0,0,0,255,139,139,52,0,0,0,1,0,0,0,40,100,100,100,0,0,100,-1,0,100,130,0,1,1,-1,0,0,50,0,0,0,0,52,0,52,0,0,0,0,0,0,[0|0|0|0]
600000167,,0.4,0.15,0,0,0.7,0.03,6904,-1,-1,1665,-1,100,122,-1,-1,110,110,-1,-1,0,52,52,52,52,100,500,100,100,112,28,0,0,0,0,0,0,0,0,0,0,10,0,0,0,0,2,0,0,0,0,0,0,2,0,0,253,255,0,255,0,255,0,0,0,0,0,0,0,0,0,0,0,0,1,0,0,0,0,0,0,0,0,0,0,-1,-1,2100,2010,-1,-1,-1,-1,-1,-1,-1,-1,-1,-1,-1,-1,-1,-1,-1,-1,-1,-1,-1,-1,-1,-1,-1,-1,-1,-1,-1,-1,0,0,0,0,0,0,0,0,0,0,0,0,-1,-1,-1,-1,-1,-1,-1,-1,-1,-1,-1,-1,-1,-1,-1,-1,-1,-1,-1,-1,-1,-1,-1,-1,0,0,0,0,0,0,0,0,0,0,0,0,0,0,0,0,0,0,0,0,0,0,0,0,255,139,139,52,0,0,0,1,0,0,0,40,100,100,100,0,0,100,-1,0,100,130,0,1,1,-1,0,0,50,0,0,0,0,52,0,52,0,0,0,0,0,0,[0|0|0|0]
600000181,_1_1_1_1,0.5,0.2,0,0,1.7,0.08,6904,-1,-1,1665,1667,11100,11120,-1,-1,11110,-1,-1,-1,0,145,145,145,145,140,9900,100,100,112,0,0,0,0,0,0,0,0,0,0,0,10,0,0,0,0,2,0,0,0,0,0,0,2,0,0,252,255,0,255,0,255,0,0,1,0,0,0,0,0,0,0,0,4,1,0,0,0,0,0,0,1,0,0,0,-1,-1,2100,2010,-1,-1,-1,-1,-1,-1,-1,-1,-1,-1,-1,-1,-1,-1,-1,-1,-1,-1,-1,-1,-1,-1,-1,-1,-1,-1,-1,-1,0,0,0,0,0,0,0,0,0,0,0,0,-1,-1,-1,-1,-1,-1,-1,-1,-1,-1,-1,-1,-1,-1,-1,-1,-1,-1,-1,-1,-1,-1,-1,-1,0,0,0,0,0,0,0,0,0,0,0,0,0,0,0,0,0,0,0,0,0,0,0,0,255,139,139,145,0,0,0,1,0,1,0,100,100,100,100,0,0,100,-1,0,100,100,0,1,1,-1,0,0,200,0,0,100,0,145,0,145,0,-1,0,0,130,1,[0|0|0|0]
600000182,_1_1,0.5,0.2,0,0,1.7,0.08,6904,-1,-1,1665,1667,100,120,-1,-1,110,-1,-1,-1,0,70,70,70,70,100,100,100,100,112,0,0,0,0,0,0,0,0,0,0,0,10,0,0,0,0,2,0,0,0,0,0,0,2,0,0,252,255,0,255,0,255,0,0,0,0,0,0,0,0,0,0,0,3,1,0,0,0,0,0,0,1,0,0,0,-1,-1,2100,2010,-1,-1,-1,-1,-1,-1,-1,-1,-1,-1,-1,-1,-1,-1,-1,-1,-1,-1,-1,-1,-1,-1,-1,-1,-1,-1,-1,-1,0,0,0,0,0,0,0,0,0,0,0,0,-1,-1,-1,-1,-1,-1,-1,-1,-1,-1,-1,-1,-1,-1,-1,-1,-1,-1,-1,-1,-1,-1,-1,-1,0,0,0,0,0,0,0,0,0,0,0,0,0,0,0,0,0,0,0,0,0,0,0,0,255,139,139,70,0,0,0,1,0,1,0,100,100,100,100,0,0,100,-1,0,100,100,0,1,1,-1,0,0,100,0,0,100,0,70,0,70,0,-1,0,0,130,1,[0|0|0|0]
600000183,_1_1_1,0.5,0.2,0,0,1.7,0.08,6904,-1,-1,1665,1667,11100,11120,-1,-1,11110,-1,-1,-1,0,70,70,70,70,100,100,100,100,112,0,0,0,0,0,0,0,0,0,0,0,10,0,0,0,0,2,0,0,0,0,0,0,2,0,0,252,255,0,255,0,255,0,0,0,0,0,0,0,0,0,0,0,4,1,0,0,0,0,0,0,1,0,0,0,-1,-1,2100,2010,-1,-1,-1,-1,-1,-1,-1,-1,-1,-1,-1,-1,-1,-1,-1,-1,-1,-1,-1,-1,-1,-1,-1,-1,-1,-1,-1,-1,0,0,0,0,0,0,0,0,0,0,0,0,-1,-1,-1,-1,-1,-1,-1,-1,-1,-1,-1,-1,-1,-1,-1,-1,-1,-1,-1,-1,-1,-1,-1,-1,0,0,0,0,0,0,0,0,0,0,0,0,0,0,0,0,0,0,0,0,0,0,0,0,255,139,139,70,0,0,0,1,0,1,0,100,100,100,100,0,0,100,-1,0,100,100,0,1,1,-1,0,0,100,0,0,100,0,70,0,70,0,-1,0,0,130,1,[0|0|0|0]
600000184,_1,0.5,0.2,0,0,1.7,0.08,6904,-1,-1,1665,1667,100,120,-1,-1,110,-1,-1,-1,0,145,145,145,145,140,9900,100,100,112,0,0,0,0,0,0,0,0,0,0,0,10,0,0,0,0,2,0,0,0,0,0,0,2,0,0,252,255,0,255,0,255,0,0,1,0,0,0,0,0,0,0,0,3,1,0,0,0,0,0,0,1,0,0,0,-1,-1,2100,2010,-1,-1,-1,-1,-1,-1,-1,-1,-1,-1,-1,-1,-1,-1,-1,-1,-1,-1,-1,-1,-1,-1,-1,-1,-1,-1,-1,-1,0,0,0,0,0,0,0,0,0,0,0,0,-1,-1,-1,-1,-1,-1,-1,-1,-1,-1,-1,-1,-1,-1,-1,-1,-1,-1,-1,-1,-1,-1,-1,-1,0,0,0,0,0,0,0,0,0,0,0,0,0,0,0,0,0,0,0,0,0,0,0,0,255,139,139,145,0,0,0,1,0,1,0,100,100,100,100,0,0,100,-1,0,100,130,0,1,1,-1,0,0,200,0,0,100,0,145,0,145,0,-1,0,0,130,1,[0|0|0|0]
600000190,,0.4,0.08,0,0,1.5,0.08,-1,-1,-1,-1,-1,100,110,-1,-1,120,120,-1,-1,0,100,100,100,100,200,500,100,100,112,130,0,0,0,0,0,0,0,0,0,0,10,0,0,0,0,2,0,0,0,0,0,0,3,0,0,252,255,2,255,0,255,0,0,0,0,0,0,0,0,0,0,0,2,1,0,0,0,0,0,0,0,0,1,0,-1,-1,2100,2010,-1,-1,-1,-1,-1,-1,-1,-1,-1,-1,-1,-1,-1,-1,-1,-1,-1,-1,-1,-1,-1,-1,-1,-1,-1,-1,-1,-1,0,0,0,0,0,0,0,0,0,0,0,0,-1,-1,-1,-1,-1,-1,-1,-1,-1,-1,-1,-1,-1,-1,-1,-1,-1,-1,-1,-1,-1,-1,-1,-1,0,0,0,0,0,0,0,0,0,0,0,0,0,0,0,0,0,0,0,0,0,0,0,0,255,139,139,100,0,0,0,1,0,0,0,100,100,100,100,0,0,100,-1,0,100,100,0,1,1,-1,0,0,225,0,0,0,0,100,0,100,0,0,0,0,0,0,[0|0|0|0]
600000191,,0.4,0.08,0,0,1.5,0.08,-1,-1,-1,-1,-1,100,110,-1,-1,120,120,-1,-1,0,100,100,100,100,100,100,100,100,112,130,0,0,0,0,0,0,0,0,0,0,10,0,0,0,0,2,0,0,0,0,0,0,2,0,0,252,255,2,255,0,255,0,0,0,0,0,0,0,0,0,0,0,2,1,0,0,0,0,0,0,0,0,1,0,-1,-1,2100,2010,-1,-1,-1,-1,-1,-1,-1,-1,-1,-1,-1,-1,-1,-1,-1,-1,-1,-1,-1,-1,-1,-1,-1,-1,-1,-1,-1,-1,0,0,0,0,0,0,0,0,0,0,0,0,-1,-1,-1,-1,-1,-1,-1,-1,-1,-1,-1,-1,-1,-1,-1,-1,-1,-1,-1,-1,-1,-1,-1,-1,0,0,0,0,0,0,0,0,0,0,0,0,0,0,0,0,0,0,0,0,0,0,0,0,255,139,139,100,0,0,0,1,0,0,0,100,100,100,100,0,0,100,-1,0,100,100,0,1,1,-1,0,0,100,0,0,0,0,100,0,100,0,0,0,0,0,0,[0|0|0|0]
600000192,,0,0,0,0,1.8,0,6904,-1,-1,-1,1667,0,0,-1,-1,0,0,-1,-1,0,0,0,0,0,0,500,100,100,112,130,0,0,156,0,0,0,0,0,0,0,10,0,0,0,0,0,0,0,0,0,0,0,2,1,0,3,11,3,255,0,255,0,0,0,0,0,0,0,0,0,0,0,2,1,0,0,0,0,1,0,0,0,0,6,-1,-1,2100,2010,-1,-1,-1,-1,-1,-1,-1,-1,-1,-1,-1,-1,-1,-1,-1,-1,-1,-1,-1,-1,-1,-1,-1,-1,-1,-1,-1,-1,0,0,0,0,0,0,0,0,0,0,0,0,-1,-1,-1,-1,-1,-1,-1,-1,-1,-1,-1,-1,-1,-1,-1,-1,-1,-1,-1,-1,-1,-1,-1,-1,0,0,0,0,0,0,0,0,0,0,0,0,0,0,0,0,0,0,0,0,0,0,0,0,255,139,139,0,0,0,1,1,0,0,0,0,0,100,100,0,0,0,51050,0,100,100,0,1,1,-1,7,0,0,0,0,0,0,0,0,0,6,0,0,0,0,0,[0|0|0|0]
600000195,,0.4,0.08,0,0,1.5,0.08,-1,-1,-1,-1,-1,100,110,-1,-1,120,120,-1,-1,0,140,140,140,140,350,500,100,100,111,130,0,0,0,0,0,0,0,0,0,0,10,0,0,0,0,2,0,0,0,0,0,0,3,0,0,252,255,2,255,0,255,0,0,0,0,0,0,0,0,0,0,0,2,1,0,0,0,0,0,0,0,0,1,0,-1,-1,2100,2010,-1,-1,-1,-1,-1,-1,-1,-1,-1,-1,-1,-1,-1,-1,-1,-1,-1,-1,-1,-1,-1,-1,-1,-1,-1,-1,-1,-1,0,0,0,0,0,0,0,0,0,0,0,0,-1,-1,-1,-1,-1,-1,-1,-1,-1,-1,-1,-1,-1,-1,-1,-1,-1,-1,-1,-1,-1,-1,-1,-1,0,0,0,0,0,0,0,0,0,0,0,0,0,0,0,0,0,0,0,0,0,0,0,0,255,139,139,140,0,0,0,1,0,0,0,100,100,100,100,0,0,100,-1,0,100,100,0,1,1,-1,0,0,540,0,0,0,0,140,0,140,0,0,112,0,0,0,[0|0|0|0]
600000196,,0.4,0.08,0,0,1.5,0.08,-1,-1,-1,-1,-1,100,110,-1,-1,120,120,-1,-1,0,130,130,130,130,150,100,100,100,111,130,0,0,0,0,0,0,0,0,0,0,10,0,0,0,0,2,0,0,0,0,0,0,2,0,0,252,255,2,255,0,255,0,0,0,0,0,0,0,0,0,0,0,2,1,0,0,0,0,0,0,0,0,1,0,-1,-1,2100,2010,-1,-1,-1,-1,-1,-1,-1,-1,-1,-1,-1,-1,-1,-1,-1,-1,-1,-1,-1,-1,-1,-1,-1,-1,-1,-1,-1,-1,0,0,0,0,0,0,0,0,0,0,0,0,-1,-1,-1,-1,-1,-1,-1,-1,-1,-1,-1,-1,-1,-1,-1,-1,-1,-1,-1,-1,-1,-1,-1,-1,0,0,0,0,0,0,0,0,0,0,0,0,0,0,0,0,0,0,0,0,0,0,0,0,255,139,139,130,0,0,0,1,0,0,0,100,100,100,100,0,0,100,-1,0,100,100,0,1,1,-1,0,0,100,0,0,0,0,130,0,130,0,0,112,0,0,0,[0|0|0|0]
600000197,,0,0,0,0,1.8,0,6904,-1,-1,-1,1667,0,0,0,-1,0,0,0,-1,0,0,0,0,0,0,500,100,100,111,130,0,0,184,0,0,0,0,0,0,0,10,0,0,0,0,0,0,0,0,0,0,0,3,1,0,3,11,3,255,0,255,0,0,0,0,0,0,0,0,0,0,0,2,1,0,0,0,0,1,0,0,0,0,6,-1,-1,2100,2010,-1,-1,-1,-1,-1,-1,-1,-1,-1,-1,-1,-1,-1,-1,-1,-1,-1,-1,-1,-1,-1,-1,-1,-1,-1,-1,-1,-1,0,0,0,0,0,0,0,0,0,0,0,0,-1,-1,-1,-1,-1,-1,-1,-1,-1,-1,-1,-1,-1,-1,-1,-1,-1,-1,-1,-1,-1,-1,-1,-1,0,0,0,0,0,0,0,0,0,0,0,0,0,0,0,0,0,0,0,0,0,0,0,0,255,139,139,0,0,0,1,1,0,0,0,0,0,100,100,0,0,0,51050,0,100,100,0,1,1,-1,7,0,0,0,0,0,0,0,0,0,6,0,112,0,0,0,[0|0|0|0]
600000500,Light Greatsword - Default Attack_1,0.4,0.1,0,0,0.9,0.08,6904,-1,-1,1665,-1,10100,10120,-1,-1,10110,-1,-1,-1,0,78,78,78,78,100,500,100,100,112,0,0,0,0,0,0,0,0,0,0,0,10,0,0,0,0,2,0,0,0,0,0,0,2,0,0,253,255,0,255,0,255,0,0,0,0,0,0,0,0,0,0,0,0,1,0,0,0,0,0,0,0,0,0,0,-1,-1,2100,2010,-1,-1,-1,-1,-1,-1,-1,-1,-1,-1,-1,-1,-1,-1,-1,-1,-1,-1,-1,-1,-1,-1,-1,-1,-1,-1,-1,-1,0,0,0,0,0,0,0,0,0,0,0,0,-1,-1,-1,-1,-1,-1,-1,-1,-1,-1,-1,-1,-1,-1,-1,-1,-1,-1,-1,-1,-1,-1,-1,-1,0,0,0,0,0,0,0,0,0,0,0,0,0,0,0,0,0,0,0,0,0,0,0,0,255,139,139,78,0,0,0,1,0,0,0,100,100,100,100,0,0,100,-1,0,100,100,0,1,1,-1,0,0,150,0,0,0,0,78,0,78,0,0,0,0,130,0,[0|0|0|0]
600000501,Light Greatsword - Default Attack_1_1,0,0,0,0,0.9,0.08,-1,-1,-1,-1,-1,0,0,0,0,0,0,0,0,0,38,38,38,38,25,500,100,100,112,0,0,0,0,0,0,0,0,0,0,0,20,0,0,0,0,0,0,0,0,0,0,0,1,1,0,2,13,2,6,0,255,0,0,0,0,0,0,0,0,0,0,0,0,1,0,0,0,0,1,0,0,0,0,0,-1,-1,2100,2010,-1,-1,-1,-1,-1,-1,-1,-1,-1,-1,-1,-1,-1,-1,-1,-1,-1,-1,-1,-1,-1,-1,-1,-1,-1,-1,-1,-1,0,0,0,0,0,0,0,0,0,0,0,0,-1,-1,-1,-1,-1,-1,-1,-1,-1,-1,-1,-1,-1,-1,-1,-1,-1,-1,-1,-1,-1,-1,-1,-1,0,0,0,0,0,0,0,0,0,0,0,0,0,0,0,0,0,0,0,0,0,0,0,0,255,139,139,38,0,0,1,1,0,0,0,100,100,100,100,0,0,100,-1,0,100,100,0,1,1,-1,0,0,20,0,0,0,0,38,0,38,0,0,0,0,130,0,[0|0|0|0]
600000520,Dragonwound,0.4,0,0,0,1.8,0.08,6904,-1,-1,-1,1667,100,0,-1,-1,110,0,-1,-1,0,169,169,169,169,200,500,100,100,112,0,0,0,0,0,0,0,0,0,0,0,10,0,0,0,0,0,0,0,0,0,0,0,2,0,0,253,255,0,255,0,255,0,0,0,0,0,0,0,0,0,0,0,1,1,0,0,0,0,0,0,0,0,0,0,-1,-1,2100,2010,-1,-1,-1,-1,-1,-1,-1,-1,-1,-1,-1,-1,-1,-1,-1,-1,-1,-1,-1,-1,-1,-1,-1,-1,-1,-1,-1,-1,0,0,0,0,0,0,0,0,0,0,0,0,-1,-1,-1,-1,-1,-1,-1,-1,-1,-1,-1,-1,-1,-1,-1,-1,-1,-1,-1,-1,-1,-1,-1,-1,0,0,0,0,0,0,0,0,0,0,0,0,0,0,0,0,0,0,0,0,0,0,0,0,255,139,139,169,0,0,1,1,0,0,0,100,100,100,100,0,0,100,-1,0,100,100,0,1,1,-1,0,0,400,0,0,0,0,169,0,169,0,0,0,0,130,0,[0|0|0|0]
600000521,Dragonwound_1,0,0,0,0,0.8,0.08,-1,-1,-1,-1,-1,0,0,0,0,0,0,0,0,0,100,100,100,100,100,500,100,0,112,0,0,0,0,0,0,0,0,0,0,0,20,0,0,0,0,0,0,0,0,0,0,0,2,1,0,3,0,3,6,0,0,0,0,0,0,0,0,0,0,0,0,0,2,1,0,0,0,0,0,0,0,0,0,0,-1,-1,2100,2010,-1,-1,-1,-1,-1,-1,-1,-1,-1,-1,-1,-1,-1,-1,-1,-1,-1,-1,-1,-1,-1,-1,-1,-1,-1,-1,-1,-1,0,0,0,0,0,0,0,0,0,0,0,0,-1,-1,-1,-1,-1,-1,-1,-1,-1,-1,-1,-1,-1,-1,-1,-1,-1,-1,-1,-1,-1,-1,-1,-1,0,0,0,0,0,0,0,0,0,0,0,0,0,0,0,0,0,0,0,0,0,0,0,0,255,139,139,100,0,0,1,1,0,0,0,0,0,100,100,0,0,0,-1,-1,-1,100,0,1,1,-1,0,0,100,0,0,0,0,100,0,100,0,0,0,0,130,0,[0|0|0|0]
600000522,Dragonwound_1,0.4,0,0,0,1.8,0.08,6904,-1,-1,-1,1667,100,0,-1,-1,110,0,-1,-1,0,65,65,65,65,125,500,120,100,111,0,0,0,0,0,0,0,0,0,0,0,10,0,0,0,0,0,0,0,0,0,0,0,3,0,0,253,255,0,255,0,255,0,0,0,0,0,0,0,0,0,0,0,1,1,0,0,0,0,0,0,0,0,0,0,-1,-1,2100,2010,-1,-1,-1,-1,-1,-1,-1,-1,-1,-1,-1,-1,-1,-1,-1,-1,-1,-1,-1,-1,-1,-1,-1,-1,-1,-1,-1,-1,0,0,0,0,0,0,0,0,0,0,0,0,-1,-1,-1,-1,-1,-1,-1,-1,-1,-1,-1,-1,-1,-1,-1,-1,-1,-1,-1,-1,-1,-1,-1,-1,0,0,0,0,0,0,0,0,0,0,0,0,0,0,0,0,0,0,0,0,0,0,0,0,255,139,139,65,0,0,1,1,0,0,0,100,100,100,100,0,0,100,-1,0,100,100,0,1,1,-1,0,0,300,0,0,0,0,65,0,65,0,0,0,0,130,0,[0|0|0|0]
600000523,Dragonwound_1_1,0,0,0,0,0.8,0.08,-1,-1,-1,-1,-1,0,0,0,0,0,0,0,0,0,191,191,191,191,200,500,120,0,111,0,0,0,0,0,0,0,0,0,0,0,20,0,0,0,0,0,0,0,0,0,0,0,3,1,0,3,0,3,6,0,0,0,0,0,0,0,0,0,0,0,0,0,0,1,0,0,0,0,0,0,0,0,0,0,-1,-1,2100,2010,-1,-1,-1,-1,-1,-1,-1,-1,-1,-1,-1,-1,-1,-1,-1,-1,-1,-1,-1,-1,-1,-1,-1,-1,-1,-1,-1,-1,0,0,0,0,0,0,0,0,0,0,0,0,-1,-1,-1,-1,-1,-1,-1,-1,-1,-1,-1,-1,-1,-1,-1,-1,-1,-1,-1,-1,-1,-1,-1,-1,0,0,0,0,0,0,0,0,0,0,0,0,0,0,0,0,0,0,0,0,0,0,0,0,255,139,139,191,0,0,1,1,0,0,0,0,100,100,100,0,0,100,-1,-1,-1,100,0,1,1,-1,0,0,300,0,0,0,0,191,0,191,0,0,0,0,130,0,[0|0|0|0]
600000524,Dragonwound_1_1,0.4,0,0,0,1.8,0.08,6904,-1,-1,-1,1667,100,0,-1,-1,110,0,-1,-1,0,100,100,100,100,100,100,100,100,112,0,0,0,0,0,0,0,0,0,0,0,10,0,0,0,0,0,0,0,0,0,0,0,2,0,0,253,255,0,255,0,255,0,0,0,0,0,0,0,0,0,0,0,1,1,0,0,0,0,0,0,0,0,0,0,-1,-1,2100,2010,-1,-1,-1,-1,-1,-1,-1,-1,-1,-1,-1,-1,-1,-1,-1,-1,-1,-1,-1,-1,-1,-1,-1,-1,-1,-1,-1,-1,0,0,0,0,0,0,0,0,0,0,0,0,-1,-1,-1,-1,-1,-1,-1,-1,-1,-1,-1,-1,-1,-1,-1,-1,-1,-1,-1,-1,-1,-1,-1,-1,0,0,0,0,0,0,0,0,0,0,0,0,0,0,0,0,0,0,0,0,0,0,0,0,255,139,139,100,0,0,1,1,0,0,0,100,100,100,100,0,0,100,-1,0,100,100,0,1,1,-1,0,0,100,0,0,0,0,100,0,100,0,0,0,0,130,0,[0|0|0|0]
600000525,Dragonwound_1_1_1,0.4,0,0,0,1.8,0.08,6904,-1,-1,-1,1667,100,0,-1,-1,110,0,-1,-1,0,120,120,120,120,100,100,100,100,111,0,0,0,0,0,0,0,0,0,0,0,10,0,0,0,0,0,0,0,0,0,0,0,3,0,0,253,255,0,255,0,255,0,0,0,0,0,0,0,0,0,0,0,1,1,0,0,0,0,0,0,0,0,0,0,-1,-1,2100,2010,-1,-1,-1,-1,-1,-1,-1,-1,-1,-1,-1,-1,-1,-1,-1,-1,-1,-1,-1,-1,-1,-1,-1,-1,-1,-1,-1,-1,0,0,0,0,0,0,0,0,0,0,0,0,-1,-1,-1,-1,-1,-1,-1,-1,-1,-1,-1,-1,-1,-1,-1,-1,-1,-1,-1,-1,-1,-1,-1,-1,0,0,0,0,0,0,0,0,0,0,0,0,0,0,0,0,0,0,0,0,0,0,0,0,255,139,139,120,0,0,1,1,0,0,0,100,100,100,100,0,0,100,-1,0,100,100,0,1,1,-1,0,0,100,0,0,0,0,120,0,120,0,0,0,0,130,0,[0|0|0|0]
600000530,_1_1,0.3,0.05,0,0,1.2,0,6904,-1,-1,-1,-1,100,130,-1,-1,120,120,-1,-1,0,85,85,85,85,140,300,100,100,112,0,0,0,0,0,0,0,0,0,0,0,20,0,0,0,0,2,0,0,0,0,0,0,2,0,0,252,255,2,255,0,255,0,0,0,0,0,0,0,0,0,0,1,0,1,0,0,0,0,0,0,1,0,0,0,-1,-1,2100,2010,-1,-1,-1,-1,-1,-1,-1,-1,-1,-1,-1,-1,-1,-1,-1,-1,-1,-1,-1,-1,-1,-1,-1,-1,-1,-1,-1,-1,0,0,0,0,0,0,0,0,0,0,0,0,-1,-1,-1,-1,-1,-1,-1,-1,-1,-1,-1,-1,-1,-1,-1,-1,-1,-1,-1,-1,-1,-1,-1,-1,0,0,0,0,0,0,0,0,0,0,0,0,0,0,0,0,0,0,0,0,0,0,0,0,255,139,139,85,0,0,0,1,0,1,0,100,100,100,100,0,0,100,-1,0,100,100,0,1,1,-1,0,0,200,0,0,100,0,85,0,85,0,-1,0,0,130,1,[0|0|0|0]
600000531,_1_1_1,0.3,0.05,0,0,1.2,0,6904,-1,-1,-1,-1,100,130,-1,-1,120,120,-1,-1,0,70,70,70,70,70,300,100,100,112,0,0,0,0,0,0,0,0,0,0,0,20,0,0,0,0,2,0,0,0,0,0,0,8,0,0,252,255,2,255,0,255,0,0,0,0,0,0,0,0,0,0,1,0,1,0,0,0,0,0,0,1,0,0,0,-1,-1,2100,2010,-1,-1,-1,-1,-1,-1,-1,-1,-1,-1,-1,-1,-1,-1,-1,-1,-1,-1,-1,-1,-1,-1,-1,-1,-1,-1,-1,-1,0,0,0,0,0,0,0,0,0,0,0,0,-1,-1,-1,-1,-1,-1,-1,-1,-1,-1,-1,-1,-1,-1,-1,-1,-1,-1,-1,-1,-1,-1,-1,-1,0,0,0,0,0,0,0,0,0,0,0,0,0,0,0,0,0,0,0,0,0,0,0,0,255,139,139,70,0,0,0,1,0,1,0,100,100,100,100,0,0,100,-1,0,100,100,0,1,1,-1,0,0,100,0,0,100,0,70,0,70,0,-1,0,0,130,1,[0|0|0|0]
600000535,_1_1_1_1,0.3,0.05,0,0,1.2,0,6904,-1,-1,-1,-1,100,130,-1,-1,120,120,-1,-1,0,185,185,185,185,205,9900,100,100,112,0,0,0,0,0,0,0,0,0,0,0,20,0,0,0,0,2,0,0,0,0,0,0,4,0,0,252,255,3,255,0,255,0,0,0,0,0,0,0,0,0,0,1,0,1,0,0,0,0,0,0,1,0,0,0,-1,-1,2100,2010,-1,-1,-1,-1,-1,-1,-1,-1,-1,-1,-1,-1,-1,-1,-1,-1,-1,-1,-1,-1,-1,-1,-1,-1,-1,-1,-1,-1,0,0,0,0,0,0,0,0,0,0,0,0,-1,-1,-1,-1,-1,-1,-1,-1,-1,-1,-1,-1,-1,-1,-1,-1,-1,-1,-1,-1,-1,-1,-1,-1,0,0,0,0,0,0,0,0,0,0,0,0,0,0,0,0,0,0,0,0,0,0,0,0,255,139,139,185,0,0,0,1,0,1,0,100,100,100,100,0,0,100,-1,0,100,100,0,1,1,15,0,0,400,0,0,100,0,185,0,185,0,-1,0,0,130,1,[0|0|0|0]
600000535,_1_1_1_1_1,0.3,0.05,0,0,1.2,0,6904,-1,-1,-1,-1,100,130,-1,-1,120,120,-1,-1,0,70,70,70,70,70,300,100,100,112,0,0,0,0,0,0,0,0,0,0,0,20,0,0,0,0,2,0,0,0,0,0,0,3,0,0,252,255,2,255,0,255,0,0,0,0,0,0,0,0,0,0,1,0,1,0,0,0,0,0,0,1,0,0,0,-1,-1,2100,2010,-1,-1,-1,-1,-1,-1,-1,-1,-1,-1,-1,-1,-1,-1,-1,-1,-1,-1,-1,-1,-1,-1,-1,-1,-1,-1,-1,-1,0,0,0,0,0,0,0,0,0,0,0,0,-1,-1,-1,-1,-1,-1,-1,-1,-1,-1,-1,-1,-1,-1,-1,-1,-1,-1,-1,-1,-1,-1,-1,-1,0,0,0,0,0,0,0,0,0,0,0,0,0,0,0,0,0,0,0,0,0,0,0,0,255,139,139,70,0,0,0,1,0,1,0,100,100,100,100,0,0,100,-1,0,100,100,0,1,1,-1,0,0,100,0,0,100,0,70,0,70,0,-1,0,0,130,1,[0|0|0|0]
600000570,,0.4,0.2,0,0,1.8,0.08,6906,-1,-1,-1,1667,45,45,-1,-1,45,-1,-1,-1,0,75,75,75,75,67,500,100,100,112,0,0,0,0,0,0,0,0,0,0,0,10,0,0,0,0,2,0,0,0,0,0,0,2,0,0,253,255,0,255,0,255,0,0,0,0,0,0,0,0,0,0,0,0,1,0,0,0,0,0,0,0,0,0,0,-1,-1,2100,2010,-1,-1,-1,-1,-1,-1,-1,-1,-1,-1,-1,-1,-1,-1,-1,-1,-1,-1,-1,-1,-1,-1,-1,-1,-1,-1,-1,-1,0,0,0,0,0,0,0,0,0,0,0,0,-1,-1,-1,-1,-1,-1,-1,-1,-1,-1,-1,-1,-1,-1,-1,-1,-1,-1,-1,-1,-1,-1,-1,-1,0,0,0,0,0,0,0,0,0,0,0,0,0,0,0,0,0,0,0,0,0,0,0,0,255,139,139,75,0,0,1,1,0,0,0,25,50,100,100,0,0,25,-1,0,100,100,0,1,1,-1,0,0,80,0,0,0,0,75,0,75,0,0,0,0,130,0,[0|0|0|0]
600000571,,0.4,0.2,0,0,1.8,0.08,6906,-1,-1,-1,1667,46,46,-1,-1,46,-1,-1,-1,0,75,75,75,75,67,500,100,100,112,0,0,0,0,0,0,0,0,0,0,0,10,0,0,0,0,2,0,0,0,0,0,0,2,0,0,253,255,0,255,0,255,0,0,0,0,0,0,0,0,0,0,0,0,1,0,0,0,0,0,0,0,0,0,0,-1,-1,2100,2010,-1,-1,-1,-1,-1,-1,-1,-1,-1,-1,-1,-1,-1,-1,-1,-1,-1,-1,-1,-1,-1,-1,-1,-1,-1,-1,-1,-1,0,0,0,0,0,0,0,0,0,0,0,0,-1,-1,-1,-1,-1,-1,-1,-1,-1,-1,-1,-1,-1,-1,-1,-1,-1,-1,-1,-1,-1,-1,-1,-1,0,0,0,0,0,0,0,0,0,0,0,0,0,0,0,0,0,0,0,0,0,0,0,0,255,139,139,75,0,0,1,1,0,0,0,25,50,100,100,0,0,25,-1,0,100,100,0,1,1,-1,0,0,80,0,0,0,0,75,0,75,0,0,0,0,130,0,[0|0|0|0]
600000572,,0.4,0,0,0,2.4,0.08,6906,-1,-1,-1,1667,5,0,-1,-1,930,-1,-1,-1,0,148,148,148,148,300,500,100,100,112,127,0,0,0,0,0,0,0,0,0,0,10,0,0,0,0,0,0,0,0,0,0,0,3,0,0,1,255,1,255,0,255,0,0,0,0,0,0,0,0,0,0,0,1,1,0,0,0,0,0,0,0,0,0,0,-1,-1,2100,2010,-1,-1,-1,-1,-1,-1,-1,-1,-1,-1,-1,-1,-1,-1,-1,-1,-1,-1,-1,-1,-1,-1,-1,-1,-1,-1,-1,-1,0,0,0,0,0,0,0,0,0,0,0,0,-1,-1,-1,-1,-1,-1,-1,-1,-1,-1,-1,-1,-1,-1,-1,-1,-1,-1,-1,-1,-1,-1,-1,-1,0,0,0,0,0,0,0,0,0,0,0,0,0,0,0,0,0,0,0,0,0,0,0,0,255,139,139,148,0,0,1,1,0,0,0,0,100,100,100,0,0,0,-1,0,100,100,0,1,1,-1,0,0,400,0,0,0,0,148,0,148,0,0,0,0,130,0,[0|0|0|0]
600000573,,0.4,0.2,0,0,1.8,0.08,6906,-1,-1,-1,1667,45,45,-1,-1,45,-1,-1,-1,0,38,38,38,38,59,100,100,100,112,0,0,0,0,0,0,0,0,0,0,0,10,0,0,0,0,2,0,0,0,0,0,0,2,0,0,253,255,0,255,0,255,0,0,0,0,0,0,0,0,0,0,0,0,1,0,0,0,0,0,0,0,0,0,0,-1,-1,2100,2010,-1,-1,-1,-1,-1,-1,-1,-1,-1,-1,-1,-1,-1,-1,-1,-1,-1,-1,-1,-1,-1,-1,-1,-1,-1,-1,-1,-1,0,0,0,0,0,0,0,0,0,0,0,0,-1,-1,-1,-1,-1,-1,-1,-1,-1,-1,-1,-1,-1,-1,-1,-1,-1,-1,-1,-1,-1,-1,-1,-1,0,0,0,0,0,0,0,0,0,0,0,0,0,0,0,0,0,0,0,0,0,0,0,0,255,139,139,38,0,0,1,1,0,0,0,25,50,100,100,0,0,25,-1,0,100,100,0,1,1,-1,0,0,60,0,0,0,0,38,0,38,0,0,0,0,130,0,[0|0|0|0]
600000574,,0.4,0.2,0,0,1.8,0.08,6906,-1,-1,-1,1667,46,46,-1,-1,46,-1,-1,-1,0,38,38,38,38,59,100,100,100,112,0,0,0,0,0,0,0,0,0,0,0,10,0,0,0,0,2,0,0,0,0,0,0,2,0,0,253,255,0,255,0,255,0,0,0,0,0,0,0,0,0,0,0,0,1,0,0,0,0,0,0,0,0,0,0,-1,-1,2100,2010,-1,-1,-1,-1,-1,-1,-1,-1,-1,-1,-1,-1,-1,-1,-1,-1,-1,-1,-1,-1,-1,-1,-1,-1,-1,-1,-1,-1,0,0,0,0,0,0,0,0,0,0,0,0,-1,-1,-1,-1,-1,-1,-1,-1,-1,-1,-1,-1,-1,-1,-1,-1,-1,-1,-1,-1,-1,-1,-1,-1,0,0,0,0,0,0,0,0,0,0,0,0,0,0,0,0,0,0,0,0,0,0,0,0,255,139,139,38,0,0,1,1,0,0,0,25,50,100,100,0,0,25,-1,0,100,100,0,1,1,-1,0,0,60,0,0,0,0,38,0,38,0,0,0,0,130,0,[0|0|0|0]
600000575,,0.4,0,0,0,2.4,0.08,6906,-1,-1,-1,1667,5,0,-1,-1,930,-1,-1,-1,0,50,50,50,50,100,100,100,100,112,127,0,0,0,0,0,0,0,0,0,0,10,0,0,0,0,0,0,0,0,0,0,0,3,0,0,1,255,1,255,0,255,0,0,0,0,0,0,0,0,0,0,0,1,1,0,0,0,0,0,0,0,0,0,0,-1,-1,2100,2010,-1,-1,-1,-1,-1,-1,-1,-1,-1,-1,-1,-1,-1,-1,-1,-1,-1,-1,-1,-1,-1,-1,-1,-1,-1,-1,-1,-1,0,0,0,0,0,0,0,0,0,0,0,0,-1,-1,-1,-1,-1,-1,-1,-1,-1,-1,-1,-1,-1,-1,-1,-1,-1,-1,-1,-1,-1,-1,-1,-1,0,0,0,0,0,0,0,0,0,0,0,0,0,0,0,0,0,0,0,0,0,0,0,0,255,139,139,50,0,0,1,1,0,0,0,0,100,100,100,0,0,0,-1,0,100,100,0,1,1,-1,0,0,100,0,0,0,0,50,0,50,0,0,0,0,130,0,[0|0|0|0]
600000711,,0.34,0.2,0,0,1,0.08,6904,-1,-1,-1,1667,100,130,-1,-1,130,120,-1,-1,0,180,180,180,180,200,500,100,100,112,132,0,0,0,0,0,0,0,0,0,0,10,0,0,0,0,0,0,0,0,0,0,0,2,0,0,252,255,0,255,0,255,0,0,0,0,0,0,0,0,0,0,0,4,1,0,0,0,0,0,0,0,0,0,0,-1,-1,2100,2010,-1,-1,-1,-1,-1,-1,-1,-1,-1,-1,-1,-1,-1,-1,-1,-1,-1,-1,-1,-1,-1,-1,-1,-1,-1,-1,-1,-1,0,0,0,0,0,0,0,0,0,0,0,0,-1,-1,-1,-1,-1,-1,-1,-1,-1,-1,-1,-1,-1,-1,-1,-1,-1,-1,-1,-1,-1,-1,-1,-1,0,0,0,0,0,0,0,0,0,0,0,0,0,0,0,0,0,0,0,0,0,0,0,0,255,139,139,180,0,0,1,1,0,0,0,100,100,100,100,0,0,100,-1,0,100,100,0,1,1,-1,0,0,660,0,0,0,0,180,0,180,0,0,0,0,130,0,[0|0|0|0]
600000712,,0.34,0.2,0,0,0.5,0.08,6904,-1,-1,-1,1667,100,130,-1,-1,130,120,-1,-1,0,90,90,90,90,100,500,100,100,112,132,0,0,0,0,0,0,0,0,0,0,10,0,0,0,0,0,0,0,0,0,0,0,2,0,0,252,255,0,255,0,255,0,0,0,0,0,0,0,0,0,0,0,3,1,0,0,0,0,0,0,0,9,0,0,-1,-1,2100,2010,-1,-1,-1,-1,-1,-1,-1,-1,-1,-1,-1,-1,-1,-1,-1,-1,-1,-1,-1,-1,-1,-1,-1,-1,-1,-1,-1,-1,0,0,0,0,0,0,0,0,0,0,0,0,-1,-1,-1,-1,-1,-1,-1,-1,-1,-1,-1,-1,-1,-1,-1,-1,-1,-1,-1,-1,-1,-1,-1,-1,0,0,0,0,0,0,0,0,0,0,0,0,0,0,0,0,0,0,0,0,0,0,0,0,255,139,139,90,0,0,1,1,0,0,0,100,100,100,100,0,0,100,-1,0,100,100,0,1,1,-1,0,0,200,0,0,0,0,90,0,90,0,0,0,0,130,0,[0|0|0|0]
600000713,,0.34,0.2,0,0,0.5,0.08,6904,-1,-1,-1,1667,100,130,-1,-1,130,120,-1,-1,0,92,92,92,92,100,500,100,100,112,132,0,0,0,0,0,0,0,0,0,0,10,0,0,0,0,0,0,0,0,0,0,0,1,0,0,252,255,0,255,0,255,0,0,0,0,0,0,0,0,0,0,0,3,1,0,0,0,0,0,0,0,9,0,0,-1,-1,2100,2010,-1,-1,-1,-1,-1,-1,-1,-1,-1,-1,-1,-1,-1,-1,-1,-1,-1,-1,-1,-1,-1,-1,-1,-1,-1,-1,-1,-1,0,0,0,0,0,0,0,0,0,0,0,0,-1,-1,-1,-1,-1,-1,-1,-1,-1,-1,-1,-1,-1,-1,-1,-1,-1,-1,-1,-1,-1,-1,-1,-1,0,0,0,0,0,0,0,0,0,0,0,0,0,0,0,0,0,0,0,0,0,0,0,0,255,139,139,92,0,0,1,1,0,0,0,100,100,100,100,0,0,100,-1,0,100,100,0,1,1,-1,0,0,50,0,0,0,0,92,0,92,0,0,0,0,130,0,[0|0|0|0]
600000714,,0.34,0.2,0,0,1,0.08,6904,-1,-1,-1,1667,100,130,-1,-1,130,120,-1,-1,0,97,97,97,97,100,500,100,100,112,132,0,0,0,0,0,0,0,0,0,0,10,0,0,0,0,0,0,0,0,0,0,0,3,0,0,252,255,0,255,0,255,0,0,0,0,0,0,0,0,0,0,0,3,1,0,0,0,0,0,0,0,0,0,0,-1,-1,2100,2010,-1,-1,-1,-1,-1,-1,-1,-1,-1,-1,-1,-1,-1,-1,-1,-1,-1,-1,-1,-1,-1,-1,-1,-1,-1,-1,-1,-1,0,0,0,0,0,0,0,0,0,0,0,0,-1,-1,-1,-1,-1,-1,-1,-1,-1,-1,-1,-1,-1,-1,-1,-1,-1,-1,-1,-1,-1,-1,-1,-1,0,0,0,0,0,0,0,0,0,0,0,0,0,0,0,0,0,0,0,0,0,0,0,0,255,139,139,97,0,0,1,1,0,0,0,100,100,100,100,0,0,100,-1,0,100,100,0,1,1,-1,0,0,200,0,0,0,0,97,0,97,0,0,0,0,130,0,[0|0|0|0]
600000716,,0.34,0.2,0,0,1,0.08,6904,-1,-1,-1,1667,100,130,-1,-1,130,120,-1,-1,0,50,50,50,50,100,100,100,100,112,132,0,0,0,0,0,0,0,0,0,0,10,0,0,0,0,0,0,0,0,0,0,0,1,0,0,252,255,0,255,0,255,0,0,0,0,0,0,0,0,0,0,0,4,1,0,0,0,0,0,0,0,0,0,0,-1,-1,2100,2010,-1,-1,-1,-1,-1,-1,-1,-1,-1,-1,-1,-1,-1,-1,-1,-1,-1,-1,-1,-1,-1,-1,-1,-1,-1,-1,-1,-1,0,0,0,0,0,0,0,0,0,0,0,0,-1,-1,-1,-1,-1,-1,-1,-1,-1,-1,-1,-1,-1,-1,-1,-1,-1,-1,-1,-1,-1,-1,-1,-1,0,0,0,0,0,0,0,0,0,0,0,0,0,0,0,0,0,0,0,0,0,0,0,0,255,139,139,50,0,0,1,1,0,0,0,100,100,100,100,0,0,100,-1,0,100,100,0,1,1,-1,0,0,100,0,0,0,0,50,0,50,0,0,0,0,130,0,[0|0|0|0]
600000717,,0.34,0.2,0,0,0.5,0.08,6904,-1,-1,-1,1667,100,130,-1,-1,130,120,-1,-1,0,50,50,50,50,100,100,100,100,112,132,0,0,0,0,0,0,0,0,0,0,10,0,0,0,0,0,0,0,0,0,0,0,1,0,0,252,255,0,255,0,255,0,0,0,0,0,0,0,0,0,0,0,3,1,0,0,0,0,0,0,0,9,0,0,-1,-1,2100,2010,-1,-1,-1,-1,-1,-1,-1,-1,-1,-1,-1,-1,-1,-1,-1,-1,-1,-1,-1,-1,-1,-1,-1,-1,-1,-1,-1,-1,0,0,0,0,0,0,0,0,0,0,0,0,-1,-1,-1,-1,-1,-1,-1,-1,-1,-1,-1,-1,-1,-1,-1,-1,-1,-1,-1,-1,-1,-1,-1,-1,0,0,0,0,0,0,0,0,0,0,0,0,0,0,0,0,0,0,0,0,0,0,0,0,255,139,139,50,0,0,1,1,0,0,0,100,100,100,100,0,0,100,-1,0,100,100,0,1,1,-1,0,0,100,0,0,0,0,50,0,50,0,0,0,0,130,0,[0|0|0|0]
600000718,,0.34,0.2,0,0,0.5,0.08,6904,-1,-1,-1,1667,100,130,-1,-1,130,120,-1,-1,0,50,50,50,50,100,100,100,100,112,132,0,0,0,0,0,0,0,0,0,0,10,0,0,0,0,0,0,0,0,0,0,0,1,0,0,252,255,0,255,0,255,0,0,0,0,0,0,0,0,0,0,0,3,1,0,0,0,0,0,0,0,9,0,0,-1,-1,2100,2010,-1,-1,-1,-1,-1,-1,-1,-1,-1,-1,-1,-1,-1,-1,-1,-1,-1,-1,-1,-1,-1,-1,-1,-1,-1,-1,-1,-1,0,0,0,0,0,0,0,0,0,0,0,0,-1,-1,-1,-1,-1,-1,-1,-1,-1,-1,-1,-1,-1,-1,-1,-1,-1,-1,-1,-1,-1,-1,-1,-1,0,0,0,0,0,0,0,0,0,0,0,0,0,0,0,0,0,0,0,0,0,0,0,0,255,139,139,50,0,0,1,1,0,0,0,100,100,100,100,0,0,100,-1,0,100,100,0,1,1,-1,0,0,100,0,0,0,0,50,0,50,0,0,0,0,130,0,[0|0|0|0]
600000719,,0.34,0.2,0,0,1,0.08,6904,-1,-1,-1,1667,100,130,-1,-1,130,120,-1,-1,0,50,50,50,50,100,100,100,100,112,132,0,0,0,0,0,0,0,0,0,0,10,0,0,0,0,0,0,0,0,0,0,0,1,0,0,252,255,0,255,0,255,0,0,0,0,0,0,0,0,0,0,0,3,1,0,0,0,0,0,0,0,0,0,0,-1,-1,2100,2010,-1,-1,-1,-1,-1,-1,-1,-1,-1,-1,-1,-1,-1,-1,-1,-1,-1,-1,-1,-1,-1,-1,-1,-1,-1,-1,-1,-1,0,0,0,0,0,0,0,0,0,0,0,0,-1,-1,-1,-1,-1,-1,-1,-1,-1,-1,-1,-1,-1,-1,-1,-1,-1,-1,-1,-1,-1,-1,-1,-1,0,0,0,0,0,0,0,0,0,0,0,0,0,0,0,0,0,0,0,0,0,0,0,0,255,139,139,50,0,0,1,1,0,0,0,100,100,100,100,0,0,100,-1,0,100,100,0,1,1,-1,0,0,100,0,0,0,0,50,0,50,0,0,0,0,130,0,[0|0|0|0]
600000790,,0.35,0.1,0,0,0.3,0.08,6900,-1,-1,-1,-1,11120,11120,0,-1,11100,-1,0,-1,0,70,70,70,70,300,500,100,100,112,0,0,0,0,0,0,0,0,0,0,0,10,0,0,0,0,2,0,0,0,0,0,0,2,0,0,253,255,0,255,0,255,0,0,0,0,0,0,0,0,0,0,0,0,1,0,0,0,0,0,0,0,0,1,0,-1,-1,2100,2010,-1,-1,-1,-1,-1,-1,-1,-1,-1,-1,-1,-1,-1,-1,-1,-1,-1,-1,-1,-1,-1,-1,-1,-1,-1,-1,-1,-1,0,0,0,0,0,0,0,0,0,0,0,0,-1,-1,-1,-1,-1,-1,-1,-1,-1,-1,-1,-1,-1,-1,-1,-1,-1,-1,-1,-1,-1,-1,-1,-1,0,0,0,0,0,0,0,0,0,0,0,0,0,0,0,0,0,0,0,0,0,0,0,0,255,139,139,70,0,0,0,1,0,0,0,30,100,100,100,0,0,30,-1,0,100,100,0,1,1,-1,0,0,25,0,0,0,0,70,0,70,0,0,0,0,130,0,[0|0|0|0]
600000791,,0.35,0.1,0,0,1.5,0.08,6900,-1,-1,-1,-1,11120,11120,0,-1,11100,-1,0,-1,0,25,25,25,25,300,500,100,100,112,0,0,0,0,0,0,0,0,0,0,0,10,0,0,0,0,2,0,0,0,0,0,0,2,0,0,253,255,0,255,0,255,0,0,0,0,0,0,0,0,0,0,0,0,1,0,0,0,0,0,0,0,0,1,0,-1,-1,2100,2010,-1,-1,-1,-1,-1,-1,-1,-1,-1,-1,-1,-1,-1,-1,-1,-1,-1,-1,-1,-1,-1,-1,-1,-1,-1,-1,-1,-1,0,0,0,0,0,0,0,0,0,0,0,0,-1,-1,-1,-1,-1,-1,-1,-1,-1,-1,-1,-1,-1,-1,-1,-1,-1,-1,-1,-1,-1,-1,-1,-1,0,0,0,0,0,0,0,0,0,0,0,0,0,0,0,0,0,0,0,0,0,0,0,0,255,139,139,25,0,0,0,1,0,0,0,30,100,100,100,0,0,30,-1,0,100,100,0,1,1,-1,0,0,25,0,0,0,0,25,0,25,0,0,0,0,130,0,[0|0|0|0]
600000792,,0.35,0.1,0,0,1.8,0,6900,-1,-1,-1,-1,11120,11120,0,-1,11100,-1,0,-1,0,25,25,25,25,300,500,100,100,112,0,0,0,0,0,0,0,0,0,0,0,10,0,0,0,0,2,0,0,0,0,0,0,2,0,0,253,255,0,255,0,255,0,0,0,0,0,0,0,0,0,0,0,0,1,0,0,0,0,0,0,0,0,0,0,-1,-1,2100,2010,-1,-1,-1,-1,-1,-1,-1,-1,-1,-1,-1,-1,-1,-1,-1,-1,-1,-1,-1,-1,-1,-1,-1,-1,-1,-1,-1,-1,0,0,0,0,0,0,0,0,0,0,0,0,-1,-1,-1,-1,-1,-1,-1,-1,-1,-1,-1,-1,-1,-1,-1,-1,-1,-1,-1,-1,-1,-1,-1,-1,0,0,0,0,0,0,0,0,0,0,0,0,0,0,0,0,0,0,0,0,0,0,0,0,255,139,139,25,0,0,0,1,0,0,0,30,100,100,100,0,0,30,-1,0,100,100,0,1,1,-1,0,0,25,0,0,0,0,25,0,25,0,0,0,0,130,0,[0|0|0|0]
600000793,,0.4,0.4,0,0,1.5,0.08,6900,-1,-1,-1,-1,100,100,0,-1,-1,120,0,-1,0,35,35,35,35,50,500,100,100,112,0,0,0,0,0,0,0,0,0,0,0,10,0,0,0,0,0,0,0,0,0,0,0,3,0,0,253,255,0,255,0,255,0,0,0,0,0,0,0,0,0,0,0,0,1,0,0,0,0,0,0,0,0,1,0,-1,-1,2100,2010,-1,-1,-1,-1,-1,-1,-1,-1,-1,-1,-1,-1,-1,-1,-1,-1,-1,-1,-1,-1,-1,-1,-1,-1,-1,-1,-1,-1,0,0,0,0,0,0,0,0,0,0,0,0,-1,-1,-1,-1,-1,-1,-1,-1,-1,-1,-1,-1,-1,-1,-1,-1,-1,-1,-1,-1,-1,-1,-1,-1,0,0,0,0,0,0,0,0,0,0,0,0,0,0,0,0,0,0,0,0,0,0,0,0,255,139,139,35,0,0,0,1,0,0,0,30,50,100,100,0,0,30,-1,0,100,100,0,1,1,-1,0,0,25,0,0,0,0,35,0,35,0,0,0,0,130,0,[0|0|0|0]
600000800,,0,0,0,0,0.1,0,6903,-1,-1,-1,-1,0,0,0,0,0,0,0,0,0,0,0,0,0,170,500,100,0,112,0,0,0,0,0,0,0,0,0,0,0,10,0,0,0,0,0,0,0,0,0,0,0,2,2,0,3,13,3,6,0,0,0,0,0,0,0,0,0,0,0,0,2,2,1,0,0,0,0,1,0,0,0,0,0,-1,-1,2100,2010,-1,-1,-1,-1,-1,-1,-1,-1,-1,-1,-1,-1,-1,-1,-1,-1,-1,-1,-1,-1,-1,-1,-1,-1,-1,-1,-1,-1,0,0,0,0,0,0,0,0,0,0,0,0,-1,-1,-1,-1,-1,-1,-1,-1,-1,-1,-1,-1,-1,-1,-1,-1,-1,-1,-1,-1,-1,-1,-1,-1,0,0,0,0,0,0,0,0,0,0,0,0,0,0,0,0,0,0,0,0,0,0,0,0,0,139,139,0,0,0,0,1,0,0,0,100,100,100,100,0,0,100,-1,-1,-1,100,0,1,1,-1,0,0,100,0,0,0,0,0,0,0,0,0,0,0,130,0,[0|0|0|0]
600000801,,0,0,0,0,0.1,0,6903,-1,-1,-1,-1,0,0,0,0,0,0,0,0,0,0,0,0,0,150,500,100,0,112,0,0,0,0,0,0,0,0,0,0,0,10,0,0,0,0,0,0,0,0,0,0,0,1,0,0,3,13,3,6,0,0,0,0,0,0,0,0,0,0,0,0,2,2,1,0,0,0,0,1,0,0,0,0,0,-1,-1,2100,2010,-1,-1,-1,-1,-1,-1,-1,-1,-1,-1,-1,-1,-1,-1,-1,-1,-1,-1,-1,-1,-1,-1,-1,-1,-1,-1,-1,-1,0,0,0,0,0,0,0,0,0,0,0,0,-1,-1,-1,-1,-1,-1,-1,-1,-1,-1,-1,-1,-1,-1,-1,-1,-1,-1,-1,-1,-1,-1,-1,-1,0,0,0,0,0,0,0,0,0,0,0,0,0,0,0,0,0,0,0,0,0,0,0,0,0,139,139,0,23,0,0,1,0,0,0,100,100,100,100,0,0,100,-1,-1,-1,100,0,1,1,-1,0,0,50,0,0,0,0,23,0,23,0,0,0,0,130,0,[0|0|0|0]
600000802,,0,0,0,0,0.1,0,6903,-1,-1,-1,-1,0,0,0,0,0,0,0,0,0,0,0,0,0,150,500,100,0,112,0,0,0,0,0,0,0,0,0,0,0,10,0,0,0,0,0,0,0,0,0,0,0,0,0,0,3,13,3,6,0,0,0,0,0,0,0,0,0,0,0,0,2,2,1,0,0,0,0,1,0,0,0,0,0,-1,-1,2100,2010,-1,-1,-1,-1,-1,-1,-1,-1,-1,-1,-1,-1,-1,-1,-1,-1,-1,-1,-1,-1,-1,-1,-1,-1,-1,-1,-1,-1,0,0,0,0,0,0,0,0,0,0,0,0,-1,-1,-1,-1,-1,-1,-1,-1,-1,-1,-1,-1,-1,-1,-1,-1,-1,-1,-1,-1,-1,-1,-1,-1,0,0,0,0,0,0,0,0,0,0,0,0,0,0,0,0,0,0,0,0,0,0,0,0,0,139,139,0,26,0,0,1,0,0,0,100,100,100,100,0,0,100,-1,-1,-1,100,0,1,1,-1,0,0,0,0,0,0,0,26,0,26,0,0,0,0,130,0,[0|0|0|0]
600000803,,0,0,0,0,0.1,0,6903,-1,-1,-1,-1,0,0,0,0,0,0,0,0,0,0,0,0,0,170,500,100,0,112,0,0,0,0,0,0,0,0,0,0,0,10,0,0,0,0,0,0,0,0,0,0,0,7,0,0,3,13,3,6,0,0,0,0,0,0,0,0,0,0,0,0,2,2,1,0,0,0,0,1,0,0,0,0,0,-1,-1,2100,2010,-1,-1,-1,-1,-1,-1,-1,-1,-1,-1,-1,-1,-1,-1,-1,-1,-1,-1,-1,-1,-1,-1,-1,-1,-1,-1,-1,-1,0,0,0,0,0,0,0,0,0,0,0,0,-1,-1,-1,-1,-1,-1,-1,-1,-1,-1,-1,-1,-1,-1,-1,-1,-1,-1,-1,-1,-1,-1,-1,-1,0,0,0,0,0,0,0,0,0,0,0,0,0,0,0,0,0,0,0,0,0,0,0,0,0,139,139,0,20,0,0,1,0,0,0,100,100,100,100,0,0,100,-1,-1,-1,100,0,1,1,-1,0,0,100,0,0,0,0,20,0,20,0,0,0,0,130,0,[0|0|0|0]
600000804,,0,0,0,0,1.2,0,6903,-1,-1,-1,-1,0,0,0,0,0,0,0,0,0,0,0,0,0,170,500,100,0,112,0,0,0,0,0,0,0,0,0,0,0,10,0,0,0,0,0,0,0,0,0,0,0,3,2,0,3,13,3,6,0,0,0,0,0,0,0,0,0,0,0,0,2,0,1,0,0,0,0,1,0,0,0,0,0,-1,-1,2100,2010,-1,-1,-1,-1,-1,-1,-1,-1,-1,-1,-1,-1,-1,-1,-1,-1,-1,-1,-1,-1,-1,-1,-1,-1,-1,-1,-1,-1,0,0,0,0,0,0,0,0,0,0,0,0,-1,-1,-1,-1,-1,-1,-1,-1,-1,-1,-1,-1,-1,-1,-1,-1,-1,-1,-1,-1,-1,-1,-1,-1,0,0,0,0,0,0,0,0,0,0,0,0,0,0,0,0,0,0,0,0,0,0,0,0,0,139,139,0,20,0,0,1,0,0,0,100,100,100,100,0,0,100,-1,-1,-1,100,0,1,1,-1,0,0,100,0,0,0,0,20,0,20,0,0,0,0,130,0,[0|0|0|0]
600000810,,0,0,0,0,0.1,0,6903,-1,-1,-1,-1,0,0,0,0,0,0,0,0,0,0,0,0,0,170,500,100,0,112,0,0,0,0,0,0,0,0,0,0,0,10,0,0,0,0,0,0,0,0,0,0,0,2,2,0,3,13,3,6,0,0,0,0,0,0,0,0,0,0,0,0,2,2,1,0,0,0,0,1,0,0,0,0,0,-1,-1,2100,2010,-1,-1,-1,-1,-1,-1,-1,-1,-1,-1,-1,-1,-1,-1,-1,-1,-1,-1,-1,-1,-1,-1,-1,-1,-1,-1,-1,-1,0,0,0,0,0,0,0,0,0,0,0,0,-1,-1,-1,-1,-1,-1,-1,-1,-1,-1,-1,-1,-1,-1,-1,-1,-1,-1,-1,-1,-1,-1,-1,-1,0,0,0,0,0,0,0,0,0,0,0,0,0,0,0,0,0,0,0,0,0,0,0,0,0,139,139,0,0,0,0,1,0,0,0,100,100,100,100,0,0,100,-1,-1,-1,100,0,1,1,-1,0,0,100,0,0,0,0,0,0,0,0,0,0,0,130,0,[0|0|0|0]
600000811,,0,0,0,0,0.1,0,6903,-1,-1,-1,-1,0,0,0,0,0,0,0,0,0,0,0,0,0,150,500,100,0,112,0,0,0,0,0,0,0,0,0,0,0,10,0,0,0,0,0,0,0,0,0,0,0,1,0,0,3,13,3,6,0,0,0,0,0,0,0,0,0,0,0,0,2,2,1,0,0,0,0,1,0,0,0,0,0,-1,-1,2100,2010,-1,-1,-1,-1,-1,-1,-1,-1,-1,-1,-1,-1,-1,-1,-1,-1,-1,-1,-1,-1,-1,-1,-1,-1,-1,-1,-1,-1,0,0,0,0,0,0,0,0,0,0,0,0,-1,-1,-1,-1,-1,-1,-1,-1,-1,-1,-1,-1,-1,-1,-1,-1,-1,-1,-1,-1,-1,-1,-1,-1,0,0,0,0,0,0,0,0,0,0,0,0,0,0,0,0,0,0,0,0,0,0,0,0,0,139,139,0,10,0,0,1,0,0,0,100,100,100,100,0,0,100,-1,-1,-1,100,0,1,1,-1,0,0,65,0,0,0,0,10,0,10,0,0,0,0,130,0,[0|0|0|0]
600000812,,0,0,0,0,0.1,0,6903,-1,-1,-1,-1,0,0,0,0,0,0,0,0,0,0,0,0,0,150,500,100,0,112,0,0,0,0,0,0,0,0,0,0,0,10,0,0,0,0,0,0,0,0,0,0,0,0,0,0,3,13,3,6,0,0,0,0,0,0,0,0,0,0,0,0,2,2,1,0,0,0,0,1,0,0,0,0,0,-1,-1,2100,2010,-1,-1,-1,-1,-1,-1,-1,-1,-1,-1,-1,-1,-1,-1,-1,-1,-1,-1,-1,-1,-1,-1,-1,-1,-1,-1,-1,-1,0,0,0,0,0,0,0,0,0,0,0,0,-1,-1,-1,-1,-1,-1,-1,-1,-1,-1,-1,-1,-1,-1,-1,-1,-1,-1,-1,-1,-1,-1,-1,-1,0,0,0,0,0,0,0,0,0,0,0,0,0,0,0,0,0,0,0,0,0,0,0,0,0,139,139,0,10,0,0,1,0,0,0,100,100,100,100,0,0,100,-1,-1,-1,100,0,1,1,-1,0,0,0,0,0,0,0,10,0,10,0,0,0,0,130,0,[0|0|0|0]
600000813,,0,0,0,0,0.1,0,6903,-1,-1,-1,-1,0,0,0,0,0,0,0,0,0,0,0,0,0,170,500,100,0,112,0,0,0,0,0,0,0,0,0,0,0,10,0,0,0,0,0,0,0,0,0,0,0,7,0,0,3,13,3,6,0,0,0,0,0,0,0,0,0,0,0,0,2,2,1,0,0,0,0,1,0,0,0,0,0,-1,-1,2100,2010,-1,-1,-1,-1,-1,-1,-1,-1,-1,-1,-1,-1,-1,-1,-1,-1,-1,-1,-1,-1,-1,-1,-1,-1,-1,-1,-1,-1,0,0,0,0,0,0,0,0,0,0,0,0,-1,-1,-1,-1,-1,-1,-1,-1,-1,-1,-1,-1,-1,-1,-1,-1,-1,-1,-1,-1,-1,-1,-1,-1,0,0,0,0,0,0,0,0,0,0,0,0,0,0,0,0,0,0,0,0,0,0,0,0,0,139,139,0,25,0,0,1,0,0,0,100,100,100,100,0,0,100,-1,-1,-1,100,0,1,1,-1,0,0,100,0,0,0,0,25,0,25,0,0,0,0,130,0,[0|0|0|0]
600000814,,0,0,0,0,1.2,0,6903,-1,-1,-1,-1,0,0,0,0,0,0,0,0,0,0,0,0,0,170,500,100,0,112,0,0,0,0,0,0,0,0,0,0,0,10,0,0,0,0,0,0,0,0,0,0,0,3,2,0,3,13,3,6,0,0,0,0,0,0,0,0,0,0,0,0,2,0,1,0,0,0,0,1,0,0,0,0,0,-1,-1,2100,2010,-1,-1,-1,-1,-1,-1,-1,-1,-1,-1,-1,-1,-1,-1,-1,-1,-1,-1,-1,-1,-1,-1,-1,-1,-1,-1,-1,-1,0,0,0,0,0,0,0,0,0,0,0,0,-1,-1,-1,-1,-1,-1,-1,-1,-1,-1,-1,-1,-1,-1,-1,-1,-1,-1,-1,-1,-1,-1,-1,-1,0,0,0,0,0,0,0,0,0,0,0,0,0,0,0,0,0,0,0,0,0,0,0,0,0,139,139,0,15,0,0,1,0,0,0,100,100,100,100,0,0,100,-1,-1,-1,100,0,1,1,-1,0,0,100,0,0,0,0,15,0,15,0,0,0,0,130,0,[0|0|0|0]
600000820,,0.4,0.08,0,0,1,0.08,-1,-1,-1,-1,-1,100,110,-1,-1,120,120,-1,-1,0,50,50,50,50,300,500,100,100,112,0,0,0,0,0,0,0,0,0,0,0,10,0,0,0,0,2,0,0,0,0,0,0,0,0,0,253,255,0,0,0,255,0,0,0,0,0,0,0,0,0,0,2,1,1,0,0,0,0,0,0,0,0,1,0,-1,-1,2100,2010,-1,-1,-1,-1,-1,-1,-1,-1,-1,-1,-1,-1,-1,-1,-1,-1,-1,-1,-1,-1,-1,-1,-1,-1,-1,-1,-1,-1,0,0,0,0,0,0,0,0,0,0,0,0,-1,-1,-1,-1,-1,-1,-1,-1,-1,-1,-1,-1,-1,-1,-1,-1,-1,-1,-1,-1,-1,-1,-1,-1,0,0,0,0,0,0,0,0,0,0,0,0,0,0,0,0,0,0,0,0,0,0,0,0,255,139,139,50,0,0,0,1,0,0,0,100,100,100,100,0,0,100,-1,0,100,100,0,1,1,-1,0,0,100,0,0,0,0,50,0,50,0,0,0,0,130,0,[0|0|0|0]
600000821,,0,0,0,0,1.5,0,6904,-1,-1,-1,-1,0,0,-1,-1,0,0,-1,-1,0,130,130,130,130,300,500,100,100,112,0,0,0,0,0,0,0,0,0,0,0,10,0,0,0,0,0,0,0,0,0,0,0,3,1,0,253,255,3,255,0,255,0,0,0,0,0,0,0,0,0,0,0,0,1,0,0,0,0,0,0,0,0,1,0,-1,-1,2100,2010,-1,-1,-1,-1,-1,-1,-1,-1,-1,-1,-1,-1,-1,-1,-1,-1,-1,-1,-1,-1,-1,-1,-1,-1,-1,-1,-1,-1,0,0,0,0,0,0,0,0,0,0,0,0,-1,-1,-1,-1,-1,-1,-1,-1,-1,-1,-1,-1,-1,-1,-1,-1,-1,-1,-1,-1,-1,-1,-1,-1,0,0,0,0,0,0,0,0,0,0,0,0,0,0,0,0,0,0,0,0,0,0,0,0,255,139,139,130,0,0,1,1,0,0,0,100,100,100,100,0,0,100,-1,0,100,100,0,1,1,-1,0,0,200,0,0,0,0,130,0,130,0,0,0,0,130,0,[0|0|0|0]
600000822,,0.7,0,0,0,1,0,-1,-1,-1,-1,-1,151,0,-1,-1,-1,0,-1,-1,0,0,0,0,0,100,500,100,100,112,0,0,0,0,0,0,0,0,0,0,0,10,0,0,0,0,0,0,0,0,0,0,0,5,0,0,1,255,3,255,0,255,0,0,0,0,0,0,0,0,0,0,0,0,1,0,0,0,0,0,0,0,0,1,0,-1,-1,2100,2010,-1,-1,-1,-1,-1,-1,-1,-1,-1,-1,-1,-1,-1,-1,-1,-1,-1,-1,-1,-1,-1,-1,-1,-1,-1,-1,-1,-1,0,0,0,0,0,0,0,0,0,0,0,0,-1,-1,-1,-1,-1,-1,-1,-1,-1,-1,-1,-1,-1,-1,-1,-1,-1,-1,-1,-1,-1,-1,-1,-1,0,0,0,0,0,0,0,0,0,0,0,0,0,0,0,0,0,0,0,0,0,0,0,0,255,139,139,0,0,0,0,1,0,0,0,0,100,100,100,0,0,100,-1,0,100,100,0,1,1,-1,0,0,100,0,0,0,0,0,0,0,0,0,0,0,130,0,[0|0|0|0]
600000823,,0.4,0.08,0,0,1.2,0.08,6904,-1,-1,-1,-1,100,110,-1,-1,120,120,-1,-1,0,170,170,170,170,500,500,100,100,112,0,0,0,0,0,0,0,0,0,0,0,10,0,0,0,0,2,0,0,0,0,0,0,7,0,0,253,255,0,0,0,255,0,0,0,0,0,0,0,0,0,0,2,3,1,0,0,0,0,0,0,0,0,1,0,-1,-1,2100,2010,-1,-1,-1,-1,-1,-1,-1,-1,-1,-1,-1,-1,-1,-1,-1,-1,-1,-1,-1,-1,-1,-1,-1,-1,-1,-1,-1,-1,0,0,0,0,0,0,0,0,0,0,0,0,-1,-1,-1,-1,-1,-1,-1,-1,-1,-1,-1,-1,-1,-1,-1,-1,-1,-1,-1,-1,-1,-1,-1,-1,0,0,0,0,0,0,0,0,0,0,0,0,0,0,0,0,0,0,0,0,0,0,0,0,255,139,139,170,0,0,0,1,0,0,0,100,100,100,100,0,0,100,-1,0,100,100,0,1,1,-1,0,0,500,0,0,0,0,170,0,170,0,0,0,0,130,0,[0|0|0|0]
600000824,,0.4,0,0,0,0,0,-1,-1,-1,-1,-1,100,-1,-1,-1,110,-1,-1,-1,0,0,0,0,0,0,0,0,0,0,0,0,0,0,0,0,0,0,0,0,0,10,0,0,0,0,0,0,0,0,0,0,0,0,0,0,3,255,0,255,0,255,0,0,0,0,0,0,0,0,0,0,1,0,1,0,0,0,0,0,0,0,0,1,0,-1,-1,2100,2010,-1,-1,-1,-1,-1,-1,-1,-1,-1,-1,-1,-1,-1,-1,-1,-1,-1,-1,-1,-1,-1,-1,-1,-1,-1,-1,-1,-1,0,0,0,0,0,0,0,0,0,0,0,0,-1,-1,-1,-1,-1,-1,-1,-1,-1,-1,-1,-1,-1,-1,-1,-1,-1,-1,-1,-1,-1,-1,-1,-1,0,0,0,0,0,0,0,0,0,0,0,0,0,0,0,0,0,0,0,0,0,0,0,0,255,139,139,0,0,0,1,1,0,0,0,0,0,0,0,0,0,0,-1,0,-1,0,0,1,1,-1,0,0,0,0,0,0,0,0,0,0,0,0,0,0,130,0,[0|0|0|0]
600000825,,0.4,0.08,0,0,1.5,0.08,6904,-1,-1,-1,-1,100,110,-1,-1,120,120,-1,-1,0,110,110,110,110,300,500,100,100,112,0,0,0,0,0,0,0,0,0,0,0,10,0,0,0,0,2,0,0,0,0,0,0,3,0,0,253,255,0,0,0,255,0,0,0,0,0,0,0,0,0,0,2,1,1,0,0,0,0,0,0,0,0,1,0,-1,-1,2100,2010,-1,-1,-1,-1,-1,-1,-1,-1,-1,-1,-1,-1,-1,-1,-1,-1,-1,-1,-1,-1,-1,-1,-1,-1,-1,-1,-1,-1,0,0,0,0,0,0,0,0,0,0,0,0,-1,-1,-1,-1,-1,-1,-1,-1,-1,-1,-1,-1,-1,-1,-1,-1,-1,-1,-1,-1,-1,-1,-1,-1,0,0,0,0,0,0,0,0,0,0,0,0,0,0,0,0,0,0,0,0,0,0,0,0,255,139,139,110,0,0,0,1,0,0,0,100,100,100,100,0,0,100,-1,0,100,100,0,1,1,-1,0,0,300,0,0,0,0,110,0,110,0,0,0,0,130,0,[0|0|0|0]
600000827,,0.7,0,0,0,1,0,-1,-1,-1,-1,-1,151,0,-1,-1,-1,0,-1,-1,0,0,0,0,0,100,500,100,100,112,0,0,0,0,0,0,0,0,0,0,0,10,0,0,0,0,0,0,0,0,0,0,0,1,0,0,1,255,3,255,0,255,0,0,0,0,0,0,0,0,0,0,0,0,1,0,0,0,0,0,0,0,0,1,0,-1,-1,2100,2010,-1,-1,-1,-1,-1,-1,-1,-1,-1,-1,-1,-1,-1,-1,-1,-1,-1,-1,-1,-1,-1,-1,-1,-1,-1,-1,-1,-1,0,0,0,0,0,0,0,0,0,0,0,0,-1,-1,-1,-1,-1,-1,-1,-1,-1,-1,-1,-1,-1,-1,-1,-1,-1,-1,-1,-1,-1,-1,-1,-1,0,0,0,0,0,0,0,0,0,0,0,0,0,0,0,0,0,0,0,0,0,0,0,0,255,139,139,0,0,0,0,1,0,0,0,0,100,100,100,0,0,100,-1,0,100,100,0,1,1,-1,0,0,200,0,0,0,0,0,0,0,0,0,0,0,130,0,[0|0|0|0]
600000828,,0.4,0.08,0,0,1.2,0.08,6904,-1,-1,-1,-1,100,110,0,-1,120,120,0,-1,0,105,105,105,105,100,500,100,100,112,0,0,0,0,0,0,0,0,0,0,0,10,0,0,0,0,2,0,0,0,0,0,0,3,0,0,253,255,0,0,0,255,0,0,0,0,0,0,0,0,0,0,2,3,1,0,0,0,0,0,0,0,0,1,0,-1,-1,2100,2010,-1,-1,-1,-1,-1,-1,-1,-1,-1,-1,-1,-1,-1,-1,-1,-1,-1,-1,-1,-1,-1,-1,-1,-1,-1,-1,-1,-1,0,0,0,0,0,0,0,0,0,0,0,0,-1,-1,-1,-1,-1,-1,-1,-1,-1,-1,-1,-1,-1,-1,-1,-1,-1,-1,-1,-1,-1,-1,-1,-1,0,0,0,0,0,0,0,0,0,0,0,0,0,0,0,0,0,0,0,0,0,0,0,0,255,139,139,105,0,0,0,1,0,0,0,100,100,100,100,0,0,100,-1,0,100,100,0,1,1,-1,0,0,100,0,0,0,0,105,0,105,0,0,0,0,130,0,[0|0|0|0]
600000830,,0.4,0.08,0,0,1,0,6904,-1,-1,-1,-1,100,110,-1,-1,120,120,-1,-1,0,83,83,83,83,100,500,100,100,112,0,0,0,0,0,0,0,0,0,0,0,10,0,0,0,0,2,0,0,0,0,0,0,2,0,0,253,255,0,255,0,255,0,0,0,0,0,0,0,0,0,0,0,4,1,0,0,0,0,0,0,0,0,0,0,-1,-1,2100,2010,-1,-1,-1,-1,-1,-1,-1,-1,-1,-1,-1,-1,-1,-1,-1,-1,-1,-1,-1,-1,-1,-1,-1,-1,-1,-1,-1,-1,0,0,0,0,0,0,0,0,0,0,0,0,-1,-1,-1,-1,-1,-1,-1,-1,-1,-1,-1,-1,-1,-1,-1,-1,-1,-1,-1,-1,-1,-1,-1,-1,0,0,0,0,0,0,0,0,0,0,0,0,0,0,0,0,0,0,0,0,0,0,0,0,255,139,139,83,0,0,0,1,0,0,0,80,100,100,100,0,0,100,-1,0,100,100,0,1,1,-1,0,0,100,0,0,0,0,83,0,83,0,0,0,0,130,0,[0|0|0|0]
600000831,,0.4,0.08,0,0,1,0,6904,-1,-1,-1,-1,100,110,-1,-1,120,120,-1,-1,0,84,84,84,84,100,500,100,100,112,0,0,0,0,0,0,0,0,0,0,0,10,0,0,0,0,2,0,0,0,0,0,0,1,0,0,253,255,0,255,0,255,0,0,0,0,0,0,0,0,0,0,0,3,1,0,0,0,0,0,0,0,0,0,0,-1,-1,2100,2010,-1,-1,-1,-1,-1,-1,-1,-1,-1,-1,-1,-1,-1,-1,-1,-1,-1,-1,-1,-1,-1,-1,-1,-1,-1,-1,-1,-1,0,0,0,0,0,0,0,0,0,0,0,0,-1,-1,-1,-1,-1,-1,-1,-1,-1,-1,-1,-1,-1,-1,-1,-1,-1,-1,-1,-1,-1,-1,-1,-1,0,0,0,0,0,0,0,0,0,0,0,0,0,0,0,0,0,0,0,0,0,0,0,0,255,139,139,84,0,0,0,1,0,0,0,80,100,100,100,0,0,100,-1,0,100,100,0,1,1,-1,0,0,50,0,0,0,0,84,0,84,0,0,0,0,130,0,[0|0|0|0]
600000832,,0.4,0.08,0,0,1.3,0.08,6904,-1,-1,-1,-1,100,110,-1,-1,120,120,-1,-1,0,87,87,87,87,100,500,100,100,112,0,0,0,0,0,0,0,0,0,0,0,10,0,0,0,0,2,0,0,0,0,0,0,2,0,0,253,255,0,255,0,255,0,0,0,0,0,0,0,0,0,0,0,3,1,0,0,0,0,0,0,0,0,0,0,-1,-1,2100,2010,-1,-1,-1,-1,-1,-1,-1,-1,-1,-1,-1,-1,-1,-1,-1,-1,-1,-1,-1,-1,-1,-1,-1,-1,-1,-1,-1,-1,0,0,0,0,0,0,0,0,0,0,0,0,-1,-1,-1,-1,-1,-1,-1,-1,-1,-1,-1,-1,-1,-1,-1,-1,-1,-1,-1,-1,-1,-1,-1,-1,0,0,0,0,0,0,0,0,0,0,0,0,0,0,0,0,0,0,0,0,0,0,0,0,255,139,139,87,0,0,0,1,0,0,0,80,100,100,100,0,0,100,-1,0,100,100,0,1,1,-1,0,0,150,0,0,0,0,87,0,87,0,0,0,0,130,0,[0|0|0|0]
600000833,,0.4,0.08,0,0,1,0,6904,-1,-1,-1,-1,100,110,-1,-1,120,120,-1,-1,0,50,50,50,50,100,500,100,100,112,0,0,0,0,0,0,0,0,0,0,0,10,0,0,0,0,2,0,0,0,0,0,0,1,0,0,253,255,0,255,0,255,0,0,0,0,0,0,0,0,0,0,0,4,1,0,0,0,0,0,0,0,0,0,0,-1,-1,2100,2010,-1,-1,-1,-1,-1,-1,-1,-1,-1,-1,-1,-1,-1,-1,-1,-1,-1,-1,-1,-1,-1,-1,-1,-1,-1,-1,-1,-1,0,0,0,0,0,0,0,0,0,0,0,0,-1,-1,-1,-1,-1,-1,-1,-1,-1,-1,-1,-1,-1,-1,-1,-1,-1,-1,-1,-1,-1,-1,-1,-1,0,0,0,0,0,0,0,0,0,0,0,0,0,0,0,0,0,0,0,0,0,0,0,0,255,139,139,50,0,0,0,1,0,0,0,100,100,100,100,0,0,100,-1,0,100,100,0,1,1,-1,0,0,100,0,0,0,0,50,0,50,0,0,0,0,130,0,[0|0|0|0]
600000834,,0.4,0.08,0,0,1,0.08,6904,-1,-1,-1,-1,100,110,-1,-1,120,120,-1,-1,0,50,50,50,50,100,500,100,100,112,0,0,0,0,0,0,0,0,0,0,0,10,0,0,0,0,2,0,0,0,0,0,0,1,0,0,253,255,0,255,0,255,0,0,0,0,0,0,0,0,0,0,0,3,1,0,0,0,0,0,0,0,0,0,0,-1,-1,2100,2010,-1,-1,-1,-1,-1,-1,-1,-1,-1,-1,-1,-1,-1,-1,-1,-1,-1,-1,-1,-1,-1,-1,-1,-1,-1,-1,-1,-1,0,0,0,0,0,0,0,0,0,0,0,0,-1,-1,-1,-1,-1,-1,-1,-1,-1,-1,-1,-1,-1,-1,-1,-1,-1,-1,-1,-1,-1,-1,-1,-1,0,0,0,0,0,0,0,0,0,0,0,0,0,0,0,0,0,0,0,0,0,0,0,0,255,139,139,50,0,0,0,1,0,0,0,100,100,100,100,0,0,100,-1,0,100,100,0,1,1,-1,0,0,100,0,0,0,0,50,0,50,0,0,0,0,130,0,[0|0|0|0]
600000835,,0.4,0.08,0,0,1.3,0.08,6904,-1,-1,-1,-1,100,110,-1,-1,120,120,-1,-1,0,50,50,50,50,100,500,100,100,112,0,0,0,0,0,0,0,0,0,0,0,10,0,0,0,0,2,0,0,0,0,0,0,1,0,0,253,255,0,255,0,255,0,0,0,0,0,0,0,0,0,0,0,3,1,0,0,0,0,0,0,0,0,0,0,-1,-1,2100,2010,-1,-1,-1,-1,-1,-1,-1,-1,-1,-1,-1,-1,-1,-1,-1,-1,-1,-1,-1,-1,-1,-1,-1,-1,-1,-1,-1,-1,0,0,0,0,0,0,0,0,0,0,0,0,-1,-1,-1,-1,-1,-1,-1,-1,-1,-1,-1,-1,-1,-1,-1,-1,-1,-1,-1,-1,-1,-1,-1,-1,0,0,0,0,0,0,0,0,0,0,0,0,0,0,0,0,0,0,0,0,0,0,0,0,255,139,139,50,0,0,0,1,0,0,0,100,100,100,100,0,0,100,-1,0,100,100,0,1,1,-1,0,0,100,0,0,0,0,50,0,50,0,0,0,0,130,0,[0|0|0|0]
600000836,,0.4,0.08,0,0,1.5,0.08,6904,-1,-1,-1,-1,100,110,-1,-1,120,120,-1,-1,0,251,251,251,251,500,500,100,100,112,0,0,0,0,0,0,0,0,0,0,0,10,0,0,0,0,2,0,0,0,0,0,0,3,0,0,252,255,2,255,0,255,0,0,0,0,0,0,0,0,0,0,0,0,1,0,0,0,0,0,0,0,0,0,0,-1,-1,2100,2010,-1,-1,-1,-1,-1,-1,-1,-1,-1,-1,-1,-1,-1,-1,-1,-1,-1,-1,-1,-1,-1,-1,-1,-1,-1,-1,-1,-1,0,0,0,0,0,0,0,0,0,0,0,0,-1,-1,-1,-1,-1,-1,-1,-1,-1,-1,-1,-1,-1,-1,-1,-1,-1,-1,-1,-1,-1,-1,-1,-1,0,0,0,0,0,0,0,0,0,0,0,0,0,0,0,0,0,0,0,0,0,0,0,0,255,139,139,251,0,0,0,1,0,0,0,100,100,100,100,0,0,100,-1,0,100,100,0,1,1,-1,0,0,550,0,0,0,0,251,0,251,0,0,0,0,130,0,[0|0|0|0]
600000837,,0.4,0.08,0,0,1.2,0.08,6904,-1,-1,-1,-1,100,110,0,-1,120,120,0,-1,0,100,100,100,100,100,500,100,100,112,0,0,0,0,0,0,0,0,0,0,0,10,0,0,0,0,2,0,0,0,0,0,0,2,0,0,252,255,2,255,0,255,0,0,0,0,0,0,0,0,0,0,0,0,1,0,0,0,0,0,0,0,0,0,0,-1,-1,2100,2010,-1,-1,-1,-1,-1,-1,-1,-1,-1,-1,-1,-1,-1,-1,-1,-1,-1,-1,-1,-1,-1,-1,-1,-1,-1,-1,-1,-1,0,0,0,0,0,0,0,0,0,0,0,0,-1,-1,-1,-1,-1,-1,-1,-1,-1,-1,-1,-1,-1,-1,-1,-1,-1,-1,-1,-1,-1,-1,-1,-1,0,0,0,0,0,0,0,0,0,0,0,0,0,0,0,0,0,0,0,0,0,0,0,0,255,139,139,100,0,0,0,1,0,0,0,100,100,100,100,0,0,100,-1,0,100,100,0,1,1,-1,0,0,100,0,0,0,0,100,0,100,0,0,0,0,130,0,[0|0|0|0]
600000840,,0.4,0.08,0,0,0.3,0.08,-1,-1,-1,-1,-1,100,110,-1,-1,120,120,-1,-1,0,50,50,50,50,200,500,100,100,112,28,0,0,0,0,0,0,0,0,0,0,10,0,0,0,0,2,0,0,0,0,0,0,3,0,0,253,13,1,255,0,255,0,0,0,0,0,0,0,0,0,0,2,1,1,0,0,0,0,0,0,0,9,1,0,-1,-1,2100,2010,-1,-1,-1,-1,-1,-1,-1,-1,-1,-1,-1,-1,-1,-1,-1,-1,-1,-1,-1,-1,-1,-1,-1,-1,-1,-1,-1,-1,0,0,0,0,0,0,0,0,0,0,0,0,-1,-1,-1,-1,-1,-1,-1,-1,-1,-1,-1,-1,-1,-1,-1,-1,-1,-1,-1,-1,-1,-1,-1,-1,0,0,0,0,0,0,0,0,0,0,0,0,0,0,0,0,0,0,0,0,0,0,0,0,255,139,139,50,0,0,1,1,0,0,0,100,100,100,100,0,0,100,-1,0,100,100,0,1,1,-1,0,0,100,0,0,0,0,50,0,50,0,0,0,0,130,0,[0|0|0|0]
600000841,,0,0,0,0,0.3,0,-1,-1,-1,-1,-1,0,0,-1,-1,0,0,-1,-1,0,50,50,50,50,200,500,100,100,112,28,0,0,0,0,0,0,0,0,0,0,10,0,0,0,0,0,0,0,0,0,0,0,2,0,0,3,13,1,255,0,255,0,0,0,0,0,0,0,0,0,0,2,0,1,0,0,0,0,0,0,0,9,1,0,-1,-1,2100,2010,-1,-1,-1,-1,-1,-1,-1,-1,-1,-1,-1,-1,-1,-1,-1,-1,-1,-1,-1,-1,-1,-1,-1,-1,-1,-1,-1,-1,0,0,0,0,0,0,0,0,0,0,0,0,-1,-1,-1,-1,-1,-1,-1,-1,-1,-1,-1,-1,-1,-1,-1,-1,-1,-1,-1,-1,-1,-1,-1,-1,0,0,0,0,0,0,0,0,0,0,0,0,0,0,0,0,0,0,0,0,0,0,0,0,255,139,139,50,0,0,1,1,0,0,0,100,100,100,100,0,0,100,-1,0,100,100,0,1,1,-1,0,0,100,0,0,0,0,50,0,50,0,0,0,0,130,0,[0|0|0|0]
600000842,,0,0,0,0,1,0,6904,-1,-1,-1,-1,0,0,-1,-1,0,0,-1,-1,0,160,160,160,160,500,500,100,100,112,28,0,0,0,0,0,0,0,0,0,0,10,0,0,0,0,0,0,0,0,0,0,0,6,0,0,3,13,1,255,0,255,0,0,0,0,0,0,0,0,0,0,2,0,1,0,0,0,0,0,0,0,0,1,0,-1,-1,2100,2010,-1,-1,-1,-1,-1,-1,-1,-1,-1,-1,-1,-1,-1,-1,-1,-1,-1,-1,-1,-1,-1,-1,-1,-1,-1,-1,-1,-1,0,0,0,0,0,0,0,0,0,0,0,0,-1,-1,-1,-1,-1,-1,-1,-1,-1,-1,-1,-1,-1,-1,-1,-1,-1,-1,-1,-1,-1,-1,-1,-1,0,0,0,0,0,0,0,0,0,0,0,0,0,0,0,0,0,0,0,0,0,0,0,0,255,139,139,160,0,0,1,1,0,0,0,100,100,100,100,0,0,100,-1,0,100,100,0,1,1,-1,0,0,300,0,0,0,0,160,0,160,0,0,0,0,130,0,[0|0|0|0]
600000843,,0.4,0.08,0,0,0.3,0.08,-1,-1,-1,-1,-1,100,110,-1,-1,120,120,-1,-1,0,65,65,65,65,200,500,100,100,111,28,0,0,0,0,0,0,0,0,0,0,10,0,0,0,0,2,0,0,0,0,0,0,3,0,0,253,13,1,255,0,255,0,0,0,0,0,0,0,0,0,0,2,1,1,0,0,0,0,0,0,0,9,1,0,-1,-1,2100,2010,-1,-1,-1,-1,-1,-1,-1,-1,-1,-1,-1,-1,-1,-1,-1,-1,-1,-1,-1,-1,-1,-1,-1,-1,-1,-1,-1,-1,0,0,0,0,0,0,0,0,0,0,0,0,-1,-1,-1,-1,-1,-1,-1,-1,-1,-1,-1,-1,-1,-1,-1,-1,-1,-1,-1,-1,-1,-1,-1,-1,0,0,0,0,0,0,0,0,0,0,0,0,0,0,0,0,0,0,0,0,0,0,0,0,255,139,139,65,0,0,1,1,0,0,0,100,100,100,100,0,0,100,-1,0,100,100,0,1,1,-1,0,0,100,0,0,0,0,65,0,65,0,0,112,0,130,0,[0|0|0|0]
600000844,,0,0,0,0,0.3,0,-1,-1,-1,-1,-1,0,0,-1,-1,0,0,-1,-1,0,65,65,65,65,200,500,100,100,111,28,0,0,0,0,0,0,0,0,0,0,10,0,0,0,0,0,0,0,0,0,0,0,2,0,0,3,13,1,255,0,255,0,0,0,0,0,0,0,0,0,0,2,0,1,0,0,0,0,0,0,0,9,1,0,-1,-1,2100,2010,-1,-1,-1,-1,-1,-1,-1,-1,-1,-1,-1,-1,-1,-1,-1,-1,-1,-1,-1,-1,-1,-1,-1,-1,-1,-1,-1,-1,0,0,0,0,0,0,0,0,0,0,0,0,-1,-1,-1,-1,-1,-1,-1,-1,-1,-1,-1,-1,-1,-1,-1,-1,-1,-1,-1,-1,-1,-1,-1,-1,0,0,0,0,0,0,0,0,0,0,0,0,0,0,0,0,0,0,0,0,0,0,0,0,255,139,139,65,0,0,1,1,0,0,0,100,100,100,100,0,0,100,-1,0,100,100,0,1,1,-1,0,0,100,0,0,0,0,65,0,65,0,0,112,0,130,0,[0|0|0|0]
600000845,,0,0,0,0,1,0,6904,-1,-1,-1,-1,0,0,-1,-1,0,0,-1,-1,0,200,200,200,200,500,500,100,100,111,28,0,0,0,0,0,0,0,0,0,0,10,0,0,0,0,0,0,0,0,0,0,0,6,0,0,3,13,1,255,0,255,0,0,0,0,0,0,0,0,0,0,2,0,1,0,0,0,0,0,0,0,0,1,0,-1,-1,2100,2010,-1,-1,-1,-1,-1,-1,-1,-1,-1,-1,-1,-1,-1,-1,-1,-1,-1,-1,-1,-1,-1,-1,-1,-1,-1,-1,-1,-1,0,0,0,0,0,0,0,0,0,0,0,0,-1,-1,-1,-1,-1,-1,-1,-1,-1,-1,-1,-1,-1,-1,-1,-1,-1,-1,-1,-1,-1,-1,-1,-1,0,0,0,0,0,0,0,0,0,0,0,0,0,0,0,0,0,0,0,0,0,0,0,0,255,139,139,200,0,0,1,1,0,0,0,100,100,100,100,0,0,100,-1,0,100,100,0,1,1,-1,0,0,400,0,0,0,0,200,0,200,0,0,112,0,130,0,[0|0|0|0]
600000846,,0.4,0.08,0,0,0.3,0.08,-1,-1,-1,-1,-1,100,110,-1,-1,120,120,-1,-1,0,90,90,90,90,200,500,100,100,112,28,0,0,0,0,0,0,0,0,0,0,10,0,0,0,0,2,0,0,0,0,0,0,3,0,0,253,13,1,255,0,255,0,0,0,0,0,0,0,0,0,0,2,1,1,0,0,0,0,0,0,0,0,1,0,-1,-1,2100,2010,-1,-1,-1,-1,-1,-1,-1,-1,-1,-1,-1,-1,-1,-1,-1,-1,-1,-1,-1,-1,-1,-1,-1,-1,-1,-1,-1,-1,0,0,0,0,0,0,0,0,0,0,0,0,-1,-1,-1,-1,-1,-1,-1,-1,-1,-1,-1,-1,-1,-1,-1,-1,-1,-1,-1,-1,-1,-1,-1,-1,0,0,0,0,0,0,0,0,0,0,0,0,0,0,0,0,0,0,0,0,0,0,0,0,255,139,139,90,0,0,1,1,0,0,0,100,100,100,100,0,0,100,-1,0,100,100,0,1,1,-1,0,0,100,0,0,0,0,90,0,90,0,0,0,0,130,0,[0|0|0|0]
600000847,,0.4,0.08,0,0,0.3,0.08,-1,-1,-1,-1,-1,100,110,-1,-1,120,120,-1,-1,0,120,120,120,120,200,500,100,100,111,28,0,0,0,0,0,0,0,0,0,0,10,0,0,0,0,2,0,0,0,0,0,0,3,0,0,253,13,1,255,0,255,0,0,0,0,0,0,0,0,0,0,2,1,1,0,0,0,0,0,0,0,0,1,0,-1,-1,2100,2010,-1,-1,-1,-1,-1,-1,-1,-1,-1,-1,-1,-1,-1,-1,-1,-1,-1,-1,-1,-1,-1,-1,-1,-1,-1,-1,-1,-1,0,0,0,0,0,0,0,0,0,0,0,0,-1,-1,-1,-1,-1,-1,-1,-1,-1,-1,-1,-1,-1,-1,-1,-1,-1,-1,-1,-1,-1,-1,-1,-1,0,0,0,0,0,0,0,0,0,0,0,0,0,0,0,0,0,0,0,0,0,0,0,0,255,139,139,120,0,0,1,1,0,0,0,100,100,100,100,0,0,100,-1,0,100,100,0,1,1,-1,0,0,100,0,0,0,0,120,0,120,0,0,112,0,130,0,[0|0|0|0]
600000860,,0.5,0,0,0,1.5,0.08,-1,-1,-1,-1,-1,10100,0,0,0,10120,0,0,0,0,150,150,150,150,300,500,100,100,112,0,0,0,0,0,0,0,0,0,0,0,10,0,0,30,0,0,0,0,0,0,0,0,3,0,0,2,13,2,255,0,255,0,1,0,0,0,0,0,0,0,0,0,1,1,0,0,0,0,0,0,0,0,1,0,-1,-1,2100,2010,-1,-1,-1,-1,-1,-1,-1,-1,-1,-1,-1,-1,-1,-1,-1,-1,-1,-1,-1,-1,-1,-1,-1,-1,-1,-1,-1,-1,0,0,0,0,0,0,0,0,0,0,0,0,-1,-1,-1,-1,-1,-1,-1,-1,-1,-1,-1,-1,-1,-1,-1,-1,-1,-1,-1,-1,-1,-1,-1,-1,0,0,0,0,0,0,0,0,0,0,0,0,0,0,0,0,0,0,0,0,0,0,0,0,255,139,139,150,0,0,1,1,0,0,0,100,100,100,100,0,0,100,-1,0,100,100,0,1,1,-1,0,0,300,0,0,0,0,150,0,150,0,0,0,0,130,0,[0|0|0|0]
600000861,,0.65,0,0,0,0.3,0,-1,-1,-1,-1,-1,11,0,0,0,-1,0,0,0,0,0,0,0,0,0,0,0,100,112,0,0,0,0,0,0,0,0,0,0,0,10,0,0,30,0,0,0,0,0,0,0,0,1,0,0,2,13,2,255,0,255,0,1,0,0,0,0,0,0,0,0,0,1,1,0,0,0,0,0,0,0,0,1,0,-1,-1,2100,2010,-1,-1,-1,-1,-1,-1,-1,-1,-1,-1,-1,-1,-1,-1,-1,-1,-1,-1,-1,-1,-1,-1,-1,-1,-1,-1,-1,-1,0,0,0,0,0,0,0,0,0,0,0,0,-1,-1,-1,-1,-1,-1,-1,-1,-1,-1,-1,-1,-1,-1,-1,-1,-1,-1,-1,-1,-1,-1,-1,-1,0,0,0,0,0,0,0,0,0,0,0,0,0,0,0,0,0,0,0,0,0,0,0,0,255,139,139,0,0,0,1,1,0,0,0,0,0,0,0,0,0,0,-1,-1,-1,0,0,1,1,-1,0,0,0,0,0,0,0,0,0,0,0,0,0,0,130,0,[0|0|0|0]
600000862,,0.4,0,0,0,0,0,-1,-1,-1,-1,-1,131,-1,-1,-1,-1,-1,-1,-1,0,290,290,290,290,100,400,100,100,112,0,0,0,0,0,0,0,0,0,0,0,10,0,0,0,0,0,0,0,0,0,0,0,1,2,0,2,13,2,255,0,255,0,2,0,0,0,0,0,0,0,0,0,1,1,0,0,0,0,0,0,0,0,1,0,-1,-1,2100,2010,-1,-1,-1,-1,-1,-1,-1,-1,-1,-1,-1,-1,-1,-1,-1,-1,-1,-1,-1,-1,-1,-1,-1,-1,-1,-1,-1,-1,0,0,0,0,0,0,0,0,0,0,0,0,-1,-1,-1,-1,-1,-1,-1,-1,-1,-1,-1,-1,-1,-1,-1,-1,-1,-1,-1,-1,-1,-1,-1,-1,0,0,0,0,0,0,0,0,0,0,0,0,0,0,0,0,0,0,0,0,0,0,0,0,255,139,139,290,0,0,1,1,0,0,0,100,100,100,100,0,0,100,-1,-1,-1,100,0,1,1,-1,0,0,100,0,0,0,0,290,0,290,0,0,0,0,130,0,[0|0|0|0]
600000863,,0,0,0,0,0.3,0,-1,-1,-1,-1,-1,0,0,-1,-1,0,0,-1,-1,0,180,180,180,180,300,500,100,100,112,0,0,0,0,0,0,0,0,0,0,0,10,0,0,0,0,0,0,0,0,0,0,0,9,2,0,2,13,2,255,0,255,0,0,0,0,0,0,0,0,0,0,2,2,1,0,0,0,0,0,0,0,0,1,0,-1,-1,2100,2010,-1,-1,-1,-1,-1,-1,-1,-1,-1,-1,-1,-1,-1,-1,-1,-1,-1,-1,-1,-1,-1,-1,-1,-1,-1,-1,-1,-1,0,0,0,0,0,0,0,0,0,0,0,0,-1,-1,-1,-1,-1,-1,-1,-1,-1,-1,-1,-1,-1,-1,-1,-1,-1,-1,-1,-1,-1,-1,-1,-1,0,0,0,0,0,0,0,0,0,0,0,0,0,0,0,0,0,0,0,0,0,0,0,0,255,139,139,180,0,0,1,1,0,0,0,100,100,100,100,0,0,100,-1,0,100,100,0,1,1,-1,0,0,300,0,0,0,0,180,0,180,0,0,0,0,130,0,[0|0|0|0]
600000865,,0.4,0,0,0,1.5,0.08,-1,-1,-1,-1,-1,10100,0,0,-1,10120,0,0,-1,0,120,120,120,120,100,100,100,100,112,0,0,0,0,0,0,0,0,0,0,0,10,0,0,0,0,0,0,0,0,0,0,0,2,0,0,252,255,2,255,0,255,0,0,0,0,0,0,0,0,0,0,0,2,1,0,0,0,0,0,0,0,0,1,0,-1,-1,2100,2010,-1,-1,-1,-1,-1,-1,-1,-1,-1,-1,-1,-1,-1,-1,-1,-1,-1,-1,-1,-1,-1,-1,-1,-1,-1,-1,-1,-1,0,0,0,0,0,0,0,0,0,0,0,0,-1,-1,-1,-1,-1,-1,-1,-1,-1,-1,-1,-1,-1,-1,-1,-1,-1,-1,-1,-1,-1,-1,-1,-1,0,0,0,0,0,0,0,0,0,0,0,0,0,0,0,0,0,0,0,0,0,0,0,0,255,139,139,120,0,0,1,1,0,0,0,100,100,100,100,0,0,100,-1,0,100,100,0,1,1,-1,0,0,100,0,0,0,0,120,0,120,0,0,0,0,130,0,[0|0|0|0]
600000868,,0.4,0,0,0,1.5,0.08,-1,-1,-1,-1,-1,10100,0,0,-1,10120,0,0,-1,0,50,50,50,50,100,500,100,100,112,0,0,0,0,0,0,0,0,0,0,0,10,0,0,0,0,0,0,0,0,0,0,0,2,0,0,252,255,2,255,0,255,0,0,0,0,0,0,0,0,0,0,0,2,1,0,0,0,0,0,0,0,0,1,0,-1,-1,2100,2010,-1,-1,-1,-1,-1,-1,-1,-1,-1,-1,-1,-1,-1,-1,-1,-1,-1,-1,-1,-1,-1,-1,-1,-1,-1,-1,-1,-1,0,0,0,0,0,0,0,0,0,0,0,0,-1,-1,-1,-1,-1,-1,-1,-1,-1,-1,-1,-1,-1,-1,-1,-1,-1,-1,-1,-1,-1,-1,-1,-1,0,0,0,0,0,0,0,0,0,0,0,0,0,0,0,0,0,0,0,0,0,0,0,0,255,139,139,50,0,0,1,1,0,0,0,100,100,100,100,0,0,100,-1,0,100,100,0,1,1,-1,0,0,100,0,0,0,0,50,0,50,0,0,0,0,130,0,[0|0|0|0]
600000880,_1,0.4,0.25,0,0,0.9,0.08,6903,-1,-1,-1,-1,100,110,-1,-1,110,-1,-1,-1,0,0,0,0,0,0,500,100,100,112,0,0,0,0,0,30,500,100,0,0,0,40,0,0,0,0,2,0,0,0,0,0,0,3,0,0,253,13,3,255,0,255,0,0,0,0,0,0,0,0,0,0,2,1,1,0,0,0,0,1,0,1,0,0,0,-1,-1,2100,2010,-1,-1,-1,-1,-1,-1,-1,-1,-1,-1,-1,-1,-1,-1,-1,-1,-1,-1,-1,-1,-1,-1,-1,-1,-1,-1,-1,-1,0,0,0,0,0,0,0,0,0,0,0,0,-1,-1,-1,-1,-1,-1,-1,-1,-1,-1,-1,-1,-1,-1,-1,-1,-1,-1,-1,-1,-1,-1,-1,-1,0,0,0,0,0,0,0,0,0,0,0,0,0,0,0,0,0,0,0,0,0,0,0,0,255,139,139,0,61,0,1,1,0,1,0,100,100,100,100,0,0,100,-1,-1,-1,100,0,1,1,-1,0,0,0,0,0,100,0,0,0,0,0,-1,0,0,130,1,[0|0|0|0]
600000890,_1,0.4,0.25,0,0,0.9,0.08,6903,-1,-1,-1,-1,100,110,-1,-1,110,-1,-1,-1,0,0,0,0,0,0,100,100,100,112,0,0,0,0,0,80,500,100,0,0,0,10,0,0,0,0,2,0,0,0,0,0,0,11,0,0,253,13,3,255,0,255,0,0,0,0,0,0,0,0,0,0,2,1,1,0,0,0,0,1,0,0,0,1,20,-1,-1,2100,2010,-1,-1,-1,-1,-1,-1,-1,-1,-1,-1,-1,-1,-1,-1,-1,-1,-1,-1,-1,-1,-1,-1,-1,-1,-1,-1,-1,-1,0,0,0,0,0,0,0,0,0,0,0,0,-1,-1,-1,-1,-1,-1,-1,-1,-1,-1,-1,-1,-1,-1,-1,-1,-1,-1,-1,-1,-1,-1,-1,-1,0,0,0,0,0,0,0,0,0,0,0,0,0,0,0,0,0,0,0,0,0,0,0,0,255,139,139,0,310,0,1,1,0,0,0,100,100,100,100,0,0,100,-1,-1,-1,100,0,1,1,-1,0,0,0,0,0,0,0,0,0,0,80,0,0,0,130,0,[0|0|0|0]
600000900,_1_1_1_1,0.4,0.1,0,0,0.6,0.03,6903,-1,-1,1665,1667,100,120,-1,-1,120,-1,-1,-1,0,98,98,98,98,100,500,100,100,0,112,0,0,0,0,0,0,0,0,0,0,40,0,0,0,0,2,0,0,0,0,0,0,2,0,0,253,255,0,255,0,255,0,0,0,0,0,0,0,0,0,0,1,4,1,0,0,0,0,0,0,1,0,0,0,-1,-1,2100,2010,-1,-1,-1,-1,-1,-1,-1,-1,-1,-1,-1,-1,-1,-1,-1,-1,-1,-1,-1,-1,-1,-1,-1,-1,-1,-1,-1,-1,0,0,0,0,0,0,0,0,0,0,0,0,-1,-1,-1,-1,-1,-1,-1,-1,-1,-1,-1,-1,-1,-1,-1,-1,-1,-1,-1,-1,-1,-1,-1,-1,0,0,0,0,0,0,0,0,0,0,0,0,0,0,0,0,0,0,0,0,0,0,0,0,255,139,139,98,0,0,1,1,0,1,0,100,100,100,100,0,0,100,-1,-1,-1,100,0,1,1,-1,0,0,100,0,0,100,0,98,0,98,0,-1,0,0,130,1,[0|0|0|0]
600000901,_1_1_1_1_1,0.4,0.1,0,0,1.5,0.03,6903,-1,-1,1665,1667,100,120,-1,-1,120,-1,-1,-1,0,106,106,106,106,100,500,100,100,0,112,0,0,0,0,0,0,0,0,0,0,40,0,0,0,0,2,0,0,0,0,0,0,2,0,0,253,255,0,255,0,255,0,0,0,0,0,0,0,0,0,0,1,3,1,0,0,0,0,0,0,1,0,0,0,-1,-1,2100,2010,-1,-1,-1,-1,-1,-1,-1,-1,-1,-1,-1,-1,-1,-1,-1,-1,-1,-1,-1,-1,-1,-1,-1,-1,-1,-1,-1,-1,0,0,0,0,0,0,0,0,0,0,0,0,-1,-1,-1,-1,-1,-1,-1,-1,-1,-1,-1,-1,-1,-1,-1,-1,-1,-1,-1,-1,-1,-1,-1,-1,0,0,0,0,0,0,0,0,0,0,0,0,0,0,0,0,0,0,0,0,0,0,0,0,255,139,139,106,0,0,1,1,0,1,0,100,100,100,100,0,0,100,-1,-1,-1,100,0,1,1,-1,0,0,100,0,0,100,0,106,0,106,0,-1,0,0,130,1,[0|0|0|0]
600000902,_1_1_1_1_1_1,0.4,0.1,0,0,0.6,0.03,6903,-1,-1,1665,1667,100,120,-1,-1,120,-1,-1,-1,0,98,98,98,98,100,500,100,100,0,112,0,0,0,0,0,0,0,0,0,0,40,0,0,0,0,2,0,0,0,0,0,0,2,0,0,253,255,0,255,0,255,0,0,0,0,0,0,0,0,0,0,1,4,1,0,0,0,0,0,0,1,0,0,0,-1,-1,2100,2010,-1,-1,-1,-1,-1,-1,-1,-1,-1,-1,-1,-1,-1,-1,-1,-1,-1,-1,-1,-1,-1,-1,-1,-1,-1,-1,-1,-1,0,0,0,0,0,0,0,0,0,0,0,0,-1,-1,-1,-1,-1,-1,-1,-1,-1,-1,-1,-1,-1,-1,-1,-1,-1,-1,-1,-1,-1,-1,-1,-1,0,0,0,0,0,0,0,0,0,0,0,0,0,0,0,0,0,0,0,0,0,0,0,0,255,139,139,98,0,0,1,1,0,1,0,100,100,100,100,0,0,100,-1,-1,-1,100,0,1,1,-1,0,0,100,0,0,100,0,98,0,98,0,-1,0,0,130,1,[0|0|0|0]
600000903,_1_1_1_1_1_1,0.4,0.1,0,0,1.5,0.03,6903,-1,-1,1665,1667,100,120,-1,-1,120,-1,-1,-1,0,106,106,106,106,100,500,100,100,0,112,0,0,0,0,0,0,0,0,0,0,40,0,0,0,0,2,0,0,0,0,0,0,2,0,0,253,255,0,255,0,255,0,0,0,0,0,0,0,0,0,0,1,3,1,0,0,0,0,0,0,1,0,0,0,-1,-1,2100,2010,-1,-1,-1,-1,-1,-1,-1,-1,-1,-1,-1,-1,-1,-1,-1,-1,-1,-1,-1,-1,-1,-1,-1,-1,-1,-1,-1,-1,0,0,0,0,0,0,0,0,0,0,0,0,-1,-1,-1,-1,-1,-1,-1,-1,-1,-1,-1,-1,-1,-1,-1,-1,-1,-1,-1,-1,-1,-1,-1,-1,0,0,0,0,0,0,0,0,0,0,0,0,0,0,0,0,0,0,0,0,0,0,0,0,255,139,139,106,0,0,1,1,0,1,0,100,100,100,100,0,0,100,-1,-1,-1,100,0,1,1,-1,0,0,100,0,0,100,0,106,0,106,0,-1,0,0,130,1,[0|0|0|0]
600000904,_1_1_1_1_1_1_1,0.4,0.1,0,0,0.6,0.03,6903,-1,-1,1665,1667,100,120,-1,-1,120,-1,-1,-1,0,98,98,98,98,100,500,100,100,0,112,0,0,0,0,0,0,0,0,0,0,40,0,0,0,0,2,0,0,0,0,0,0,2,0,0,253,255,0,255,0,255,0,0,0,0,0,0,0,0,0,0,1,4,1,0,0,0,0,0,0,1,0,0,0,-1,-1,2100,2010,-1,-1,-1,-1,-1,-1,-1,-1,-1,-1,-1,-1,-1,-1,-1,-1,-1,-1,-1,-1,-1,-1,-1,-1,-1,-1,-1,-1,0,0,0,0,0,0,0,0,0,0,0,0,-1,-1,-1,-1,-1,-1,-1,-1,-1,-1,-1,-1,-1,-1,-1,-1,-1,-1,-1,-1,-1,-1,-1,-1,0,0,0,0,0,0,0,0,0,0,0,0,0,0,0,0,0,0,0,0,0,0,0,0,255,139,139,98,0,0,1,1,0,1,0,100,100,100,100,0,0,100,-1,-1,-1,100,0,1,1,-1,0,0,100,0,0,100,0,98,0,98,0,-1,0,0,130,1,[0|0|0|0]
600000905,_1_1_1_1_1_1_1,0.4,0.1,0,0,1.5,0.03,6903,-1,-1,1665,1667,100,120,-1,-1,120,-1,-1,-1,0,106,106,106,106,100,500,100,100,0,112,0,0,0,0,0,0,0,0,0,0,40,0,0,0,0,2,0,0,0,0,0,0,2,0,0,253,255,0,255,0,255,0,0,0,0,0,0,0,0,0,0,0,3,1,0,0,0,0,0,0,1,0,0,0,-1,-1,2100,2010,-1,-1,-1,-1,-1,-1,-1,-1,-1,-1,-1,-1,-1,-1,-1,-1,-1,-1,-1,-1,-1,-1,-1,-1,-1,-1,-1,-1,0,0,0,0,0,0,0,0,0,0,0,0,-1,-1,-1,-1,-1,-1,-1,-1,-1,-1,-1,-1,-1,-1,-1,-1,-1,-1,-1,-1,-1,-1,-1,-1,0,0,0,0,0,0,0,0,0,0,0,0,0,0,0,0,0,0,0,0,0,0,0,0,255,139,139,106,0,0,1,1,0,1,0,100,100,100,100,0,0,100,-1,-1,-1,100,0,1,1,-1,0,0,100,0,0,100,0,106,0,106,0,-1,0,0,130,1,[0|0|0|0]
600000910,_1_1_1_1_1,0.4,0.1,0,0,0.6,0.03,6903,-1,-1,1665,1667,100,120,-1,-1,120,-1,-1,-1,0,74,74,74,74,50,100,100,100,0,112,0,0,0,0,0,0,0,0,0,0,40,0,0,0,0,2,0,0,0,0,0,0,1,0,0,253,255,0,255,0,255,0,0,0,0,0,0,0,0,0,0,1,4,1,0,0,0,0,0,0,1,0,0,0,-1,-1,2100,2010,-1,-1,-1,-1,-1,-1,-1,-1,-1,-1,-1,-1,-1,-1,-1,-1,-1,-1,-1,-1,-1,-1,-1,-1,-1,-1,-1,-1,0,0,0,0,0,0,0,0,0,0,0,0,-1,-1,-1,-1,-1,-1,-1,-1,-1,-1,-1,-1,-1,-1,-1,-1,-1,-1,-1,-1,-1,-1,-1,-1,0,0,0,0,0,0,0,0,0,0,0,0,0,0,0,0,0,0,0,0,0,0,0,0,255,139,139,74,0,0,1,1,0,1,0,75,75,100,100,0,0,75,-1,-1,-1,100,0,1,1,-1,0,0,75,0,0,100,0,74,0,74,0,-1,0,0,130,1,[0|0|0|0]
600000911,_1_1_1_1_1_1,0.4,0.1,0,0,0.6,0.03,6903,-1,-1,1665,1667,100,120,-1,-1,120,-1,-1,-1,0,78,78,78,78,50,100,100,100,0,112,0,0,0,0,0,0,0,0,0,0,40,0,0,0,0,2,0,0,0,0,0,0,1,0,0,253,255,0,255,0,255,0,0,0,0,0,0,0,0,0,0,1,3,1,0,0,0,0,0,0,1,0,0,0,-1,-1,2100,2010,-1,-1,-1,-1,-1,-1,-1,-1,-1,-1,-1,-1,-1,-1,-1,-1,-1,-1,-1,-1,-1,-1,-1,-1,-1,-1,-1,-1,0,0,0,0,0,0,0,0,0,0,0,0,-1,-1,-1,-1,-1,-1,-1,-1,-1,-1,-1,-1,-1,-1,-1,-1,-1,-1,-1,-1,-1,-1,-1,-1,0,0,0,0,0,0,0,0,0,0,0,0,0,0,0,0,0,0,0,0,0,0,0,0,255,139,139,78,0,0,1,1,0,1,0,75,75,100,100,0,0,75,-1,-1,-1,100,0,1,1,-1,0,0,75,0,0,100,0,78,0,78,0,-1,0,0,130,1,[0|0|0|0]
600000912,_1_1_1_1_1_1,0.4,0.1,0,0,0.6,0.03,6903,-1,-1,1665,1667,100,120,-1,-1,120,-1,-1,-1,0,74,74,74,74,50,100,100,100,0,112,0,0,0,0,0,0,0,0,0,0,40,0,0,0,0,2,0,0,0,0,0,0,1,0,0,253,255,0,255,0,255,0,0,0,0,0,0,0,0,0,0,1,4,1,0,0,0,0,0,0,1,0,0,0,-1,-1,2100,2010,-1,-1,-1,-1,-1,-1,-1,-1,-1,-1,-1,-1,-1,-1,-1,-1,-1,-1,-1,-1,-1,-1,-1,-1,-1,-1,-1,-1,0,0,0,0,0,0,0,0,0,0,0,0,-1,-1,-1,-1,-1,-1,-1,-1,-1,-1,-1,-1,-1,-1,-1,-1,-1,-1,-1,-1,-1,-1,-1,-1,0,0,0,0,0,0,0,0,0,0,0,0,0,0,0,0,0,0,0,0,0,0,0,0,255,139,139,74,0,0,1,1,0,1,0,75,75,100,100,0,0,75,-1,-1,-1,100,0,1,1,-1,0,0,75,0,0,100,0,74,0,74,0,-1,0,0,130,1,[0|0|0|0]
600000913,_1_1_1_1_1_1_1,0.4,0.1,0,0,0.6,0.03,6903,-1,-1,1665,1667,100,120,-1,-1,120,-1,-1,-1,0,78,78,78,78,50,100,100,100,0,112,0,0,0,0,0,0,0,0,0,0,40,0,0,0,0,2,0,0,0,0,0,0,1,0,0,253,255,0,255,0,255,0,0,0,0,0,0,0,0,0,0,0,3,1,0,0,0,0,0,0,1,0,0,0,-1,-1,2100,2010,-1,-1,-1,-1,-1,-1,-1,-1,-1,-1,-1,-1,-1,-1,-1,-1,-1,-1,-1,-1,-1,-1,-1,-1,-1,-1,-1,-1,0,0,0,0,0,0,0,0,0,0,0,0,-1,-1,-1,-1,-1,-1,-1,-1,-1,-1,-1,-1,-1,-1,-1,-1,-1,-1,-1,-1,-1,-1,-1,-1,0,0,0,0,0,0,0,0,0,0,0,0,0,0,0,0,0,0,0,0,0,0,0,0,255,139,139,78,0,0,1,1,0,1,0,75,75,100,100,0,0,75,-1,-1,-1,100,0,1,1,-1,0,0,75,0,0,100,0,78,0,78,0,-1,0,0,130,1,[0|0|0|0]
600000914,_1_1_1_1_1_1_1,0.4,0.1,0,0,0.6,0.03,6903,-1,-1,1665,1667,100,120,-1,-1,120,-1,-1,-1,0,74,74,74,74,50,100,100,100,0,112,0,0,0,0,0,0,0,0,0,0,40,0,0,0,0,2,0,0,0,0,0,0,1,0,0,253,255,0,255,0,255,0,0,0,0,0,0,0,0,0,0,1,4,1,0,0,0,0,0,0,1,0,0,0,-1,-1,2100,2010,-1,-1,-1,-1,-1,-1,-1,-1,-1,-1,-1,-1,-1,-1,-1,-1,-1,-1,-1,-1,-1,-1,-1,-1,-1,-1,-1,-1,0,0,0,0,0,0,0,0,0,0,0,0,-1,-1,-1,-1,-1,-1,-1,-1,-1,-1,-1,-1,-1,-1,-1,-1,-1,-1,-1,-1,-1,-1,-1,-1,0,0,0,0,0,0,0,0,0,0,0,0,0,0,0,0,0,0,0,0,0,0,0,0,255,139,139,74,0,0,1,1,0,1,0,75,75,100,100,0,0,75,-1,-1,-1,100,0,1,1,-1,0,0,75,0,0,100,0,74,0,74,0,-1,0,0,130,1,[0|0|0|0]
600000915,_1_1_1_1_1_1_1_1,0.4,0.1,0,0,0.6,0.03,6903,-1,-1,1665,1667,100,120,-1,-1,120,-1,-1,-1,0,78,78,78,78,50,100,100,100,0,112,0,0,0,0,0,0,0,0,0,0,40,0,0,0,0,2,0,0,0,0,0,0,1,0,0,253,255,0,255,0,255,0,0,0,0,0,0,0,0,0,0,1,3,1,0,0,0,0,0,0,1,0,0,0,-1,-1,2100,2010,-1,-1,-1,-1,-1,-1,-1,-1,-1,-1,-1,-1,-1,-1,-1,-1,-1,-1,-1,-1,-1,-1,-1,-1,-1,-1,-1,-1,0,0,0,0,0,0,0,0,0,0,0,0,-1,-1,-1,-1,-1,-1,-1,-1,-1,-1,-1,-1,-1,-1,-1,-1,-1,-1,-1,-1,-1,-1,-1,-1,0,0,0,0,0,0,0,0,0,0,0,0,0,0,0,0,0,0,0,0,0,0,0,0,255,139,139,78,0,0,1,1,0,1,0,75,75,100,100,0,0,75,-1,-1,-1,100,0,1,1,-1,0,0,75,0,0,100,0,78,0,78,0,-1,0,0,130,1,[0|0|0|0]
600000940,Messmer's assault,0.4,0.1,0,0,1.6,0.03,6903,-1,-1,1665,1667,100,120,-1,-1,120,-1,-1,-1,0,0,0,0,0,100,500,100,100,0,112,0,0,0,0,0,0,0,0,0,0,40,0,0,0,0,2,0,0,0,0,0,0,2,0,0,3,11,0,255,0,255,0,0,0,0,0,0,0,0,0,0,1,0,1,0,0,0,0,0,0,0,0,0,0,-1,-1,2100,2010,-1,-1,-1,-1,-1,-1,-1,-1,-1,-1,-1,-1,-1,-1,-1,-1,-1,-1,-1,-1,-1,-1,-1,-1,-1,-1,-1,-1,0,0,0,0,0,0.1,0,0,0,0,0,0,-1,-1,-1,-1,-1,-1,-1,-1,-1,-1,-1,-1,-1,-1,-1,-1,-1,-1,-1,-1,-1,-1,-1,-1,0,0,0,0,0,0,0,0,0,0,0,0,0,0,0,0,0,0,0,0,0,0,0,0,255,139,139,0,0,0,1,1,0,0,0,100,100,100,100,0,0,100,-1,-1,-1,100,0,1,1,-1,7,0,100,0,0,0,0,0,0,0,0,0,0,0,130,0,[0|0|0|0]
600000941,,0.4,0.1,0,0,2.2,0.03,6903,-1,-1,1665,1667,100,120,-1,-1,120,-1,-1,-1,0,62,62,62,62,100,500,100,100,0,112,0,0,0,0,0,0,0,0,0,0,40,0,0,0,0,2,0,0,0,0,0,0,3,0,0,3,11,0,255,0,255,0,0,0,0,0,0,0,0,0,0,1,4,1,0,0,0,0,0,0,0,0,0,0,-1,-1,2100,2010,-1,-1,-1,-1,-1,-1,-1,-1,-1,-1,-1,-1,-1,-1,-1,-1,-1,-1,-1,-1,-1,-1,-1,-1,-1,-1,-1,-1,0,0,0,0,0,0,0,0,0,0,0,0,-1,-1,-1,-1,-1,-1,-1,-1,-1,-1,-1,-1,-1,-1,-1,-1,-1,-1,-1,-1,-1,-1,-1,-1,0,0,0,0,0,0,0,0,0,0,0,0,0,0,0,0,0,0,0,0,0,0,0,0,255,139,139,62,0,0,1,1,0,0,0,100,100,100,100,0,0,100,-1,-1,-1,100,0,1,1,-1,7,0,50,0,0,0,0,62,0,62,0,0,0,0,130,0,[0|0|0|0]
600000942,,0.4,0.1,0,0,0.6,0.03,6903,-1,-1,1665,1667,100,120,-1,-1,120,-1,-1,-1,0,0,0,0,0,0,500,100,100,0,112,0,0,160,0,100,0,0,0,0,0,40,0,0,0,0,2,0,0,0,0,0,0,2,1,0,3,11,0,255,0,255,0,0,0,0,0,0,0,0,0,0,1,0,1,0,0,0,0,1,0,0,0,0,7,-1,-1,2100,2010,-1,-1,-1,-1,-1,-1,-1,-1,-1,-1,-1,-1,-1,-1,-1,-1,-1,-1,-1,-1,-1,-1,-1,-1,-1,-1,-1,-1,0,0,0,0,0,0,0,0,0,0,0,0,-1,-1,-1,-1,-1,-1,-1,-1,-1,-1,-1,-1,-1,-1,-1,-1,-1,-1,-1,-1,-1,-1,-1,-1,0,0,0,0,0,0,0,0,0,0,0,0,0,0,0,0,0,0,0,0,0,0,0,0,255,139,139,0,0,0,1,1,0,0,0,100,100,100,100,0,0,100,-1,-1,-1,100,0,1,1,-1,7,0,0,0,0,0,0,0,0,0,0,0,0,0,130,0,[0|0|0|0]
600000943,,0.4,0.1,0,0,1.5,0.03,6903,-1,-1,1665,1667,100,120,-1,-1,120,-1,-1,-1,0,65,65,65,65,100,500,100,100,0,112,0,0,0,0,0,0,0,0,0,0,40,0,0,0,0,2,0,0,0,0,0,0,2,0,0,2,11,0,255,0,255,0,0,0,0,0,0,0,0,0,0,1,0,1,0,0,0,0,0,0,0,0,0,0,-1,-1,2100,2010,-1,-1,-1,-1,-1,-1,-1,-1,-1,-1,-1,-1,-1,-1,-1,-1,-1,-1,-1,-1,-1,-1,-1,-1,-1,-1,-1,-1,0,0,0,0,0,0,0,0,0,0,0,0,-1,-1,-1,-1,-1,-1,-1,-1,-1,-1,-1,-1,-1,-1,-1,-1,-1,-1,-1,-1,-1,-1,-1,-1,0,0,0,0,0,0,0,0,0,0,0,0,0,0,0,0,0,0,0,0,0,0,0,0,255,139,139,65,0,0,1,1,0,0,0,100,100,100,100,0,0,100,-1,-1,-1,100,0,1,1,-1,7,0,100,0,0,0,0,65,0,65,0,0,0,0,130,0,[0|0|0|0]
600000944,,0.4,0.1,0,0,0.6,0.03,6903,-1,-1,1665,1667,100,120,-1,-1,120,-1,-1,-1,0,66,66,66,66,100,500,100,100,0,112,0,0,0,0,0,0,0,0,0,0,40,0,0,0,0,2,0,0,0,0,0,0,2,0,0,2,11,0,255,0,255,0,0,0,0,0,0,0,0,0,0,1,0,1,0,0,0,0,0,0,0,0,0,0,-1,-1,2100,2010,-1,-1,-1,-1,-1,-1,-1,-1,-1,-1,-1,-1,-1,-1,-1,-1,-1,-1,-1,-1,-1,-1,-1,-1,-1,-1,-1,-1,0,0,0,0,0,0,0,0,0,0,0,0,-1,-1,-1,-1,-1,-1,-1,-1,-1,-1,-1,-1,-1,-1,-1,-1,-1,-1,-1,-1,-1,-1,-1,-1,0,0,0,0,0,0,0,0,0,0,0,0,0,0,0,0,0,0,0,0,0,0,0,0,255,139,139,66,0,0,1,1,0,0,0,100,100,100,100,0,0,100,-1,-1,-1,100,0,1,1,-1,7,0,50,0,0,0,0,66,0,66,0,0,0,0,130,0,[0|0|0|0]
600000945,,0.4,0.1,0,0,2.2,0.03,6903,-1,-1,1665,1667,100,120,-1,-1,120,-1,-1,-1,0,68,68,68,68,100,500,100,100,0,112,0,0,0,0,0,0,0,0,0,0,40,0,0,0,0,2,0,0,0,0,0,0,2,0,0,2,11,0,255,0,255,0,0,0,0,0,0,0,0,0,0,1,0,1,0,0,0,0,0,0,0,0,0,0,-1,-1,2100,2010,-1,-1,-1,-1,-1,-1,-1,-1,-1,-1,-1,-1,-1,-1,-1,-1,-1,-1,-1,-1,-1,-1,-1,-1,-1,-1,-1,-1,0,0,0,0,0,0,0,0,0,0,0,0,-1,-1,-1,-1,-1,-1,-1,-1,-1,-1,-1,-1,-1,-1,-1,-1,-1,-1,-1,-1,-1,-1,-1,-1,0,0,0,0,0,0,0,0,0,0,0,0,0,0,0,0,0,0,0,0,0,0,0,0,255,139,139,68,0,0,1,1,0,0,0,100,100,100,100,0,0,100,-1,-1,-1,100,0,1,1,-1,7,0,50,0,0,0,0,68,0,68,0,0,0,0,130,0,[0|0|0|0]
600000946,,0.4,0.1,0,0,0.6,0.03,6903,-1,-1,1665,1667,100,120,-1,-1,120,-1,-1,-1,0,64,64,64,64,100,500,100,100,0,112,0,0,0,0,0,0,0,0,0,0,40,0,0,0,0,2,0,0,0,0,0,0,3,0,0,2,11,0,255,0,255,0,0,0,0,0,0,0,0,0,0,1,1,1,0,0,0,0,0,0,0,0,0,0,-1,-1,2100,2010,-1,-1,-1,-1,-1,-1,-1,-1,-1,-1,-1,-1,-1,-1,-1,-1,-1,-1,-1,-1,-1,-1,-1,-1,-1,-1,-1,-1,0,0,0,0,0,0,0,0,0,0,0,0,-1,-1,-1,-1,-1,-1,-1,-1,-1,-1,-1,-1,-1,-1,-1,-1,-1,-1,-1,-1,-1,-1,-1,-1,0,0,0,0,0,0,0,0,0,0,0,0,0,0,0,0,0,0,0,0,0,0,0,0,255,139,139,64,0,0,1,1,0,0,0,100,100,100,100,0,0,100,-1,-1,-1,100,0,1,1,-1,7,0,100,0,0,0,0,64,0,64,0,0,0,0,130,0,[0|0|0|0]
600000947,,0.4,0.1,0,0,1.5,0.03,6903,-1,-1,1665,1667,100,120,-1,-1,120,-1,-1,-1,0,95,95,95,95,100,500,100,100,0,112,0,0,0,0,0,0,0,0,0,0,40,0,0,0,0,2,0,0,0,0,0,0,9,0,0,3,11,0,255,0,255,0,0,0,0,0,0,0,0,0,0,1,2,1,0,0,0,0,0,0,0,0,0,0,-1,-1,2100,2010,-1,-1,-1,-1,-1,-1,-1,-1,-1,-1,-1,-1,-1,-1,-1,-1,-1,-1,-1,-1,-1,-1,-1,-1,-1,-1,-1,-1,0,0,0,0,0,0,0,0,0,0,0,0,-1,-1,-1,-1,-1,-1,-1,-1,-1,-1,-1,-1,-1,-1,-1,-1,-1,-1,-1,-1,-1,-1,-1,-1,0,0,0,0,0,0,0,0,0,0,0,0,0,0,0,0,0,0,0,0,0,0,0,0,255,139,139,95,0,0,1,1,0,0,0,100,100,100,100,0,0,100,-1,-1,-1,100,0,1,1,-1,7,0,100,0,0,0,0,95,0,95,0,0,0,0,130,0,[0|0|0|0]
600000948,,0.4,0.1,0,0,0.6,0.03,6903,-1,-1,1665,1667,100,120,-1,-1,120,-1,-1,-1,0,130,130,130,130,100,500,100,100,0,112,0,0,0,0,0,0,0,0,0,0,40,0,0,0,0,2,0,0,0,0,0,0,9,0,0,2,11,0,255,0,255,0,0,0,0,0,0,0,0,0,0,1,2,1,0,0,0,0,0,0,0,0,0,0,-1,-1,2100,2010,-1,-1,-1,-1,-1,-1,-1,-1,-1,-1,-1,-1,-1,-1,-1,-1,-1,-1,-1,-1,-1,-1,-1,-1,-1,-1,-1,-1,0,0,0,0,0,0,0,0,0,0,0,0,-1,-1,-1,-1,-1,-1,-1,-1,-1,-1,-1,-1,-1,-1,-1,-1,-1,-1,-1,-1,-1,-1,-1,-1,0,0,0,0,0,0,0,0,0,0,0,0,0,0,0,0,0,0,0,0,0,0,0,0,255,139,139,130,0,0,1,1,0,0,0,100,100,100,100,0,0,100,-1,-1,-1,100,0,1,1,-1,7,0,100,0,0,0,0,130,0,130,0,0,0,0,130,0,[0|0|0|0]
600000949,_1,1.6,0,0,0,1.5,0,6903,-1,-1,1665,1667,100,-1,-1,-1,120,-1,-1,-1,0,95,95,95,95,100,500,100,100,0,112,0,0,0,0,0,0,0,0,0,0,40,0,0,0,0,0,0,0,0,0,0,0,9,0,0,3,11,0,255,0,255,0,0,0,0,0,0,0,0,0,0,1,2,1,0,0,0,0,0,0,0,0,0,0,-1,-1,2100,2010,-1,-1,-1,-1,-1,-1,-1,-1,-1,-1,-1,-1,-1,-1,-1,-1,-1,-1,-1,-1,-1,-1,-1,-1,-1,-1,-1,-1,0,0,0,0,0,0,0,0,0,0,0,0,-1,-1,-1,-1,-1,-1,-1,-1,-1,-1,-1,-1,-1,-1,-1,-1,-1,-1,-1,-1,-1,-1,-1,-1,0,0,0,0,0,0,0,0,0,0,0,0,0,0,0,0,0,0,0,0,0,0,0,0,255,139,139,95,0,0,1,1,0,0,0,100,100,100,100,0,0,100,-1,-1,-1,100,0,1,1,-1,7,0,100,0,0,0,0,95,0,95,0,0,0,0,130,0,[0|0|0|0]
600000980,,0.4,0.08,0,0,1.2,0.08,-1,-1,-1,-1,-1,100,110,-1,-1,120,120,-1,-1,0,181,181,181,181,200,500,100,100,112,0,0,0,0,0,0,0,0,0,0,0,10,0,0,0,0,2,0,0,0,0,0,0,3,0,0,253,13,1,255,0,255,0,0,0,0,0,0,0,0,0,0,2,1,1,0,0,0,0,0,0,0,0,1,0,-1,-1,2100,2010,-1,-1,-1,-1,-1,-1,-1,-1,-1,-1,-1,-1,-1,-1,-1,-1,-1,-1,-1,-1,-1,-1,-1,-1,-1,-1,-1,-1,0,0,0,0,0,0,0,0,0,0,0,0,-1,-1,-1,-1,-1,-1,-1,-1,-1,-1,-1,-1,-1,-1,-1,-1,-1,-1,-1,-1,-1,-1,-1,-1,0,0,0,0,0,0,0,0,0,0,0,0,0,0,0,0,0,0,0,0,0,0,0,0,255,139,139,181,0,0,1,1,0,0,0,100,100,100,100,0,0,100,-1,0,100,100,0,1,1,-1,0,0,280,0,0,0,0,181,0,181,0,0,0,0,130,0,[0|0|0|0]
600000981,,2.2,0,0,0,1.2,0,-1,-1,-1,-1,-1,100,0,-1,-1,-1,0,-1,-1,0,181,181,181,181,200,500,100,100,112,0,0,0,0,0,0,0,0,0,0,0,10,0,0,0,0,0,0,0,0,0,0,0,3,2,0,3,13,1,255,0,255,0,0,0,0,0,0,0,0,0,0,2,1,1,0,0,0,0,0,0,0,0,1,0,-1,-1,2100,2010,-1,-1,-1,-1,-1,-1,-1,-1,-1,-1,-1,-1,-1,-1,-1,-1,-1,-1,-1,-1,-1,-1,-1,-1,-1,-1,-1,-1,0,0,0,0,0,0,0,0,0,0,0,0,-1,-1,-1,-1,-1,-1,-1,-1,-1,-1,-1,-1,-1,-1,-1,-1,-1,-1,-1,-1,-1,-1,-1,-1,0,0,0,0,0,0,0,0,0,0,0,0,0,0,0,0,0,0,0,0,0,0,0,0,255,139,139,181,0,0,1,1,1,0,0,100,100,100,100,0,0,100,-1,0,100,100,0,1,1,-1,0,0,280,0,0,0,0,181,0,181,0,0,0,0,130,0,[0|0|0|0]
600000982,,0.4,0.08,0,0,0.5,0.08,-1,-1,-1,-1,-1,100,110,-1,-1,120,120,-1,-1,0,90,90,90,90,200,500,100,100,112,0,0,0,0,0,0,0,0,0,0,0,10,0,0,0,0,2,0,0,0,0,0,0,3,0,0,253,13,1,255,0,255,0,0,0,0,0,0,0,0,0,0,2,1,1,0,0,0,0,0,0,0,0,1,0,-1,-1,2100,2010,-1,-1,-1,-1,-1,-1,-1,-1,-1,-1,-1,-1,-1,-1,-1,-1,-1,-1,-1,-1,-1,-1,-1,-1,-1,-1,-1,-1,0,0,0,0,0,0,0,0,0,0,0,0,-1,-1,-1,-1,-1,-1,-1,-1,-1,-1,-1,-1,-1,-1,-1,-1,-1,-1,-1,-1,-1,-1,-1,-1,0,0,0,0,0,0,0,0,0,0,0,0,0,0,0,0,0,0,0,0,0,0,0,0,255,139,139,90,0,0,1,1,0,0,0,100,100,100,100,0,0,100,-1,0,100,100,0,1,1,-1,0,0,100,0,0,0,0,90,0,90,0,0,0,0,130,0,[0|0|0|0]
600000983,,2.2,0,0,0,0.5,0,-1,-1,-1,-1,-1,100,0,-1,-1,-1,0,-1,-1,0,90,90,90,90,200,500,100,100,112,0,0,0,0,0,0,0,0,0,0,0,10,0,0,0,0,0,0,0,0,0,0,0,3,2,0,3,13,1,255,0,255,0,0,0,0,0,0,0,0,0,0,2,1,1,0,0,0,0,0,0,0,0,1,0,-1,-1,2100,2010,-1,-1,-1,-1,-1,-1,-1,-1,-1,-1,-1,-1,-1,-1,-1,-1,-1,-1,-1,-1,-1,-1,-1,-1,-1,-1,-1,-1,0,0,0,0,0,0,0,0,0,0,0,0,-1,-1,-1,-1,-1,-1,-1,-1,-1,-1,-1,-1,-1,-1,-1,-1,-1,-1,-1,-1,-1,-1,-1,-1,0,0,0,0,0,0,0,0,0,0,0,0,0,0,0,0,0,0,0,0,0,0,0,0,255,139,139,90,0,0,1,1,1,0,0,100,100,100,100,0,0,100,-1,0,100,100,0,1,1,-1,0,0,100,0,0,0,0,90,0,90,0,0,0,0,130,0,[0|0|0|0]
600000984,,0.4,0.08,0,0,0.5,0.08,-1,-1,-1,-1,-1,100,110,-1,-1,120,120,-1,-1,0,92,92,92,92,200,500,100,100,112,0,0,0,0,0,0,0,0,0,0,0,10,0,0,0,0,2,0,0,0,0,0,0,3,0,0,253,13,1,255,0,255,0,0,0,0,0,0,0,0,0,0,2,1,1,0,0,0,0,0,0,0,0,1,0,-1,-1,2100,2010,-1,-1,-1,-1,-1,-1,-1,-1,-1,-1,-1,-1,-1,-1,-1,-1,-1,-1,-1,-1,-1,-1,-1,-1,-1,-1,-1,-1,0,0,0,0,0,0,0,0,0,0,0,0,-1,-1,-1,-1,-1,-1,-1,-1,-1,-1,-1,-1,-1,-1,-1,-1,-1,-1,-1,-1,-1,-1,-1,-1,0,0,0,0,0,0,0,0,0,0,0,0,0,0,0,0,0,0,0,0,0,0,0,0,255,139,139,92,0,0,1,1,0,0,0,100,100,100,100,0,0,100,-1,0,100,100,0,1,1,-1,0,0,100,0,0,0,0,92,0,92,0,0,0,0,130,0,[0|0|0|0]
600000985,,2.2,0,0,0,0.5,0,-1,-1,-1,-1,-1,100,0,-1,-1,-1,0,-1,-1,0,92,92,92,92,200,500,100,100,112,0,0,0,0,0,0,0,0,0,0,0,10,0,0,0,0,0,0,0,0,0,0,0,3,2,0,3,13,1,255,0,255,0,0,0,0,0,0,0,0,0,0,2,1,1,0,0,0,0,0,0,0,0,1,0,-1,-1,2100,2010,-1,-1,-1,-1,-1,-1,-1,-1,-1,-1,-1,-1,-1,-1,-1,-1,-1,-1,-1,-1,-1,-1,-1,-1,-1,-1,-1,-1,0,0,0,0,0,0,0,0,0,0,0,0,-1,-1,-1,-1,-1,-1,-1,-1,-1,-1,-1,-1,-1,-1,-1,-1,-1,-1,-1,-1,-1,-1,-1,-1,0,0,0,0,0,0,0,0,0,0,0,0,0,0,0,0,0,0,0,0,0,0,0,0,255,139,139,92,0,0,1,1,1,0,0,100,100,100,100,0,0,100,-1,0,100,100,0,1,1,-1,0,0,100,0,0,0,0,92,0,92,0,0,0,0,130,0,[0|0|0|0]
600000986,,0.4,0.08,0,0,0.5,0.08,-1,-1,-1,-1,-1,100,110,-1,-1,120,120,-1,-1,0,190,190,190,190,200,500,100,100,112,0,0,0,0,0,0,0,0,0,0,0,10,0,0,0,0,2,0,0,0,0,0,0,6,0,0,253,13,1,255,0,255,0,0,0,0,0,0,0,0,0,0,2,1,1,0,0,0,0,0,0,0,0,1,0,-1,-1,2100,2010,-1,-1,-1,-1,-1,-1,-1,-1,-1,-1,-1,-1,-1,-1,-1,-1,-1,-1,-1,-1,-1,-1,-1,-1,-1,-1,-1,-1,0,0,0,0,0,0,0,0,0,0,0,0,-1,-1,-1,-1,-1,-1,-1,-1,-1,-1,-1,-1,-1,-1,-1,-1,-1,-1,-1,-1,-1,-1,-1,-1,0,0,0,0,0,0,0,0,0,0,0,0,0,0,0,0,0,0,0,0,0,0,0,0,255,139,139,190,0,0,1,1,0,0,0,100,100,100,100,0,0,100,-1,0,100,100,0,1,1,-1,0,0,400,0,0,0,0,190,0,190,0,0,0,0,130,0,[0|0|0|0]
600000987,,2.2,0,0,0,0.5,0,-1,-1,-1,-1,-1,100,0,-1,-1,-1,0,-1,-1,0,190,190,190,190,200,500,100,100,112,0,0,0,0,0,0,0,0,0,0,0,10,0,0,0,0,0,0,0,0,0,0,0,7,2,0,3,13,1,255,0,255,0,0,0,0,0,0,0,0,0,0,2,1,1,0,0,0,0,0,0,0,0,1,0,-1,-1,2100,2010,-1,-1,-1,-1,-1,-1,-1,-1,-1,-1,-1,-1,-1,-1,-1,-1,-1,-1,-1,-1,-1,-1,-1,-1,-1,-1,-1,-1,0,0,0,0,0,0,0,0,0,0,0,0,-1,-1,-1,-1,-1,-1,-1,-1,-1,-1,-1,-1,-1,-1,-1,-1,-1,-1,-1,-1,-1,-1,-1,-1,0,0,0,0,0,0,0,0,0,0,0,0,0,0,0,0,0,0,0,0,0,0,0,0,255,139,139,190,0,0,1,1,1,0,0,100,100,100,100,0,0,100,-1,0,100,100,0,1,1,-1,0,0,400,0,0,0,0,190,0,190,0,0,0,0,130,0,[0|0|0|0]
600001000,Claws of Night - Bullet,0,0,0,0,0.3,0,-1,-1,-1,-1,-1,0,0,0,0,0,0,0,0,0,70,70,70,70,70,100,100,0,112,119,0,0,0,0,0,0,0,0,0,0,10,0,0,0,0,0,0,0,0,0,0,0,8,1,0,2,255,2,255,0,255,0,0,0,0,0,0,0,1,0,0,0,0,1,0,0,0,0,0,0,0,15,0,0,-1,-1,2100,2000,-1,-1,-1,-1,-1,-1,-1,-1,-1,-1,-1,-1,-1,-1,-1,-1,-1,-1,-1,-1,-1,-1,-1,-1,-1,-1,-1,-1,0,0,0,0,0,0,0,0,0,0,0,0,-1,-1,-1,-1,-1,-1,-1,-1,-1,-1,-1,-1,-1,-1,-1,-1,-1,-1,-1,-1,-1,-1,-1,-1,0,0,0,0,0,0,0,0,0,0,0,0,0,0,0,0,0,0,0,0,0,0,0,0,255,139,139,70,0,0,1,1,0,0,0,70,100,100,100,0,0,70,-1,0,100,100,0,1,1,-1,0,0,70,0,0,0,0,70,0,70,0,0,0,0,130,0,[0|0|0|0]
600001001,Claws of Night - Bullet,0,0,0,0,0.3,0,-1,-1,-1,-1,-1,0,0,0,0,0,0,0,0,0,70,70,70,70,70,100,100,0,112,119,0,0,0,0,0,0,0,0,0,0,10,0,0,0,0,0,0,0,0,0,0,0,8,1,0,2,255,2,255,0,255,0,0,0,0,0,0,0,1,0,0,0,0,1,0,0,0,0,0,0,0,15,0,0,-1,-1,2100,2000,-1,-1,-1,-1,-1,-1,-1,-1,-1,-1,-1,-1,-1,-1,-1,-1,-1,-1,-1,-1,-1,-1,-1,-1,-1,-1,-1,-1,0,0,0,0,0,0,0,0,0,0,0,0,-1,-1,-1,-1,-1,-1,-1,-1,-1,-1,-1,-1,-1,-1,-1,-1,-1,-1,-1,-1,-1,-1,-1,-1,0,0,0,0,0,0,0,0,0,0,0,0,0,0,0,0,0,0,0,0,0,0,0,0,255,139,139,70,0,0,1,1,0,0,0,70,100,100,100,0,0,70,-1,0,100,100,0,1,1,-1,0,0,70,0,0,0,0,70,0,70,0,0,0,0,130,0,[0|0|0|0]
600001002,Claws of Night - Bullet,0,0,0,0,0.3,0,-1,-1,-1,-1,-1,0,0,0,0,0,0,0,0,0,70,70,70,70,70,100,100,0,112,119,0,0,0,0,0,0,0,0,0,0,10,0,0,0,0,0,0,0,0,0,0,0,8,1,0,2,255,2,255,0,255,0,0,0,0,0,0,0,1,0,0,0,0,1,0,0,0,0,0,0,0,15,0,0,-1,-1,2100,2000,-1,-1,-1,-1,-1,-1,-1,-1,-1,-1,-1,-1,-1,-1,-1,-1,-1,-1,-1,-1,-1,-1,-1,-1,-1,-1,-1,-1,0,0,0,0,0,0,0,0,0,0,0,0,-1,-1,-1,-1,-1,-1,-1,-1,-1,-1,-1,-1,-1,-1,-1,-1,-1,-1,-1,-1,-1,-1,-1,-1,0,0,0,0,0,0,0,0,0,0,0,0,0,0,0,0,0,0,0,0,0,0,0,0,255,139,139,70,0,0,1,1,0,0,0,70,100,100,100,0,0,70,-1,0,100,100,0,1,1,-1,0,0,70,0,0,0,0,70,0,70,0,0,0,0,130,0,[0|0|0|0]
600001003,Claws of Night - Bullet,0,0,0,0,0.3,0,-1,-1,-1,-1,-1,0,0,0,0,0,0,0,0,0,70,70,70,70,70,100,100,0,112,119,0,0,0,0,0,0,0,0,0,0,10,0,0,0,0,0,0,0,0,0,0,0,8,1,0,2,255,2,255,0,255,0,0,0,0,0,0,0,1,0,0,0,0,1,0,0,0,0,0,0,0,15,0,0,-1,-1,2100,2000,-1,-1,-1,-1,-1,-1,-1,-1,-1,-1,-1,-1,-1,-1,-1,-1,-1,-1,-1,-1,-1,-1,-1,-1,-1,-1,-1,-1,0,0,0,0,0,0,0,0,0,0,0,0,-1,-1,-1,-1,-1,-1,-1,-1,-1,-1,-1,-1,-1,-1,-1,-1,-1,-1,-1,-1,-1,-1,-1,-1,0,0,0,0,0,0,0,0,0,0,0,0,0,0,0,0,0,0,0,0,0,0,0,0,255,139,139,70,0,0,1,1,0,0,0,70,100,100,100,0,0,70,-1,0,100,100,0,1,1,-1,0,0,70,0,0,0,0,70,0,70,0,0,0,0,130,0,[0|0|0|0]
600001008,Claws of Night - Bullet,0,0,0,0,0.3,0,-1,-1,-1,-1,-1,0,0,0,0,0,0,0,0,0,39,39,39,39,70,100,100,0,112,119,0,0,0,0,0,0,0,0,0,0,10,0,0,0,0,0,0,0,0,0,0,0,8,1,0,2,255,2,255,0,255,0,0,0,0,0,0,0,1,0,0,0,0,1,0,0,0,0,0,0,0,15,0,0,-1,-1,2100,2000,-1,-1,-1,-1,-1,-1,-1,-1,-1,-1,-1,-1,-1,-1,-1,-1,-1,-1,-1,-1,-1,-1,-1,-1,-1,-1,-1,-1,0,0,0,0,0,0,0,0,0,0,0,0,-1,-1,-1,-1,-1,-1,-1,-1,-1,-1,-1,-1,-1,-1,-1,-1,-1,-1,-1,-1,-1,-1,-1,-1,0,0,0,0,0,0,0,0,0,0,0,0,0,0,0,0,0,0,0,0,0,0,0,0,255,139,139,39,0,0,1,1,0,0,0,70,100,100,100,0,0,70,-1,0,100,100,0,1,1,-1,0,0,35,0,0,0,0,39,0,39,0,0,0,0,130,0,[0|0|0|0]
600001009,Claws of Night - Bullet,0.4,0.2,0,0,0.5,0,6902,-1,-1,1665,-1,1,1,-1,-1,-1,-1,-1,-1,0,70,70,70,70,70,100,100,100,112,119,0,0,0,0,0,0,0,0,0,0,10,0,0,0,0,2,0,0,0,0,0,0,8,1,0,2,255,2,255,0,255,0,0,0,0,0,0,0,1,0,0,0,0,1,0,0,0,0,0,0,0,15,0,0,-1,-1,2100,2010,-1,-1,-1,-1,-1,-1,-1,-1,-1,-1,-1,-1,-1,-1,-1,-1,-1,-1,-1,-1,-1,-1,-1,-1,-1,-1,-1,-1,0,0,0,0,0,0,0,0,0,0,0,0,-1,-1,-1,-1,-1,-1,-1,-1,-1,-1,-1,-1,-1,-1,-1,-1,-1,-1,-1,-1,-1,-1,-1,-1,0,0,0,0,0,0,0,0,0,0,0,0,0,0,0,0,0,0,0,0,0,0,0,0,255,139,139,70,0,0,0,1,0,0,0,70,100,100,100,0,0,70,-1,0,100,100,0,1,1,-1,0,0,70,0,0,0,0,70,0,70,0,0,0,0,130,0,[0|0|0|0]
700000020,,0.55,0,0,0,2,0.08,-1,-1,-1,-1,-1,16,0,0,0,196,0,0,0,0,0,0,0,0,0,0,0,0,111,112,0,284,0,0,500,100,0,0,0,0,80,0,0,0,0,0,0,0,0,0,0,0,7,0,0,3,10,3,6,0,0,0,0,0,0,0,0,0,0,0,0,2,1,1,0,0,0,0,1,0,0,0,1,37,-1,-1,2130,2030,-1,-1,-1,-1,-1,-1,-1,-1,-1,-1,-1,-1,-1,-1,-1,-1,-1,-1,-1,-1,-1,-1,-1,-1,-1,-1,-1,-1,0,0,0,0,0,0,0,0,0,0,0,0,-1,-1,-1,-1,-1,-1,-1,-1,-1,-1,-1,-1,-1,-1,-1,-1,-1,-1,-1,-1,-1,-1,-1,-1,0,0,0,0,0,0,0,0,0,0,0,0,0,0,0,0,0,0,0,0,0,0,0,0,0,139,139,0,0,0,1,1,0,0,5,0,0,100,100,0,0,0,51080,-1,-1,100,0,1,1,-1,0,0,0,0,0,0,0,0,0,0,37,0,0,0,130,0,[0|0|0|0]
700000021,,0.55,0,0,0,2,0.08,-1,-1,-1,-1,-1,16,0,0,0,182,0,0,0,0,0,0,0,0,0,0,0,0,0,112,0,315,0,0,300,100,0,0,0,0,80,0,0,0,0,0,0,0,0,0,0,0,3,0,0,3,10,3,6,0,0,0,0,0,0,0,0,0,0,0,0,2,1,1,0,0,0,0,1,0,0,0,1,30,-1,-1,2130,2030,-1,-1,-1,-1,-1,-1,-1,-1,-1,-1,-1,-1,-1,-1,-1,-1,-1,-1,-1,-1,-1,-1,-1,-1,-1,-1,-1,-1,0,0,0,0,0,0,0,0,0,0,0,0,-1,-1,-1,-1,-1,-1,-1,-1,-1,-1,-1,-1,-1,-1,-1,-1,-1,-1,-1,-1,-1,-1,-1,-1,0,0,0,0,0,0,0,0,0,0,0,0,0,0,0,0,0,0,0,0,0,0,0,0,0,139,139,0,0,0,1,1,0,0,0,0,0,100,100,0,0,0,51080,-1,-1,100,0,1,1,-1,0,0,0,0,0,0,0,0,0,0,30,0,0,0,130,0,[0|0|0|0]
700000022,,0.55,0,0,0,2,0.08,-1,-1,-1,-1,-1,16,0,0,0,196,0,0,0,0,0,0,0,0,0,0,0,0,111,112,0,400,0,0,400,100,0,0,0,0,80,0,0,0,0,0,0,0,0,0,0,0,7,0,0,3,10,3,6,0,0,0,0,0,0,0,0,0,0,0,0,2,1,1,0,0,0,0,1,0,0,0,1,45,-1,-1,2130,2030,-1,-1,-1,-1,-1,-1,-1,-1,-1,-1,-1,-1,-1,-1,-1,-1,-1,-1,-1,-1,-1,-1,-1,-1,-1,-1,-1,-1,0,0,0,0,0,0,0,0,0,0,0,0,-1,-1,-1,-1,-1,-1,-1,-1,-1,-1,-1,-1,-1,-1,-1,-1,-1,-1,-1,-1,-1,-1,-1,-1,0,0,0,0,0,0,0,0,0,0,0,0,0,0,0,0,0,0,0,0,0,0,0,0,0,139,139,0,0,0,1,1,0,0,0,0,0,100,100,0,0,0,51080,-1,-1,100,0,1,1,-1,0,0,0,0,0,0,0,0,0,0,45,0,0,0,130,0,[0|0|0|0]
700000023,,0.55,0,0,0,2,0.08,-1,-1,-1,-1,-1,16,0,0,0,182,0,0,0,0,0,0,0,0,0,0,0,0,0,112,0,315,0,0,300,100,0,0,0,0,80,0,0,0,0,0,0,0,0,0,0,0,7,0,0,3,10,3,6,0,0,0,0,0,0,0,0,0,0,0,0,2,1,1,0,0,0,0,1,0,0,0,1,30,-1,-1,2130,2030,-1,-1,-1,-1,-1,-1,-1,-1,-1,-1,-1,-1,-1,-1,-1,-1,-1,-1,-1,-1,-1,-1,-1,-1,-1,-1,-1,-1,0,0,0,0,0,0,0,0,0,0,0,0,-1,-1,-1,-1,-1,-1,-1,-1,-1,-1,-1,-1,-1,-1,-1,-1,-1,-1,-1,-1,-1,-1,-1,-1,0,0,0,0,0,0,0,0,0,0,0,0,0,0,0,0,0,0,0,0,0,0,0,0,0,139,139,0,0,0,1,1,0,0,0,0,0,100,100,0,0,0,51080,-1,-1,100,0,1,1,-1,0,0,0,0,0,0,0,0,0,0,30,0,0,0,130,0,[0|0|0|0]
700000024,,0.4,0.15,0,0,1.2,0.08,6904,-1,-1,1665,1667,100,122,0,0,122,-1,0,0,0,120,120,120,120,150,500,100,0,111,112,0,0,0,0,0,0,0,0,0,0,40,0,0,0,0,2,0,0,0,0,0,0,2,0,0,253,255,0,255,0,0,0,0,0,0,0,0,0,0,0,0,0,1,1,0,0,0,0,0,0,0,0,0,0,-1,-1,2100,2010,-1,-1,-1,-1,-1,-1,-1,-1,-1,-1,-1,-1,-1,-1,-1,-1,-1,-1,-1,-1,-1,-1,-1,-1,-1,-1,-1,-1,0,0,0,0,0,0,0,0,0,0,0,0,-1,-1,-1,-1,-1,-1,-1,-1,-1,-1,-1,-1,-1,-1,-1,-1,-1,-1,-1,-1,-1,-1,-1,-1,0,0,0,0,0,0,0,0,0,0,0,0,0,0,0,0,0,0,0,0,0,0,0,0,0,139,139,120,0,0,1,1,0,0,0,100,100,100,100,0,0,100,-1,-1,-1,100,0,1,1,-1,0,0,150,0,0,0,0,120,0,120,0,0,0,0,130,0,[0|0|0|0]
700000025,,0.4,0.15,0,0,1.2,0.08,6904,-1,-1,1665,1667,100,122,0,0,122,-1,0,0,0,150,150,150,150,170,500,100,0,0,112,0,0,0,0,0,0,0,0,0,0,40,0,0,0,0,2,0,0,0,0,0,0,3,0,0,253,255,0,255,0,0,0,0,0,0,0,0,0,0,0,0,0,1,1,0,0,0,0,0,0,0,0,0,0,-1,-1,2100,2010,-1,-1,-1,-1,-1,-1,-1,-1,-1,-1,-1,-1,-1,-1,-1,-1,-1,-1,-1,-1,-1,-1,-1,-1,-1,-1,-1,-1,0,0,0,0,0,0,0,0,0,0,0,0,-1,-1,-1,-1,-1,-1,-1,-1,-1,-1,-1,-1,-1,-1,-1,-1,-1,-1,-1,-1,-1,-1,-1,-1,0,0,0,0,0,0,0,0,0,0,0,0,0,0,0,0,0,0,0,0,0,0,0,0,0,139,139,150,0,0,1,1,0,0,0,100,100,100,100,0,0,100,-1,-1,-1,100,0,1,1,-1,0,0,200,0,0,0,0,150,0,150,0,0,0,0,130,0,[0|0|0|0]
700000026,,0,0,0,0,1.2,0.08,6904,-1,-1,1665,1667,0,0,0,0,0,0,0,0,0,0,0,0,0,0,0,0,0,111,112,0,160,0,0,240,0,0,0,0,0,40,0,0,0,0,0,0,0,0,0,0,0,7,0,0,3,10,3,255,0,0,0,0,0,0,0,0,0,0,0,0,0,1,1,0,0,0,0,1,0,0,0,0,11,-1,-1,2100,2010,-1,-1,-1,-1,-1,-1,-1,-1,-1,-1,-1,-1,-1,-1,-1,-1,-1,-1,-1,-1,-1,-1,-1,-1,-1,-1,-1,-1,0,0,0,0,0,0,0,0,0,0,0,0,-1,-1,-1,-1,-1,-1,-1,-1,-1,-1,-1,-1,-1,-1,-1,-1,-1,-1,-1,-1,-1,-1,-1,-1,0,0,0,0,0,0,0,0,0,0,0,0,0,0,0,0,0,0,0,0,0,0,0,0,0,139,139,0,0,0,1,1,0,0,5,0,0,100,100,0,0,0,51080,-1,-1,100,0,1,1,-1,0,0,0,0,0,0,0,0,0,0,11,0,0,0,130,0,[0|0|0|0]
700000027,,1.5,0,0,0,1.2,0.08,6904,-1,-1,1665,1667,615,0,0,0,-1,0,0,0,0,0,0,0,0,0,0,0,0,0,112,0,0,0,0,10,100,0,0,0,0,40,0,0,0,0,0,0,0,0,0,0,0,5,0,0,3,255,3,255,0,0,0,0,0,0,0,0,0,0,0,0,0,1,1,0,0,0,0,1,0,0,0,0,5,-1,-1,2100,2010,-1,-1,-1,-1,-1,-1,-1,-1,-1,-1,-1,-1,-1,-1,-1,-1,-1,-1,-1,-1,-1,-1,-1,-1,-1,-1,-1,-1,0,0,0,0,0,0,0,0,0,0,0,0,-1,-1,-1,-1,-1,-1,-1,-1,-1,-1,-1,-1,-1,-1,-1,-1,-1,-1,-1,-1,-1,-1,-1,-1,0,0,0,0,0,0,0,0,0,0,0,0,0,0,0,0,0,0,0,0,0,0,0,0,0,139,139,0,0,0,1,1,0,0,0,0,0,100,100,0,0,0,-1,-1,-1,100,0,1,1,-1,0,0,0,0,0,0,0,0,0,0,5,0,0,0,130,0,[0|0|0|0]
700000028,,2,0,0,0,1.2,0.08,6904,-1,-1,1665,1667,615,0,0,0,-1,0,0,0,0,0,0,0,0,0,0,0,0,0,112,0,0,0,0,20,100,0,0,0,0,40,0,0,0,0,0,0,0,0,0,0,0,5,0,0,3,255,3,255,0,0,0,0,0,0,0,0,0,0,0,0,0,1,1,0,0,0,0,1,0,0,0,0,5,-1,-1,2100,2010,-1,-1,-1,-1,-1,-1,-1,-1,-1,-1,-1,-1,-1,-1,-1,-1,-1,-1,-1,-1,-1,-1,-1,-1,-1,-1,-1,-1,0,0,0,0,0,0,0,0,0,0,0,0,-1,-1,-1,-1,-1,-1,-1,-1,-1,-1,-1,-1,-1,-1,-1,-1,-1,-1,-1,-1,-1,-1,-1,-1,0,0,0,0,0,0,0,0,0,0,0,0,0,0,0,0,0,0,0,0,0,0,0,0,0,139,139,0,0,0,1,1,0,0,0,0,0,100,100,0,0,0,-1,-1,-1,100,0,1,1,-1,0,0,0,0,0,0,0,0,0,0,5,0,0,0,130,0,[0|0|0|0]
300000030,Harald 1,0.5,0,0,0,1,0.05,6903,-1,-1,-1,-1,100,-1,-1,-1,120,-1,-1,-1,0,70,70,70,70,50,100,100,100,0,112,0,0,0,0,0,0,0,0,0,0,20,0,0,0,0,0,0,0,0,0,0,0,3,0,0,0,255,0,255,0,0,0,0,0,0,0,0,0,0,0,0,0,1,1,0,0,0,0,0,0,0,9,0,0,-1,-1,2100,2010,-1,-1,-1,-1,-1,-1,-1,-1,-1,-1,-1,-1,-1,-1,-1,-1,-1,-1,-1,-1,-1,-1,-1,-1,-1,-1,-1,-1,0,0,0,0,0,0,0,0,0,0,0,0,-1,-1,-1,-1,-1,-1,-1,-1,-1,-1,-1,-1,-1,-1,-1,-1,-1,-1,-1,-1,-1,-1,-1,-1,0,0,0,0,0,0,0,0,0,0,0,0,0,0,0,0,0,0,0,0,0,0,0,0,0,139,139,70,0,0,0,1,0,0,0,85,85,85,85,0,0,100,-1,-1,-1,100,0,1,1,-1,0,0,50,0,0,0,0,70,0,70,0,0,0,0,130,0,[0|0|0|0]
300000031,Harald 2,0.5,0,0,0,1.5,0.05,6903,-1,-1,-1,-1,100,-1,-1,-1,120,-1,-1,-1,0,70,70,70,70,50,100,100,100,0,112,0,0,0,0,0,0,0,0,0,0,20,0,0,0,0,0,0,0,0,0,0,0,3,0,0,0,255,0,255,0,0,0,0,0,0,0,0,0,0,0,0,0,1,1,0,0,0,0,0,0,0,0,0,0,-1,-1,2100,2010,-1,-1,-1,-1,-1,-1,-1,-1,-1,-1,-1,-1,-1,-1,-1,-1,-1,-1,-1,-1,-1,-1,-1,-1,-1,-1,-1,-1,0,0,0,0,0,0,0,0,0,0,0,0,-1,-1,-1,-1,-1,-1,-1,-1,-1,-1,-1,-1,-1,-1,-1,-1,-1,-1,-1,-1,-1,-1,-1,-1,0,0,0,0,0,0,0,0,0,0,0,0,0,0,0,0,0,0,0,0,0,0,0,0,0,139,139,70,0,0,0,1,0,0,0,85,85,85,85,0,0,100,-1,-1,-1,100,0,1,1,-1,0,0,50,0,0,0,0,70,0,70,0,0,0,0,130,0,[0|0|0|0]
300000032,Harald 3,0.5,0,0,0,1,0.08,6906,-1,-1,-1,-1,100,-1,-1,-1,120,-1,-1,-1,0,125,125,125,125,150,100,100,100,0,112,0,0,0,0,0,0,0,0,0,0,20,0,0,0,0,0,0,0,0,0,0,0,3,0,0,0,255,0,255,0,0,0,0,0,0,0,0,0,0,0,0,0,1,1,0,0,0,0,0,0,0,0,0,0,-1,-1,2100,2010,-1,-1,-1,-1,-1,-1,-1,-1,-1,-1,-1,-1,-1,-1,-1,-1,-1,-1,-1,-1,-1,-1,-1,-1,-1,-1,-1,-1,0,0,0,0,0,0,0,0,0,0,0,0,-1,-1,-1,-1,-1,-1,-1,-1,-1,-1,-1,-1,-1,-1,-1,-1,-1,-1,-1,-1,-1,-1,-1,-1,0,0,0,0,0,0,0,0,0,0,0,0,0,0,0,0,0,0,0,0,0,0,0,0,0,139,139,125,0,0,0,1,0,0,0,100,100,100,100,0,0,100,-1,-1,-1,100,0,1,1,-1,0,0,150,0,0,0,0,125,0,125,0,0,0,0,130,0,[0|0|0|0]
300000033,Harald 1 no fp,0.5,0,0,0,1,0.05,6902,-1,-1,-1,-1,100,-1,-1,-1,120,-1,-1,-1,0,30,30,30,30,50,100,100,100,0,112,0,0,0,0,0,0,0,0,0,0,20,0,0,0,0,0,0,0,0,0,0,0,3,0,0,0,255,0,255,0,0,0,0,0,0,0,0,0,0,0,0,0,1,1,0,0,0,0,0,0,0,9,0,0,-1,-1,2100,2010,-1,-1,-1,-1,-1,-1,-1,-1,-1,-1,-1,-1,-1,-1,-1,-1,-1,-1,-1,-1,-1,-1,-1,-1,-1,-1,-1,-1,0,0,0,0,0,0,0,0,0,0,0,0,-1,-1,-1,-1,-1,-1,-1,-1,-1,-1,-1,-1,-1,-1,-1,-1,-1,-1,-1,-1,-1,-1,-1,-1,0,0,0,0,0,0,0,0,0,0,0,0,0,0,0,0,0,0,0,0,0,0,0,0,0,139,139,30,0,0,0,1,0,0,0,85,85,85,85,0,0,100,-1,-1,-1,100,0,1,1,-1,0,0,50,0,0,0,0,30,0,30,0,0,0,0,130,0,[0|0|0|0]
300000034,Harald 2 no fp,0.5,0,0,0,1.5,0.05,6902,-1,-1,-1,-1,100,-1,-1,-1,120,-1,-1,-1,0,30,30,30,30,50,100,100,100,0,112,0,0,0,0,0,0,0,0,0,0,20,0,0,0,0,0,0,0,0,0,0,0,3,0,0,0,255,0,255,0,0,0,0,0,0,0,0,0,0,0,0,0,1,1,0,0,0,0,0,0,0,0,0,0,-1,-1,2100,2010,-1,-1,-1,-1,-1,-1,-1,-1,-1,-1,-1,-1,-1,-1,-1,-1,-1,-1,-1,-1,-1,-1,-1,-1,-1,-1,-1,-1,0,0,0,0,0,0,0,0,0,0,0,0,-1,-1,-1,-1,-1,-1,-1,-1,-1,-1,-1,-1,-1,-1,-1,-1,-1,-1,-1,-1,-1,-1,-1,-1,0,0,0,0,0,0,0,0,0,0,0,0,0,0,0,0,0,0,0,0,0,0,0,0,0,139,139,30,0,0,0,1,0,0,0,85,85,85,85,0,0,100,-1,-1,-1,100,0,1,1,-1,0,0,50,0,0,0,0,30,0,30,0,0,0,0,130,0,[0|0|0|0]
300000035,Harald 3 no fp,0.5,0,0,0,1,0.08,6905,-1,-1,-1,-1,100,-1,-1,-1,120,-1,-1,-1,0,60,60,60,60,100,100,100,100,0,112,0,0,0,0,0,0,0,0,0,0,20,0,0,0,0,0,0,0,0,0,0,0,3,0,0,0,255,0,255,0,0,0,0,0,0,0,0,0,0,0,0,0,1,1,0,0,0,0,0,0,0,0,0,0,-1,-1,2100,2010,-1,-1,-1,-1,-1,-1,-1,-1,-1,-1,-1,-1,-1,-1,-1,-1,-1,-1,-1,-1,-1,-1,-1,-1,-1,-1,-1,-1,0,0,0,0,0,0,0,0,0,0,0,0,-1,-1,-1,-1,-1,-1,-1,-1,-1,-1,-1,-1,-1,-1,-1,-1,-1,-1,-1,-1,-1,-1,-1,-1,0,0,0,0,0,0,0,0,0,0,0,0,0,0,0,0,0,0,0,0,0,0,0,0,0,139,139,60,0,0,0,1,0,0,0,100,100,100,100,0,0,100,-1,-1,-1,100,0,1,1,-1,0,0,100,0,0,0,0,60,0,60,0,0,0,0,130,0,[0|0|0|0]
3511700,Quakestone hammer,0.6,0,0,0,0.7,0.05,6906,-1,-1,-1,-1,100,-1,-1,-1,120,-1,-1,-1,0,106,106,106,106,160,100,100,100,0,112,0,0,0,0,0,0,0,0,0,0,20,0,0,0,0,0,0,0,0,0,0,0,3,0,0,1,0,1,255,0,0,0,0,0,0,0,0,0,0,0,0,0,1,1,0,0,0,0,0,0,0,0,0,0,-1,-1,2100,2010,-1,-1,-1,-1,-1,-1,-1,-1,-1,-1,-1,-1,-1,-1,-1,-1,-1,-1,-1,-1,-1,-1,-1,-1,-1,-1,-1,-1,0,0,0,0,0,0,0,0,0,0,0,0,-1,-1,-1,-1,-1,-1,-1,-1,-1,-1,-1,-1,-1,-1,-1,-1,-1,-1,-1,-1,-1,-1,-1,-1,0,0,0,0,0,0,0,0,0,0,0,0,0,0,0,0,0,0,0,0,0,0,0,0,0,139,139,106,0,0,1,1,0,0,0,100,100,100,100,0,0,100,-1,-1,-1,100,0,1,1,-1,0,0,130,0,0,0,0,106,0,106,0,0,0,0,130,0,[0|0|0|0]
3511701,Quakestone hammer_1,1.6,0,0,0,0.7,0,6904,-1,-1,-1,-1,130,-1,-1,-1,-1,-1,-1,-1,0,106,106,106,106,100,100,100,100,0,112,0,0,0,0,0,0,0,0,0,0,20,0,0,0,0,0,0,0,0,0,0,0,3,0,0,1,0,1,255,0,0,0,0,0,0,0,0,0,0,0,0,0,1,1,0,0,0,0,0,0,0,0,0,0,-1,-1,2100,2010,-1,-1,-1,-1,-1,-1,-1,-1,-1,-1,-1,-1,-1,-1,-1,-1,-1,-1,-1,-1,-1,-1,-1,-1,-1,-1,-1,-1,0,0,0,0,0,0,0,0,0,0,0,0,-1,-1,-1,-1,-1,-1,-1,-1,-1,-1,-1,-1,-1,-1,-1,-1,-1,-1,-1,-1,-1,-1,-1,-1,0,0,0,0,0,0,0,0,0,0,0,0,0,0,0,0,0,0,0,0,0,0,0,0,0,139,139,106,0,0,1,1,0,0,0,100,100,100,100,0,0,100,-1,-1,-1,100,0,1,1,-1,0,0,100,0,0,0,0,106,0,106,0,0,0,0,130,0,[0|0|0|0]
3511702,Quakestone hammer_1_1,2.1,0,0,0,0.7,0,-1,-1,-1,-1,-1,130,-1,-1,-1,-1,-1,-1,-1,0,0,0,0,0,0,0,0,100,0,112,0,0,0,0,0,0,0,0,0,0,20,0,0,0,0,0,0,0,0,0,0,0,2,1,0,254,254,0,255,0,0,1,0,0,0,0,0,0,0,0,0,0,1,1,0,0,0,0,0,0,0,9,0,0,-1,-1,2100,2010,-1,-1,-1,-1,-1,-1,-1,-1,-1,-1,-1,-1,-1,-1,-1,-1,-1,-1,-1,-1,-1,-1,-1,-1,-1,-1,-1,-1,0,0,0,0,0,0,0,0,0,0,0,0,-1,-1,-1,-1,-1,-1,-1,-1,-1,-1,-1,-1,-1,-1,-1,-1,-1,-1,-1,-1,-1,-1,-1,-1,0,0,0,0,0,0,0,0,0,0,0,0,0,0,0,0,0,0,0,0,0,0,0,0,0,139,139,0,0,0,1,1,0,0,0,100,100,100,100,0,0,100,-1,-1,-1,100,0,1,1,-1,0,0,0,0,0,0,0,0,0,0,0,0,0,0,130,0,[0|0|0|0]
3511703,Quakestone hammer_1_1_1,0.6,0,0,0,0.7,0.05,6906,-1,-1,-1,-1,100,-1,-1,-1,120,-1,-1,-1,0,109,109,109,109,200,100,100,100,0,112,0,0,0,0,0,0,0,0,0,0,20,0,0,0,0,0,0,0,0,0,0,0,3,0,0,1,255,1,255,0,0,0,0,0,0,0,0,0,0,0,0,0,1,1,0,0,0,0,0,0,0,0,0,0,-1,-1,2100,2010,-1,-1,-1,-1,-1,-1,-1,-1,-1,-1,-1,-1,-1,-1,-1,-1,-1,-1,-1,-1,-1,-1,-1,-1,-1,-1,-1,-1,0,0,0,0,0,0,0,0,0,0,0,0,-1,-1,-1,-1,-1,-1,-1,-1,-1,-1,-1,-1,-1,-1,-1,-1,-1,-1,-1,-1,-1,-1,-1,-1,0,0,0,0,0,0,0,0,0,0,0,0,0,0,0,0,0,0,0,0,0,0,0,0,0,139,139,109,0,0,1,1,0,0,0,100,100,100,100,0,0,100,-1,-1,-1,100,0,1,1,-1,0,0,155,0,0,0,0,109,0,109,0,0,0,0,130,0,[0|0|0|0]
3511704,Quakestone hammer_1_1_1_1,1.6,0,0,0,0.7,0,6904,-1,-1,-1,-1,130,-1,-1,-1,-1,-1,-1,-1,0,119,119,119,119,200,100,100,100,0,112,0,0,0,0,0,0,0,0,0,0,20,0,0,0,0,0,0,0,0,0,0,0,3,0,0,1,255,1,255,0,0,0,0,0,0,0,0,0,0,0,0,0,1,1,0,0,0,0,0,0,0,0,0,0,-1,-1,2100,2010,-1,-1,-1,-1,-1,-1,-1,-1,-1,-1,-1,-1,-1,-1,-1,-1,-1,-1,-1,-1,-1,-1,-1,-1,-1,-1,-1,-1,0,0,0,0,0,0,0,0,0,0,0,0,-1,-1,-1,-1,-1,-1,-1,-1,-1,-1,-1,-1,-1,-1,-1,-1,-1,-1,-1,-1,-1,-1,-1,-1,0,0,0,0,0,0,0,0,0,0,0,0,0,0,0,0,0,0,0,0,0,0,0,0,0,139,139,119,0,0,1,1,0,0,0,100,100,100,100,0,0,100,-1,-1,-1,100,0,1,1,-1,0,0,130,0,0,0,0,119,0,119,0,0,0,0,130,0,[0|0|0|0]
3511705,Quakestone hammer_1_1_1_1_1,2.1,0,0,0,0.7,0,6904,-1,-1,-1,-1,130,-1,-1,-1,-1,-1,-1,-1,0,0,0,0,0,0,0,0,100,0,112,0,0,0,0,0,0,0,0,0,0,20,0,0,0,0,0,0,0,0,0,0,0,9,0,0,1,255,1,255,0,0,0,0,0,0,0,0,0,0,0,0,0,1,1,0,0,0,0,0,0,0,0,0,0,-1,-1,2100,2010,-1,-1,-1,-1,-1,-1,-1,-1,-1,-1,-1,-1,-1,-1,-1,-1,-1,-1,-1,-1,-1,-1,-1,-1,-1,-1,-1,-1,0,0,0,0,0,0,0,0,0,0,0,0,-1,-1,-1,-1,-1,-1,-1,-1,-1,-1,-1,-1,-1,-1,-1,-1,-1,-1,-1,-1,-1,-1,-1,-1,0,0,0,0,0,0,0,0,0,0,0,0,0,0,0,0,0,0,0,0,0,0,0,0,0,139,139,0,0,0,1,1,0,0,0,100,100,100,100,0,0,100,-1,-1,-1,100,0,1,1,-1,0,0,0,0,0,0,0,0,0,110,0,0,0,0,130,0,[0|0|0|0]
3511706,Quakestone hammer_1_1_1_1_1_1,2,0,0,0,0.7,0,-1,-1,-1,-1,-1,130,-1,-1,-1,-1,-1,-1,-1,0,0,0,0,0,0,0,0,100,0,112,0,0,0,0,0,0,0,0,0,0,20,0,0,0,0,0,0,0,0,0,0,0,2,0,0,1,255,1,255,0,0,0,0,0,0,0,0,0,0,0,0,0,1,1,0,0,0,0,0,0,0,0,0,0,-1,-1,2100,2010,-1,-1,-1,-1,-1,-1,-1,-1,-1,-1,-1,-1,-1,-1,-1,-1,-1,-1,-1,-1,-1,-1,-1,-1,-1,-1,-1,-1,0,0,0,0,0,0,0,0,0,0,0,0,-1,-1,-1,-1,-1,-1,-1,-1,-1,-1,-1,-1,-1,-1,-1,-1,-1,-1,-1,-1,-1,-1,-1,-1,0,0,0,0,0,0,0,0,0,0,0,0,0,0,0,0,0,0,0,0,0,0,0,0,0,139,139,0,0,0,1,1,0,0,0,100,100,100,100,0,0,100,-1,-1,-1,100,0,1,1,-1,0,0,0,0,0,0,0,0,0,110,0,0,0,0,130,0,[0|0|0|0]
3511707,Quakestone hammer no fp,0.6,0,0,0,0.7,0.05,6903,-1,-1,-1,-1,100,-1,-1,-1,120,-1,-1,-1,0,60,60,60,60,130,100,100,100,0,112,0,0,0,0,0,0,0,0,0,0,20,0,0,0,0,0,0,0,0,0,0,0,3,0,0,1,255,1,255,0,0,0,0,0,0,0,0,0,0,0,0,0,1,1,0,0,0,0,0,0,0,0,0,0,-1,-1,2100,2010,-1,-1,-1,-1,-1,-1,-1,-1,-1,-1,-1,-1,-1,-1,-1,-1,-1,-1,-1,-1,-1,-1,-1,-1,-1,-1,-1,-1,0,0,0,0,0,0,0,0,0,0,0,0,-1,-1,-1,-1,-1,-1,-1,-1,-1,-1,-1,-1,-1,-1,-1,-1,-1,-1,-1,-1,-1,-1,-1,-1,0,0,0,0,0,0,0,0,0,0,0,0,0,0,0,0,0,0,0,0,0,0,0,0,0,139,139,60,0,0,1,1,0,0,0,100,100,100,100,0,0,100,-1,-1,-1,100,0,1,1,-1,0,0,90,0,0,0,0,60,0,60,0,0,0,0,130,0,[0|0|0|0]
3511708,Quakestone hammer no fp,0.6,0,0,0,0.7,0.05,6904,-1,-1,-1,-1,100,-1,-1,-1,120,-1,-1,-1,0,63,63,63,63,160,100,100,100,0,112,0,0,0,0,0,0,0,0,0,0,20,0,0,0,0,0,0,0,0,0,0,0,3,0,0,1,255,1,255,0,0,0,0,0,0,0,0,0,0,0,0,0,1,1,0,0,0,0,0,0,0,0,0,0,-1,-1,2100,2010,-1,-1,-1,-1,-1,-1,-1,-1,-1,-1,-1,-1,-1,-1,-1,-1,-1,-1,-1,-1,-1,-1,-1,-1,-1,-1,-1,-1,0,0,0,0,0,0,0,0,0,0,0,0,-1,-1,-1,-1,-1,-1,-1,-1,-1,-1,-1,-1,-1,-1,-1,-1,-1,-1,-1,-1,-1,-1,-1,-1,0,0,0,0,0,0,0,0,0,0,0,0,0,0,0,0,0,0,0,0,0,0,0,0,0,139,139,63,0,0,1,1,0,0,0,100,100,100,100,0,0,100,-1,-1,-1,100,0,1,1,-1,0,0,120,0,0,0,0,63,0,63,0,0,0,0,130,0,[0|0|0|0]
700000151,,0,0,0,0,1,0,-1,-1,-1,-1,-1,0,0,-1,-1,0,0,-1,-1,0,0,200,0,0,100,0,0,100,112,0,0,0,0,0,0,0,0,0,0,0,40,0,0,0,0,0,0,0,0,0,0,0,1,1,0,3,10,3,6,0,255,0,0,0,0,0,0,0,0,0,0,0,0,1,0,0,0,0,1,0,0,0,0,0,-1,-1,2100,2010,-1,-1,-1,-1,-1,-1,-1,-1,-1,-1,-1,-1,-1,-1,-1,-1,-1,-1,-1,-1,-1,-1,-1,-1,-1,-1,-1,-1,0,0,0,0,0,0,0,0,0,0,0,0,-1,-1,-1,-1,-1,-1,-1,-1,-1,-1,-1,-1,-1,-1,-1,-1,-1,-1,-1,-1,-1,-1,-1,-1,0,0,0,0,0,0,0,0,0,0,0,0,0,0,0,0,0,0,0,0,0,0,0,0,255,139,139,0,0,0,0,1,0,0,0,0,0,100,100,0,0,0,-1,0,-1,0,0,1,1,-1,3,0,100,0,0,0,0,200,0,200,0,0,0,0,130,0,[0|0|0|0]
700000152,,0,0,0,0,1,0,-1,-1,-1,-1,-1,0,0,-1,-1,0,0,-1,-1,0,0,200,0,0,100,0,0,100,112,0,0,0,0,0,0,0,0,0,0,0,40,0,0,0,0,0,0,0,0,0,0,0,2,1,0,3,10,3,6,0,255,0,0,0,0,0,0,0,0,0,0,0,0,1,0,0,0,0,1,0,0,9,0,0,-1,-1,2100,2010,-1,-1,-1,-1,-1,-1,-1,-1,-1,-1,-1,-1,-1,-1,-1,-1,-1,-1,-1,-1,-1,-1,-1,-1,-1,-1,-1,-1,0,0,0,0,0,0,0,0,0,0,0,0,-1,-1,-1,-1,-1,-1,-1,-1,-1,-1,-1,-1,-1,-1,-1,-1,-1,-1,-1,-1,-1,-1,-1,-1,0,0,0,0,0,0,0,0,0,0,0,0,0,0,0,0,0,0,0,0,0,0,0,0,255,139,139,0,0,0,0,1,0,0,0,0,0,100,100,0,0,0,-1,0,-1,0,0,1,1,-1,3,0,100,0,0,0,0,200,0,200,0,0,0,0,130,0,[0|0|0|0]
700000153,,0,0,0,0,1,0,-1,-1,-1,-1,-1,0,0,-1,-1,0,0,-1,-1,0,0,200,0,0,100,0,0,100,112,0,0,0,0,0,0,0,0,0,0,0,40,0,0,0,0,0,0,0,0,0,0,0,2,1,0,3,10,3,6,0,255,0,0,0,0,0,0,0,0,0,0,0,0,1,0,0,0,0,1,0,0,0,0,0,-1,-1,2100,2010,-1,-1,-1,-1,-1,-1,-1,-1,-1,-1,-1,-1,-1,-1,-1,-1,-1,-1,-1,-1,-1,-1,-1,-1,-1,-1,-1,-1,0,0,0,0,0,0,0,0,0,0,0,0,-1,-1,-1,-1,-1,-1,-1,-1,-1,-1,-1,-1,-1,-1,-1,-1,-1,-1,-1,-1,-1,-1,-1,-1,0,0,0,0,0,0,0,0,0,0,0,0,0,0,0,0,0,0,0,0,0,0,0,0,255,139,139,0,0,0,0,1,0,0,0,0,0,100,100,0,0,0,-1,0,-1,0,0,1,1,-1,3,0,100,0,0,0,0,200,0,200,0,0,0,0,130,0,[0|0|0|0]
700000154,,0,0,0,0,1,0,-1,-1,-1,-1,-1,0,0,-1,-1,0,0,-1,-1,0,0,300,0,0,100,0,0,100,112,0,0,0,0,0,0,0,0,0,0,0,40,0,0,0,0,0,0,0,0,0,0,0,3,1,0,3,10,3,6,0,255,0,0,0,0,0,0,0,0,0,0,0,0,1,0,0,0,0,1,0,0,0,0,0,-1,-1,2100,2010,-1,-1,-1,-1,-1,-1,-1,-1,-1,-1,-1,-1,-1,-1,-1,-1,-1,-1,-1,-1,-1,-1,-1,-1,-1,-1,-1,-1,0,0,0,0,0,0,0,0,0,0,0,0,-1,-1,-1,-1,-1,-1,-1,-1,-1,-1,-1,-1,-1,-1,-1,-1,-1,-1,-1,-1,-1,-1,-1,-1,0,0,0,0,0,0,0,0,0,0,0,0,0,0,0,0,0,0,0,0,0,0,0,0,255,139,139,0,0,0,0,1,0,0,0,0,0,100,100,0,0,0,-1,0,-1,0,0,1,1,-1,3,0,150,0,0,0,0,300,0,300,0,0,0,0,130,0,[0|0|0|0]
700000155,,0.4,0.2,0,0,0.9,0.08,-1,-1,-1,1665,-1,10100,10120,-1,-1,10110,-1,-1,-1,0,50,50,0,0,100,500,100,100,112,0,0,0,0,0,0,0,0,0,0,0,20,0,0,0,0,2,0,0,0,0,0,0,1,0,0,3,10,0,255,0,255,0,0,0,0,0,0,0,0,0,0,0,4,1,0,0,0,0,0,0,0,9,0,0,-1,-1,2100,2010,-1,-1,-1,-1,-1,-1,-1,-1,-1,-1,-1,-1,-1,-1,-1,-1,-1,-1,-1,-1,-1,-1,-1,-1,-1,-1,-1,-1,0,0,0,0,0,0,0,0,0,0,0,0,-1,-1,-1,-1,-1,-1,-1,-1,-1,-1,-1,-1,-1,-1,-1,-1,-1,-1,-1,-1,-1,-1,-1,-1,0,0,0,0,0,0,0,0,0,0,0,0,0,0,0,0,0,0,0,0,0,0,0,0,255,139,139,0,0,0,0,1,0,0,0,100,100,100,100,0,0,100,-1,0,100,100,0,1,1,-1,3,0,50,0,0,0,0,50,0,50,0,0,0,0,130,0,[0|0|0|0]
700000156,,0.4,0.2,0,0,0.9,0.08,-1,-1,-1,1665,-1,10100,10120,-1,-1,10110,-1,-1,-1,0,51,51,0,0,100,500,100,100,112,0,0,0,0,0,0,0,0,0,0,0,20,0,0,0,0,2,0,0,0,0,0,0,1,0,0,3,10,0,255,0,255,0,0,0,0,0,0,0,0,0,0,0,3,1,0,0,0,0,0,0,0,9,0,0,-1,-1,2100,2010,-1,-1,-1,-1,-1,-1,-1,-1,-1,-1,-1,-1,-1,-1,-1,-1,-1,-1,-1,-1,-1,-1,-1,-1,-1,-1,-1,-1,0,0,0,0,0,0,0,0,0,0,0,0,-1,-1,-1,-1,-1,-1,-1,-1,-1,-1,-1,-1,-1,-1,-1,-1,-1,-1,-1,-1,-1,-1,-1,-1,0,0,0,0,0,0,0,0,0,0,0,0,0,0,0,0,0,0,0,0,0,0,0,0,255,139,139,0,0,0,0,1,0,0,0,100,100,100,100,0,0,100,-1,0,100,100,0,1,1,-1,3,0,50,0,0,0,0,51,0,51,0,0,0,0,130,0,[0|0|0|0]
700000157,,0.4,0.2,0,0,0.9,0.08,-1,-1,-1,1665,-1,10100,10120,-1,-1,10110,10122,-1,-1,0,52,52,0,0,100,500,100,100,112,0,0,0,0,0,0,0,0,0,0,0,20,0,0,0,0,2,0,0,0,0,0,0,1,0,0,3,10,0,255,0,255,0,0,0,0,0,0,0,0,0,0,0,4,1,0,0,0,0,0,0,0,9,0,0,-1,-1,2100,2010,-1,-1,-1,-1,-1,-1,-1,-1,-1,-1,-1,-1,-1,-1,-1,-1,-1,-1,-1,-1,-1,-1,-1,-1,-1,-1,-1,-1,0,0,0,0,0,0,0,0,0,0,0,0,-1,-1,-1,-1,-1,-1,-1,-1,-1,-1,-1,-1,-1,-1,-1,-1,-1,-1,-1,-1,-1,-1,-1,-1,0,0,0,0,0,0,0,0,0,0,0,0,0,0,0,0,0,0,0,0,0,0,0,0,255,139,139,0,0,0,0,1,0,0,0,100,100,100,100,0,0,100,-1,0,100,105,0,1,1,-1,3,0,50,0,0,0,0,52,0,52,0,0,0,0,130,0,[0|0|0|0]
700000158,,0.4,0.2,0,0,1,0.08,-1,-1,-1,1665,-1,10100,10120,-1,-1,10110,-1,-1,-1,0,53,53,0,0,100,500,100,100,112,0,0,0,0,0,0,0,0,0,0,0,20,0,0,0,0,2,0,0,0,0,0,0,1,0,0,3,10,0,255,0,255,0,0,0,0,0,0,0,0,0,0,0,3,1,0,0,0,0,0,0,0,9,0,0,-1,-1,2100,2010,-1,-1,-1,-1,-1,-1,-1,-1,-1,-1,-1,-1,-1,-1,-1,-1,-1,-1,-1,-1,-1,-1,-1,-1,-1,-1,-1,-1,0,0,0,0,0,0,0,0,0,0,0,0,-1,-1,-1,-1,-1,-1,-1,-1,-1,-1,-1,-1,-1,-1,-1,-1,-1,-1,-1,-1,-1,-1,-1,-1,0,0,0,0,0,0,0,0,0,0,0,0,0,0,0,0,0,0,0,0,0,0,0,0,255,139,139,0,0,0,0,1,0,0,0,100,100,100,100,0,0,100,-1,0,100,105,0,1,1,-1,3,0,50,0,0,0,0,53,0,53,0,0,0,0,130,0,[0|0|0|0]
700000159,,0.4,0.2,0,0,1,0.08,-1,-1,-1,1665,-1,10100,10120,-1,-1,10110,-1,-1,-1,0,55,55,0,0,100,500,100,100,112,0,0,0,0,0,0,0,0,0,0,0,20,0,0,0,0,2,0,0,0,0,0,0,1,0,0,3,10,0,255,0,255,0,0,0,0,0,0,0,0,0,0,0,1,1,0,0,0,0,0,0,0,9,0,0,-1,-1,2100,2010,-1,-1,-1,-1,-1,-1,-1,-1,-1,-1,-1,-1,-1,-1,-1,-1,-1,-1,-1,-1,-1,-1,-1,-1,-1,-1,-1,-1,0,0,0,0,0,0,0,0,0,0,0,0,-1,-1,-1,-1,-1,-1,-1,-1,-1,-1,-1,-1,-1,-1,-1,-1,-1,-1,-1,-1,-1,-1,-1,-1,0,0,0,0,0,0,0,0,0,0,0,0,0,0,0,0,0,0,0,0,0,0,0,0,255,139,139,0,0,0,0,1,0,0,0,100,100,100,100,0,0,100,-1,0,100,115,0,1,1,15,3,0,50,0,0,0,0,55,0,55,0,0,0,0,130,0,[0|0|0|0]
700000160,,0.4,0.2,0,0,0.9,0.08,-1,-1,-1,1665,-1,10100,10120,-1,-1,10110,-1,-1,-1,0,100,100,0,0,100,500,100,100,112,0,0,0,0,0,0,0,0,0,0,0,20,0,0,0,0,2,0,0,0,0,0,0,1,0,0,3,10,0,255,0,255,0,0,0,0,0,0,0,0,0,0,0,4,1,0,0,0,0,0,0,0,9,0,0,-1,-1,2100,2010,-1,-1,-1,-1,-1,-1,-1,-1,-1,-1,-1,-1,-1,-1,-1,-1,-1,-1,-1,-1,-1,-1,-1,-1,-1,-1,-1,-1,0,0,0,0,0,0,0,0,0,0,0,0,-1,-1,-1,-1,-1,-1,-1,-1,-1,-1,-1,-1,-1,-1,-1,-1,-1,-1,-1,-1,-1,-1,-1,-1,0,0,0,0,0,0,0,0,0,0,0,0,0,0,0,0,0,0,0,0,0,0,0,0,255,139,139,0,0,0,0,1,0,0,0,100,100,100,100,0,0,100,-1,0,100,100,0,1,1,-1,3,0,100,0,0,0,0,100,0,100,0,0,0,0,130,0,[0|0|0|0]
700000161,,0.4,0.2,0,0,0.9,0.08,-1,-1,-1,1665,-1,10100,10120,-1,-1,10110,-1,-1,-1,0,101,101,0,0,100,500,100,100,112,0,0,0,0,0,0,0,0,0,0,0,20,0,0,0,0,2,0,0,0,0,0,0,1,0,0,3,10,0,255,0,255,0,0,0,0,0,0,0,0,0,0,0,3,1,0,0,0,0,0,0,0,0,0,0,-1,-1,2100,2010,-1,-1,-1,-1,-1,-1,-1,-1,-1,-1,-1,-1,-1,-1,-1,-1,-1,-1,-1,-1,-1,-1,-1,-1,-1,-1,-1,-1,0,0,0,0,0,0,0,0,0,0,0,0,-1,-1,-1,-1,-1,-1,-1,-1,-1,-1,-1,-1,-1,-1,-1,-1,-1,-1,-1,-1,-1,-1,-1,-1,0,0,0,0,0,0,0,0,0,0,0,0,0,0,0,0,0,0,0,0,0,0,0,0,255,139,139,0,0,0,0,1,0,0,0,100,100,100,100,0,0,100,-1,0,100,100,0,1,1,-1,3,0,100,0,0,0,0,101,0,101,0,0,0,0,130,0,[0|0|0|0]
700000162,,0.4,0.2,0,0,0.9,0.08,-1,-1,-1,1665,-1,10100,10120,-1,-1,10110,10122,-1,-1,0,102,102,0,0,100,500,100,100,112,0,0,0,0,0,0,0,0,0,0,0,20,0,0,0,0,2,0,0,0,0,0,0,1,0,0,3,10,0,255,0,255,0,0,0,0,0,0,0,0,0,0,0,4,1,0,0,0,0,0,0,0,9,0,0,-1,-1,2100,2010,-1,-1,-1,-1,-1,-1,-1,-1,-1,-1,-1,-1,-1,-1,-1,-1,-1,-1,-1,-1,-1,-1,-1,-1,-1,-1,-1,-1,0,0,0,0,0,0,0,0,0,0,0,0,-1,-1,-1,-1,-1,-1,-1,-1,-1,-1,-1,-1,-1,-1,-1,-1,-1,-1,-1,-1,-1,-1,-1,-1,0,0,0,0,0,0,0,0,0,0,0,0,0,0,0,0,0,0,0,0,0,0,0,0,255,139,139,0,0,0,0,1,0,0,0,100,100,100,100,0,0,100,-1,0,100,105,0,1,1,-1,3,0,100,0,0,0,0,102,0,102,0,0,0,0,130,0,[0|0|0|0]
700000163,,0.4,0.2,0,0,1,0.08,-1,-1,-1,1665,-1,10100,10120,-1,-1,10110,-1,-1,-1,0,103,103,0,0,100,500,100,100,112,0,0,0,0,0,0,0,0,0,0,0,20,0,0,0,0,2,0,0,0,0,0,0,1,0,0,3,10,0,255,0,255,0,0,0,0,0,0,0,0,0,0,0,3,1,0,0,0,0,0,0,0,0,0,0,-1,-1,2100,2010,-1,-1,-1,-1,-1,-1,-1,-1,-1,-1,-1,-1,-1,-1,-1,-1,-1,-1,-1,-1,-1,-1,-1,-1,-1,-1,-1,-1,0,0,0,0,0,0,0,0,0,0,0,0,-1,-1,-1,-1,-1,-1,-1,-1,-1,-1,-1,-1,-1,-1,-1,-1,-1,-1,-1,-1,-1,-1,-1,-1,0,0,0,0,0,0,0,0,0,0,0,0,0,0,0,0,0,0,0,0,0,0,0,0,255,139,139,0,0,0,0,1,0,0,0,100,100,100,100,0,0,100,-1,0,100,105,0,1,1,-1,3,0,100,0,0,0,0,103,0,103,0,0,0,0,130,0,[0|0|0|0]
700000164,,0.4,0.2,0,0,1,0.08,-1,-1,-1,1665,-1,10100,10120,-1,-1,10110,-1,-1,-1,0,110,110,0,0,100,500,100,100,112,0,0,0,0,0,0,0,0,0,0,0,20,0,0,0,0,2,0,0,0,0,0,0,1,0,0,3,10,0,255,0,255,0,0,0,0,0,0,0,0,0,0,0,1,1,0,0,0,0,0,0,0,0,0,0,-1,-1,2100,2010,-1,-1,-1,-1,-1,-1,-1,-1,-1,-1,-1,-1,-1,-1,-1,-1,-1,-1,-1,-1,-1,-1,-1,-1,-1,-1,-1,-1,0,0,0,0,0,0,0,0,0,0,0,0,-1,-1,-1,-1,-1,-1,-1,-1,-1,-1,-1,-1,-1,-1,-1,-1,-1,-1,-1,-1,-1,-1,-1,-1,0,0,0,0,0,0,0,0,0,0,0,0,0,0,0,0,0,0,0,0,0,0,0,0,255,139,139,0,0,0,0,1,0,0,0,100,100,100,100,0,0,100,-1,0,100,115,0,1,1,15,3,0,200,0,0,0,0,110,0,110,0,0,0,0,130,0,[0|0|0|0]
700000165,,0,0,0,0,1,0,-1,-1,-1,-1,-1,0,0,-1,-1,0,0,-1,-1,0,0,200,0,0,100,0,0,100,112,0,0,0,0,0,0,0,0,0,0,0,40,0,0,0,0,0,0,0,0,0,0,0,1,1,0,3,10,3,6,0,255,0,0,0,0,0,0,0,0,0,0,0,0,1,0,0,0,0,1,0,0,9,0,0,-1,-1,2100,2010,-1,-1,-1,-1,-1,-1,-1,-1,-1,-1,-1,-1,-1,-1,-1,-1,-1,-1,-1,-1,-1,-1,-1,-1,-1,-1,-1,-1,0,0,0,0,0,0,0,0,0,0,0,0,-1,-1,-1,-1,-1,-1,-1,-1,-1,-1,-1,-1,-1,-1,-1,-1,-1,-1,-1,-1,-1,-1,-1,-1,0,0,0,0,0,0,0,0,0,0,0,0,0,0,0,0,0,0,0,0,0,0,0,0,255,139,139,0,0,0,0,1,0,0,0,0,0,100,100,0,0,0,-1,0,-1,0,0,1,1,-1,3,0,100,0,0,0,0,200,0,200,0,0,0,0,130,0,[0|0|0|0]
700000170,,0,0,0,0,0.3,0,-1,-1,-1,-1,-1,0,0,0,0,0,0,0,0,0,0,0,220,0,100,0,0,0,112,0,0,0,0,0,0,0,0,0,0,0,10,0,0,0,0,0,0,0,0,0,0,0,2,2,0,3,11,3,6,0,0,0,0,0,0,0,0,0,0,0,0,0,0,1,0,0,0,0,1,0,0,9,0,0,-1,-1,2100,2010,-1,-1,-1,-1,-1,-1,-1,-1,-1,-1,-1,-1,-1,-1,-1,-1,-1,-1,-1,-1,-1,-1,-1,-1,-1,-1,-1,-1,0,0,0,0,0,0,0,0,0,0,0,0,-1,-1,-1,-1,-1,-1,-1,-1,-1,-1,-1,-1,-1,-1,-1,-1,-1,-1,-1,-1,-1,-1,-1,-1,0,0,0,0,0,0,0,0,0,0,0,0,0,0,0,0,0,0,0,0,0,0,0,0,0,139,139,0,0,0,1,1,0,0,0,0,0,100,100,0,0,0,-1,-1,-1,0,0,1,1,-1,7,0,150,0,0,0,0,220,0,220,0,0,0,0,130,0,[0|0|0|0]
700000171,,0,0,0,0,0.3,0,-1,-1,-1,-1,-1,0,0,0,0,0,0,0,0,0,0,0,226,0,100,0,0,0,112,0,0,0,0,0,0,0,0,0,0,0,10,0,0,0,0,0,0,0,0,0,0,0,2,2,0,3,11,3,6,0,0,0,0,0,0,0,0,0,0,0,0,0,0,1,0,0,0,0,1,0,0,9,0,0,-1,-1,2100,2010,-1,-1,-1,-1,-1,-1,-1,-1,-1,-1,-1,-1,-1,-1,-1,-1,-1,-1,-1,-1,-1,-1,-1,-1,-1,-1,-1,-1,0,0,0,0,0,0,0,0,0,0,0,0,-1,-1,-1,-1,-1,-1,-1,-1,-1,-1,-1,-1,-1,-1,-1,-1,-1,-1,-1,-1,-1,-1,-1,-1,0,0,0,0,0,0,0,0,0,0,0,0,0,0,0,0,0,0,0,0,0,0,0,0,0,139,139,0,0,0,1,1,0,0,0,0,0,100,100,0,0,0,-1,-1,-1,0,0,1,1,-1,7,0,150,0,0,0,0,226,0,226,0,0,0,0,130,0,[0|0|0|0]
700000172,,0,0,0,0,0.3,0,-1,-1,-1,-1,-1,0,0,0,0,0,0,0,0,0,0,0,250,0,100,0,0,0,112,0,0,0,0,0,0,0,0,0,0,0,10,0,0,0,0,0,0,0,0,0,0,0,2,2,0,3,11,3,6,0,0,0,0,0,0,0,0,0,0,0,0,0,0,1,0,0,0,0,1,0,0,0,0,0,-1,-1,2100,2010,-1,-1,-1,-1,-1,-1,-1,-1,-1,-1,-1,-1,-1,-1,-1,-1,-1,-1,-1,-1,-1,-1,-1,-1,-1,-1,-1,-1,0,0,0,0,0,0,0,0,0,0,0,0,-1,-1,-1,-1,-1,-1,-1,-1,-1,-1,-1,-1,-1,-1,-1,-1,-1,-1,-1,-1,-1,-1,-1,-1,0,0,0,0,0,0,0,0,0,0,0,0,0,0,0,0,0,0,0,0,0,0,0,0,0,139,139,0,0,0,1,1,0,0,0,0,0,100,100,0,0,0,-1,-1,-1,0,0,1,1,-1,7,0,200,0,0,0,0,250,0,250,0,0,0,0,130,0,[0|0|0|0]
700000173,,0,0,0,0,0.3,0,-1,-1,-1,-1,-1,0,0,0,0,0,0,0,0,0,0,0,120,0,100,0,0,0,112,0,0,0,0,0,0,0,0,0,0,0,10,0,0,0,0,0,0,0,0,0,0,0,2,2,0,3,11,3,6,0,0,0,0,0,0,0,0,0,0,0,0,0,2,1,0,0,0,0,1,0,0,0,0,0,-1,-1,2100,2010,-1,-1,-1,-1,-1,-1,-1,-1,-1,-1,-1,-1,-1,-1,-1,-1,-1,-1,-1,-1,-1,-1,-1,-1,-1,-1,-1,-1,0,0,0,0,0,0,0,0,0,0,0,0,-1,-1,-1,-1,-1,-1,-1,-1,-1,-1,-1,-1,-1,-1,-1,-1,-1,-1,-1,-1,-1,-1,-1,-1,0,0,0,0,0,0,0,0,0,0,0,0,0,0,0,0,0,0,0,0,0,0,0,0,0,139,139,0,0,0,1,1,0,0,0,0,0,100,100,0,0,0,-1,-1,-1,0,0,1,1,-1,7,0,100,0,0,0,0,120,0,120,0,0,0,0,130,0,[0|0|0|0]
700000175,,0.4,0.2,0,0,0.9,0.08,-1,-1,-1,1665,-1,11100,11120,-1,-1,11110,-1,-1,-1,0,25,0,25,0,100,500,100,100,112,0,0,0,0,0,0,0,0,0,0,0,20,0,0,0,0,2,0,0,0,0,0,0,1,0,0,3,11,0,255,0,255,0,0,0,0,0,0,0,0,0,0,0,4,1,0,0,0,0,0,0,0,9,0,0,-1,-1,2100,2010,-1,-1,-1,-1,-1,-1,-1,-1,-1,-1,-1,-1,-1,-1,-1,-1,-1,-1,-1,-1,-1,-1,-1,-1,-1,-1,-1,-1,0,0,0,0,0,0,0,0,0,0,0,0,-1,-1,-1,-1,-1,-1,-1,-1,-1,-1,-1,-1,-1,-1,-1,-1,-1,-1,-1,-1,-1,-1,-1,-1,0,0,0,0,0,0,0,0,0,0,0,0,0,0,0,0,0,0,0,0,0,0,0,0,255,139,139,0,0,0,0,1,0,0,0,100,100,100,100,0,0,100,-1,0,100,100,0,1,1,-1,7,0,50,0,0,0,0,25,0,25,0,0,0,0,130,0,[0|0|0|0]
700000176,,0.4,0.2,0,0,0.9,0.08,-1,-1,-1,1665,-1,11100,11120,-1,-1,11110,-1,-1,-1,0,25,0,25,0,100,500,100,100,112,0,0,0,0,0,0,0,0,0,0,0,20,0,0,0,0,2,0,0,0,0,0,0,1,0,0,3,11,0,255,0,255,0,0,0,0,0,0,0,0,0,0,0,4,1,0,0,0,0,0,0,0,9,0,0,-1,-1,2100,2010,-1,-1,-1,-1,-1,-1,-1,-1,-1,-1,-1,-1,-1,-1,-1,-1,-1,-1,-1,-1,-1,-1,-1,-1,-1,-1,-1,-1,0,0,0,0,0,0,0,0,0,0,0,0,-1,-1,-1,-1,-1,-1,-1,-1,-1,-1,-1,-1,-1,-1,-1,-1,-1,-1,-1,-1,-1,-1,-1,-1,0,0,0,0,0,0,0,0,0,0,0,0,0,0,0,0,0,0,0,0,0,0,0,0,255,139,139,0,0,0,0,1,0,0,0,100,100,100,100,0,0,100,-1,0,100,100,0,1,1,-1,7,0,50,0,0,0,0,25,0,25,0,0,0,0,130,0,[0|0|0|0]
700000177,,0.4,0.2,0,0,0.9,0.08,-1,-1,-1,1665,-1,11100,11120,-1,-1,11110,-1,-1,-1,0,25,0,25,0,100,500,100,100,112,0,0,0,0,0,0,0,0,0,0,0,20,0,0,0,0,2,0,0,0,0,0,0,1,0,0,3,11,0,255,0,255,0,0,0,0,0,0,0,0,0,0,0,4,1,0,0,0,0,0,0,0,0,0,0,-1,-1,2100,2010,-1,-1,-1,-1,-1,-1,-1,-1,-1,-1,-1,-1,-1,-1,-1,-1,-1,-1,-1,-1,-1,-1,-1,-1,-1,-1,-1,-1,0,0,0,0,0,0,0,0,0,0,0,0,-1,-1,-1,-1,-1,-1,-1,-1,-1,-1,-1,-1,-1,-1,-1,-1,-1,-1,-1,-1,-1,-1,-1,-1,0,0,0,0,0,0,0,0,0,0,0,0,0,0,0,0,0,0,0,0,0,0,0,0,255,139,139,0,0,0,0,1,0,0,0,100,100,100,100,0,0,100,-1,0,100,100,0,1,1,-1,7,0,50,0,0,0,0,25,0,25,0,0,0,0,130,0,[0|0|0|0]
700000180,,0.4,0.2,0,0,0.9,0.08,-1,-1,-1,1665,-1,11100,11120,-1,-1,11110,-1,-1,-1,0,55,0,55,0,100,500,100,100,112,0,0,0,0,0,0,0,0,0,0,0,20,0,0,0,0,2,0,0,0,0,0,0,1,0,0,3,11,0,255,0,255,0,0,0,0,0,0,0,0,0,0,0,4,1,0,0,0,0,0,0,0,9,0,0,-1,-1,2100,2010,-1,-1,-1,-1,-1,-1,-1,-1,-1,-1,-1,-1,-1,-1,-1,-1,-1,-1,-1,-1,-1,-1,-1,-1,-1,-1,-1,-1,0,0,0,0,0,0,0,0,0,0,0,0,-1,-1,-1,-1,-1,-1,-1,-1,-1,-1,-1,-1,-1,-1,-1,-1,-1,-1,-1,-1,-1,-1,-1,-1,0,0,0,0,0,0,0,0,0,0,0,0,0,0,0,0,0,0,0,0,0,0,0,0,255,139,139,0,0,0,0,1,0,0,0,100,100,100,100,0,0,100,-1,0,100,100,0,1,1,-1,7,0,100,0,0,0,0,55,0,55,0,0,0,0,130,0,[0|0|0|0]
700000181,,0.4,0.2,0,0,0.9,0.08,-1,-1,-1,1665,-1,11100,11120,-1,-1,11110,-1,-1,-1,0,55,0,55,0,100,500,100,100,112,0,0,0,0,0,0,0,0,0,0,0,20,0,0,0,0,2,0,0,0,0,0,0,1,0,0,3,11,0,255,0,255,0,0,0,0,0,0,0,0,0,0,0,4,1,0,0,0,0,0,0,0,9,0,0,-1,-1,2100,2010,-1,-1,-1,-1,-1,-1,-1,-1,-1,-1,-1,-1,-1,-1,-1,-1,-1,-1,-1,-1,-1,-1,-1,-1,-1,-1,-1,-1,0,0,0,0,0,0,0,0,0,0,0,0,-1,-1,-1,-1,-1,-1,-1,-1,-1,-1,-1,-1,-1,-1,-1,-1,-1,-1,-1,-1,-1,-1,-1,-1,0,0,0,0,0,0,0,0,0,0,0,0,0,0,0,0,0,0,0,0,0,0,0,0,255,139,139,0,0,0,0,1,0,0,0,100,100,100,100,0,0,100,-1,0,100,100,0,1,1,-1,7,0,100,0,0,0,0,55,0,55,0,0,0,0,130,0,[0|0|0|0]
700000182,,0.4,0.2,0,0,0.9,0.08,-1,-1,-1,1665,-1,11100,11120,-1,-1,11110,-1,-1,-1,0,55,0,55,0,100,500,100,100,112,0,0,0,0,0,0,0,0,0,0,0,20,0,0,0,0,2,0,0,0,0,0,0,1,0,0,3,11,0,255,0,255,0,0,0,0,0,0,0,0,0,0,0,4,1,0,0,0,0,0,0,0,0,0,0,-1,-1,2100,2010,-1,-1,-1,-1,-1,-1,-1,-1,-1,-1,-1,-1,-1,-1,-1,-1,-1,-1,-1,-1,-1,-1,-1,-1,-1,-1,-1,-1,0,0,0,0,0,0,0,0,0,0,0,0,-1,-1,-1,-1,-1,-1,-1,-1,-1,-1,-1,-1,-1,-1,-1,-1,-1,-1,-1,-1,-1,-1,-1,-1,0,0,0,0,0,0,0,0,0,0,0,0,0,0,0,0,0,0,0,0,0,0,0,0,255,139,139,0,0,0,0,1,0,0,0,100,100,100,100,0,0,100,-1,0,100,100,0,1,1,-1,7,0,100,0,0,0,0,55,0,55,0,0,0,0,130,0,[0|0|0|0]
700000270,,0.35,0.2,0,0,0.3,0.03,6903,-1,-1,-1,-1,100,120,-1,-1,110,-1,-1,-1,0,85,85,85,85,70,500,100,100,112,0,0,0,0,0,0,0,0,0,0,0,10,0,0,0,0,2,0,0,0,0,0,0,2,0,0,0,255,0,255,0,255,0,0,1,0,0,0,0,0,0,0,0,4,1,0,0,0,0,0,0,0,9,0,0,-1,-1,2100,2010,-1,-1,-1,-1,-1,-1,-1,-1,-1,-1,-1,-1,-1,-1,-1,-1,-1,-1,-1,-1,-1,-1,-1,-1,-1,-1,-1,-1,0,0,0,0,0,0,0,0,0,0,0,0,-1,-1,-1,-1,-1,-1,-1,-1,-1,-1,-1,-1,-1,-1,-1,-1,-1,-1,-1,-1,-1,-1,-1,-1,0,0,0,0,0,0,0,0,0,0,0,0,0,0,0,0,0,0,0,0,0,0,0,0,255,139,139,85,0,0,1,1,0,0,0,100,100,100,100,0,0,100,-1,0,100,100,0,1,1,-1,0,0,70,0,0,0,0,85,0,85,0,0,0,0,0,0,[0|0|0|0]
700000271,,0.35,0.2,0,0,0.3,0.03,6903,-1,-1,-1,-1,100,120,-1,-1,110,-1,-1,-1,0,86,86,86,86,70,500,100,100,112,0,0,0,0,0,0,0,0,0,0,0,10,0,0,0,0,2,0,0,0,0,0,0,2,0,0,0,255,0,255,0,255,0,0,1,0,0,0,0,0,0,0,0,3,1,0,0,0,0,0,0,0,9,0,0,-1,-1,2100,2010,-1,-1,-1,-1,-1,-1,-1,-1,-1,-1,-1,-1,-1,-1,-1,-1,-1,-1,-1,-1,-1,-1,-1,-1,-1,-1,-1,-1,0,0,0,0,0,0,0,0,0,0,0,0,-1,-1,-1,-1,-1,-1,-1,-1,-1,-1,-1,-1,-1,-1,-1,-1,-1,-1,-1,-1,-1,-1,-1,-1,0,0,0,0,0,0,0,0,0,0,0,0,0,0,0,0,0,0,0,0,0,0,0,0,255,139,139,86,0,0,1,1,0,0,0,100,100,100,100,0,0,100,-1,0,100,100,0,1,1,-1,0,0,70,0,0,0,0,86,0,86,0,0,0,0,0,0,[0|0|0|0]
700000272,,0.35,0.2,0,0,1.2,0.03,6903,-1,-1,-1,-1,100,120,-1,-1,110,-1,-1,-1,0,90,90,90,90,130,500,100,100,112,0,0,0,0,0,0,0,0,0,0,0,10,0,0,0,0,2,0,0,0,0,0,0,3,0,0,0,255,0,255,0,255,0,0,1,0,0,0,0,0,0,0,0,0,1,0,0,0,0,0,0,0,0,0,0,-1,-1,2100,2010,-1,-1,-1,-1,-1,-1,-1,-1,-1,-1,-1,-1,-1,-1,-1,-1,-1,-1,-1,-1,-1,-1,-1,-1,-1,-1,-1,-1,0,0,0,0,0,0,0,0,0,0,0,0,-1,-1,-1,-1,-1,-1,-1,-1,-1,-1,-1,-1,-1,-1,-1,-1,-1,-1,-1,-1,-1,-1,-1,-1,0,0,0,0,0,0,0,0,0,0,0,0,0,0,0,0,0,0,0,0,0,0,0,0,255,139,139,90,0,0,1,1,0,0,0,100,100,100,100,0,0,100,-1,0,100,100,0,1,1,-1,0,0,130,0,0,0,0,90,0,90,0,0,0,0,0,0,[0|0|0|0]
700000273,,2.5,0,0,0,0.3,0.03,6903,-1,-1,-1,-1,11,0,-1,-1,-1,0,-1,-1,0,97,97,97,97,70,500,100,100,111,0,0,0,0,0,0,0,0,0,0,0,10,0,0,0,0,0,0,0,0,0,0,0,2,0,0,0,255,0,255,0,255,0,0,1,0,0,0,0,0,0,0,0,4,1,0,0,0,0,0,0,0,9,0,0,-1,-1,2100,2010,-1,-1,-1,-1,-1,-1,-1,-1,-1,-1,-1,-1,-1,-1,-1,-1,-1,-1,-1,-1,-1,-1,-1,-1,-1,-1,-1,-1,0,0,0,0,0,0,0,0,0,0,0,0,-1,-1,-1,-1,-1,-1,-1,-1,-1,-1,-1,-1,-1,-1,-1,-1,-1,-1,-1,-1,-1,-1,-1,-1,0,0,0,0,0,0,0,0,0,0,0,0,0,0,0,0,0,0,0,0,0,0,0,0,255,139,139,97,0,0,1,1,0,0,0,100,100,100,100,0,0,100,-1,0,100,100,0,1,1,-1,0,0,140,0,0,0,0,97,0,97,0,0,0,0,0,0,[0|0|0|0]
700000274,,2.5,0,0,0,0.3,0.03,6903,-1,-1,-1,-1,11,0,-1,-1,-1,0,-1,-1,0,98,98,98,98,70,500,100,100,111,0,0,0,0,0,0,0,0,0,0,0,10,0,0,0,0,0,0,0,0,0,0,0,2,0,0,0,255,0,255,0,255,0,0,1,0,0,0,0,0,0,0,0,3,1,0,0,0,0,0,0,0,9,0,0,-1,-1,2100,2010,-1,-1,-1,-1,-1,-1,-1,-1,-1,-1,-1,-1,-1,-1,-1,-1,-1,-1,-1,-1,-1,-1,-1,-1,-1,-1,-1,-1,0,0,0,0,0,0,0,0,0,0,0,0,-1,-1,-1,-1,-1,-1,-1,-1,-1,-1,-1,-1,-1,-1,-1,-1,-1,-1,-1,-1,-1,-1,-1,-1,0,0,0,0,0,0,0,0,0,0,0,0,0,0,0,0,0,0,0,0,0,0,0,0,255,139,139,98,0,0,1,1,0,0,0,100,100,100,100,0,0,100,-1,0,100,100,0,1,1,-1,0,0,140,0,0,0,0,98,0,98,0,0,0,0,0,0,[0|0|0|0]
700000275,,2.5,0,0,0,1.2,0.03,6903,-1,-1,-1,-1,11,0,-1,-1,-1,0,-1,-1,0,116,116,116,116,130,500,100,100,111,0,0,0,0,0,0,0,0,0,0,0,10,0,0,0,0,0,0,0,0,0,0,0,3,0,0,0,255,0,255,0,255,0,0,1,0,0,0,0,0,0,0,0,0,1,0,0,0,0,0,0,0,0,0,0,-1,-1,2100,2010,-1,-1,-1,-1,-1,-1,-1,-1,-1,-1,-1,-1,-1,-1,-1,-1,-1,-1,-1,-1,-1,-1,-1,-1,-1,-1,-1,-1,0,0,0,0,0,0,0,0,0,0,0,0,-1,-1,-1,-1,-1,-1,-1,-1,-1,-1,-1,-1,-1,-1,-1,-1,-1,-1,-1,-1,-1,-1,-1,-1,0,0,0,0,0,0,0,0,0,0,0,0,0,0,0,0,0,0,0,0,0,0,0,0,255,139,139,116,0,0,1,1,0,0,0,100,100,100,100,0,0,100,-1,0,100,100,0,1,1,-1,0,0,260,0,0,0,0,116,0,116,0,0,0,0,0,0,[0|0|0|0]
700000276,,0.35,0.2,0,0,0.3,0.03,6903,-1,-1,-1,-1,100,120,-1,-1,110,-1,-1,-1,0,50,50,50,50,60,100,100,100,112,0,0,0,0,0,0,0,0,0,0,0,10,0,0,0,0,2,0,0,0,0,0,0,2,0,0,0,255,0,255,0,255,0,0,1,0,0,0,0,0,0,0,0,4,1,0,0,0,0,0,0,0,9,0,0,-1,-1,2100,2010,-1,-1,-1,-1,-1,-1,-1,-1,-1,-1,-1,-1,-1,-1,-1,-1,-1,-1,-1,-1,-1,-1,-1,-1,-1,-1,-1,-1,0,0,0,0,0,0,0,0,0,0,0,0,-1,-1,-1,-1,-1,-1,-1,-1,-1,-1,-1,-1,-1,-1,-1,-1,-1,-1,-1,-1,-1,-1,-1,-1,0,0,0,0,0,0,0,0,0,0,0,0,0,0,0,0,0,0,0,0,0,0,0,0,255,139,139,50,0,0,1,1,0,0,0,100,100,100,100,0,0,100,-1,0,100,100,0,1,1,-1,0,0,70,0,0,0,0,50,0,50,0,0,0,0,0,0,[0|0|0|0]
700000277,,0.35,0.2,0,0,0.3,0.03,6903,-1,-1,-1,-1,100,120,-1,-1,110,-1,-1,-1,0,50,50,50,50,60,100,100,100,112,0,0,0,0,0,0,0,0,0,0,0,10,0,0,0,0,2,0,0,0,0,0,0,2,0,0,0,255,0,255,0,255,0,0,1,0,0,0,0,0,0,0,0,3,1,0,0,0,0,0,0,0,9,0,0,-1,-1,2100,2010,-1,-1,-1,-1,-1,-1,-1,-1,-1,-1,-1,-1,-1,-1,-1,-1,-1,-1,-1,-1,-1,-1,-1,-1,-1,-1,-1,-1,0,0,0,0,0,0,0,0,0,0,0,0,-1,-1,-1,-1,-1,-1,-1,-1,-1,-1,-1,-1,-1,-1,-1,-1,-1,-1,-1,-1,-1,-1,-1,-1,0,0,0,0,0,0,0,0,0,0,0,0,0,0,0,0,0,0,0,0,0,0,0,0,255,139,139,50,0,0,1,1,0,0,0,100,100,100,100,0,0,100,-1,0,100,100,0,1,1,-1,0,0,70,0,0,0,0,50,0,50,0,0,0,0,0,0,[0|0|0|0]
700000278,,0.35,0.2,0,0,1.2,0.03,6903,-1,-1,-1,-1,100,120,-1,-1,110,-1,-1,-1,0,60,60,60,60,60,100,100,100,112,0,0,0,0,0,0,0,0,0,0,0,10,0,0,0,0,2,0,0,0,0,0,0,3,0,0,0,255,0,255,0,255,0,0,1,0,0,0,0,0,0,0,0,0,1,0,0,0,0,0,0,0,0,0,0,-1,-1,2100,2010,-1,-1,-1,-1,-1,-1,-1,-1,-1,-1,-1,-1,-1,-1,-1,-1,-1,-1,-1,-1,-1,-1,-1,-1,-1,-1,-1,-1,0,0,0,0,0,0,0,0,0,0,0,0,-1,-1,-1,-1,-1,-1,-1,-1,-1,-1,-1,-1,-1,-1,-1,-1,-1,-1,-1,-1,-1,-1,-1,-1,0,0,0,0,0,0,0,0,0,0,0,0,0,0,0,0,0,0,0,0,0,0,0,0,255,139,139,60,0,0,1,1,0,0,0,100,100,100,100,0,0,100,-1,0,100,100,0,1,1,-1,0,0,130,0,0,0,0,60,0,60,0,0,0,0,0,0,[0|0|0|0]
700000279,,0.35,0.2,0,0,0.3,0.03,6903,-1,-1,-1,-1,100,120,-1,-1,110,-1,-1,-1,0,60,60,60,60,60,100,100,100,111,0,0,0,0,0,0,0,0,0,0,0,10,0,0,0,0,2,0,0,0,0,0,0,2,0,0,0,255,0,255,0,255,0,0,1,0,0,0,0,0,0,0,0,4,1,0,0,0,0,0,0,0,9,0,0,-1,-1,2100,2010,-1,-1,-1,-1,-1,-1,-1,-1,-1,-1,-1,-1,-1,-1,-1,-1,-1,-1,-1,-1,-1,-1,-1,-1,-1,-1,-1,-1,0,0,0,0,0,0,0,0,0,0,0,0,-1,-1,-1,-1,-1,-1,-1,-1,-1,-1,-1,-1,-1,-1,-1,-1,-1,-1,-1,-1,-1,-1,-1,-1,0,0,0,0,0,0,0,0,0,0,0,0,0,0,0,0,0,0,0,0,0,0,0,0,255,139,139,60,0,0,1,1,0,0,0,100,100,100,100,0,0,100,-1,0,100,100,0,1,1,-1,0,0,70,0,0,0,0,60,0,60,0,0,0,0,0,0,[0|0|0|0]
700000280,,0.35,0.2,0,0,0.3,0.03,6903,-1,-1,-1,-1,100,120,-1,-1,110,-1,-1,-1,0,60,60,60,60,60,100,100,100,111,0,0,0,0,0,0,0,0,0,0,0,10,0,0,0,0,2,0,0,0,0,0,0,2,0,0,0,255,0,255,0,255,0,0,1,0,0,0,0,0,0,0,0,3,1,0,0,0,0,0,0,0,9,0,0,-1,-1,2100,2010,-1,-1,-1,-1,-1,-1,-1,-1,-1,-1,-1,-1,-1,-1,-1,-1,-1,-1,-1,-1,-1,-1,-1,-1,-1,-1,-1,-1,0,0,0,0,0,0,0,0,0,0,0,0,-1,-1,-1,-1,-1,-1,-1,-1,-1,-1,-1,-1,-1,-1,-1,-1,-1,-1,-1,-1,-1,-1,-1,-1,0,0,0,0,0,0,0,0,0,0,0,0,0,0,0,0,0,0,0,0,0,0,0,0,255,139,139,60,0,0,1,1,0,0,0,100,100,100,100,0,0,100,-1,0,100,100,0,1,1,-1,0,0,70,0,0,0,0,60,0,60,0,0,0,0,0,0,[0|0|0|0]
700000282,,0.35,0.2,0,0,1.2,0.03,6903,-1,-1,-1,-1,100,120,-1,-1,110,-1,-1,-1,0,70,70,70,70,70,100,100,100,111,0,0,0,0,0,0,0,0,0,0,0,10,0,0,0,0,2,0,0,0,0,0,0,3,0,0,0,255,0,255,0,255,0,0,1,0,0,0,0,0,0,0,0,0,1,0,0,0,0,0,0,0,0,0,0,-1,-1,2100,2010,-1,-1,-1,-1,-1,-1,-1,-1,-1,-1,-1,-1,-1,-1,-1,-1,-1,-1,-1,-1,-1,-1,-1,-1,-1,-1,-1,-1,0,0,0,0,0,0,0,0,0,0,0,0,-1,-1,-1,-1,-1,-1,-1,-1,-1,-1,-1,-1,-1,-1,-1,-1,-1,-1,-1,-1,-1,-1,-1,-1,0,0,0,0,0,0,0,0,0,0,0,0,0,0,0,0,0,0,0,0,0,0,0,0,255,139,139,70,0,0,1,1,0,0,0,100,100,100,100,0,0,100,-1,0,100,100,0,1,1,-1,0,0,130,0,0,0,0,70,0,70,0,0,0,0,0,0,[0|0|0|0]
700000331,,0.4,0.1,0,0,1,0.03,6903,-1,-1,1665,1667,856,120,-1,-1,120,-1,-1,-1,0,83,83,83,83,100,500,100,100,0,112,0,0,0,0,0,0,0,0,0,0,40,0,0,0,0,2,0,0,0,0,0,0,2,0,0,253,255,0,255,0,255,0,0,0,0,0,0,0,0,0,0,1,3,1,0,0,0,0,0,0,0,0,0,0,-1,-1,2100,2010,-1,-1,-1,-1,-1,-1,-1,-1,-1,-1,-1,-1,-1,-1,-1,-1,-1,-1,-1,-1,-1,-1,-1,-1,-1,-1,-1,-1,0,0,0,0,0,0,0,0,0,0,0,0,-1,-1,-1,-1,-1,-1,-1,-1,-1,-1,-1,-1,-1,-1,-1,-1,-1,-1,-1,-1,-1,-1,-1,-1,0,0,0,0,0,0,0,0,0,0,0,0,0,0,0,0,0,0,0,0,0,0,0,0,255,139,139,83,0,0,1,1,0,0,0,100,100,100,100,0,0,100,-1,-1,-1,100,0,1,1,-1,0,0,50,0,0,0,0,83,0,83,0,0,0,0,130,0,[0|0|0|0]
700000332,,0.4,0.1,0,0,1.5,0.03,6903,-1,-1,1665,1667,857,120,-1,-1,120,-1,-1,-1,0,105,105,105,105,100,500,100,100,0,112,0,0,0,0,0,0,0,0,0,0,40,0,0,0,0,2,0,0,0,0,0,0,3,0,0,253,255,0,255,0,255,0,0,0,0,0,0,0,0,0,0,1,4,1,0,0,0,0,0,0,0,0,0,0,-1,-1,2100,2010,-1,-1,-1,-1,-1,-1,-1,-1,-1,-1,-1,-1,-1,-1,-1,-1,-1,-1,-1,-1,-1,-1,-1,-1,-1,-1,-1,-1,0,0,0,0,0,0,0,0,0,0,0,0,-1,-1,-1,-1,-1,-1,-1,-1,-1,-1,-1,-1,-1,-1,-1,-1,-1,-1,-1,-1,-1,-1,-1,-1,0,0,0,0,0,0,0,0,0,0,0,0,0,0,0,0,0,0,0,0,0,0,0,0,255,139,139,105,0,0,1,1,0,0,0,100,100,100,100,0,0,100,-1,-1,-1,100,0,1,1,-1,0,0,75,0,0,0,0,105,0,105,0,0,0,0,130,0,[0|0|0|0]
700000333,,0.4,0.1,0,0,1.5,0.03,6903,-1,-1,1665,1667,857,120,-1,-1,120,-1,-1,-1,0,106,106,106,106,100,500,100,100,0,112,0,0,0,0,0,0,0,0,0,0,40,0,0,0,0,2,0,0,0,0,0,0,3,0,0,253,255,0,255,0,255,0,0,0,0,0,0,0,0,0,0,1,3,1,0,0,0,0,0,0,0,0,0,0,-1,-1,2100,2010,-1,-1,-1,-1,-1,-1,-1,-1,-1,-1,-1,-1,-1,-1,-1,-1,-1,-1,-1,-1,-1,-1,-1,-1,-1,-1,-1,-1,0,0,0,0,0,0,0,0,0,0,0,0,-1,-1,-1,-1,-1,-1,-1,-1,-1,-1,-1,-1,-1,-1,-1,-1,-1,-1,-1,-1,-1,-1,-1,-1,0,0,0,0,0,0,0,0,0,0,0,0,0,0,0,0,0,0,0,0,0,0,0,0,255,139,139,106,0,0,1,1,0,0,0,100,100,100,100,0,0,100,-1,-1,-1,100,0,1,1,-1,0,0,75,0,0,0,0,106,0,106,0,0,0,0,130,0,[0|0|0|0]
700000334,,0.4,0.1,0,0,1,0.03,6903,-1,-1,1665,1667,858,120,-1,-1,120,-1,-1,-1,0,75,75,75,75,100,500,100,100,0,112,0,0,0,0,0,0,0,0,0,0,40,0,0,0,0,2,0,0,0,0,0,0,3,0,0,253,255,0,255,0,255,0,0,0,0,0,0,0,0,0,0,1,4,1,0,0,0,0,0,0,0,0,0,0,-1,-1,2100,2010,-1,-1,-1,-1,-1,-1,-1,-1,-1,-1,-1,-1,-1,-1,-1,-1,-1,-1,-1,-1,-1,-1,-1,-1,-1,-1,-1,-1,0,0,0,0,0,0,0,0,0,0,0,0,-1,-1,-1,-1,-1,-1,-1,-1,-1,-1,-1,-1,-1,-1,-1,-1,-1,-1,-1,-1,-1,-1,-1,-1,0,0,0,0,0,0,0,0,0,0,0,0,0,0,0,0,0,0,0,0,0,0,0,0,255,139,139,75,0,0,1,1,0,0,0,100,100,100,100,0,0,100,-1,-1,-1,100,0,1,1,-1,0,0,50,0,0,0,0,75,0,75,0,0,0,0,130,0,[0|0|0|0]
700000335,,0.4,0.1,0,0,1,0.03,6903,-1,-1,1665,1667,858,120,-1,-1,120,-1,-1,-1,0,160,160,160,160,100,500,100,100,0,112,0,0,0,0,0,0,0,0,0,0,40,0,0,0,0,2,0,0,0,0,0,0,3,0,0,253,255,0,255,0,255,0,0,0,0,0,0,0,0,0,0,1,4,1,0,0,0,0,0,0,0,0,0,0,-1,-1,2100,2010,-1,-1,-1,-1,-1,-1,-1,-1,-1,-1,-1,-1,-1,-1,-1,-1,-1,-1,-1,-1,-1,-1,-1,-1,-1,-1,-1,-1,0,0,0,0,0,0,0,0,0,0,0,0,-1,-1,-1,-1,-1,-1,-1,-1,-1,-1,-1,-1,-1,-1,-1,-1,-1,-1,-1,-1,-1,-1,-1,-1,0,0,0,0,0,0,0,0,0,0,0,0,0,0,0,0,0,0,0,0,0,0,0,0,255,139,139,160,0,0,1,1,0,0,0,100,100,100,100,0,0,100,-1,-1,-1,100,0,1,1,-1,0,0,250,0,0,0,0,160,0,160,0,0,0,0,130,0,[0|0|0|0]
700000336,,0.35,0.2,0,0,1,0.03,6903,-1,-1,1665,1667,100,120,-1,-1,110,-1,-1,-1,0,60,60,60,60,100,100,100,100,0,112,0,0,0,0,0,0,0,0,0,0,40,0,0,0,0,2,0,0,0,0,0,0,2,0,0,253,255,0,255,0,255,0,0,0,0,0,0,0,0,0,0,1,4,1,0,0,0,0,0,0,0,0,0,0,-1,-1,2100,2010,-1,-1,-1,-1,-1,-1,-1,-1,-1,-1,-1,-1,-1,-1,-1,-1,-1,-1,-1,-1,-1,-1,-1,-1,-1,-1,-1,-1,0,0,0,0,0,0,0,0,0,0,0,0,-1,-1,-1,-1,-1,-1,-1,-1,-1,-1,-1,-1,-1,-1,-1,-1,-1,-1,-1,-1,-1,-1,-1,-1,0,0,0,0,0,0,0,0,0,0,0,0,0,0,0,0,0,0,0,0,0,0,0,0,255,139,139,60,0,0,1,1,0,0,0,100,100,100,100,0,0,100,-1,-1,-1,100,0,1,1,-1,0,0,100,0,0,0,0,60,0,60,0,0,0,0,130,0,[0|0|0|0]
700000337,,0.35,0.2,0,0,1,0.03,6903,-1,-1,1665,1667,100,120,-1,-1,110,-1,-1,-1,0,40,40,40,40,100,100,100,100,0,112,0,0,0,0,0,0,0,0,0,0,40,0,0,0,0,2,0,0,0,0,0,0,2,0,0,253,255,0,255,0,255,0,0,0,0,0,0,0,0,0,0,1,3,1,0,0,0,0,0,0,0,0,0,0,-1,-1,2100,2010,-1,-1,-1,-1,-1,-1,-1,-1,-1,-1,-1,-1,-1,-1,-1,-1,-1,-1,-1,-1,-1,-1,-1,-1,-1,-1,-1,-1,0,0,0,0,0,0,0,0,0,0,0,0,-1,-1,-1,-1,-1,-1,-1,-1,-1,-1,-1,-1,-1,-1,-1,-1,-1,-1,-1,-1,-1,-1,-1,-1,0,0,0,0,0,0,0,0,0,0,0,0,0,0,0,0,0,0,0,0,0,0,0,0,255,139,139,40,0,0,1,1,0,0,0,100,100,100,100,0,0,100,-1,-1,-1,100,0,1,1,-1,0,0,100,0,0,0,0,40,0,40,0,0,0,0,130,0,[0|0|0|0]
700000338,,0.35,0.2,0,0,1.5,0.03,6903,-1,-1,1665,1667,100,120,-1,-1,110,-1,-1,-1,0,45,45,45,45,100,100,100,100,0,112,0,0,0,0,0,0,0,0,0,0,40,0,0,0,0,2,0,0,0,0,0,0,3,0,0,253,255,0,255,0,255,0,0,0,0,0,0,0,0,0,0,1,4,1,0,0,0,0,0,0,0,0,0,0,-1,-1,2100,2010,-1,-1,-1,-1,-1,-1,-1,-1,-1,-1,-1,-1,-1,-1,-1,-1,-1,-1,-1,-1,-1,-1,-1,-1,-1,-1,-1,-1,0,0,0,0,0,0,0,0,0,0,0,0,-1,-1,-1,-1,-1,-1,-1,-1,-1,-1,-1,-1,-1,-1,-1,-1,-1,-1,-1,-1,-1,-1,-1,-1,0,0,0,0,0,0,0,0,0,0,0,0,0,0,0,0,0,0,0,0,0,0,0,0,255,139,139,45,0,0,1,1,0,0,0,100,100,100,100,0,0,100,-1,-1,-1,100,0,1,1,-1,0,0,100,0,0,0,0,45,0,45,0,0,0,0,130,0,[0|0|0|0]
700000339,,0.35,0.2,0,0,1.5,0.03,6903,-1,-1,1665,1667,100,120,-1,-1,110,-1,-1,-1,0,45,45,45,45,100,100,100,100,0,112,0,0,0,0,0,0,0,0,0,0,40,0,0,0,0,2,0,0,0,0,0,0,3,0,0,253,255,0,255,0,255,0,0,0,0,0,0,0,0,0,0,1,3,1,0,0,0,0,0,0,0,0,0,0,-1,-1,2100,2010,-1,-1,-1,-1,-1,-1,-1,-1,-1,-1,-1,-1,-1,-1,-1,-1,-1,-1,-1,-1,-1,-1,-1,-1,-1,-1,-1,-1,0,0,0,0,0,0,0,0,0,0,0,0,-1,-1,-1,-1,-1,-1,-1,-1,-1,-1,-1,-1,-1,-1,-1,-1,-1,-1,-1,-1,-1,-1,-1,-1,0,0,0,0,0,0,0,0,0,0,0,0,0,0,0,0,0,0,0,0,0,0,0,0,255,139,139,45,0,0,1,1,0,0,0,100,100,100,100,0,0,100,-1,-1,-1,100,0,1,1,-1,0,0,100,0,0,0,0,45,0,45,0,0,0,0,130,0,[0|0|0|0]
700000340,,0.35,0.2,0,0,1,0.03,6903,-1,-1,1665,1667,100,120,-1,-1,110,-1,-1,-1,0,50,50,50,50,100,100,100,100,0,112,0,0,0,0,0,0,0,0,0,0,40,0,0,0,0,2,0,0,0,0,0,0,3,0,0,253,255,0,255,0,255,0,0,0,0,0,0,0,0,0,0,1,4,1,0,0,0,0,0,0,0,0,0,0,-1,-1,2100,2010,-1,-1,-1,-1,-1,-1,-1,-1,-1,-1,-1,-1,-1,-1,-1,-1,-1,-1,-1,-1,-1,-1,-1,-1,-1,-1,-1,-1,0,0,0,0,0,0,0,0,0,0,0,0,-1,-1,-1,-1,-1,-1,-1,-1,-1,-1,-1,-1,-1,-1,-1,-1,-1,-1,-1,-1,-1,-1,-1,-1,0,0,0,0,0,0,0,0,0,0,0,0,0,0,0,0,0,0,0,0,0,0,0,0,255,139,139,50,0,0,1,1,0,0,0,100,100,100,100,0,0,100,-1,-1,-1,100,0,1,1,-1,0,0,100,0,0,0,0,50,0,50,0,0,0,0,130,0,[0|0|0|0]
700000341,,0.35,0.2,0,0,1,0.03,6903,-1,-1,1665,1667,100,120,-1,-1,110,-1,-1,-1,0,50,50,50,50,100,100,100,100,0,112,0,0,0,0,0,0,0,0,0,0,40,0,0,0,0,2,0,0,0,0,0,0,3,0,0,253,255,0,255,0,255,0,0,0,0,0,0,0,0,0,0,1,4,1,0,0,0,0,0,0,0,0,0,0,-1,-1,2100,2010,-1,-1,-1,-1,-1,-1,-1,-1,-1,-1,-1,-1,-1,-1,-1,-1,-1,-1,-1,-1,-1,-1,-1,-1,-1,-1,-1,-1,0,0,0,0,0,0,0,0,0,0,0,0,-1,-1,-1,-1,-1,-1,-1,-1,-1,-1,-1,-1,-1,-1,-1,-1,-1,-1,-1,-1,-1,-1,-1,-1,0,0,0,0,0,0,0,0,0,0,0,0,0,0,0,0,0,0,0,0,0,0,0,0,255,139,139,50,0,0,1,1,0,0,0,100,100,100,100,0,0,100,-1,-1,-1,100,0,1,1,-1,0,0,100,0,0,0,0,50,0,50,0,0,0,0,130,0,[0|0|0|0]
700000342,,0.4,0.1,0,0,1,0.03,6903,-1,-1,1665,1667,856,120,-1,-1,120,-1,-1,-1,0,82,82,82,82,100,500,100,100,0,112,0,0,0,0,0,0,0,0,0,0,40,0,0,0,0,2,0,0,0,0,0,0,2,0,0,253,255,0,255,0,255,0,0,0,0,0,0,0,0,0,0,1,4,1,0,0,0,0,0,0,0,0,0,0,-1,-1,2100,2010,-1,-1,-1,-1,-1,-1,-1,-1,-1,-1,-1,-1,-1,-1,-1,-1,-1,-1,-1,-1,-1,-1,-1,-1,-1,-1,-1,-1,0,0,0,0,0,0,0,0,0,0,0,0,-1,-1,-1,-1,-1,-1,-1,-1,-1,-1,-1,-1,-1,-1,-1,-1,-1,-1,-1,-1,-1,-1,-1,-1,0,0,0,0,0,0,0,0,0,0,0,0,0,0,0,0,0,0,0,0,0,0,0,0,255,139,139,82,0,0,1,1,0,0,0,100,100,100,100,0,0,100,-1,-1,-1,100,0,1,1,-1,0,0,100,0,0,0,0,82,0,82,0,0,0,0,130,0,[0|0|0|0]
