ID,Name,variationId,behaviorJudgeId,ezStateBehaviorType_old,refType,pad2,refId,consumeSA,stamina,consumeDurability,category,heroPoint,pad1,
13731000,Lifehunt Scythe,0,0,1,1,[0|0],13730000,0,0,0,0,0,[0|0]
13731100,Lifehunt Scythe_1,0,0,1,1,[0|0],13730100,0,0,0,0,0,[0|0]
13731200,Lifehunt Scythe_1_1,0,0,1,1,[0|0],13730200,0,0,0,0,0,[0|0]
13731300,Lifehunt Scythe_1_1_1,0,0,1,1,[0|0],13730300,0,0,0,0,0,[0|0]
13731400,Lifehunt Scythe_1_1_1_1,0,0,1,1,[0|0],13730400,0,0,0,0,0,[0|0]
2102,Scorching Radiance,0,0,1,1,[0|0],1011,0,0,0,0,0,[0|0]
2103,Scorching Radiance_1,0,0,1,1,[0|0],1012,0,0,0,0,0,[0|0]
13814750,_1,0,745,1,1,[0|0],100092643,0,0,0,0,0,[0|0]
100200900,RKSS,200,900,1,0,[0|0],2330700,0,17,0,1,0,[0|0]
100200901,_1_1,200,901,1,0,[0|0],2330701,0,17,0,11,0,[0|0]
100200905,_1_1_1,200,905,1,0,[0|0],2330705,0,17,0,11,0,[0|0]
100200906,_1_1_1_1,200,906,1,0,[0|0],2330706,0,17,0,11,0,[0|0]
100200910,_1_1_1_1_1,200,910,1,0,[0|0],2330710,0,17,0,11,0,[0|0]
100200911,_1_1_1_1_1_1,200,911,1,0,[0|0],2330711,0,17,0,11,0,[0|0]
100200915,_1_1_1_1_1_1_1,200,915,1,0,[0|0],2330715,0,17,0,11,0,[0|0]
100200916,_1_1_1_1_1_1_1_1,200,916,1,0,[0|0],2330716,0,17,0,11,0,[0|0]
100200920,_1_1_1_1_1_1_1_1_1,200,920,1,0,[0|0],2330720,0,35,0,11,0,[0|0]
100200921,_1_1_1_1_1_1_1_1_1_1,200,921,1,0,[0|0],2330721,0,35,0,11,0,[0|0]
100200925,_1_1_1_1_1_1_1_1_1_1_1,200,925,1,0,[0|0],2330725,0,35,0,11,0,[0|0]
100200926,_1_1_1_1_1_1_1_1_1_1_1_1,200,926,1,0,[0|0],2330726,0,35,0,11,0,[0|0]
100200930,_1_1_1_1_1_1_1_1_1_1_1_1_1,200,930,1,0,[0|0],2330730,0,55,0,11,0,[0|0]
100200931,_1_1_1_1_1_1_1_1_1_1_1_1_1_1,200,931,1,0,[0|0],2330731,0,55,0,11,0,[0|0]
100200935,_1_1_1_1_1_1_1_1_1_1_1_1_1_1_1,200,935,1,0,[0|0],2330735,0,55,0,11,0,[0|0]
100200936,_1_1_1_1_1_1_1_1_1_1_1_1_1_1_1_1,200,936,1,0,[0|0],2330736,0,55,0,11,0,[0|0]
100200940,_1_1_1_1_1_1_1_1_1_1_1_1_1_1_1_1_1,200,940,1,0,[0|0],2330740,0,55,0,11,0,[0|0]
100200945,_1_1_1_1_1_1_1_1_1_1_1_1_1_1_1_1_1_1,200,945,1,0,[0|0],2330745,0,55,0,11,0,[0|0]
101010000,Euporia -,1010,0,1,0,[0|0],1010000,0,14,0,1,0,[0|0]
101010010,Euporia -,1010,10,1,0,[0|0],1010010,0,14,0,1,0,[0|0]
101010020,Euporia -,1010,20,1,0,[0|0],1010020,0,14,0,1,0,[0|0]
101010030,Euporia -,1010,30,1,0,[0|0],1010030,0,14,0,1,0,[0|0]
101010040,Euporia -,1010,40,1,0,[0|0],1010040,0,14,0,1,0,[0|0]
101010100,Euporia -,1010,100,1,0,[0|0],1010100,0,24,0,1,0,[0|0]
101010105,Euporia -,1010,105,1,0,[0|0],1010105,0,36,0,1,0,[0|0]
101010110,Euporia -,1010,110,1,0,[0|0],1010110,0,24,0,1,0,[0|0]
101010115,Euporia -,1010,115,1,0,[0|0],1010115,0,36,0,1,0,[0|0]
101010120,Euporia -,1010,120,1,0,[0|0],1010120,0,18,0,1,0,[0|0]
101010125,Euporia -,1010,125,1,0,[0|0],1010125,0,12,0,1,0,[0|0]
101010126,Euporia -,1010,126,1,0,[0|0],1010126,0,12,0,1,0,[0|0]
101010130,Euporia -,1010,130,1,0,[0|0],1010130,0,12,0,1,0,[0|0]
101010140,Euporia -,1010,140,1,0,[0|0],1010140,0,12,0,1,0,[0|0]
101010150,Euporia -,1010,150,1,0,[0|0],1010150,0,12,0,1,0,[0|0]
101010155,Euporia -,1010,155,1,0,[0|0],1010155,0,12,0,1,0,[0|0]
101010160,Euporia -,1010,160,1,0,[0|0],1010160,0,24,0,1,0,[0|0]
101010165,Euporia -,1010,165,1,0,[0|0],1010165,0,24,0,1,0,[0|0]
101010180,Euporia -,1010,180,1,0,[0|0],1010180,0,24,0,1,0,[0|0]
101010200,Euporia -,1010,200,1,0,[0|0],1010200,0,8,0,12,0,[0|0]
101010201,Euporia -,1010,201,1,0,[0|0],1010201,0,8,0,12,0,[0|0]
101010210,Euporia -,1010,210,1,0,[0|0],1010210,0,8,0,12,0,[0|0]
101010211,Euporia -,1010,211,1,0,[0|0],1010211,0,8,0,12,0,[0|0]
101010220,Euporia -,1010,220,1,0,[0|0],1010220,0,16,0,12,0,[0|0]
101010230,Euporia -,1010,230,1,0,[0|0],1010230,0,10,0,12,0,[0|0]
101010231,Euporia -,1010,231,1,0,[0|0],1010231,0,4,0,12,0,[0|0]
101010232,Euporia -,1010,232,1,0,[0|0],1010232,0,10,0,12,0,[0|0]
101010240,Euporia -,1010,240,1,0,[0|0],1010240,0,8,0,12,0,[0|0]
101010241,Euporia -,1010,241,1,0,[0|0],1010241,0,4,0,12,0,[0|0]
101010242,Euporia -,1010,242,1,0,[0|0],1010242,0,8,0,12,0,[0|0]
101010300,Euporia -,1010,300,1,0,[0|0],1010300,0,10,0,12,0,[0|0]
101010301,Euporia -,1010,301,1,0,[0|0],1010301,0,10,0,12,0,[0|0]
101010302,Euporia -,1010,302,1,0,[0|0],1010302,0,10,0,12,0,[0|0]
101010305,Euporia -,1010,305,1,0,[0|0],1010305,0,10,0,12,0,[0|0]
101010306,Euporia -,1010,306,1,0,[0|0],1010306,0,10,0,12,0,[0|0]
101010307,Euporia -,1010,307,1,0,[0|0],1010307,0,10,0,12,0,[0|0]
101010308,Euporia -,1010,308,1,0,[0|0],1010308,0,10,0,12,0,[0|0]
101010310,Euporia -,1010,310,1,0,[0|0],1010310,0,10,0,12,0,[0|0]
101010311,Euporia -,1010,311,1,0,[0|0],1010311,0,15,0,12,0,[0|0]
101010312,Euporia -,1010,312,1,0,[0|0],1010312,0,15,0,12,0,[0|0]
101010315,Euporia -,1010,315,1,0,[0|0],1010315,0,10,0,12,0,[0|0]
101010316,Euporia -,1010,316,1,0,[0|0],1010316,0,10,0,12,0,[0|0]
101010317,Euporia -,1010,317,1,0,[0|0],1010317,0,10,0,12,0,[0|0]
101010318,Euporia -,1010,318,1,0,[0|0],1010318,0,10,0,12,0,[0|0]
101010320,Euporia -,1010,320,1,0,[0|0],1010320,0,10,0,12,0,[0|0]
101010321,Euporia -,1010,321,1,0,[0|0],1010321,0,10,0,12,0,[0|0]
101010325,Euporia -,1010,325,1,0,[0|0],1010325,0,14,0,12,0,[0|0]
101010326,Euporia -,1010,326,1,0,[0|0],1010326,0,14,0,12,0,[0|0]
101010330,Euporia -,1010,330,1,0,[0|0],1010330,0,7,0,12,0,[0|0]
101010331,Euporia -,1010,331,1,0,[0|0],1010331,0,7,0,12,0,[0|0]
101010340,Euporia -,1010,340,1,0,[0|0],1010340,0,14,0,12,0,[0|0]
101010350,Euporia -,1010,350,1,0,[0|0],1010350,0,7,0,12,0,[0|0]
101010351,Euporia -,1010,351,1,0,[0|0],1010351,0,7,0,12,0,[0|0]
101010355,Euporia -,1010,355,1,0,[0|0],1010355,0,7,0,12,0,[0|0]
101010360,Euporia -,1010,360,1,0,[0|0],1010360,0,28,0,12,0,[0|0]
101010365,Euporia -,1010,365,1,0,[0|0],1010365,0,28,0,12,0,[0|0]
101010380,Euporia -,1010,380,1,0,[0|0],1010380,0,14,0,12,0,[0|0]
101010381,Euporia -,1010,381,1,0,[0|0],1010381,0,14,0,12,0,[0|0]
101010400,Euporia -,1010,400,1,0,[0|0],1010400,0,14,0,2,0,[0|0]
101010410,Euporia -,1010,410,1,0,[0|0],1010410,0,14,0,2,0,[0|0]
101010420,Euporia -,1010,420,1,0,[0|0],1010420,0,14,0,2,0,[0|0]
101010430,Euporia -,1010,430,1,0,[0|0],1010430,0,14,0,2,0,[0|0]
101010440,Euporia -,1010,440,1,0,[0|0],1010440,0,14,0,2,0,[0|0]
101010460,Euporia -,1010,460,1,0,[0|0],1010460,0,0,0,0,0,[0|0]
101010470,Euporia -,1010,470,1,0,[0|0],1010470,0,0,0,0,0,[0|0]
101010480,Euporia -,1010,480,1,0,[0|0],1010480,0,0,0,0,0,[0|0]
101010500,Euporia -,1010,500,1,0,[0|0],1010500,0,18,0,12,0,[0|0]
101010509,Euporia -,1010,509,1,0,[0|0],1010509,0,14,0,12,0,[0|0]
101010510,Euporia -,1010,510,1,0,[0|0],1010510,0,18,0,12,0,[0|0]
101010530,Euporia -,1010,530,1,0,[0|0],1010530,0,18,0,12,0,[0|0]
101010550,Euporia -,1010,550,1,0,[0|0],1010550,0,18,0,12,0,[0|0]
101010560,Euporia -,1010,560,1,0,[0|0],1010560,0,8,0,12,0,[0|0]
101010561,Euporia -,1010,561,1,0,[0|0],1010561,0,10,0,12,0,[0|0]
101010590,Euporia -,1010,590,1,0,[0|0],1010590,0,0,0,12,0,[0|0]
101010591,Euporia -,1010,591,1,0,[0|0],1010591,0,10,0,0,0,[0|0]
101010600,Euporia -,1010,600,1,0,[0|0],1010600,0,14,0,12,0,[0|0]
101010605,Euporia -,1010,605,1,0,[0|0],1010605,0,14,0,12,0,[0|0]
101010610,Euporia -,1010,610,1,0,[0|0],1010610,0,14,0,12,0,[0|0]
101010630,Euporia -,1010,630,1,0,[0|0],1010630,0,0,0,12,0,[0|0]
101010632,Euporia -,1010,632,1,0,[0|0],1010632,0,24,0,12,0,[0|0]
101010635,Euporia -,1010,635,1,0,[0|0],1010635,0,36,0,12,0,[0|0]
101010650,Euporia -,1010,650,1,0,[0|0],1010650,0,14,0,12,0,[0|0]
101010660,Euporia -,1010,660,1,0,[0|0],1010660,0,24,0,12,0,[0|0]
101010700,Euporia -,1010,700,1,0,[0|0],1010700,0,14,0,12,0,[0|0]
101010705,Euporia -,1010,705,1,0,[0|0],1010705,0,14,0,12,0,[0|0]
101010710,Euporia -,1010,710,1,0,[0|0],1010710,0,14,0,12,0,[0|0]
101010730,Euporia -,1010,730,1,0,[0|0],1010730,0,0,0,12,0,[0|0]
101010732,Euporia -,1010,732,1,0,[0|0],1010732,0,24,0,12,0,[0|0]
101010735,Euporia -,1010,735,1,0,[0|0],1010735,0,36,0,12,0,[0|0]
101010750,Euporia -,1010,750,1,0,[0|0],1010750,0,14,0,12,0,[0|0]
101010760,Euporia -,1010,760,1,0,[0|0],1010760,0,24,0,12,0,[0|0]
101010800,Euporia -,1010,800,1,0,[0|0],1010800,0,14,0,1,0,[0|0]
101010805,Euporia -,1010,805,1,0,[0|0],1010805,0,14,0,2,0,[0|0]
101010810,Euporia -,1010,810,1,0,[0|0],1010810,0,14,0,1,0,[0|0]
101010815,Euporia -,1010,815,1,0,[0|0],1010815,0,14,0,2,0,[0|0]
101010820,Euporia -,1010,820,1,0,[0|0],1010820,0,14,0,1,0,[0|0]
101010825,Euporia -,1010,825,1,0,[0|0],1010825,0,14,0,2,0,[0|0]
101010860,Euporia -,1010,860,1,0,[0|0],1010860,0,18,0,1,0,[0|0]
101010865,Euporia -,1010,865,1,0,[0|0],1010865,0,18,0,2,0,[0|0]
101010870,Euporia -,1010,870,1,0,[0|0],1010870,0,12,0,1,0,[0|0]
101010875,Euporia -,1010,875,1,0,[0|0],1010875,0,12,0,2,0,[0|0]
101010880,Euporia -,1010,880,1,0,[0|0],1010880,0,12,0,1,0,[0|0]
101010885,Euporia -,1010,885,1,0,[0|0],1010885,0,12,0,2,0,[0|0]
101010890,Euporia -,1010,890,1,0,[0|0],1010890,0,6,0,1,0,[0|0]
101010891,Euporia -,1010,891,1,0,[0|0],1010891,0,6,0,1,0,[0|0]
101010895,Euporia -,1010,895,1,0,[0|0],1010895,0,6,0,2,0,[0|0]
101010896,Euporia -,1010,896,1,0,[0|0],1010896,0,6,0,2,0,[0|0]
101500306,_1,1500,306,1,0,[0|0],1500306,0,0,0,12,0,[0|0]
101500307,_1_1,1500,307,1,0,[0|0],1500307,0,0,0,12,0,[0|0]
101600900,RKS,1600,900,1,0,[0|0],3670800,0,22,0,1,0,[0|0]
101600905,RKS_1,1600,905,1,0,[0|0],3670805,0,22,0,1,0,[0|0]
101600910,RKS_1_1,1600,910,1,0,[0|0],3670810,0,22,0,1,0,[0|0]
101600915,RKS_1_1_1,1600,915,1,0,[0|0],3670815,0,22,0,1,0,[0|0]
101600950,RKS_1_1_1_1,1600,950,1,0,[0|0],3670850,0,22,0,1,0,[0|0]
101600955,RKS_1_1_1_1_1,1600,955,1,0,[0|0],3670855,0,22,0,1,0,[0|0]
101600960,RKS_1_1_1_1_1_1,1600,960,1,0,[0|0],3670860,0,22,0,1,0,[0|0]
101600965,RKS_1_1_1_1_1_1_1,1600,965,1,0,[0|0],3670865,0,22,0,1,0,[0|0]
101600970,RKS aow,1600,970,1,0,[0|0],3670700,0,30,0,11,0,[0|0]
101600971,RKS aow_1,1600,971,1,0,[0|0],3670710,0,30,0,11,0,[0|0]
101600972,RKS aow_1_1,1600,972,1,0,[0|0],3670720,0,30,0,11,0,[0|0]
101600973,RKS aow_1_1_1,1600,973,1,1,[0|0],100092400,0,0,0,11,0,[0|0]
101720100,,1720,100,1,1,[0|0],200041100,0,20,0,1,0,[0|0]
101720105,,1720,105,1,1,[0|0],200041105,0,30,0,1,0,[0|0]
101720125,,1720,125,1,1,[0|0],200041125,0,20,0,1,0,[0|0]
101720300,,1720,300,1,1,[0|0],200041300,0,20,0,12,0,[0|0]
101720305,,1720,305,1,1,[0|0],200041305,0,33,0,12,0,[0|0]
101720325,,1720,325,1,1,[0|0],200041325,0,22,0,12,0,[0|0]
101805100,crucifix,1805,100,1,0,[0|0],3814100,0,41,0,12,0,[0|0]
101805105,_1_1,1805,105,1,0,[0|0],3814105,0,51,0,12,0,[0|0]
101805110,_1_1_1,1805,110,1,0,[0|0],3814110,0,41,0,12,0,[0|0]
101805115,_1_1_1_1,1805,110,1,0,[0|0],3814115,0,51,0,12,0,[0|0]
101805300,_1_1_1_1_1,1805,300,1,0,[0|0],3814300,0,44,0,11,0,[0|0]
101805305,_1_1_1_1_1_1,1805,305,1,0,[0|0],3814305,0,54,0,11,0,[0|0]
101805310,_1_1_1_1_1_1_1,1805,310,1,0,[0|0],3814310,0,44,0,11,0,[0|0]
101805315,_1_1_1_1_1_1_1_1,1805,315,1,0,[0|0],3814315,0,54,0,11,0,[0|0]
101805700,_1_1_1_1_1_1_1_1_1,1805,700,1,0,[0|0],3814700,0,31,0,11,0,[0|0]
101805705,_1_1_1_1_1_1_1_1_1_1,1805,705,1,0,[0|0],3814705,0,0,0,11,0,[0|0]
101805710,_1_1_1_1_1_1_1_1_1_1_1,1805,710,1,0,[0|0],3814710,0,0,0,11,0,[0|0]
101805711,_1_1_1_1_1_1_1_1_1_1_1_1,1805,711,1,1,[0|0],3814711,0,0,0,11,0,[0|0]
101805720,_1_1_1_1_1_1_1_1_1_1_1_1_1,1805,720,1,1,[0|0],100092620,0,0,0,11,0,[0|0]
101805730,_1_1_1_1_1_1_1_1_1_1_1_1_1_1,1805,730,1,0,[0|0],3814730,0,0,0,11,0,[0|0]
101805735,_1_1_1_1_1_1_1_1_1_1_1_1_1_1_1,1805,735,1,0,[0|0],3814735,0,0,0,11,0,[0|0]
101805740,_1_1_1_1_1_1_1_1_1_1_1_1_1_1_1_1,1805,740,1,1,[0|0],100092640,0,0,0,11,0,[0|0]
101805745,_1_1_1_1_1_1_1_1_1_1_1_1_1_1_1_1_1,1805,745,1,0,[0|0],3814745,0,0,0,11,0,[0|0]
102210100,Claws of Night -,2210,100,1,1,[0|0],200070100,0,20,0,1,0,[0|0]
102210101,Claws of Night -,2210,101,1,0,[0|0],1,0,0,0,1,0,[0|0]
102210105,Claws of Night -,2210,105,1,1,[0|0],200070105,0,27,0,1,0,[0|0]
102210106,Claws of Night -,2210,106,1,0,[0|0],1,0,0,0,1,0,[0|0]
102210110,Claws of Night -,2210,110,1,1,[0|0],200070110,0,20,0,1,0,[0|0]
102210111,Claws of Night -,2210,111,1,0,[0|0],1,0,0,0,1,0,[0|0]
102210115,Claws of Night -,2210,115,1,1,[0|0],200070115,0,27,0,1,0,[0|0]
102210116,Claws of Night -,2210,116,1,0,[0|0],1,0,0,0,1,0,[0|0]
102210125,Claws of Night -,2210,125,1,1,[0|0],200070125,0,20,0,1,0,[0|0]
102210126,Claws of Night -,2210,126,1,0,[0|0],1,0,0,0,1,0,[0|0]
102210160,Claws of Night -,2210,160,1,1,[0|0],200070160,0,17,0,1,0,[0|0]
102210161,Claws of Night -,2210,161,1,0,[0|0],1,0,0,0,1,0,[0|0]
102210180,Claws of Night -,2210,180,1,1,[0|0],200070180,0,19,0,1,0,[0|0]
102210181,Claws of Night -,2210,181,1,0,[0|0],1,0,0,0,1,0,[0|0]
102210300,Claws of Night -,2210,300,1,1,[0|0],200070300,0,12,0,12,0,[0|0]
102210301,Claws of Night -,2210,301,1,0,[0|0],1,0,0,0,12,0,[0|0]
102210303,Claws of Night -,2210,303,1,1,[0|0],200070303,0,12,0,12,0,[0|0]
102210304,Claws of Night -,2210,304,1,0,[0|0],1,0,0,0,12,0,[0|0]
102210305,Claws of Night -,2210,305,1,1,[0|0],200070305,0,16,0,12,0,[0|0]
102210306,Claws of Night -,2210,306,1,0,[0|0],1,0,0,0,12,0,[0|0]
102210308,Claws of Night -,2210,308,1,1,[0|0],200070308,0,16,0,12,0,[0|0]
102210309,Claws of Night -,2210,309,1,0,[0|0],1,0,0,0,12,0,[0|0]
102210310,Claws of Night -,2210,310,1,1,[0|0],200070310,0,12,0,12,0,[0|0]
102210311,Claws of Night -,2210,311,1,0,[0|0],1,0,0,0,12,0,[0|0]
102210313,Claws of Night -,2210,313,1,1,[0|0],200070313,0,12,0,12,0,[0|0]
102210314,Claws of Night -,2210,314,1,0,[0|0],1,0,0,0,12,0,[0|0]
102210315,Claws of Night -,2210,315,1,1,[0|0],200070315,0,16,0,12,0,[0|0]
102210316,Claws of Night -,2210,316,1,0,[0|0],1,0,0,0,12,0,[0|0]
102210318,Claws of Night -,2210,318,1,1,[0|0],200070318,0,16,0,12,0,[0|0]
102210319,Claws of Night -,2210,319,1,0,[0|0],1,0,0,0,12,0,[0|0]
102210325,Claws of Night -,2210,325,1,1,[0|0],200070325,0,9,0,12,0,[0|0]
102210326,Claws of Night -,2210,326,1,0,[0|0],1,0,0,0,12,0,[0|0]
102210328,Claws of Night -,2210,328,1,1,[0|0],200070328,0,9,0,12,0,[0|0]
102210329,Claws of Night -,2210,329,1,0,[0|0],1,0,0,0,12,0,[0|0]
102210360,Claws of Night -,2210,360,1,1,[0|0],200070360,0,10,0,12,0,[0|0]
102210361,Claws of Night -,2210,361,1,0,[0|0],1,0,0,0,12,0,[0|0]
102210363,Claws of Night -,2210,363,1,1,[0|0],200070363,0,10,0,12,0,[0|0]
102210364,Claws of Night -,2210,364,1,0,[0|0],1,0,0,0,12,0,[0|0]
102210380,Claws of Night -,2210,380,1,1,[0|0],200070380,0,14,0,12,0,[0|0]
102210381,Claws of Night -,2210,381,1,1,[0|0],200070381,0,14,0,12,0,[0|0]
102210382,Claws of Night -,2210,382,1,0,[0|0],1,0,0,0,12,0,[0|0]
102210383,Claws of Night -,2210,383,1,0,[0|0],1,0,0,0,12,0,[0|0]
102210632,Claws of Night -,2210,632,1,1,[0|0],200070632,0,20,0,12,0,[0|0]
102210633,Claws of Night -,2210,633,1,0,[0|0],1,0,0,0,12,0,[0|0]
102210635,Claws of Night -,2210,635,1,1,[0|0],200070635,0,27,0,12,0,[0|0]
102210636,Claws of Night -,2210,636,1,0,[0|0],1,0,0,0,12,0,[0|0]
105000880, Arrow,5000,880,1,1,[0|0],20000080,0,0,0,1,0,[0|0]
105000881, Arrow_1,5000,881,1,1,[0|0],20000081,0,0,0,1,0,[0|0]
105000885, Arrow_1_1,5000,885,1,1,[0|0],20000085,0,0,0,1,0,[0|0]
106100000,Thrusting Shield - Default,6100,0,1,0,[0|0],6100000,0,15,0,1,0,[0|0]
106100010,Thrusting Shield - Default,6100,10,1,0,[0|0],6100010,0,15,0,1,0,[0|0]
106100020,Thrusting Shield - Default,6100,20,1,0,[0|0],6100020,0,15,0,1,0,[0|0]
106100030,Thrusting Shield - Default,6100,30,1,0,[0|0],6100030,0,15,0,1,0,[0|0]
106100100,Thrusting Shield - Default,6100,100,1,0,[0|0],6100100,0,25,0,1,0,[0|0]
106100105,Thrusting Shield - Default,6100,105,1,0,[0|0],6100105,0,35,0,1,0,[0|0]
106100110,Thrusting Shield - Default,6100,110,1,0,[0|0],6100110,0,25,0,1,0,[0|0]
106100115,Thrusting Shield - Default,6100,115,1,0,[0|0],6100115,0,35,0,1,0,[0|0]
106100120,Thrusting Shield - Default,6100,120,1,0,[0|0],6100120,0,18,0,1,0,[0|0]
106100125,Thrusting Shield - Default,6100,125,1,0,[0|0],6100125,0,25,0,1,0,[0|0]
106100127,Thrusting Shield - Default,6100,127,1,0,[0|0],6100127,0,0,0,1,0,[0|0]
106100130,Thrusting Shield - Default,6100,130,1,0,[0|0],6100130,0,12,0,1,0,[0|0]
106100140,Thrusting Shield - Default,6100,140,1,0,[0|0],6100140,0,12,0,1,0,[0|0]
106100150,Thrusting Shield - Default,6100,150,1,0,[0|0],6100150,0,12,0,1,0,[0|0]
106100160,Thrusting Shield - Default,6100,160,1,0,[0|0],6100160,0,25,0,1,0,[0|0]
106100180,Thrusting Shield - Default,6100,180,1,0,[0|0],6100180,0,25,0,1,0,[0|0]
106100200,Thrusting Shield - Default,6100,200,1,0,[0|0],6100200,0,18,0,12,0,[0|0]
106100210,Thrusting Shield - Default,6100,210,1,0,[0|0],6100210,0,18,0,12,0,[0|0]
106100220,Thrusting Shield - Default,6100,220,1,0,[0|0],6100220,0,18,0,12,0,[0|0]
106100230,Thrusting Shield - Default,6100,230,1,0,[0|0],6100230,0,18,0,12,0,[0|0]
106100300,Thrusting Shield - Default,6100,300,1,0,[0|0],6100300,0,28,0,12,0,[0|0]
106100305,Thrusting Shield - Default,6100,305,1,0,[0|0],6100305,0,38,0,12,0,[0|0]
106100310,Thrusting Shield - Default,6100,310,1,0,[0|0],6100310,0,28,0,12,0,[0|0]
106100315,Thrusting Shield - Default,6100,315,1,0,[0|0],6100315,0,38,0,12,0,[0|0]
106100320,Thrusting Shield - Default,6100,320,1,0,[0|0],6100320,0,21,0,12,0,[0|0]
106100325,Thrusting Shield - Default,6100,325,1,0,[0|0],6100325,0,28,0,12,0,[0|0]
106100327,Thrusting Shield - Default,6100,327,1,0,[0|0],6100327,0,0,0,12,0,[0|0]
106100330,Thrusting Shield - Default,6100,330,1,0,[0|0],6100330,0,15,0,12,0,[0|0]
106100340,Thrusting Shield - Default,6100,340,1,0,[0|0],6100340,0,15,0,12,0,[0|0]
106100350,Thrusting Shield - Default,6100,350,1,0,[0|0],6100350,0,15,0,12,0,[0|0]
106100360,Thrusting Shield - Default,6100,360,1,0,[0|0],6100360,0,28,0,12,0,[0|0]
106100380,Thrusting Shield - Default,6100,380,1,0,[0|0],6100380,0,28,0,12,0,[0|0]
106100400,Thrusting Shield - Default,6100,400,1,0,[0|0],6100400,0,15,0,2,0,[0|0]
106100410,Thrusting Shield - Default,6100,410,1,0,[0|0],6100410,0,15,0,2,0,[0|0]
106100420,Thrusting Shield - Default,6100,420,1,0,[0|0],6100420,0,15,0,2,0,[0|0]
106100430,Thrusting Shield - Default,6100,430,1,0,[0|0],6100430,0,15,0,2,0,[0|0]
106100460,Thrusting Shield - Default,6100,460,1,0,[0|0],6100460,0,0,0,0,0,[0|0]
106100461,Thrusting Shield - Default,6100,461,1,0,[0|0],6100461,0,0,0,0,0,[0|0]
106100470,Thrusting Shield - Default,6100,470,1,0,[0|0],6100470,0,0,0,0,0,[0|0]
106100471,Thrusting Shield - Default,6100,471,1,0,[0|0],6100471,0,0,0,0,0,[0|0]
106100480,Thrusting Shield - Default,6100,480,1,0,[0|0],6100480,0,0,0,0,0,[0|0]
106100500,Thrusting Shield - Default,6100,500,1,0,[0|0],6100500,0,20,0,12,0,[0|0]
106100509,Thrusting Shield - Default,6100,509,1,0,[0|0],6100509,0,15,0,12,0,[0|0]
106100510,Thrusting Shield - Default,6100,510,1,0,[0|0],6100510,0,20,0,12,0,[0|0]
106100530,Thrusting Shield - Default,6100,530,1,0,[0|0],6100530,0,20,0,12,0,[0|0]
106100550,Thrusting Shield - Default,6100,550,1,0,[0|0],6100550,0,20,0,12,0,[0|0]
106100560,Thrusting Shield - Default,6100,560,1,0,[0|0],6100560,0,10,0,12,0,[0|0]
106100561,Thrusting Shield - Default,6100,561,1,0,[0|0],6100561,0,10,0,12,0,[0|0]
106100590,Thrusting Shield - Default,6100,590,1,0,[0|0],6100590,0,0,0,12,0,[0|0]
106100591,Thrusting Shield - Default,6100,591,1,0,[0|0],6100591,0,10,0,0,0,[0|0]
106100600,Thrusting Shield - Default,6100,600,1,0,[0|0],6100600,0,15,0,12,0,[0|0]
106100605,Thrusting Shield - Default,6100,605,1,0,[0|0],6100605,0,15,0,12,0,[0|0]
106100610,Thrusting Shield - Default,6100,610,1,0,[0|0],6100610,0,15,0,12,0,[0|0]
106100630,Thrusting Shield - Default,6100,630,1,0,[0|0],6100630,0,0,0,12,0,[0|0]
106100632,Thrusting Shield - Default,6100,632,1,0,[0|0],6100632,0,25,0,12,0,[0|0]
106100635,Thrusting Shield - Default,6100,635,1,0,[0|0],6100635,0,35,0,12,0,[0|0]
106100650,Thrusting Shield - Default,6100,650,1,0,[0|0],6100650,0,15,0,12,0,[0|0]
106100660,Thrusting Shield - Default,6100,660,1,0,[0|0],6100660,0,25,0,12,0,[0|0]
106100700,Thrusting Shield - Default,6100,700,1,0,[0|0],6100700,0,15,0,12,0,[0|0]
106100705,Thrusting Shield - Default,6100,705,1,0,[0|0],6100705,0,15,0,12,0,[0|0]
106100710,Thrusting Shield - Default,6100,710,1,0,[0|0],6100710,0,15,0,12,0,[0|0]
106100730,Thrusting Shield - Default,6100,730,1,0,[0|0],6100730,0,0,0,12,0,[0|0]
106100732,Thrusting Shield - Default,6100,732,1,0,[0|0],6100732,0,25,0,12,0,[0|0]
106100735,Thrusting Shield - Default,6100,735,1,0,[0|0],6100735,0,35,0,12,0,[0|0]
106100750,Thrusting Shield - Default,6100,750,1,0,[0|0],6100750,0,15,0,12,0,[0|0]
106100760,Thrusting Shield - Default,6100,760,1,0,[0|0],6100760,0,25,0,12,0,[0|0]
106200000,Throwing Blade - Default,6200,0,1,1,[0|0],200020000,0,12,0,1,0,[0|0]
106200010,Throwing Blade - Default,6200,10,1,1,[0|0],200020010,0,12,0,1,0,[0|0]
106200020,Throwing Blade - Default,6200,20,1,1,[0|0],200020020,0,12,0,1,0,[0|0]
106200030,Throwing Blade - Default,6200,30,1,1,[0|0],200020030,0,12,0,1,0,[0|0]
106200040,Throwing Blade - Default,6200,40,1,1,[0|0],200020040,0,12,0,1,0,[0|0]
106200050,Throwing Blade - Default,6200,50,1,1,[0|0],200020050,0,12,0,1,0,[0|0]
106200100,Throwing Blade - Default,6200,100,1,1,[0|0],200020100,0,18,0,1,0,[0|0]
106200105,Throwing Blade - Default,6200,105,1,1,[0|0],200020105,0,27,0,1,0,[0|0]
106200110,Throwing Blade - Default,6200,110,1,1,[0|0],200020110,0,18,0,1,0,[0|0]
106200115,Throwing Blade - Default,6200,115,1,1,[0|0],200020115,0,27,0,1,0,[0|0]
106200120,Throwing Blade - Default,6200,120,1,1,[0|0],200020120,0,13,0,1,0,[0|0]
106200125,Throwing Blade - Default,6200,125,1,1,[0|0],200020125,0,18,0,1,0,[0|0]
106200126,Throwing Blade - Default,6200,126,1,1,[0|0],200020126,0,18,0,1,0,[0|0]
106200130,Throwing Blade - Default,6200,130,1,1,[0|0],200020130,0,10,0,1,0,[0|0]
106200140,Throwing Blade - Default,6200,140,1,1,[0|0],200020140,0,10,0,1,0,[0|0]
106200150,Throwing Blade - Default,6200,150,1,1,[0|0],200020150,0,10,0,1,0,[0|0]
106200160,Throwing Blade - Default,6200,160,1,1,[0|0],200020160,0,17,0,1,0,[0|0]
106200175,Throwing Blade - Default,6200,175,1,1,[0|0],200020175,0,15,0,1,0,[0|0]
106200176,Throwing Blade - Default,6200,176,1,1,[0|0],200020176,0,15,0,1,0,[0|0]
106200180,Throwing Blade - Default,6200,180,1,1,[0|0],200020180,0,17,0,1,0,[0|0]
106200200,Throwing Blade - Default,6200,200,1,1,[0|0],200020200,0,7,0,12,0,[0|0]
106200203,Throwing Blade - Default,6200,203,1,1,[0|0],200020203,0,7,0,12,0,[0|0]
106200210,Throwing Blade - Default,6200,210,1,1,[0|0],200020210,0,7,0,12,0,[0|0]
106200213,Throwing Blade - Default,6200,213,1,1,[0|0],200020213,0,7,0,12,0,[0|0]
106200220,Throwing Blade - Default,6200,220,1,1,[0|0],200020220,0,7,0,12,0,[0|0]
106200223,Throwing Blade - Default,6200,223,1,1,[0|0],200020223,0,7,0,12,0,[0|0]
106200230,Throwing Blade - Default,6200,230,1,1,[0|0],200020230,0,7,0,12,0,[0|0]
106200233,Throwing Blade - Default,6200,233,1,1,[0|0],200020233,0,7,0,12,0,[0|0]
106200240,Throwing Blade - Default,6200,240,1,1,[0|0],200020240,0,7,0,12,0,[0|0]
106200243,Throwing Blade - Default,6200,243,1,1,[0|0],200020243,0,7,0,12,0,[0|0]
106200250,Throwing Blade - Default,6200,250,1,1,[0|0],200020250,0,9,0,12,0,[0|0]
106200253,Throwing Blade - Default,6200,253,1,1,[0|0],200020253,0,9,0,12,0,[0|0]
106200300,Throwing Blade - Default,6200,300,1,1,[0|0],200020300,0,11,0,12,0,[0|0]
106200303,Throwing Blade - Default,6200,303,1,1,[0|0],200020303,0,11,0,12,0,[0|0]
106200305,Throwing Blade - Default,6200,305,1,1,[0|0],200020305,0,16,0,12,0,[0|0]
106200308,Throwing Blade - Default,6200,308,1,1,[0|0],200020308,0,16,0,12,0,[0|0]
106200310,Throwing Blade - Default,6200,310,1,1,[0|0],200020310,0,11,0,12,0,[0|0]
106200313,Throwing Blade - Default,6200,313,1,1,[0|0],200020313,0,11,0,12,0,[0|0]
106200315,Throwing Blade - Default,6200,315,1,1,[0|0],200020315,0,16,0,12,0,[0|0]
106200318,Throwing Blade - Default,6200,318,1,1,[0|0],200020318,0,16,0,12,0,[0|0]
106200320,Throwing Blade - Default,6200,320,1,1,[0|0],200020320,0,9,0,12,0,[0|0]
106200323,Throwing Blade - Default,6200,323,1,1,[0|0],200020323,0,9,0,12,0,[0|0]
106200325,Throwing Blade - Default,6200,325,1,1,[0|0],200020325,0,11,0,12,0,[0|0]
106200328,Throwing Blade - Default,6200,328,1,1,[0|0],200020328,0,11,0,12,0,[0|0]
106200330,Throwing Blade - Default,6200,330,1,1,[0|0],200020330,0,7,0,12,0,[0|0]
106200333,Throwing Blade - Default,6200,333,1,1,[0|0],200020333,0,7,0,12,0,[0|0]
106200340,Throwing Blade - Default,6200,340,1,1,[0|0],200020340,0,7,0,12,0,[0|0]
106200343,Throwing Blade - Default,6200,343,1,1,[0|0],200020343,0,7,0,12,0,[0|0]
106200350,Throwing Blade - Default,6200,350,1,1,[0|0],200020350,0,10,0,12,0,[0|0]
106200353,Throwing Blade - Default,6200,353,1,1,[0|0],200020353,0,10,0,12,0,[0|0]
106200360,Throwing Blade - Default,6200,360,1,1,[0|0],200020360,0,13,0,12,0,[0|0]
106200363,Throwing Blade - Default,6200,363,1,1,[0|0],200020363,0,13,0,12,0,[0|0]
106200375,Throwing Blade - Default,6200,375,1,1,[0|0],200020375,0,10,0,12,0,[0|0]
106200376,Throwing Blade - Default,6200,376,1,1,[0|0],200020376,0,10,0,12,0,[0|0]
106200377,Throwing Blade - Default,6200,377,1,1,[0|0],200020377,0,10,0,12,0,[0|0]
106200378,Throwing Blade - Default,6200,378,1,1,[0|0],200020378,0,10,0,12,0,[0|0]
106200380,Throwing Blade - Default,6200,380,1,1,[0|0],200020380,0,10,0,12,0,[0|0]
106200381,Throwing Blade - Default,6200,381,1,1,[0|0],200020381,0,10,0,12,0,[0|0]
106200400,Throwing Blade - Default,6200,400,1,1,[0|0],200020400,0,12,0,2,0,[0|0]
106200410,Throwing Blade - Default,6200,410,1,1,[0|0],200020410,0,12,0,2,0,[0|0]
106200420,Throwing Blade - Default,6200,420,1,1,[0|0],200020420,0,12,0,2,0,[0|0]
106200430,Throwing Blade - Default,6200,430,1,1,[0|0],200020430,0,12,0,2,0,[0|0]
106200440,Throwing Blade - Default,6200,440,1,1,[0|0],200020440,0,12,0,2,0,[0|0]
106200450,Throwing Blade - Default,6200,450,1,1,[0|0],200020450,0,12,0,2,0,[0|0]
106200460,Throwing Blade - Default,6200,460,1,0,[0|0],6200460,0,0,0,0,0,[0|0]
106200470,Throwing Blade - Default,6200,470,1,0,[0|0],6200470,0,0,0,0,0,[0|0]
106200480,Throwing Blade - Default,6200,480,1,0,[0|0],6200480,0,0,0,0,0,[0|0]
106200500,Throwing Blade - Default,6200,500,1,0,[0|0],6200500,0,16,0,12,0,[0|0]
106200501,Throwing Blade - Default,6200,501,1,0,[0|0],6200501,0,6,0,12,0,[0|0]
106200509,Throwing Blade - Default,6200,509,1,0,[0|0],6200509,0,13,0,12,0,[0|0]
106200510,Throwing Blade - Default,6200,510,1,0,[0|0],6200510,0,13,0,12,0,[0|0]
106200511,Throwing Blade - Default,6200,511,1,0,[0|0],6200511,0,13,0,12,0,[0|0]
106200530,Throwing Blade - Default,6200,530,1,0,[0|0],6200530,0,16,0,12,0,[0|0]
106200531,Throwing Blade - Default,6200,531,1,0,[0|0],6200531,0,6,0,12,0,[0|0]
106200550,Throwing Blade - Default,6200,550,1,0,[0|0],6200550,0,16,0,12,0,[0|0]
106200560,Throwing Blade - Default,6200,560,1,0,[0|0],6200560,0,16,0,12,0,[0|0]
106200561,Throwing Blade - Default,6200,561,1,0,[0|0],6200561,0,6,0,12,0,[0|0]
106200590,Throwing Blade - Default,6200,590,1,0,[0|0],6200590,0,0,0,0,0,[0|0]
106200591,Throwing Blade - Default,6200,591,1,0,[0|0],6200591,0,10,0,0,0,[0|0]
106200600,Throwing Blade - Default,6200,600,1,1,[0|0],200020600,0,7,0,12,0,[0|0]
106200605,Throwing Blade - Default,6200,605,1,1,[0|0],200020605,0,7,0,12,0,[0|0]
106200610,Throwing Blade - Default,6200,610,1,1,[0|0],200020610,0,7,0,12,0,[0|0]
106200630,Throwing Blade - Default,6200,630,1,1,[0|0],200020630,0,0,0,12,0,[0|0]
106200632,Throwing Blade - Default,6200,632,1,1,[0|0],200020632,0,12,0,12,0,[0|0]
106200635,Throwing Blade - Default,6200,635,1,1,[0|0],200020635,0,21,0,12,0,[0|0]
106200800,Throwing Blade - Default,6200,800,1,1,[0|0],200020800,0,7,0,1,0,[0|0]
106200805,Throwing Blade - Default,6200,805,1,1,[0|0],200020805,0,7,0,2,0,[0|0]
106200810,Throwing Blade - Default,6200,810,1,1,[0|0],200020810,0,7,0,1,0,[0|0]
106200815,Throwing Blade - Default,6200,815,1,1,[0|0],200020815,0,7,0,2,0,[0|0]
106200820,Throwing Blade - Default,6200,820,1,1,[0|0],200020820,0,7,0,1,0,[0|0]
106200825,Throwing Blade - Default,6200,825,1,1,[0|0],200020825,0,7,0,2,0,[0|0]
106200830,Throwing Blade - Default,6200,830,1,1,[0|0],200020830,0,7,0,1,0,[0|0]
106200835,Throwing Blade - Default,6200,835,1,1,[0|0],200020835,0,7,0,2,0,[0|0]
106200840,Throwing Blade - Default,6200,840,1,1,[0|0],200020840,0,7,0,1,0,[0|0]
106200845,Throwing Blade - Default,6200,845,1,1,[0|0],200020845,0,7,0,2,0,[0|0]
106200850,Throwing Blade - Default,6200,850,1,1,[0|0],200020850,0,7,0,1,0,[0|0]
106200855,Throwing Blade - Default,6200,855,1,1,[0|0],200020855,0,7,0,2,0,[0|0]
106200860,Throwing Blade - Default,6200,860,1,1,[0|0],200020860,0,9,0,1,0,[0|0]
106200865,Throwing Blade - Default,6200,865,1,1,[0|0],200020865,0,9,0,2,0,[0|0]
106200870,Throwing Blade - Default,6200,870,1,1,[0|0],200020870,0,7,0,1,0,[0|0]
106200875,Throwing Blade - Default,6200,875,1,1,[0|0],200020875,0,7,0,2,0,[0|0]
106200880,Throwing Blade - Default,6200,880,1,1,[0|0],200020880,0,7,0,1,0,[0|0]
106200885,Throwing Blade - Default,6200,885,1,1,[0|0],200020885,0,7,0,2,0,[0|0]
106200890,Throwing Blade - Default,6200,890,1,1,[0|0],200020890,0,10,0,1,0,[0|0]
106200895,Throwing Blade - Default,6200,895,1,1,[0|0],200020895,0,10,0,2,0,[0|0]
106200899,Throwing Blade - Default,6200,899,1,1,[0|0],200020899,0,0,0,1,0,[0|0]
106300000,Hand-to-Hand - Default,6300,0,1,0,[0|0],6300000,0,5,0,1,0,[0|0]
106300001,Hand-to-Hand - Default,6300,1,1,1,[0|0],200030001,0,0,0,12,0,[0|0]
106300002,Hand-to-Hand - Default,6300,2,1,1,[0|0],200030002,0,0,0,12,0,[0|0]
106300003,Hand-to-Hand - Default,6300,3,1,1,[0|0],200030003,0,0,0,1,0,[0|0]
106300004,Hand-to-Hand - Default,6300,4,1,1,[0|0],200030004,0,0,0,2,0,[0|0]
106300010,Hand-to-Hand - Default,6300,10,1,0,[0|0],6300010,0,5,0,1,0,[0|0]
106300020,Hand-to-Hand - Default,6300,20,1,0,[0|0],6300020,0,5,0,1,0,[0|0]
106300021,Hand-to-Hand - Default,6300,21,1,0,[0|0],6300021,0,0,0,1,0,[0|0]
106300030,Hand-to-Hand - Default,6300,30,1,0,[0|0],6300030,0,5,0,1,0,[0|0]
106300031,Hand-to-Hand - Default,6300,31,1,0,[0|0],6300031,0,0,0,1,0,[0|0]
106300040,Hand-to-Hand - Default,6300,40,1,0,[0|0],6300040,0,5,0,1,0,[0|0]
106300050,Hand-to-Hand - Default,6300,50,1,0,[0|0],6300050,0,5,0,1,0,[0|0]
106300051,Hand-to-Hand - Default,6300,51,1,0,[0|0],6300051,0,0,0,1,0,[0|0]
106300060,Hand-to-Hand - Default,6300,60,1,1,[0|0],200030060,0,0,0,1,0,[0|0]
106300061,Hand-to-Hand - Default,6300,61,1,1,[0|0],200030061,0,0,0,1,0,[0|0]
106300062,Hand-to-Hand - Default,6300,62,1,1,[0|0],200030062,0,0,0,1,0,[0|0]
106300100,Hand-to-Hand - Default,6300,100,1,0,[0|0],6300100,0,8,0,1,0,[0|0]
106300101,Hand-to-Hand - Default,6300,101,1,0,[0|0],6300101,0,0,0,1,0,[0|0]
106300102,Hand-to-Hand - Default,6300,102,1,1,[0|0],200030102,0,0,0,1,0,[0|0]
106300105,Hand-to-Hand - Default,6300,105,1,0,[0|0],6300105,0,15,0,1,0,[0|0]
106300106,Hand-to-Hand - Default,6300,106,1,0,[0|0],6300106,0,0,0,1,0,[0|0]
106300107,Hand-to-Hand - Default,6300,107,1,1,[0|0],200030107,0,0,0,1,0,[0|0]
106300110,Hand-to-Hand - Default,6300,110,1,0,[0|0],6300110,0,9,0,1,0,[0|0]
106300112,Hand-to-Hand - Default,6300,112,1,1,[0|0],200030112,0,0,0,1,0,[0|0]
106300115,Hand-to-Hand - Default,6300,115,1,0,[0|0],6300115,0,15,0,1,0,[0|0]
106300117,Hand-to-Hand - Default,6300,117,1,1,[0|0],200030117,0,0,0,1,0,[0|0]
106300120,Hand-to-Hand - Default,6300,120,1,0,[0|0],6300120,0,6,0,1,0,[0|0]
106300125,Hand-to-Hand - Default,6300,125,1,0,[0|0],6300125,0,8,0,1,0,[0|0]
106300126,Hand-to-Hand - Default,6300,126,1,0,[0|0],6300126,0,0,0,1,0,[0|0]
106300128,Hand-to-Hand - Default,6300,128,1,1,[0|0],200030128,0,0,0,1,0,[0|0]
106300130,Hand-to-Hand - Default,6300,130,1,0,[0|0],6300130,0,4,0,1,0,[0|0]
106300131,Hand-to-Hand - Default,6300,131,1,0,[0|0],6300131,0,0,0,1,0,[0|0]
106300140,Hand-to-Hand - Default,6300,140,1,0,[0|0],6300140,0,5,0,1,0,[0|0]
106300141,Hand-to-Hand - Default,6300,141,1,0,[0|0],6300141,0,0,0,1,0,[0|0]
106300150,Hand-to-Hand - Default,6300,150,1,0,[0|0],6300150,0,4,0,1,0,[0|0]
106300160,Hand-to-Hand - Default,6300,160,1,0,[0|0],6300160,0,8,0,1,0,[0|0]
106300162,Hand-to-Hand - Default,6300,162,1,1,[0|0],200030162,0,0,0,1,0,[0|0]
106300180,Hand-to-Hand - Default,6300,180,1,0,[0|0],6300180,0,8,0,1,0,[0|0]
106300181,Hand-to-Hand - Default,6300,181,1,0,[0|0],6300181,0,0,0,1,0,[0|0]
106300182,Hand-to-Hand - Default,6300,182,1,1,[0|0],200030182,0,0,0,1,0,[0|0]
106300200,Hand-to-Hand - Default,6300,200,1,0,[0|0],6300200,0,4,0,12,0,[0|0]
106300203,Hand-to-Hand - Default,6300,203,1,0,[0|0],6300203,0,4,0,12,0,[0|0]
106300210,Hand-to-Hand - Default,6300,210,1,0,[0|0],6300210,0,4,0,12,0,[0|0]
106300211,Hand-to-Hand - Default,6300,211,1,0,[0|0],6300211,0,0,0,12,0,[0|0]
106300213,Hand-to-Hand - Default,6300,213,1,0,[0|0],6300213,0,4,0,12,0,[0|0]
106300214,Hand-to-Hand - Default,6300,214,1,0,[0|0],6300214,0,0,0,12,0,[0|0]
106300220,Hand-to-Hand - Default,6300,220,1,0,[0|0],6300220,0,4,0,12,0,[0|0]
106300223,Hand-to-Hand - Default,6300,223,1,0,[0|0],6300223,0,4,0,12,0,[0|0]
106300224,Hand-to-Hand - Default,6300,224,1,0,[0|0],6300224,0,0,0,12,0,[0|0]
106300230,Hand-to-Hand - Default,6300,230,1,0,[0|0],6300230,0,4,0,12,0,[0|0]
106300233,Hand-to-Hand - Default,6300,233,1,0,[0|0],6300233,0,4,0,12,0,[0|0]
106300240,Hand-to-Hand - Default,6300,240,1,0,[0|0],6300240,0,4,0,12,0,[0|0]
106300241,Hand-to-Hand - Default,6300,241,1,0,[0|0],6300241,0,0,0,12,0,[0|0]
106300243,Hand-to-Hand - Default,6300,243,1,0,[0|0],6300243,0,4,0,12,0,[0|0]
106300250,Hand-to-Hand - Default,6300,250,1,0,[0|0],6300250,0,4,0,12,0,[0|0]
106300253,Hand-to-Hand - Default,6300,253,1,0,[0|0],6300253,0,4,0,12,0,[0|0]
106300300,Hand-to-Hand - Default,6300,300,1,0,[0|0],6300300,0,8,0,12,0,[0|0]
106300302,Hand-to-Hand - Default,6300,302,1,1,[0|0],200030302,0,0,0,12,0,[0|0]
106300303,Hand-to-Hand - Default,6300,303,1,0,[0|0],6300303,0,8,0,12,0,[0|0]
106300304,Hand-to-Hand - Default,6300,304,1,0,[0|0],6300304,0,0,0,12,0,[0|0]
106300305,Hand-to-Hand - Default,6300,305,1,0,[0|0],6300305,0,13,0,12,0,[0|0]
106300307,Hand-to-Hand - Default,6300,307,1,1,[0|0],200030307,0,0,0,12,0,[0|0]
106300308,Hand-to-Hand - Default,6300,308,1,0,[0|0],6300308,0,13,0,12,0,[0|0]
106300309,Hand-to-Hand - Default,6300,309,1,0,[0|0],6300309,0,0,0,12,0,[0|0]
106300310,Hand-to-Hand - Default,6300,310,1,0,[0|0],6300310,0,9,0,12,0,[0|0]
106300311,Hand-to-Hand - Default,6300,311,1,0,[0|0],6300311,0,0,0,12,0,[0|0]
106300312,Hand-to-Hand - Default,6300,312,1,1,[0|0],200030312,0,0,0,12,0,[0|0]
106300313,Hand-to-Hand - Default,6300,313,1,0,[0|0],6300313,0,9,0,12,0,[0|0]
106300314,Hand-to-Hand - Default,6300,314,1,0,[0|0],6300314,0,0,0,12,0,[0|0]
106300315,Hand-to-Hand - Default,6300,315,1,0,[0|0],6300315,0,14,0,12,0,[0|0]
106300316,Hand-to-Hand - Default,6300,316,1,0,[0|0],6300316,0,0,0,12,0,[0|0]
106300317,Hand-to-Hand - Default,6300,317,1,1,[0|0],200030317,0,0,0,12,0,[0|0]
106300318,Hand-to-Hand - Default,6300,318,1,0,[0|0],6300318,0,14,0,12,0,[0|0]
106300319,Hand-to-Hand - Default,6300,319,1,0,[0|0],6300319,0,0,0,12,0,[0|0]
106300320,Hand-to-Hand - Default,6300,320,1,0,[0|0],6300320,0,6,0,12,0,[0|0]
106300323,Hand-to-Hand - Default,6300,323,1,0,[0|0],6300323,0,6,0,12,0,[0|0]
106300325,Hand-to-Hand - Default,6300,325,1,0,[0|0],6300325,0,9,0,12,0,[0|0]
106300326,Hand-to-Hand - Default,6300,326,1,0,[0|0],6300326,0,0,0,12,0,[0|0]
106300327,Hand-to-Hand - Default,6300,327,1,1,[0|0],200030327,0,0,0,12,0,[0|0]
106300328,Hand-to-Hand - Default,6300,328,1,0,[0|0],6300328,0,9,0,12,0,[0|0]
106300329,Hand-to-Hand - Default,6300,329,1,0,[0|0],6300329,0,0,0,12,0,[0|0]
106300330,Hand-to-Hand - Default,6300,330,1,0,[0|0],6300330,0,4,0,12,0,[0|0]
106300333,Hand-to-Hand - Default,6300,333,1,0,[0|0],6300333,0,4,0,12,0,[0|0]
106300334,Hand-to-Hand - Default,6300,334,1,0,[0|0],6300334,0,0,0,12,0,[0|0]
106300340,Hand-to-Hand - Default,6300,340,1,0,[0|0],6300340,0,4,0,12,0,[0|0]
106300341,Hand-to-Hand - Default,6300,341,1,0,[0|0],6300341,0,0,0,12,0,[0|0]
106300343,Hand-to-Hand - Default,6300,343,1,0,[0|0],6300343,0,4,0,12,0,[0|0]
106300350,Hand-to-Hand - Default,6300,350,1,0,[0|0],6300350,0,4,0,12,0,[0|0]
106300353,Hand-to-Hand - Default,6300,353,1,0,[0|0],6300353,0,4,0,12,0,[0|0]
106300360,Hand-to-Hand - Default,6300,360,1,0,[0|0],6300360,0,9,0,12,0,[0|0]
106300362,Hand-to-Hand - Default,6300,362,1,1,[0|0],200030362,0,0,0,12,0,[0|0]
106300363,Hand-to-Hand - Default,6300,363,1,0,[0|0],6300363,0,9,0,12,0,[0|0]
106300364,Hand-to-Hand - Default,6300,364,1,1,[0|0],200030364,0,0,0,12,0,[0|0]
106300380,Hand-to-Hand - Default,6300,380,1,0,[0|0],6300380,0,9,0,12,0,[0|0]
106300381,Hand-to-Hand - Default,6300,381,1,0,[0|0],6300381,0,9,0,12,0,[0|0]
106300382,Hand-to-Hand - Default,6300,382,1,1,[0|0],200030382,0,0,0,12,0,[0|0]
106300383,Hand-to-Hand - Default,6300,383,1,1,[0|0],200030383,0,0,0,12,0,[0|0]
106300400,Hand-to-Hand - Default,6300,400,1,0,[0|0],6300400,0,5,0,2,0,[0|0]
106300410,Hand-to-Hand - Default,6300,410,1,0,[0|0],6300410,0,5,0,2,0,[0|0]
106300420,Hand-to-Hand - Default,6300,420,1,0,[0|0],6300420,0,5,0,2,0,[0|0]
106300421,Hand-to-Hand - Default,6300,421,1,0,[0|0],6300421,0,0,0,2,0,[0|0]
106300430,Hand-to-Hand - Default,6300,430,1,0,[0|0],6300430,0,5,0,2,0,[0|0]
106300431,Hand-to-Hand - Default,6300,431,1,0,[0|0],6300431,0,0,0,2,0,[0|0]
106300440,Hand-to-Hand - Default,6300,440,1,0,[0|0],6300440,0,5,0,2,0,[0|0]
106300450,Hand-to-Hand - Default,6300,450,1,0,[0|0],6300450,0,5,0,2,0,[0|0]
106300451,Hand-to-Hand - Default,6300,451,1,0,[0|0],6300451,0,0,0,2,0,[0|0]
106300460,Hand-to-Hand - Default,6300,460,1,0,[0|0],6300460,0,0,0,0,0,[0|0]
106300470,Hand-to-Hand - Default,6300,470,1,0,[0|0],6300470,0,0,0,0,0,[0|0]
106300480,Hand-to-Hand - Default,6300,480,1,0,[0|0],6300480,0,0,0,0,0,[0|0]
106300500,Hand-to-Hand - Default,6300,500,1,0,[0|0],6300500,0,4,0,12,0,[0|0]
106300501,Hand-to-Hand - Default,6300,501,1,0,[0|0],6300501,0,4,0,12,0,[0|0]
106300509,Hand-to-Hand - Default,6300,509,1,0,[0|0],6300509,0,4,0,12,0,[0|0]
106300510,Hand-to-Hand - Default,6300,510,1,0,[0|0],6300510,0,4,0,12,0,[0|0]
106300511,Hand-to-Hand - Default,6300,511,1,0,[0|0],6300511,0,4,0,12,0,[0|0]
106300530,Hand-to-Hand - Default,6300,530,1,0,[0|0],6300530,0,4,0,12,0,[0|0]
106300531,Hand-to-Hand - Default,6300,531,1,0,[0|0],6300531,0,4,0,12,0,[0|0]
106300550,Hand-to-Hand - Default,6300,550,1,0,[0|0],6300550,0,9,0,12,0,[0|0]
106300560,Hand-to-Hand - Default,6300,560,1,0,[0|0],6300560,0,4,0,12,0,[0|0]
106300561,Hand-to-Hand - Default,6300,561,1,0,[0|0],6300561,0,4,0,12,0,[0|0]
106300590,Hand-to-Hand - Default,6300,590,1,0,[0|0],6300590,0,0,0,0,0,[0|0]
106300591,Hand-to-Hand - Default,6300,591,1,0,[0|0],6300591,0,6,0,0,0,[0|0]
106300600,Hand-to-Hand - Default,6300,600,1,0,[0|0],6300600,0,5,0,12,0,[0|0]
106300605,Hand-to-Hand - Default,6300,605,1,0,[0|0],6300605,0,5,0,12,0,[0|0]
106300610,Hand-to-Hand - Default,6300,610,1,0,[0|0],6300610,0,5,0,12,0,[0|0]
106300630,Hand-to-Hand - Default,6300,630,1,0,[0|0],6300630,0,0,0,12,0,[0|0]
106300632,Hand-to-Hand - Default,6300,632,1,0,[0|0],6300632,0,9,0,12,0,[0|0]
106300633,Hand-to-Hand - Default,6300,633,1,1,[0|0],200030633,0,0,0,12,0,[0|0]
106300635,Hand-to-Hand - Default,6300,635,1,0,[0|0],6300635,0,15,0,12,0,[0|0]
106300636,Hand-to-Hand - Default,6300,636,1,1,[0|0],200030636,0,0,0,12,0,[0|0]
106300700,Hand-to-Hand - Default,6300,700,1,0,[0|0],6300700,0,5,0,12,0,[0|0]
106300705,Hand-to-Hand - Default,6300,705,1,0,[0|0],6300705,0,5,0,12,0,[0|0]
106300710,Hand-to-Hand - Default,6300,710,1,0,[0|0],6300710,0,5,0,12,0,[0|0]
106300730,Hand-to-Hand - Default,6300,730,1,0,[0|0],6300730,0,0,0,12,0,[0|0]
106300732,Hand-to-Hand - Default,6300,732,1,0,[0|0],6300732,0,9,0,12,0,[0|0]
106300733,Hand-to-Hand - Default,6300,733,1,1,[0|0],200030733,0,0,0,12,0,[0|0]
106300735,Hand-to-Hand - Default,6300,735,1,0,[0|0],6300735,0,15,0,12,0,[0|0]
106300736,Hand-to-Hand - Default,6300,736,1,1,[0|0],200030736,0,0,0,12,0,[0|0]
106300800,Hand-to-Hand - Default,6300,800,1,0,[0|0],6300800,0,4,0,1,0,[0|0]
106300805,Hand-to-Hand - Default,6300,805,1,0,[0|0],6300805,0,4,0,2,0,[0|0]
106300810,Hand-to-Hand - Default,6300,810,1,0,[0|0],6300810,0,4,0,1,0,[0|0]
106300811,Hand-to-Hand - Default,6300,811,1,0,[0|0],6300811,0,0,0,1,0,[0|0]
106300815,Hand-to-Hand - Default,6300,815,1,0,[0|0],6300815,0,4,0,1,0,[0|0]
106300816,Hand-to-Hand - Default,6300,816,1,0,[0|0],6300816,0,0,0,1,0,[0|0]
106300820,Hand-to-Hand - Default,6300,820,1,0,[0|0],6300820,0,4,0,1,0,[0|0]
106300825,Hand-to-Hand - Default,6300,825,1,0,[0|0],6300825,0,4,0,2,0,[0|0]
106300826,Hand-to-Hand - Default,6300,826,1,0,[0|0],6300826,0,0,0,2,0,[0|0]
106300830,Hand-to-Hand - Default,6300,830,1,0,[0|0],6300830,0,4,0,1,0,[0|0]
106300835,Hand-to-Hand - Default,6300,835,1,0,[0|0],6300835,0,4,0,2,0,[0|0]
106300840,Hand-to-Hand - Default,6300,840,1,0,[0|0],6300840,0,4,0,1,0,[0|0]
106300841,Hand-to-Hand - Default,6300,841,1,0,[0|0],6300841,0,0,0,1,0,[0|0]
106300845,Hand-to-Hand - Default,6300,845,1,0,[0|0],6300845,0,4,0,2,0,[0|0]
106300850,Hand-to-Hand - Default,6300,850,1,0,[0|0],6300850,0,4,0,1,0,[0|0]
106300855,Hand-to-Hand - Default,6300,855,1,0,[0|0],6300855,0,4,0,2,0,[0|0]
106300860,Hand-to-Hand - Default,6300,860,1,0,[0|0],6300860,0,6,0,1,0,[0|0]
106300865,Hand-to-Hand - Default,6300,865,1,0,[0|0],6300865,0,6,0,2,0,[0|0]
106300870,Hand-to-Hand - Default,6300,870,1,0,[0|0],6300870,0,4,0,1,0,[0|0]
106300875,Hand-to-Hand - Default,6300,875,1,0,[0|0],6300875,0,4,0,2,0,[0|0]
106300876,Hand-to-Hand - Default,6300,876,1,0,[0|0],6300876,0,0,0,2,0,[0|0]
106300880,Hand-to-Hand - Default,6300,880,1,0,[0|0],6300880,0,4,0,1,0,[0|0]
106300881,Hand-to-Hand - Default,6300,881,1,0,[0|0],6300881,0,0,0,1,0,[0|0]
106300885,Hand-to-Hand - Default,6300,885,1,0,[0|0],6300885,0,4,0,2,0,[0|0]
106300890,Hand-to-Hand - Default,6300,890,1,0,[0|0],6300890,0,9,0,1,0,[0|0]
106300891,Hand-to-Hand - Default,6300,891,1,1,[0|0],200030891,0,0,0,1,0,[0|0]
106300895,Hand-to-Hand - Default,6300,895,1,0,[0|0],6300895,0,9,0,2,0,[0|0]
106300896,Hand-to-Hand - Default,6300,896,1,1,[0|0],200030896,0,0,0,2,0,[0|0]
106301000,Dane's Footwork -,6301,0,1,0,[0|0],6301000,0,5,0,1,0,[0|0]
106301009,Dane's Footwork -,6301,9,1,0,[0|0],6301009,0,0,0,1,0,[0|0]
106301060,Dane's Footwork -,6301,60,1,1,[0|0],200031060,0,0,0,12,0,[0|0]
106301061,Dane's Footwork -,6301,61,1,1,[0|0],200031061,0,0,0,12,0,[0|0]
106301100,Dane's Footwork -,6301,100,1,0,[0|0],6301100,0,8,0,1,0,[0|0]
106301101,Dane's Footwork -,6301,101,1,0,[0|0],6301101,0,0,0,1,0,[0|0]
106301102,Dane's Footwork -,6301,102,1,1,[0|0],200031102,0,0,0,1,0,[0|0]
106301105,Dane's Footwork -,6301,105,1,0,[0|0],6301105,0,15,0,1,0,[0|0]
106301106,Dane's Footwork -,6301,106,1,0,[0|0],6301106,0,0,0,1,0,[0|0]
106301107,Dane's Footwork -,6301,107,1,1,[0|0],200031107,0,0,0,1,0,[0|0]
106301110,Dane's Footwork -,6301,110,1,0,[0|0],6301110,0,9,0,1,0,[0|0]
106301111,Dane's Footwork -,6301,111,1,0,[0|0],6301111,0,0,0,1,0,[0|0]
106301112,Dane's Footwork -,6301,112,1,1,[0|0],200031112,0,0,0,1,0,[0|0]
106301115,Dane's Footwork -,6301,115,1,0,[0|0],6301115,0,15,0,1,0,[0|0]
106301116,Dane's Footwork -,6301,116,1,0,[0|0],6301116,0,0,0,1,0,[0|0]
106301117,Dane's Footwork -,6301,117,1,1,[0|0],200031117,0,0,0,1,0,[0|0]
106301200,Dane's Footwork -,6301,200,1,0,[0|0],6301200,0,4,0,12,0,[0|0]
106301201,Dane's Footwork -,6301,201,1,0,[0|0],6301201,0,0,0,12,0,[0|0]
106301203,Dane's Footwork -,6301,203,1,0,[0|0],6301203,0,4,0,12,0,[0|0]
106301204,Dane's Footwork -,6301,204,1,0,[0|0],6301204,0,0,0,12,0,[0|0]
106301250,Dane's Footwork -,6301,250,1,0,[0|0],6301250,0,4,0,12,0,[0|0]
106301251,Dane's Footwork -,6301,251,1,0,[0|0],6301251,0,0,0,12,0,[0|0]
106301300,Dane's Footwork -,6301,300,1,0,[0|0],6301300,0,8,0,12,0,[0|0]
106301301,Dane's Footwork -,6301,301,1,0,[0|0],6301301,0,0,0,12,0,[0|0]
106301302,Dane's Footwork -,6301,302,1,1,[0|0],200031302,0,0,0,12,0,[0|0]
106301303,Dane's Footwork -,6301,303,1,0,[0|0],6301303,0,0,0,12,0,[0|0]
106301304,Dane's Footwork -,6301,304,1,0,[0|0],6301304,0,0,0,12,0,[0|0]
106301305,Dane's Footwork -,6301,305,1,0,[0|0],6301305,0,13,0,12,0,[0|0]
106301306,Dane's Footwork -,6301,306,1,0,[0|0],6301306,0,0,0,12,0,[0|0]
106301307,Dane's Footwork -,6301,307,1,1,[0|0],200031307,0,0,0,12,0,[0|0]
106301308,Dane's Footwork -,6301,308,1,0,[0|0],6301308,0,0,0,12,0,[0|0]
106301309,Dane's Footwork -,6301,309,1,0,[0|0],6301309,0,0,0,12,0,[0|0]
106301310,Dane's Footwork -,6301,310,1,0,[0|0],6301310,0,9,0,12,0,[0|0]
106301311,Dane's Footwork -,6301,311,1,1,[0|0],200031311,0,0,0,12,0,[0|0]
106301312,Dane's Footwork -,6301,312,1,1,[0|0],200031312,0,0,0,12,0,[0|0]
106301313,Dane's Footwork -,6301,313,1,0,[0|0],6301313,0,9,0,12,0,[0|0]
106301314,Dane's Footwork -,6301,314,1,0,[0|0],6301314,0,0,0,12,0,[0|0]
106301315,Dane's Footwork -,6301,315,1,0,[0|0],6301315,0,14,0,12,0,[0|0]
106301316,Dane's Footwork -,6301,316,1,1,[0|0],200031316,0,0,0,12,0,[0|0]
106301317,Dane's Footwork -,6301,317,1,1,[0|0],200031317,0,0,0,12,0,[0|0]
106301318,Dane's Footwork -,6301,318,1,0,[0|0],6301318,0,14,0,12,0,[0|0]
106301319,Dane's Footwork -,6301,319,1,0,[0|0],6301319,0,0,0,12,0,[0|0]
106301400,Dane's Footwork -,6301,400,1,0,[0|0],6301400,0,5,0,2,0,[0|0]
106301401,Dane's Footwork -,6301,401,1,0,[0|0],6301401,0,0,0,2,0,[0|0]
106400000,Reverse-hand Blade - Default,6400,0,1,0,[0|0],6400000,0,13,0,1,0,[0|0]
106400010,Reverse-hand Blade - Default,6400,10,1,0,[0|0],6400010,0,13,0,1,0,[0|0]
106400020,Reverse-hand Blade - Default,6400,20,1,0,[0|0],6400020,0,13,0,1,0,[0|0]
106400030,Reverse-hand Blade - Default,6400,30,1,0,[0|0],6400030,0,13,0,1,0,[0|0]
106400040,Reverse-hand Blade - Default,6400,40,1,0,[0|0],6400040,0,11,0,1,0,[0|0]
106400050,Reverse-hand Blade - Default,6400,50,1,0,[0|0],6400050,0,11,0,1,0,[0|0]
106400100,Reverse-hand Blade - Default,6400,100,1,0,[0|0],6400100,0,22,0,1,0,[0|0]
106400101,Reverse-hand Blade - Default,6400,101,1,0,[0|0],6400101,0,0,0,1,0,[0|0]
106400105,Reverse-hand Blade - Default,6400,105,1,0,[0|0],6400105,0,33,0,1,0,[0|0]
106400106,Reverse-hand Blade - Default,6400,106,1,0,[0|0],6400106,0,0,0,1,0,[0|0]
106400110,Reverse-hand Blade - Default,6400,110,1,0,[0|0],6400110,0,22,0,1,0,[0|0]
106400115,Reverse-hand Blade - Default,6400,115,1,0,[0|0],6400115,0,11,0,1,0,[0|0]
106400116,Reverse-hand Blade - Default,6400,116,1,0,[0|0],6400116,0,22,0,1,0,[0|0]
106400120,Reverse-hand Blade - Default,6400,120,1,0,[0|0],6400120,0,26,0,1,0,[0|0]
106400125,Reverse-hand Blade - Default,6400,125,1,0,[0|0],6400125,0,11,0,1,0,[0|0]
106400126,Reverse-hand Blade - Default,6400,126,1,0,[0|0],6400126,0,22,0,1,0,[0|0]
106400130,Reverse-hand Blade - Default,6400,130,1,0,[0|0],6400130,0,11,0,1,0,[0|0]
106400140,Reverse-hand Blade - Default,6400,140,1,0,[0|0],6400140,0,11,0,1,0,[0|0]
106400150,Reverse-hand Blade - Default,6400,150,1,0,[0|0],6400150,0,11,0,1,0,[0|0]
106400160,Reverse-hand Blade - Default,6400,160,1,0,[0|0],6400160,0,22,0,1,0,[0|0]
106400161,Reverse-hand Blade - Default,6400,161,1,0,[0|0],6400161,0,0,0,1,0,[0|0]
106400180,Reverse-hand Blade - Default,6400,180,1,0,[0|0],6400180,0,11,0,1,0,[0|0]
106400181,Reverse-hand Blade - Default,6400,181,1,0,[0|0],6400181,0,22,0,1,0,[0|0]
106400200,Reverse-hand Blade - Default,6400,200,1,0,[0|0],6400200,0,8,0,12,0,[0|0]
106400203,Reverse-hand Blade - Default,6400,203,1,0,[0|0],6400203,0,9,0,12,0,[0|0]
106400210,Reverse-hand Blade - Default,6400,210,1,0,[0|0],6400210,0,8,0,12,0,[0|0]
106400213,Reverse-hand Blade - Default,6400,213,1,0,[0|0],6400213,0,9,0,12,0,[0|0]
106400220,Reverse-hand Blade - Default,6400,220,1,0,[0|0],6400220,0,8,0,12,0,[0|0]
106400223,Reverse-hand Blade - Default,6400,223,1,0,[0|0],6400223,0,9,0,12,0,[0|0]
106400230,Reverse-hand Blade - Default,6400,230,1,0,[0|0],6400230,0,17,0,12,0,[0|0]
106400240,Reverse-hand Blade - Default,6400,240,1,0,[0|0],6400240,0,7,0,12,0,[0|0]
106400243,Reverse-hand Blade - Default,6400,243,1,0,[0|0],6400243,0,7,0,12,0,[0|0]
106400250,Reverse-hand Blade - Default,6400,250,1,0,[0|0],6400250,0,7,0,12,0,[0|0]
106400253,Reverse-hand Blade - Default,6400,253,1,0,[0|0],6400253,0,7,0,12,0,[0|0]
106400300,Reverse-hand Blade - Default,6400,300,1,0,[0|0],6400300,0,13,0,12,0,[0|0]
106400303,Reverse-hand Blade - Default,6400,303,1,0,[0|0],6400303,0,14,0,12,0,[0|0]
106400305,Reverse-hand Blade - Default,6400,305,1,0,[0|0],6400305,0,18,0,12,0,[0|0]
106400308,Reverse-hand Blade - Default,6400,308,1,0,[0|0],6400308,0,22,0,12,0,[0|0]
106400310,Reverse-hand Blade - Default,6400,310,1,0,[0|0],6400310,0,13,0,12,0,[0|0]
106400313,Reverse-hand Blade - Default,6400,313,1,0,[0|0],6400313,0,14,0,12,0,[0|0]
106400315,Reverse-hand Blade - Default,6400,315,1,0,[0|0],6400315,0,9,0,12,0,[0|0]
106400316,Reverse-hand Blade - Default,6400,316,1,0,[0|0],6400316,0,22,0,12,0,[0|0]
106400318,Reverse-hand Blade - Default,6400,318,1,0,[0|0],6400318,0,9,0,12,0,[0|0]
106400320,Reverse-hand Blade - Default,6400,320,1,0,[0|0],6400320,0,16,0,12,0,[0|0]
106400323,Reverse-hand Blade - Default,6400,323,1,0,[0|0],6400323,0,17,0,12,0,[0|0]
106400325,Reverse-hand Blade - Default,6400,325,1,0,[0|0],6400325,0,13,0,12,0,[0|0]
106400326,Reverse-hand Blade - Default,6400,326,1,0,[0|0],6400326,0,14,0,12,0,[0|0]
106400327,Reverse-hand Blade - Default,6400,327,1,0,[0|0],6400327,0,13,0,12,0,[0|0]
106400328,Reverse-hand Blade - Default,6400,328,1,0,[0|0],6400328,0,14,0,12,0,[0|0]
106400330,Reverse-hand Blade - Default,6400,330,1,0,[0|0],6400330,0,7,0,12,0,[0|0]
106400333,Reverse-hand Blade - Default,6400,333,1,0,[0|0],6400333,0,8,0,12,0,[0|0]
106400340,Reverse-hand Blade - Default,6400,340,1,0,[0|0],6400340,0,7,0,12,0,[0|0]
106400343,Reverse-hand Blade - Default,6400,343,1,0,[0|0],6400343,0,8,0,12,0,[0|0]
106400350,Reverse-hand Blade - Default,6400,350,1,0,[0|0],6400350,0,7,0,12,0,[0|0]
106400353,Reverse-hand Blade - Default,6400,353,1,0,[0|0],6400353,0,7,0,12,0,[0|0]
106400360,Reverse-hand Blade - Default,6400,360,1,0,[0|0],6400360,0,13,0,12,0,[0|0]
106400363,Reverse-hand Blade - Default,6400,363,1,0,[0|0],6400363,0,14,0,12,0,[0|0]
106400380,Reverse-hand Blade - Default,6400,380,1,0,[0|0],6400380,0,13,0,12,0,[0|0]
106400381,Reverse-hand Blade - Default,6400,381,1,0,[0|0],6400381,0,14,0,12,0,[0|0]
106400382,Reverse-hand Blade - Default,6400,382,1,0,[0|0],6400382,0,13,0,12,0,[0|0]
106400383,Reverse-hand Blade - Default,6400,383,1,0,[0|0],6400383,0,14,0,12,0,[0|0]
106400400,Reverse-hand Blade - Default,6400,400,1,0,[0|0],6400400,0,14,0,2,0,[0|0]
106400410,Reverse-hand Blade - Default,6400,410,1,0,[0|0],6400410,0,14,0,2,0,[0|0]
106400420,Reverse-hand Blade - Default,6400,420,1,0,[0|0],6400420,0,14,0,2,0,[0|0]
106400430,Reverse-hand Blade - Default,6400,430,1,0,[0|0],6400430,0,14,0,2,0,[0|0]
106400440,Reverse-hand Blade - Default,6400,440,1,0,[0|0],6400440,0,11,0,2,0,[0|0]
106400450,Reverse-hand Blade - Default,6400,450,1,0,[0|0],6400450,0,11,0,2,0,[0|0]
106400460,Reverse-hand Blade - Default,6400,460,1,0,[0|0],6400460,0,0,0,0,0,[0|0]
106400470,Reverse-hand Blade - Default,6400,470,1,0,[0|0],6400470,0,0,0,0,0,[0|0]
106400480,Reverse-hand Blade - Default,6400,480,1,0,[0|0],6400480,0,0,0,0,0,[0|0]
106400500,Reverse-hand Blade - Default,6400,500,1,0,[0|0],6400500,0,9,0,12,0,[0|0]
106400501,Reverse-hand Blade - Default,6400,501,1,0,[0|0],6400501,0,10,0,12,0,[0|0]
106400509,Reverse-hand Blade - Default,6400,509,1,0,[0|0],6400509,0,14,0,12,0,[0|0]
106400510,Reverse-hand Blade - Default,6400,510,1,0,[0|0],6400510,0,9,0,12,0,[0|0]
106400511,Reverse-hand Blade - Default,6400,511,1,0,[0|0],6400511,0,10,0,12,0,[0|0]
106400530,Reverse-hand Blade - Default,6400,530,1,0,[0|0],6400530,0,9,0,12,0,[0|0]
106400531,Reverse-hand Blade - Default,6400,531,1,0,[0|0],6400531,0,10,0,12,0,[0|0]
106400550,Reverse-hand Blade - Default,6400,550,1,0,[0|0],6400550,0,19,0,12,0,[0|0]
106400560,Reverse-hand Blade - Default,6400,560,1,0,[0|0],6400560,0,9,0,12,0,[0|0]
106400561,Reverse-hand Blade - Default,6400,561,1,0,[0|0],6400561,0,10,0,12,0,[0|0]
106400590,Reverse-hand Blade - Default,6400,590,1,0,[0|0],6400590,0,0,0,0,0,[0|0]
106400591,Reverse-hand Blade - Default,6400,591,1,0,[0|0],6400591,0,11,0,0,0,[0|0]
106400600,Reverse-hand Blade - Default,6400,600,1,0,[0|0],6400600,0,14,0,12,0,[0|0]
106400605,Reverse-hand Blade - Default,6400,605,1,0,[0|0],6400605,0,14,0,12,0,[0|0]
106400610,Reverse-hand Blade - Default,6400,610,1,0,[0|0],6400610,0,14,0,12,0,[0|0]
106400630,Reverse-hand Blade - Default,6400,630,1,0,[0|0],6400630,0,0,0,12,0,[0|0]
106400632,Reverse-hand Blade - Default,6400,632,1,0,[0|0],6400632,0,11,0,12,0,[0|0]
106400635,Reverse-hand Blade - Default,6400,635,1,0,[0|0],6400635,0,22,0,12,0,[0|0]
106400700,Reverse-hand Blade - Default,6400,700,1,0,[0|0],6400700,0,14,0,12,0,[0|0]
106400705,Reverse-hand Blade - Default,6400,705,1,0,[0|0],6400705,0,14,0,12,0,[0|0]
106400710,Reverse-hand Blade - Default,6400,710,1,0,[0|0],6400710,0,14,0,12,0,[0|0]
106400730,Reverse-hand Blade - Default,6400,730,1,0,[0|0],6400730,0,0,0,12,0,[0|0]
106400732,Reverse-hand Blade - Default,6400,732,1,0,[0|0],6400732,0,22,0,12,0,[0|0]
106400735,Reverse-hand Blade - Default,6400,735,1,0,[0|0],6400735,0,33,0,12,0,[0|0]
106400800,Reverse-hand Blade - Default,6400,800,1,0,[0|0],6400800,0,8,0,1,0,[0|0]
106400805,Reverse-hand Blade - Default,6400,805,1,0,[0|0],6400805,0,9,0,2,0,[0|0]
106400810,Reverse-hand Blade - Default,6400,810,1,0,[0|0],6400810,0,8,0,1,0,[0|0]
106400815,Reverse-hand Blade - Default,6400,815,1,0,[0|0],6400815,0,9,0,1,0,[0|0]
106400820,Reverse-hand Blade - Default,6400,820,1,0,[0|0],6400820,0,8,0,2,0,[0|0]
106400825,Reverse-hand Blade - Default,6400,825,1,0,[0|0],6400825,0,9,0,1,0,[0|0]
106400830,Reverse-hand Blade - Default,6400,830,1,0,[0|0],6400830,0,17,0,1,0,[0|0]
106400840,Reverse-hand Blade - Default,6400,840,1,0,[0|0],6400840,0,8,0,1,0,[0|0]
106400845,Reverse-hand Blade - Default,6400,845,1,0,[0|0],6400845,0,9,0,2,0,[0|0]
106400850,Reverse-hand Blade - Default,6400,850,1,0,[0|0],6400850,0,8,0,2,0,[0|0]
106400855,Reverse-hand Blade - Default,6400,855,1,0,[0|0],6400855,0,9,0,1,0,[0|0]
106400860,Reverse-hand Blade - Default,6400,860,1,0,[0|0],6400860,0,16,0,1,0,[0|0]
106400865,Reverse-hand Blade - Default,6400,865,1,0,[0|0],6400865,0,17,0,2,0,[0|0]
106400870,Reverse-hand Blade - Default,6400,870,1,0,[0|0],6400870,0,11,0,1,0,[0|0]
106400875,Reverse-hand Blade - Default,6400,875,1,0,[0|0],6400875,0,11,0,2,0,[0|0]
106400880,Reverse-hand Blade - Default,6400,880,1,0,[0|0],6400880,0,11,0,1,0,[0|0]
106400885,Reverse-hand Blade - Default,6400,885,1,0,[0|0],6400885,0,11,0,2,0,[0|0]
106400890,Reverse-hand Blade - Default,6400,890,1,0,[0|0],6400890,0,12,0,1,0,[0|0]
106400895,Reverse-hand Blade - Default,6400,895,1,0,[0|0],6400895,0,12,0,2,0,[0|0]
106401100,Smithscript Cirque -,6401,100,1,1,[0|0],200080100,0,15,0,1,0,[0|0]
106401105,Smithscript Cirque -,6401,105,1,1,[0|0],200080105,0,22,0,1,0,[0|0]
106401110,Smithscript Cirque -,6401,110,1,1,[0|0],200080110,0,15,0,1,0,[0|0]
106401115,Smithscript Cirque -,6401,115,1,1,[0|0],200080115,0,22,0,1,0,[0|0]
106401125,Smithscript Cirque -,6401,125,1,1,[0|0],200080125,0,15,0,1,0,[0|0]
106401126,Smithscript Cirque -,6401,126,1,1,[0|0],200080126,0,15,0,1,0,[0|0]
106401160,Smithscript Cirque -,6401,160,1,1,[0|0],200080160,0,12,0,1,0,[0|0]
106401180,Smithscript Cirque -,6401,180,1,1,[0|0],200080180,0,14,0,1,0,[0|0]
106401300,Smithscript Cirque -,6401,300,1,1,[0|0],200080300,0,9,0,12,0,[0|0]
106401303,Smithscript Cirque -,6401,303,1,1,[0|0],200080303,0,9,0,12,0,[0|0]
106401305,Smithscript Cirque -,6401,305,1,1,[0|0],200080305,0,13,0,12,0,[0|0]
106401308,Smithscript Cirque -,6401,308,1,1,[0|0],200080308,0,13,0,12,0,[0|0]
106401310,Smithscript Cirque -,6401,310,1,1,[0|0],200080310,0,9,0,12,0,[0|0]
106401313,Smithscript Cirque -,6401,313,1,1,[0|0],200080313,0,9,0,12,0,[0|0]
106401315,Smithscript Cirque -,6401,315,1,1,[0|0],200080315,0,13,0,12,0,[0|0]
106401318,Smithscript Cirque -,6401,318,1,1,[0|0],200080318,0,13,0,12,0,[0|0]
106401325,Smithscript Cirque -,6401,325,1,1,[0|0],200080325,0,7,0,12,0,[0|0]
106401328,Smithscript Cirque -,6401,328,1,1,[0|0],200080328,0,7,0,12,0,[0|0]
106401360,Smithscript Cirque -,6401,360,1,1,[0|0],200080360,0,8,0,12,0,[0|0]
106401363,Smithscript Cirque -,6401,363,1,1,[0|0],200080363,0,8,0,12,0,[0|0]
106401380,Smithscript Cirque -,6401,380,1,1,[0|0],200080380,0,8,0,12,0,[0|0]
106401381,Smithscript Cirque -,6401,381,1,1,[0|0],200080381,0,8,0,12,0,[0|0]
106401630,Smithscript Cirque -,6401,630,1,1,[0|0],200080630,0,0,0,12,0,[0|0]
106401632,Smithscript Cirque -,6401,632,1,1,[0|0],200080632,0,10,0,12,0,[0|0]
106401635,Smithscript Cirque -,6401,635,1,1,[0|0],200080635,0,17,0,12,0,[0|0]
106600000,Great Katana - Default,6600,0,1,0,[0|0],6600000,0,15,0,1,0,[0|0]
106600010,Great Katana - Default,6600,10,1,0,[0|0],6600010,0,15,0,1,0,[0|0]
106600020,Great Katana - Default,6600,20,1,0,[0|0],6600020,0,15,0,1,0,[0|0]
106600030,Great Katana - Default,6600,30,1,0,[0|0],6600030,0,15,0,1,0,[0|0]
106600100,Great Katana - Default,6600,100,1,0,[0|0],6600100,0,25,0,1,0,[0|0]
106600105,Great Katana - Default,6600,105,1,0,[0|0],6600105,0,35,0,1,0,[0|0]
106600110,Great Katana - Default,6600,110,1,0,[0|0],6600110,0,25,0,1,0,[0|0]
106600115,Great Katana - Default,6600,115,1,0,[0|0],6600115,0,35,0,1,0,[0|0]
106600120,Great Katana - Default,6600,120,1,0,[0|0],6600120,0,18,0,1,0,[0|0]
106600125,Great Katana - Default,6600,125,1,0,[0|0],6600125,0,25,0,1,0,[0|0]
106600130,Great Katana - Default,6600,130,1,0,[0|0],6600130,0,12,0,1,0,[0|0]
106600140,Great Katana - Default,6600,140,1,0,[0|0],6600140,0,12,0,1,0,[0|0]
106600150,Great Katana - Default,6600,150,1,0,[0|0],6600150,0,12,0,1,0,[0|0]
106600155,Great Katana - Default,6600,155,1,0,[0|0],6600155,0,12,0,1,0,[0|0]
106600160,Great Katana - Default,6600,160,1,0,[0|0],6600160,0,25,0,1,0,[0|0]
106600165,Great Katana - Default,6600,165,1,0,[0|0],6600165,0,25,0,1,0,[0|0]
106600180,Great Katana - Default,6600,180,1,0,[0|0],6600180,0,25,0,1,0,[0|0]
106600200,Great Katana - Default,6600,200,1,0,[0|0],6600200,0,18,0,12,0,[0|0]
106600210,Great Katana - Default,6600,210,1,0,[0|0],6600210,0,18,0,12,0,[0|0]
106600220,Great Katana - Default,6600,220,1,0,[0|0],6600220,0,18,0,12,0,[0|0]
106600230,Great Katana - Default,6600,230,1,0,[0|0],6600230,0,18,0,12,0,[0|0]
106600300,Great Katana - Default,6600,300,1,0,[0|0],6600300,0,30,0,12,0,[0|0]
106600305,Great Katana - Default,6600,305,1,0,[0|0],6600305,0,40,0,12,0,[0|0]
106600310,Great Katana - Default,6600,310,1,0,[0|0],6600310,0,30,0,12,0,[0|0]
106600315,Great Katana - Default,6600,315,1,0,[0|0],6600315,0,40,0,12,0,[0|0]
106600320,Great Katana - Default,6600,320,1,0,[0|0],6600320,0,22,0,12,0,[0|0]
106600325,Great Katana - Default,6600,325,1,0,[0|0],6600325,0,30,0,12,0,[0|0]
106600330,Great Katana - Default,6600,330,1,0,[0|0],6600330,0,15,0,12,0,[0|0]
106600340,Great Katana - Default,6600,340,1,0,[0|0],6600340,0,15,0,12,0,[0|0]
106600350,Great Katana - Default,6600,350,1,0,[0|0],6600350,0,15,0,12,0,[0|0]
106600355,Great Katana - Default,6600,355,1,0,[0|0],6600355,0,15,0,12,0,[0|0]
106600360,Great Katana - Default,6600,360,1,0,[0|0],6600360,0,30,0,12,0,[0|0]
106600365,Great Katana - Default,6600,365,1,0,[0|0],6600365,0,30,0,12,0,[0|0]
106600380,Great Katana - Default,6600,380,1,0,[0|0],6600380,0,30,0,12,0,[0|0]
106600400,Great Katana - Default,6600,400,1,0,[0|0],6600400,0,15,0,2,0,[0|0]
106600410,Great Katana - Default,6600,410,1,0,[0|0],6600410,0,15,0,2,0,[0|0]
106600420,Great Katana - Default,6600,420,1,0,[0|0],6600420,0,15,0,2,0,[0|0]
106600430,Great Katana - Default,6600,430,1,0,[0|0],6600430,0,15,0,2,0,[0|0]
106600460,Great Katana - Default,6600,460,1,0,[0|0],6600460,0,0,0,0,0,[0|0]
106600470,Great Katana - Default,6600,470,1,0,[0|0],6600470,0,0,0,0,0,[0|0]
106600480,Great Katana - Default,6600,480,1,0,[0|0],6600480,0,0,0,0,0,[0|0]
106600500,Great Katana - Default,6600,500,1,0,[0|0],6600500,0,12,0,12,0,[0|0]
106600501,Great Katana - Default,6600,501,1,0,[0|0],6600501,0,13,0,12,0,[0|0]
106600505,Great Katana - Default,6600,505,1,0,[0|0],6600505,0,0,0,12,0,[0|0]
106600509,Great Katana - Default,6600,509,1,0,[0|0],6600509,0,15,0,12,0,[0|0]
106600510,Great Katana - Default,6600,510,1,0,[0|0],6600510,0,12,0,12,0,[0|0]
106600511,Great Katana - Default,6600,511,1,0,[0|0],6600511,0,13,0,12,0,[0|0]
106600515,Great Katana - Default,6600,515,1,0,[0|0],6600515,0,0,0,12,0,[0|0]
106600516,Great Katana - Default,6600,516,1,0,[0|0],6600516,0,0,0,12,0,[0|0]
106600520,Great Katana - Default,6600,520,1,0,[0|0],6600520,0,0,0,12,0,[0|0]
106600530,Great Katana - Default,6600,530,1,0,[0|0],6600530,0,12,0,12,0,[0|0]
106600531,Great Katana - Default,6600,531,1,0,[0|0],6600531,0,13,0,12,0,[0|0]
106600540,Great Katana - Default,6600,540,1,0,[0|0],6600540,0,0,0,12,0,[0|0]
106600550,Great Katana - Default,6600,550,1,0,[0|0],6600550,0,20,0,12,0,[0|0]
106600560,Great Katana - Default,6600,560,1,0,[0|0],6600560,0,10,0,12,0,[0|0]
106600561,Great Katana - Default,6600,561,1,0,[0|0],6600561,0,10,0,12,0,[0|0]
106600590,Great Katana - Default,6600,590,1,0,[0|0],6600590,0,0,0,12,0,[0|0]
106600591,Great Katana - Default,6600,591,1,0,[0|0],6600591,0,10,0,0,0,[0|0]
106600600,Great Katana - Default,6600,600,1,0,[0|0],6600600,0,15,0,12,0,[0|0]
106600605,Great Katana - Default,6600,605,1,0,[0|0],6600605,0,15,0,12,0,[0|0]
106600610,Great Katana - Default,6600,610,1,0,[0|0],6600610,0,15,0,12,0,[0|0]
106600630,Great Katana - Default,6600,630,1,0,[0|0],6600630,0,0,0,12,0,[0|0]
106600632,Great Katana - Default,6600,632,1,0,[0|0],6600632,0,25,0,12,0,[0|0]
106600635,Great Katana - Default,6600,635,1,0,[0|0],6600635,0,35,0,12,0,[0|0]
106600640,Great Katana - Default,6600,640,1,0,[0|0],6600640,0,0,0,12,0,[0|0]
106600642,Great Katana - Default,6600,642,1,0,[0|0],6600642,0,25,0,12,0,[0|0]
106600645,Great Katana - Default,6600,645,1,0,[0|0],6600645,0,35,0,12,0,[0|0]
106600650,Great Katana - Default,6600,650,1,0,[0|0],6600650,0,15,0,12,0,[0|0]
106600660,Great Katana - Default,6600,660,1,0,[0|0],6600660,0,25,0,12,0,[0|0]
106600665,Great Katana - Default,6600,665,1,0,[0|0],6600665,0,25,0,12,0,[0|0]
106600700,Great Katana - Default,6600,700,1,0,[0|0],6600700,0,15,0,12,0,[0|0]
106600705,Great Katana - Default,6600,705,1,0,[0|0],6600705,0,15,0,12,0,[0|0]
106600710,Great Katana - Default,6600,710,1,0,[0|0],6600710,0,15,0,12,0,[0|0]
106600730,Great Katana - Default,6600,730,1,0,[0|0],6600730,0,0,0,12,0,[0|0]
106600732,Great Katana - Default,6600,732,1,0,[0|0],6600732,0,25,0,12,0,[0|0]
106600735,Great Katana - Default,6600,735,1,0,[0|0],6600735,0,35,0,12,0,[0|0]
106600740,Great Katana - Default,6600,740,1,0,[0|0],6600740,0,0,0,12,0,[0|0]
106600742,Great Katana - Default,6600,742,1,0,[0|0],6600742,0,25,0,12,0,[0|0]
106600745,Great Katana - Default,6600,745,1,0,[0|0],6600745,0,35,0,12,0,[0|0]
106600750,Great Katana - Default,6600,750,1,0,[0|0],6600750,0,15,0,12,0,[0|0]
106600760,Great Katana - Default,6600,760,1,0,[0|0],6600760,0,25,0,12,0,[0|0]
106600765,Great Katana - Default,6600,765,1,0,[0|0],6600765,0,25,0,12,0,[0|0]
106600800,Great Katana - Default,6600,800,1,0,[0|0],6600800,0,15,0,1,0,[0|0]
106600805,Great Katana - Default,6600,805,1,0,[0|0],6600805,0,15,0,2,0,[0|0]
106600810,Great Katana - Default,6600,810,1,0,[0|0],6600810,0,15,0,1,0,[0|0]
106600815,Great Katana - Default,6600,815,1,0,[0|0],6600815,0,15,0,2,0,[0|0]
106600820,Great Katana - Default,6600,820,1,0,[0|0],6600820,0,15,0,1,0,[0|0]
106600825,Great Katana - Default,6600,825,1,0,[0|0],6600825,0,15,0,2,0,[0|0]
106600860,Great Katana - Default,6600,860,1,0,[0|0],6600860,0,15,0,1,0,[0|0]
106600865,Great Katana - Default,6600,865,1,0,[0|0],6600865,0,15,0,2,0,[0|0]
106600870,Great Katana - Default,6600,870,1,0,[0|0],6600870,0,15,0,1,0,[0|0]
106600875,Great Katana - Default,6600,875,1,0,[0|0],6600875,0,15,0,2,0,[0|0]
106600880,Great Katana - Default,6600,880,1,0,[0|0],6600880,0,15,0,1,0,[0|0]
106600885,Great Katana - Default,6600,885,1,0,[0|0],6600885,0,15,0,2,0,[0|0]
106600890,Great Katana - Default,6600,890,1,0,[0|0],6600890,0,20,0,1,0,[0|0]
106600895,Great Katana - Default,6600,895,1,0,[0|0],6600895,0,20,0,2,0,[0|0]
106601100,Rakshasa's Great Katana -,6601,100,1,0,[0|0],6601100,0,25,0,1,0,[0|0]
106601105,Rakshasa's Great Katana -,6601,105,1,0,[0|0],6601105,0,35,0,1,0,[0|0]
106601110,Rakshasa's Great Katana -,6601,110,1,0,[0|0],6601110,0,25,0,1,0,[0|0]
106601115,Rakshasa's Great Katana -,6601,115,1,0,[0|0],6601115,0,35,0,1,0,[0|0]
106601300,Rakshasa's Great Katana -,6601,300,1,0,[0|0],6601300,0,30,0,12,0,[0|0]
106601305,Rakshasa's Great Katana -,6601,305,1,0,[0|0],6601305,0,40,0,12,0,[0|0]
106601310,Rakshasa's Great Katana -,6601,310,1,0,[0|0],6601310,0,30,0,12,0,[0|0]
106601315,Rakshasa's Great Katana -,6601,315,1,0,[0|0],6601315,0,40,0,12,0,[0|0]
106700000,Light Greatsword - Default,6700,0,1,0,[0|0],6700000,0,12,0,1,0,[0|0]
106700010,Light Greatsword - Default,6700,10,1,0,[0|0],6700010,0,12,0,1,0,[0|0]
106700013,Light Greatsword - Default,6700,13,1,0,[0|0],6700013,0,0,0,1,0,[0|0]
106700020,Light Greatsword - Default,6700,20,1,0,[0|0],6700020,0,12,0,1,0,[0|0]
106700023,Light Greatsword - Default,6700,23,1,0,[0|0],6700023,0,0,0,1,0,[0|0]
106700030,Light Greatsword - Default,6700,30,1,0,[0|0],6700030,0,12,0,1,0,[0|0]
106700040,Light Greatsword - Default,6700,40,1,0,[0|0],6700040,0,6,0,1,0,[0|0]
106700041,Light Greatsword - Default,6700,41,1,0,[0|0],6700041,0,6,0,1,0,[0|0]
106700044,Light Greatsword - Default,6700,44,1,0,[0|0],6700044,0,0,0,1,0,[0|0]
106700100,Light Greatsword - Default,6700,100,1,0,[0|0],6700100,0,10,0,1,0,[0|0]
106700101,Light Greatsword - Default,6700,101,1,0,[0|0],6700101,0,10,0,1,0,[0|0]
106700104,Light Greatsword - Default,6700,104,1,0,[0|0],6700104,0,0,0,1,0,[0|0]
106700105,Light Greatsword - Default,6700,105,1,0,[0|0],6700105,0,15,0,1,0,[0|0]
106700106,Light Greatsword - Default,6700,106,1,0,[0|0],6700106,0,15,0,1,0,[0|0]
106700109,Light Greatsword - Default,6700,109,1,0,[0|0],6700109,0,0,0,1,0,[0|0]
106700110,Light Greatsword - Default,6700,110,1,0,[0|0],6700110,0,10,0,1,0,[0|0]
106700111,Light Greatsword - Default,6700,111,1,0,[0|0],6700111,0,10,0,1,0,[0|0]
106700113,Light Greatsword - Default,6700,113,1,0,[0|0],6700113,0,0,0,1,0,[0|0]
106700114,Light Greatsword - Default,6700,114,1,0,[0|0],6700114,0,0,0,1,0,[0|0]
106700115,Light Greatsword - Default,6700,115,1,0,[0|0],6700115,0,15,0,1,0,[0|0]
106700116,Light Greatsword - Default,6700,116,1,0,[0|0],6700116,0,15,0,1,0,[0|0]
106700118,Light Greatsword - Default,6700,118,1,0,[0|0],6700118,0,0,0,1,0,[0|0]
106700119,Light Greatsword - Default,6700,119,1,0,[0|0],6700119,0,0,0,1,0,[0|0]
106700120,Light Greatsword - Default,6700,120,1,0,[0|0],6700120,0,15,0,1,0,[0|0]
106700123,Light Greatsword - Default,6700,123,1,0,[0|0],6700123,0,15,0,1,0,[0|0]
106700125,Light Greatsword - Default,6700,125,1,0,[0|0],6700125,0,10,0,1,0,[0|0]
106700126,Light Greatsword - Default,6700,126,1,0,[0|0],6700126,0,10,0,1,0,[0|0]
106700128,Light Greatsword - Default,6700,128,1,0,[0|0],6700128,0,0,0,1,0,[0|0]
106700130,Light Greatsword - Default,6700,130,1,0,[0|0],6700130,0,10,0,1,0,[0|0]
106700133,Light Greatsword - Default,6700,133,1,0,[0|0],6700133,0,0,0,1,0,[0|0]
106700140,Light Greatsword - Default,6700,140,1,0,[0|0],6700140,0,10,0,1,0,[0|0]
106700150,Light Greatsword - Default,6700,150,1,0,[0|0],6700150,0,10,0,1,0,[0|0]
106700160,Light Greatsword - Default,6700,160,1,0,[0|0],6700160,0,10,0,1,0,[0|0]
106700161,Light Greatsword - Default,6700,161,1,0,[0|0],6700161,0,10,0,1,0,[0|0]
106700163,Light Greatsword - Default,6700,163,1,0,[0|0],6700163,0,10,0,1,0,[0|0]
106700164,Light Greatsword - Default,6700,164,1,0,[0|0],6700164,0,10,0,1,0,[0|0]
106700180,Light Greatsword - Default,6700,180,1,0,[0|0],6700180,0,10,0,1,0,[0|0]
106700181,Light Greatsword - Default,6700,181,1,0,[0|0],6700181,0,10,0,1,0,[0|0]
106700183,Light Greatsword - Default,6700,183,1,0,[0|0],6700183,0,0,0,1,0,[0|0]
106700184,Light Greatsword - Default,6700,184,1,0,[0|0],6700184,0,0,0,1,0,[0|0]
106700200,Light Greatsword - Default,6700,200,1,0,[0|0],6700200,0,15,0,12,0,[0|0]
106700210,Light Greatsword - Default,6700,210,1,0,[0|0],6700210,0,15,0,12,0,[0|0]
106700213,Light Greatsword - Default,6700,213,1,0,[0|0],6700213,0,0,0,12,0,[0|0]
106700220,Light Greatsword - Default,6700,220,1,0,[0|0],6700220,0,15,0,12,0,[0|0]
106700223,Light Greatsword - Default,6700,223,1,0,[0|0],6700223,0,0,0,12,0,[0|0]
106700230,Light Greatsword - Default,6700,230,1,0,[0|0],6700230,0,15,0,12,0,[0|0]
106700240,Light Greatsword - Default,6700,240,1,0,[0|0],6700240,0,7,0,12,0,[0|0]
106700241,Light Greatsword - Default,6700,241,1,0,[0|0],6700241,0,8,0,12,0,[0|0]
106700243,Light Greatsword - Default,6700,243,1,0,[0|0],6700243,0,0,0,12,0,[0|0]
106700300,Light Greatsword - Default,6700,300,1,0,[0|0],6700300,0,12,0,12,0,[0|0]
106700301,Light Greatsword - Default,6700,301,1,0,[0|0],6700301,0,12,0,12,0,[0|0]
106700304,Light Greatsword - Default,6700,304,1,0,[0|0],6700304,0,0,0,12,0,[0|0]
106700305,Light Greatsword - Default,6700,305,1,0,[0|0],6700305,0,18,0,12,0,[0|0]
106700306,Light Greatsword - Default,6700,306,1,0,[0|0],6700306,0,18,0,12,0,[0|0]
106700309,Light Greatsword - Default,6700,309,1,0,[0|0],6700309,0,0,0,12,0,[0|0]
106700310,Light Greatsword - Default,6700,310,1,0,[0|0],6700310,0,12,0,12,0,[0|0]
106700311,Light Greatsword - Default,6700,311,1,0,[0|0],6700311,0,12,0,12,0,[0|0]
106700313,Light Greatsword - Default,6700,313,1,0,[0|0],6700313,0,0,0,12,0,[0|0]
106700314,Light Greatsword - Default,6700,314,1,0,[0|0],6700314,0,0,0,12,0,[0|0]
106700315,Light Greatsword - Default,6700,315,1,0,[0|0],6700315,0,18,0,12,0,[0|0]
106700316,Light Greatsword - Default,6700,316,1,0,[0|0],6700316,0,18,0,12,0,[0|0]
106700318,Light Greatsword - Default,6700,318,1,0,[0|0],6700318,0,0,0,12,0,[0|0]
106700319,Light Greatsword - Default,6700,319,1,0,[0|0],6700319,0,0,0,12,0,[0|0]
106700320,Light Greatsword - Default,6700,320,1,0,[0|0],6700320,0,18,0,12,0,[0|0]
106700325,Light Greatsword - Default,6700,325,1,0,[0|0],6700325,0,12,0,12,0,[0|0]
106700326,Light Greatsword - Default,6700,326,1,0,[0|0],6700326,0,12,0,12,0,[0|0]
106700329,Light Greatsword - Default,6700,329,1,0,[0|0],6700329,0,0,0,12,0,[0|0]
106700330,Light Greatsword - Default,6700,330,1,0,[0|0],6700330,0,13,0,12,0,[0|0]
106700333,Light Greatsword - Default,6700,333,1,0,[0|0],6700333,0,0,0,12,0,[0|0]
106700340,Light Greatsword - Default,6700,340,1,0,[0|0],6700340,0,13,0,12,0,[0|0]
106700343,Light Greatsword - Default,6700,343,1,0,[0|0],6700343,0,0,0,12,0,[0|0]
106700350,Light Greatsword - Default,6700,350,1,0,[0|0],6700350,0,12,0,12,0,[0|0]
106700360,Light Greatsword - Default,6700,360,1,0,[0|0],6700360,0,12,0,12,0,[0|0]
106700361,Light Greatsword - Default,6700,361,1,0,[0|0],6700361,0,12,0,12,0,[0|0]
106700363,Light Greatsword - Default,6700,363,1,0,[0|0],6700363,0,12,0,12,0,[0|0]
106700364,Light Greatsword - Default,6700,364,1,0,[0|0],6700364,0,12,0,12,0,[0|0]
106700380,Light Greatsword - Default,6700,380,1,0,[0|0],6700380,0,12,0,12,0,[0|0]
106700381,Light Greatsword - Default,6700,381,1,0,[0|0],6700381,0,12,0,12,0,[0|0]
106700383,Light Greatsword - Default,6700,383,1,0,[0|0],6700383,0,0,0,12,0,[0|0]
106700384,Light Greatsword - Default,6700,384,1,0,[0|0],6700384,0,0,0,12,0,[0|0]
106700400,Light Greatsword - Default,6700,400,1,0,[0|0],6700400,0,12,0,2,0,[0|0]
106700410,Light Greatsword - Default,6700,410,1,0,[0|0],6700410,0,12,0,2,0,[0|0]
106700413,Light Greatsword - Default,6700,413,1,0,[0|0],6700413,0,0,0,2,0,[0|0]
106700420,Light Greatsword - Default,6700,420,1,0,[0|0],6700420,0,12,0,2,0,[0|0]
106700423,Light Greatsword - Default,6700,423,1,0,[0|0],6700423,0,0,0,2,0,[0|0]
106700430,Light Greatsword - Default,6700,430,1,0,[0|0],6700430,0,12,0,2,0,[0|0]
106700440,Light Greatsword - Default,6700,440,1,0,[0|0],6700440,0,12,0,2,0,[0|0]
106700441,Light Greatsword - Default,6700,441,1,0,[0|0],6700441,0,12,0,2,0,[0|0]
106700444,Light Greatsword - Default,6700,444,1,0,[0|0],6700444,0,0,0,2,0,[0|0]
106700460,Light Greatsword - Default,6700,460,1,0,[0|0],6700460,0,0,0,0,0,[0|0]
106700470,Light Greatsword - Default,6700,470,1,0,[0|0],6700470,0,0,0,0,0,[0|0]
106700480,Light Greatsword - Default,6700,480,1,0,[0|0],6700480,0,0,0,0,0,[0|0]
106700500,Light Greatsword - Default,6700,500,1,0,[0|0],6700500,0,17,0,12,0,[0|0]
106700509,Light Greatsword - Default,6700,509,1,0,[0|0],6700509,0,12,0,12,0,[0|0]
106700510,Light Greatsword - Default,6700,510,1,0,[0|0],6700510,0,17,0,12,0,[0|0]
106700530,Light Greatsword - Default,6700,530,1,0,[0|0],6700530,0,17,0,12,0,[0|0]
106700550,Light Greatsword - Default,6700,550,1,0,[0|0],6700550,0,17,0,12,0,[0|0]
106700560,Light Greatsword - Default,6700,560,1,0,[0|0],6700560,0,8,0,12,0,[0|0]
106700561,Light Greatsword - Default,6700,561,1,0,[0|0],6700561,0,9,0,12,0,[0|0]
106700590,Light Greatsword - Default,6700,590,1,0,[0|0],6700590,0,0,0,12,0,[0|0]
106700591,Light Greatsword - Default,6700,591,1,0,[0|0],6700591,0,10,0,0,0,[0|0]
106700600,Light Greatsword - Default,6700,600,1,0,[0|0],6700600,0,12,0,12,0,[0|0]
106700605,Light Greatsword - Default,6700,605,1,0,[0|0],6700605,0,12,0,12,0,[0|0]
106700610,Light Greatsword - Default,6700,610,1,0,[0|0],6700610,0,12,0,12,0,[0|0]
106700632,Light Greatsword - Default,6700,632,1,0,[0|0],6700632,0,20,0,12,0,[0|0]
106700633,Light Greatsword - Default,6700,633,1,0,[0|0],6700633,0,20,0,12,0,[0|0]
106700635,Light Greatsword - Default,6700,635,1,0,[0|0],6700635,0,30,0,12,0,[0|0]
106700638,Light Greatsword - Default,6700,638,1,0,[0|0],6700638,0,30,0,12,0,[0|0]
106700700,Light Greatsword - Default,6700,700,1,0,[0|0],6700700,0,12,0,12,0,[0|0]
106700705,Light Greatsword - Default,6700,705,1,0,[0|0],6700705,0,12,0,12,0,[0|0]
106700710,Light Greatsword - Default,6700,710,1,0,[0|0],6700710,0,12,0,12,0,[0|0]
106700732,Light Greatsword - Default,6700,732,1,0,[0|0],6700732,0,20,0,12,0,[0|0]
106700733,Light Greatsword - Default,6700,733,1,0,[0|0],6700733,0,20,0,12,0,[0|0]
106700735,Light Greatsword - Default,6700,735,1,0,[0|0],6700735,0,30,0,12,0,[0|0]
106700738,Light Greatsword - Default,6700,738,1,0,[0|0],6700738,0,30,0,12,0,[0|0]
106700800,Light Greatsword - Default,6700,800,1,0,[0|0],6700800,0,12,0,1,0,[0|0]
106700805,Light Greatsword - Default,6700,805,1,0,[0|0],6700805,0,12,0,2,0,[0|0]
106700810,Light Greatsword - Default,6700,810,1,0,[0|0],6700810,0,12,0,1,0,[0|0]
106700813,Light Greatsword - Default,6700,813,1,0,[0|0],6700813,0,12,0,1,0,[0|0]
106700815,Light Greatsword - Default,6700,815,1,0,[0|0],6700815,0,12,0,2,0,[0|0]
106700819,Light Greatsword - Default,6700,819,1,0,[0|0],6700819,0,12,0,2,0,[0|0]
106700820,Light Greatsword - Default,6700,820,1,0,[0|0],6700820,0,12,0,1,0,[0|0]
106700823,Light Greatsword - Default,6700,823,1,0,[0|0],6700823,0,0,0,1,0,[0|0]
106700825,Light Greatsword - Default,6700,825,1,0,[0|0],6700825,0,12,0,2,0,[0|0]
106700826,Light Greatsword - Default,6700,826,1,0,[0|0],6700826,0,12,0,2,0,[0|0]
106700829,Light Greatsword - Default,6700,829,1,0,[0|0],6700829,0,0,0,2,0,[0|0]
106700830,Light Greatsword - Default,6700,830,1,0,[0|0],6700830,0,12,0,1,0,[0|0]
106700831,Light Greatsword - Default,6700,831,1,0,[0|0],6700831,0,12,0,1,0,[0|0]
106700833,Light Greatsword - Default,6700,833,1,0,[0|0],6700833,0,0,0,1,0,[0|0]
106700834,Light Greatsword - Default,6700,834,1,0,[0|0],6700834,0,12,0,1,0,[0|0]
106700835,Light Greatsword - Default,6700,835,1,0,[0|0],6700835,0,12,0,2,0,[0|0]
106700836,Light Greatsword - Default,6700,836,1,0,[0|0],6700836,0,12,0,2,0,[0|0]
106700838,Light Greatsword - Default,6700,838,1,0,[0|0],6700838,0,0,0,2,0,[0|0]
106700839,Light Greatsword - Default,6700,839,1,0,[0|0],6700839,0,12,0,2,0,[0|0]
106700860,Light Greatsword - Default,6700,860,1,0,[0|0],6700860,0,15,0,1,0,[0|0]
106700865,Light Greatsword - Default,6700,865,1,0,[0|0],6700865,0,15,0,2,0,[0|0]
106700869,Light Greatsword - Default,6700,869,1,0,[0|0],6700869,0,0,0,2,0,[0|0]
106700870,Light Greatsword - Default,6700,870,1,0,[0|0],6700870,0,10,0,1,0,[0|0]
106700873,Light Greatsword - Default,6700,873,1,0,[0|0],6700873,0,0,0,1,0,[0|0]
106700875,Light Greatsword - Default,6700,875,1,0,[0|0],6700875,0,10,0,2,0,[0|0]
106700880,Light Greatsword - Default,6700,880,1,0,[0|0],6700880,0,10,0,1,0,[0|0]
106700883,Light Greatsword - Default,6700,883,1,0,[0|0],6700883,0,10,0,1,0,[0|0]
106700885,Light Greatsword - Default,6700,885,1,0,[0|0],6700885,0,10,0,2,0,[0|0]
106700889,Light Greatsword - Default,6700,889,1,0,[0|0],6700889,0,10,0,2,0,[0|0]
106700890,Light Greatsword - Default,6700,890,1,0,[0|0],6700890,0,10,0,1,0,[0|0]
106700891,Light Greatsword - Default,6700,891,1,0,[0|0],6700891,0,10,0,1,0,[0|0]
106700893,Light Greatsword - Default,6700,893,1,0,[0|0],6700893,0,10,0,1,0,[0|0]
106700894,Light Greatsword - Default,6700,894,1,0,[0|0],6700894,0,10,0,1,0,[0|0]
106700895,Light Greatsword - Default,6700,895,1,0,[0|0],6700895,0,10,0,2,0,[0|0]
106700990,Light Greatsword - Default,6700,990,1,0,[0|0],6700990,0,0,0,2,0,[0|0]
106700991,Light Greatsword - Default,6700,991,1,0,[0|0],6700991,0,0,0,2,0,[0|0]
106700992,Light Greatsword - Default,6700,992,1,0,[0|0],6700992,0,0,0,2,0,[0|0]
106700997,Light Greatsword - Default,6700,997,1,0,[0|0],6700997,0,0,0,1,0,[0|0]
106700998,Light Greatsword - Default,6700,998,1,0,[0|0],6700998,0,0,0,1,0,[0|0]
106700999,Light Greatsword - Default,6700,999,1,0,[0|0],6700999,0,0,0,1,0,[0|0]
106701000,Rellana's Twin Blades -,6701,0,1,0,[0|0],6701000,0,12,0,1,0,[0|0]
106701010,Rellana's Twin Blades -,6701,10,1,0,[0|0],6701010,0,12,0,1,0,[0|0]
106701013,Rellana's Twin Blades -,6701,13,1,0,[0|0],6701013,0,0,0,1,0,[0|0]
106701020,Rellana's Twin Blades -,6701,20,1,0,[0|0],6701020,0,12,0,1,0,[0|0]
106701023,Rellana's Twin Blades -,6701,23,1,0,[0|0],6701023,0,0,0,1,0,[0|0]
106701030,Rellana's Twin Blades -,6701,30,1,0,[0|0],6701030,0,12,0,1,0,[0|0]
106701040,Rellana's Twin Blades -,6701,40,1,0,[0|0],6701040,0,6,0,1,0,[0|0]
106701041,Rellana's Twin Blades -,6701,41,1,0,[0|0],6701041,0,6,0,1,0,[0|0]
106701044,Rellana's Twin Blades -,6701,44,1,0,[0|0],6701044,0,0,0,1,0,[0|0]
106701100,Rellana's Twin Blades -,6701,100,1,0,[0|0],6701100,0,10,0,1,0,[0|0]
106701101,Rellana's Twin Blades -,6701,101,1,0,[0|0],6701101,0,10,0,1,0,[0|0]
106701104,Rellana's Twin Blades -,6701,104,1,0,[0|0],6701104,0,0,0,1,0,[0|0]
106701105,Rellana's Twin Blades -,6701,105,1,0,[0|0],6701105,0,15,0,1,0,[0|0]
106701106,Rellana's Twin Blades -,6701,106,1,0,[0|0],6701106,0,15,0,1,0,[0|0]
106701109,Rellana's Twin Blades -,6701,109,1,0,[0|0],6701109,0,0,0,1,0,[0|0]
106701110,Rellana's Twin Blades -,6701,110,1,0,[0|0],6701110,0,10,0,1,0,[0|0]
106701111,Rellana's Twin Blades -,6701,111,1,0,[0|0],6701111,0,10,0,1,0,[0|0]
106701113,Rellana's Twin Blades -,6701,113,1,0,[0|0],6701113,0,0,0,1,0,[0|0]
106701114,Rellana's Twin Blades -,6701,114,1,0,[0|0],6701114,0,0,0,1,0,[0|0]
106701115,Rellana's Twin Blades -,6701,115,1,0,[0|0],6701115,0,15,0,1,0,[0|0]
106701116,Rellana's Twin Blades -,6701,116,1,0,[0|0],6701116,0,15,0,1,0,[0|0]
106701118,Rellana's Twin Blades -,6701,118,1,0,[0|0],6701118,0,0,0,1,0,[0|0]
106701119,Rellana's Twin Blades -,6701,119,1,0,[0|0],6701119,0,0,0,1,0,[0|0]
106701120,Rellana's Twin Blades -,6701,120,1,0,[0|0],6701120,0,15,0,1,0,[0|0]
106701123,Rellana's Twin Blades -,6701,123,1,0,[0|0],6701123,0,15,0,1,0,[0|0]
106701125,Rellana's Twin Blades -,6701,125,1,0,[0|0],6701125,0,10,0,1,0,[0|0]
106701126,Rellana's Twin Blades -,6701,126,1,0,[0|0],6701126,0,10,0,1,0,[0|0]
106701128,Rellana's Twin Blades -,6701,128,1,0,[0|0],6701128,0,0,0,1,0,[0|0]
106701130,Rellana's Twin Blades -,6701,130,1,0,[0|0],6701130,0,10,0,1,0,[0|0]
106701133,Rellana's Twin Blades -,6701,133,1,0,[0|0],6701133,0,0,0,1,0,[0|0]
106701140,Rellana's Twin Blades -,6701,140,1,0,[0|0],6701140,0,10,0,1,0,[0|0]
106701150,Rellana's Twin Blades -,6701,150,1,0,[0|0],6701150,0,10,0,1,0,[0|0]
106701160,Rellana's Twin Blades -,6701,160,1,0,[0|0],6701160,0,10,0,1,0,[0|0]
106701161,Rellana's Twin Blades -,6701,161,1,0,[0|0],6701161,0,10,0,1,0,[0|0]
106701163,Rellana's Twin Blades -,6701,163,1,0,[0|0],6701163,0,0,0,1,0,[0|0]
106701164,Rellana's Twin Blades -,6701,164,1,0,[0|0],6701164,0,0,0,1,0,[0|0]
106701180,Rellana's Twin Blades -,6701,180,1,0,[0|0],6701180,0,10,0,1,0,[0|0]
106701181,Rellana's Twin Blades -,6701,181,1,0,[0|0],6701181,0,10,0,1,0,[0|0]
106701183,Rellana's Twin Blades -,6701,183,1,0,[0|0],6701183,0,0,0,1,0,[0|0]
106701184,Rellana's Twin Blades -,6701,184,1,0,[0|0],6701184,0,0,0,1,0,[0|0]
106701200,Rellana's Twin Blades -,6701,200,1,0,[0|0],6701200,0,12,0,1,0,[0|0]
106701205,Rellana's Twin Blades -,6701,205,1,0,[0|0],6701205,0,12,0,2,0,[0|0]
106701210,Rellana's Twin Blades -,6701,210,1,0,[0|0],6701210,0,12,0,1,0,[0|0]
106701213,Rellana's Twin Blades -,6701,213,1,0,[0|0],6701213,0,12,0,1,0,[0|0]
106701215,Rellana's Twin Blades -,6701,215,1,0,[0|0],6701215,0,12,0,2,0,[0|0]
106701219,Rellana's Twin Blades -,6701,219,1,0,[0|0],6701219,0,12,0,2,0,[0|0]
106701220,Rellana's Twin Blades -,6701,220,1,0,[0|0],6701220,0,12,0,1,0,[0|0]
106701223,Rellana's Twin Blades -,6701,223,1,0,[0|0],6701223,0,0,0,1,0,[0|0]
106701225,Rellana's Twin Blades -,6701,225,1,0,[0|0],6701225,0,12,0,2,0,[0|0]
106701226,Rellana's Twin Blades -,6701,226,1,0,[0|0],6701226,0,12,0,2,0,[0|0]
106701229,Rellana's Twin Blades -,6701,229,1,0,[0|0],6701229,0,0,0,2,0,[0|0]
106701230,Rellana's Twin Blades -,6701,230,1,0,[0|0],6701230,0,12,0,1,0,[0|0]
106701231,Rellana's Twin Blades -,6701,231,1,0,[0|0],6701231,0,12,0,1,0,[0|0]
106701233,Rellana's Twin Blades -,6701,233,1,0,[0|0],6701233,0,0,0,1,0,[0|0]
106701234,Rellana's Twin Blades -,6701,234,1,0,[0|0],6701234,0,12,0,1,0,[0|0]
106701235,Rellana's Twin Blades -,6701,235,1,0,[0|0],6701235,0,12,0,2,0,[0|0]
106701236,Rellana's Twin Blades -,6701,236,1,0,[0|0],6701236,0,12,0,2,0,[0|0]
106701238,Rellana's Twin Blades -,6701,238,1,0,[0|0],6701238,0,0,0,2,0,[0|0]
106701239,Rellana's Twin Blades -,6701,239,1,0,[0|0],6701239,0,12,0,2,0,[0|0]
106701320,Rellana's Twin Blades -,6701,320,1,0,[0|0],6701320,0,15,0,1,0,[0|0]
106701321,Rellana's Twin Blades -,6701,321,1,0,[0|0],6701321,0,15,0,2,0,[0|0]
106701322,Rellana's Twin Blades -,6701,322,1,0,[0|0],6701322,0,0,0,2,0,[0|0]
106701330,Rellana's Twin Blades -,6701,330,1,0,[0|0],6701330,0,10,0,1,0,[0|0]
106701331,Rellana's Twin Blades -,6701,331,1,0,[0|0],6701331,0,0,0,1,0,[0|0]
106701332,Rellana's Twin Blades -,6701,332,1,0,[0|0],6701332,0,10,0,2,0,[0|0]
106701340,Rellana's Twin Blades -,6701,340,1,0,[0|0],6701340,0,10,0,1,0,[0|0]
106701341,Rellana's Twin Blades -,6701,341,1,0,[0|0],6701341,0,10,0,1,0,[0|0]
106701342,Rellana's Twin Blades -,6701,342,1,0,[0|0],6701342,0,10,0,2,0,[0|0]
106701343,Rellana's Twin Blades -,6701,343,1,0,[0|0],6701343,0,10,0,2,0,[0|0]
106701350,Rellana's Twin Blades -,6701,350,1,0,[0|0],6701350,0,10,0,1,0,[0|0]
106701351,Rellana's Twin Blades -,6701,351,1,0,[0|0],6701351,0,10,0,1,0,[0|0]
106701352,Rellana's Twin Blades -,6701,352,1,0,[0|0],6701352,0,10,0,1,0,[0|0]
106701353,Rellana's Twin Blades -,6701,353,1,0,[0|0],6701353,0,10,0,1,0,[0|0]
106701354,Rellana's Twin Blades -,6701,354,1,0,[0|0],6701354,0,10,0,2,0,[0|0]
106701400,Rellana's Twin Blades -,6701,400,1,0,[0|0],6701400,0,12,0,2,0,[0|0]
106701401,Rellana's Twin Blades -,6701,401,1,0,[0|0],6701401,0,12,0,12,0,[0|0]
106701410,Rellana's Twin Blades -,6701,410,1,0,[0|0],6701410,0,12,0,2,0,[0|0]
106701411,Rellana's Twin Blades -,6701,411,1,0,[0|0],6701411,0,12,0,12,0,[0|0]
106701420,Rellana's Twin Blades -,6701,420,1,0,[0|0],6701420,0,12,0,2,0,[0|0]
106701421,Rellana's Twin Blades -,6701,421,1,0,[0|0],6701421,0,12,0,12,0,[0|0]
106701430,Rellana's Twin Blades -,6701,430,1,0,[0|0],6701430,0,12,0,2,0,[0|0]
106701431,Rellana's Twin Blades -,6701,431,1,0,[0|0],6701431,0,12,0,12,0,[0|0]
106701440,Rellana's Twin Blades -,6701,440,1,0,[0|0],6701440,0,12,0,2,0,[0|0]
106701441,Rellana's Twin Blades -,6701,441,1,0,[0|0],6701441,0,12,0,12,0,[0|0]
106701500,Rellana's Twin Blades -,6701,500,1,0,[0|0],6701500,0,17,0,12,0,[0|0]
106701509,Rellana's Twin Blades -,6701,509,1,0,[0|0],6701509,0,12,0,12,0,[0|0]
106701510,Rellana's Twin Blades -,6701,510,1,0,[0|0],6701510,0,17,0,12,0,[0|0]
106701530,Rellana's Twin Blades -,6701,530,1,0,[0|0],6701530,0,17,0,12,0,[0|0]
106701550,Rellana's Twin Blades -,6701,550,1,0,[0|0],6701550,0,17,0,12,0,[0|0]
106701560,Rellana's Twin Blades -,6701,560,1,0,[0|0],6701560,0,8,0,12,0,[0|0]
106701561,Rellana's Twin Blades -,6701,561,1,0,[0|0],6701561,0,9,0,12,0,[0|0]
106701590,Rellana's Twin Blades -,6701,590,1,0,[0|0],6701590,0,0,0,12,0,[0|0]
106701600,Rellana's Twin Blades -,6701,600,1,0,[0|0],6701600,0,12,0,12,0,[0|0]
106701605,Rellana's Twin Blades -,6701,605,1,0,[0|0],6701605,0,12,0,12,0,[0|0]
106701610,Rellana's Twin Blades -,6701,610,1,0,[0|0],6701610,0,12,0,12,0,[0|0]
106701632,Rellana's Twin Blades -,6701,632,1,0,[0|0],6701632,0,20,0,12,0,[0|0]
106701633,Rellana's Twin Blades -,6701,633,1,0,[0|0],6701633,0,20,0,12,0,[0|0]
106701635,Rellana's Twin Blades -,6701,635,1,0,[0|0],6701635,0,30,0,12,0,[0|0]
106701638,Rellana's Twin Blades -,6701,638,1,0,[0|0],6701638,0,30,0,12,0,[0|0]
106701700,Rellana's Twin Blades -,6701,700,1,0,[0|0],6701700,0,12,0,12,0,[0|0]
106701705,Rellana's Twin Blades -,6701,705,1,0,[0|0],6701705,0,12,0,12,0,[0|0]
106701710,Rellana's Twin Blades -,6701,710,1,0,[0|0],6701710,0,12,0,12,0,[0|0]
106701732,Rellana's Twin Blades -,6701,732,1,0,[0|0],6701732,0,20,0,12,0,[0|0]
106701733,Rellana's Twin Blades -,6701,733,1,0,[0|0],6701733,0,20,0,12,0,[0|0]
106701735,Rellana's Twin Blades -,6701,735,1,0,[0|0],6701735,0,30,0,12,0,[0|0]
106701738,Rellana's Twin Blades -,6701,738,1,0,[0|0],6701738,0,30,0,12,0,[0|0]
106701800,Rellana's Twin Blades -,6701,800,1,0,[0|0],6701800,0,12,0,1,0,[0|0]
106701805,Rellana's Twin Blades -,6701,805,1,0,[0|0],6701805,0,12,0,2,0,[0|0]
106701810,Rellana's Twin Blades -,6701,810,1,0,[0|0],6701810,0,12,0,1,0,[0|0]
106701813,Rellana's Twin Blades -,6701,813,1,0,[0|0],6701813,0,12,0,1,0,[0|0]
106701815,Rellana's Twin Blades -,6701,815,1,0,[0|0],6701815,0,12,0,2,0,[0|0]
106701819,Rellana's Twin Blades -,6701,819,1,0,[0|0],6701819,0,12,0,2,0,[0|0]
106701820,Rellana's Twin Blades -,6701,820,1,0,[0|0],6701820,0,12,0,1,0,[0|0]
106701823,Rellana's Twin Blades -,6701,823,1,0,[0|0],6701823,0,0,0,1,0,[0|0]
106701825,Rellana's Twin Blades -,6701,825,1,0,[0|0],6701825,0,12,0,2,0,[0|0]
106701826,Rellana's Twin Blades -,6701,826,1,0,[0|0],6701826,0,12,0,2,0,[0|0]
106701829,Rellana's Twin Blades -,6701,829,1,0,[0|0],6701829,0,0,0,2,0,[0|0]
106701830,Rellana's Twin Blades -,6701,830,1,0,[0|0],6701830,0,12,0,1,0,[0|0]
106701831,Rellana's Twin Blades -,6701,831,1,0,[0|0],6701831,0,12,0,1,0,[0|0]
106701833,Rellana's Twin Blades -,6701,833,1,0,[0|0],6701833,0,0,0,1,0,[0|0]
106701834,Rellana's Twin Blades -,6701,834,1,0,[0|0],6701834,0,12,0,1,0,[0|0]
106701835,Rellana's Twin Blades -,6701,835,1,0,[0|0],6701835,0,12,0,2,0,[0|0]
106701836,Rellana's Twin Blades -,6701,836,1,0,[0|0],6701836,0,12,0,2,0,[0|0]
106701838,Rellana's Twin Blades -,6701,838,1,0,[0|0],6701838,0,0,0,2,0,[0|0]
106701839,Rellana's Twin Blades -,6701,839,1,0,[0|0],6701839,0,12,0,2,0,[0|0]
106701860,Rellana's Twin Blades -,6701,860,1,0,[0|0],6701860,0,15,0,1,0,[0|0]
106701865,Rellana's Twin Blades -,6701,865,1,0,[0|0],6701865,0,15,0,2,0,[0|0]
106701869,Rellana's Twin Blades -,6701,869,1,0,[0|0],6701869,0,0,0,2,0,[0|0]
106701870,Rellana's Twin Blades -,6701,870,1,0,[0|0],6701870,0,10,0,1,0,[0|0]
106701873,Rellana's Twin Blades -,6701,873,1,0,[0|0],6701873,0,0,0,1,0,[0|0]
106701875,Rellana's Twin Blades -,6701,875,1,0,[0|0],6701875,0,10,0,2,0,[0|0]
106701880,Rellana's Twin Blades -,6701,880,1,0,[0|0],6701880,0,10,0,1,0,[0|0]
106701883,Rellana's Twin Blades -,6701,883,1,0,[0|0],6701883,0,10,0,1,0,[0|0]
106701885,Rellana's Twin Blades -,6701,885,1,0,[0|0],6701885,0,10,0,2,0,[0|0]
106701889,Rellana's Twin Blades -,6701,889,1,0,[0|0],6701889,0,10,0,2,0,[0|0]
106701890,Rellana's Twin Blades -,6701,890,1,0,[0|0],6701890,0,10,0,1,0,[0|0]
106701891,Rellana's Twin Blades -,6701,891,1,0,[0|0],6701891,0,10,0,1,0,[0|0]
106701893,Rellana's Twin Blades -,6701,893,1,0,[0|0],6701893,0,10,0,1,0,[0|0]
106701894,Rellana's Twin Blades -,6701,894,1,0,[0|0],6701894,0,10,0,1,0,[0|0]
106701895,Rellana's Twin Blades -,6701,895,1,0,[0|0],6701895,0,10,0,2,0,[0|0]
300000030,,0,30,1,0,[0|0],300000030,0,20,0,12,0,[0|0]
300000031,_1,0,31,1,0,[0|0],300000031,0,20,0,12,0,[0|0]
300000032,_1,0,32,1,0,[0|0],300000032,0,45,0,12,0,[0|0]
300000033,_1,0,33,1,0,[0|0],300000033,0,20,0,12,0,[0|0]
300000034,_1_1,0,34,1,0,[0|0],300000034,0,20,0,12,0,[0|0]
300000035,_1_1,0,35,1,0,[0|0],300000035,0,45,0,12,0,[0|0]
300000110,Quakestone,0,110,1,0,[0|0],3511700,0,40,0,11,0,[0|0]
300000111,Quakestone_1,0,111,1,0,[0|0],3511701,0,0,0,11,0,[0|0]
300000112,Quakestone_1_1,0,112,1,0,[0|0],3511702,0,0,0,11,0,[0|0]
300000113,Quakestone follow-up,0,113,1,0,[0|0],3511703,0,40,0,11,0,[0|0]
300000114,Quakestone,0,114,1,0,[0|0],3511704,0,0,0,11,0,[0|0]
300000115,Quakestone_1,0,115,1,0,[0|0],3511705,0,0,0,11,0,[0|0]
300000116,Quakestone_1_1,0,116,1,0,[0|0],3511706,0,0,0,11,0,[0|0]
300000117,Quakestone_1_1_1,0,116,1,0,[0|0],3511707,0,40,0,11,0,[0|0]
300000118,Quakestone_1_1_1,0,118,1,0,[0|0],3511708,0,40,0,11,0,[0|0]
300000291,Lorian,0,291,1,0,[0|0],300000291,0,50,0,12,0,[0|0]
300000292,_1_1,0,292,1,1,[0|0],100062600,0,0,0,11,0,[0|0]
300000293,Lothric,0,293,1,1,[0|0],100062800,0,0,0,11,0,[0|0]
300000296,Lorian Twince prince,0,296,1,0,[0|0],300000292,0,50,0,12,0,[0|0]
300000297,Lorian Twin Prince,0,297,1,1,[0|0],100062620,0,0,0,12,0,[0|0]
300000298,Lothric Twin Prince,0,297,1,1,[0|0],100062801,0,0,0,12,0,[0|0]
306100670,Thrusting Shield - Default,6100,670,1,0,[0|0],306100670,0,35,0,12,0,[0|0]
306100671,Thrusting Shield - Default,6100,671,1,0,[0|0],306100671,0,35,0,12,0,[0|0]
306100675,Thrusting Shield - Default,6100,675,1,0,[0|0],306100670,0,35,0,2,0,[0|0]
306100676,Thrusting Shield - Default,6100,676,1,0,[0|0],306100671,0,35,0,2,0,[0|0]
306100780,Thrusting Shield - Default,6100,780,1,0,[0|0],306100780,0,5,0,12,0,[0|0]
306100781,Thrusting Shield - Default,6100,781,1,0,[0|0],306100781,0,5,0,12,0,[0|0]
306100782,Thrusting Shield - Default,6100,782,1,0,[0|0],306100782,0,28,0,12,0,[0|0]
306100783,Thrusting Shield - Default,6100,783,1,0,[0|0],306100783,0,28,0,12,0,[0|0]
306100785,Thrusting Shield - Default,6100,785,1,0,[0|0],306100785,0,5,0,12,0,[0|0]
306100786,Thrusting Shield - Default,6100,786,1,0,[0|0],306100786,0,5,0,12,0,[0|0]
306100787,Thrusting Shield - Default,6100,787,1,0,[0|0],306100787,0,28,0,12,0,[0|0]
306100788,Thrusting Shield - Default,6100,788,1,0,[0|0],306100788,0,28,0,12,0,[0|0]
306100872,Thrusting Shield - Default,6100,872,1,0,[0|0],306100780,0,5,0,2,0,[0|0]
306100873,Thrusting Shield - Default,6100,873,1,0,[0|0],306100781,0,5,0,2,0,[0|0]
306100874,Thrusting Shield - Default,6100,874,1,0,[0|0],306100782,0,28,0,2,0,[0|0]
306100875,Thrusting Shield - Default,6100,875,1,0,[0|0],306100783,0,28,0,2,0,[0|0]
306100876,Thrusting Shield - Default,6100,876,1,0,[0|0],306100785,0,5,0,2,0,[0|0]
306100877,Thrusting Shield - Default,6100,877,1,0,[0|0],306100786,0,5,0,2,0,[0|0]
306100878,Thrusting Shield - Default,6100,878,1,0,[0|0],306100787,0,28,0,2,0,[0|0]
306100879,Thrusting Shield - Default,6100,879,1,0,[0|0],306100788,0,28,0,2,0,[0|0]
306300950,Hand-to-Hand - Default,6300,950,1,0,[0|0],306300950,0,8,0,1,0,[0|0]
306300951,Hand-to-Hand - Default,6300,951,1,0,[0|0],306300951,0,8,0,1,0,[0|0]
306300952,Hand-to-Hand - Default,6300,952,1,0,[0|0],306300952,0,13,0,1,0,[0|0]
306300953,Hand-to-Hand - Default,6300,953,1,0,[0|0],306300953,0,7,0,1,0,[0|0]
306300954,Hand-to-Hand - Default,6300,954,1,0,[0|0],306300954,0,7,0,1,0,[0|0]
306300955,Hand-to-Hand - Default,6300,955,1,0,[0|0],306300955,0,11,0,1,0,[0|0]
306300956,Hand-to-Hand - Default,6300,956,1,0,[0|0],306300956,0,11,0,1,0,[0|0]
306300957,Hand-to-Hand - Default,6300,957,1,0,[0|0],306300957,0,19,0,1,0,[0|0]
306300958,Hand-to-Hand - Default,6300,958,1,0,[0|0],306300958,0,9,0,1,0,[0|0]
306300959,Hand-to-Hand - Default,6300,959,1,0,[0|0],306300959,0,17,0,1,0,[0|0]
306300960,Hand-to-Hand - Default,6300,960,1,0,[0|0],306300960,0,10,0,1,0,[0|0]
306300961,Hand-to-Hand - Default,6300,961,1,0,[0|0],306300961,0,10,0,1,0,[0|0]
306300962,Hand-to-Hand - Default,6300,962,1,0,[0|0],306300962,0,16,0,1,0,[0|0]
306300963,Hand-to-Hand - Default,6300,963,1,0,[0|0],306300963,0,9,0,1,0,[0|0]
306300964,Hand-to-Hand - Default,6300,964,1,0,[0|0],306300964,0,9,0,1,0,[0|0]
306300965,Hand-to-Hand - Default,6300,965,1,0,[0|0],306300965,0,14,0,1,0,[0|0]
306300966,Hand-to-Hand - Default,6300,966,1,0,[0|0],306300966,0,14,0,1,0,[0|0]
306300967,Hand-to-Hand - Default,6300,967,1,0,[0|0],306300967,0,23,0,1,0,[0|0]
306300968,Hand-to-Hand - Default,6300,968,1,0,[0|0],306300968,0,11,0,1,0,[0|0]
306300969,Hand-to-Hand - Default,6300,969,1,0,[0|0],306300969,0,21,0,1,0,[0|0]
306300980,Hand-to-Hand - Default,6300,980,1,0,[0|0],306300980,0,35,0,1,0,[0|0]
306300981,Hand-to-Hand - Default,6300,981,1,0,[0|0],306300981,0,20,0,1,0,[0|0]
306300982,Hand-to-Hand - Default,6300,982,1,0,[0|0],306300982,0,0,0,1,0,[0|0]
306300983,Hand-to-Hand - Default,6300,983,1,0,[0|0],306300983,0,0,0,1,0,[0|0]
306300984,Hand-to-Hand - Default,6300,984,1,0,[0|0],306300984,0,35,0,1,0,[0|0]
306300985,Hand-to-Hand - Default,6300,985,1,0,[0|0],306300985,0,20,0,1,0,[0|0]
306300986,Hand-to-Hand - Default,6300,986,1,0,[0|0],306300986,0,0,0,1,0,[0|0]
306300987,Hand-to-Hand - Default,6300,987,1,0,[0|0],306300987,0,20,0,1,0,[0|0]
306300988,Hand-to-Hand - Default,6300,988,1,0,[0|0],306300988,0,20,0,1,0,[0|0]
306300989,Hand-to-Hand - Default,6300,989,1,0,[0|0],306300989,0,15,0,1,0,[0|0]
306300990,Hand-to-Hand - Default,6300,990,1,0,[0|0],306300990,0,15,0,1,0,[0|0]
306300991,Hand-to-Hand - Default,6300,991,1,0,[0|0],306300991,0,0,0,1,0,[0|0]
306300992,Hand-to-Hand - Default,6300,992,1,0,[0|0],306300992,0,0,0,1,0,[0|0]
306300993,Hand-to-Hand - Default,6300,993,1,0,[0|0],306300993,0,20,0,1,0,[0|0]
306300994,Hand-to-Hand - Default,6300,994,1,0,[0|0],306300994,0,20,0,1,0,[0|0]
306300995,Hand-to-Hand - Default,6300,995,1,0,[0|0],306300995,0,15,0,1,0,[0|0]
306300996,Hand-to-Hand - Default,6300,996,1,0,[0|0],306300996,0,15,0,1,0,[0|0]
306300997,Hand-to-Hand - Default,6300,997,1,0,[0|0],306300997,0,0,0,1,0,[0|0]
306700950,Light Greatsword - Default,6700,950,1,0,[0|0],306700950,0,10,0,1,0,[0|0]
306700951,Light Greatsword - Default,6700,951,1,0,[0|0],306700951,0,10,0,1,0,[0|0]
306700952,Light Greatsword - Default,6700,952,1,0,[0|0],306700952,0,16,0,1,0,[0|0]
306700953,Light Greatsword - Default,6700,953,1,0,[0|0],306700953,0,9,0,1,0,[0|0]
306700954,Light Greatsword - Default,6700,954,1,0,[0|0],306700954,0,9,0,1,0,[0|0]
306700955,Light Greatsword - Default,6700,955,1,0,[0|0],306700955,0,13,0,1,0,[0|0]
306700956,Light Greatsword - Default,6700,956,1,0,[0|0],306700956,0,14,0,1,0,[0|0]
306700957,Light Greatsword - Default,6700,957,1,0,[0|0],306700957,0,24,0,1,0,[0|0]
306700958,Light Greatsword - Default,6700,958,1,0,[0|0],306700958,0,12,0,1,0,[0|0]
306700959,Light Greatsword - Default,6700,959,1,0,[0|0],306700959,0,20,0,1,0,[0|0]
306700960,Light Greatsword - Default,6700,960,1,0,[0|0],306700960,0,12,0,1,0,[0|0]
306700961,Light Greatsword - Default,6700,961,1,0,[0|0],306700961,0,12,0,1,0,[0|0]
306700962,Light Greatsword - Default,6700,962,1,0,[0|0],306700962,0,20,0,1,0,[0|0]
306700963,Light Greatsword - Default,6700,963,1,0,[0|0],306700963,0,11,0,1,0,[0|0]
306700964,Light Greatsword - Default,6700,964,1,0,[0|0],306700964,0,11,0,1,0,[0|0]
306700965,Light Greatsword - Default,6700,965,1,0,[0|0],306700965,0,16,0,1,0,[0|0]
306700966,Light Greatsword - Default,6700,966,1,0,[0|0],306700966,0,17,0,1,0,[0|0]
306700967,Light Greatsword - Default,6700,967,1,0,[0|0],306700967,0,29,0,1,0,[0|0]
306700968,Light Greatsword - Default,6700,968,1,0,[0|0],306700968,0,15,0,1,0,[0|0]
306700969,Light Greatsword - Default,6700,969,1,0,[0|0],306700969,0,24,0,1,0,[0|0]
306700980,Light Greatsword - Default,6700,980,1,0,[0|0],306700980,0,45,0,1,0,[0|0]
306700981,Light Greatsword - Default,6700,981,1,0,[0|0],306700981,0,30,0,1,0,[0|0]
306700982,Light Greatsword - Default,6700,982,1,0,[0|0],306700982,0,0,0,1,0,[0|0]
306700983,Light Greatsword - Default,6700,983,1,0,[0|0],306700983,0,0,0,1,0,[0|0]
306700984,Light Greatsword - Default,6700,984,1,0,[0|0],306700984,0,45,0,1,0,[0|0]
306700985,Light Greatsword - Default,6700,985,1,0,[0|0],306700985,0,30,0,1,0,[0|0]
306700986,Light Greatsword - Default,6700,986,1,0,[0|0],306700986,0,0,0,1,0,[0|0]
306700987,Light Greatsword - Default,6700,987,1,0,[0|0],306700987,0,54,0,1,0,[0|0]
306700988,Light Greatsword - Default,6700,988,1,0,[0|0],306700988,0,36,0,1,0,[0|0]
306700989,Light Greatsword - Default,6700,989,1,0,[0|0],306700989,0,0,0,1,0,[0|0]
306700990,Light Greatsword - Default,6700,990,1,0,[0|0],306700990,0,0,0,1,0,[0|0]
306700991,Light Greatsword - Default,6700,991,1,0,[0|0],306700991,0,54,0,1,0,[0|0]
306700992,Light Greatsword - Default,6700,992,1,0,[0|0],306700992,0,36,0,1,0,[0|0]
306700993,Light Greatsword - Default,6700,993,1,0,[0|0],306700993,0,0,0,1,0,[0|0]
400000340,spread,0,340,1,1,[0|0],20007040,0,0,0,1,0,[0|0]
400000341,spread_1,0,341,1,1,[0|0],20007041,0,0,0,1,0,[0|0]
400000342,spread_1,0,342,1,1,[0|0],20007042,0,0,0,1,0,[0|0]
400000350,Repeating,0,350,1,1,[0|0],20007050,0,0,0,1,0,[0|0]
402100233,_1,0,233,1,1,[0|0],10630000,0,16,0,0,0,[0|0]
500000620,,0,620,1,0,[0|0],5304620,0,13,0,11,0,[0|0]
500000621,,0,621,1,0,[0|0],5304621,0,13,0,11,0,[0|0]
500000630,,0,630,1,0,[0|0],5304630,0,13,0,11,0,[0|0]
500000631,,0,631,1,0,[0|0],5304631,0,13,0,11,0,[0|0]
500000640,,0,640,1,0,[0|0],5304640,0,13,0,11,0,[0|0]
500000641,,0,641,1,0,[0|0],5304641,0,13,0,11,0,[0|0]
500000750,,0,750,1,0,[0|0],5304750,0,13,0,11,0,[0|0]
500000751,,0,751,1,0,[0|0],5304751,0,13,0,11,0,[0|0]
500000760,,0,760,1,0,[0|0],5304760,0,13,0,11,0,[0|0]
500000761,,0,761,1,0,[0|0],5304761,0,13,0,11,0,[0|0]
500000800,Aqua,0,800,1,0,[0|0],2050700,0,18,0,11,0,[0|0]
500000805,Aqua,0,800,1,0,[0|0],2050705,0,18,0,11,0,[0|0]
500000810,,0,810,1,0,[0|0],2050710,0,18,0,11,0,[0|0]
500000815,,0,815,1,0,[0|0],2050715,0,18,0,11,0,[0|0]
500000820,,0,820,1,0,[0|0],2050720,0,18,0,11,0,[0|0]
500000825,_1,0,825,1,0,[0|0],2050725,0,18,0,11,0,[0|0]
500000830,,0,830,1,0,[0|0],2050730,0,36,0,11,0,[0|0]
500000835,_1,0,830,1,0,[0|0],2050735,0,36,0,11,0,[0|0]
500000840,,0,840,1,0,[0|0],2050740,0,36,0,11,0,[0|0]
500000845,_1,0,845,1,0,[0|0],2050745,0,36,0,11,0,[0|0]
500000850,,0,850,1,0,[0|0],2050750,0,18,0,11,0,[0|0]
500000855,_1,0,855,1,0,[0|0],2050755,0,18,0,11,0,[0|0]
500000860,,0,860,1,0,[0|0],2050760,0,18,0,11,0,[0|0]
500000865,_1,0,865,1,0,[0|0],2050765,0,18,0,11,0,[0|0]
500000870,,0,870,1,0,[0|0],2050770,0,18,0,11,0,[0|0]
500000875,_1,0,875,1,0,[0|0],2050775,0,18,0,11,0,[0|0]
500000880,,0,880,1,0,[0|0],2050780,0,18,0,11,0,[0|0]
500000885,_1,0,885,1,0,[0|0],2050785,0,18,0,11,0,[0|0]
600000036,,0,50,0,1,[0|0],200002050,0,20,0,12,0,[0|0]
600000037,,0,52,0,1,[0|0],200002052,0,20,0,12,0,[0|0]
600000051,,0,51,0,1,[0|0],200002051,0,0,0,12,0,[0|0]
600000060,,0,60,0,0,[0|0],600000060,0,20,0,12,0,[0|0]
600000061,,0,61,0,0,[0|0],600000061,0,20,0,12,0,[0|0]
600000062,,0,62,0,0,[0|0],600000062,0,20,0,12,0,[0|0]
600000063,,0,63,0,0,[0|0],600000063,0,20,0,12,0,[0|0]
600000064,,0,64,0,0,[0|0],600000064,0,20,0,12,0,[0|0]
600000065,,0,65,0,0,[0|0],600000065,0,20,0,12,0,[0|0]
600000066,,0,66,0,0,[0|0],600000066,0,20,0,12,0,[0|0]
600000067,,0,67,0,0,[0|0],600000067,0,20,0,12,0,[0|0]
600000100,,0,0,1,1,[0|0],200002000,0,45,0,12,0,[0|0]
600000101,,0,1,1,1,[0|0],200002001,0,45,0,12,0,[0|0]
600000102,,0,2,1,0,[0|0],600000102,0,45,0,12,0,[0|0]
600000105,,0,5,1,1,[0|0],200002005,0,55,0,12,0,[0|0]
600000106,,0,6,1,1,[0|0],200002006,0,55,0,12,0,[0|0]
600000107,,0,7,1,0,[0|0],600000107,0,55,0,12,0,[0|0]
600000111,Flame Skewer,0,111,1,0,[0|0],600000111,0,40,0,12,0,[0|0]
600000112,Flame Skewer_1,0,112,1,0,[0|0],600000112,0,40,0,12,0,[0|0]
600000113,Flame Skewer_1_1,0,113,0,1,[0|0],200002170,0,20,0,0,0,[0|0]
600000114,Flame Skewer_1_1_1,0,114,0,0,[0|0],600000114,0,20,0,0,0,[0|0]
600000115,Flame Skewer_1_1_1_1,0,115,0,1,[0|0],200002171,0,0,0,0,0,[0|0]
600000116,Flame Skewer_1_1_1_1,0,116,0,1,[0|0],200002172,0,0,0,0,0,[0|0]
600000117,Flame Skewer_1_1_1_1,0,117,0,1,[0|0],200002173,0,0,0,0,0,[0|0]
600000118,Flame Skewer_1_1_1_1,0,118,0,0,[0|0],200002174,0,0,0,0,0,[0|0]
600000130,,0,130,0,0,[0|0],600000130,0,10,0,12,0,[0|0]
600000131,,0,131,0,0,[0|0],600000131,0,10,0,12,0,[0|0]
600000132,,0,132,0,0,[0|0],600000132,0,10,0,12,0,[0|0]
600000133,,0,133,0,0,[0|0],600000133,0,10,0,12,0,[0|0]
600000134,,0,134,0,0,[0|0],600000134,0,10,0,12,0,[0|0]
600000135,,0,135,0,0,[0|0],600000135,0,10,0,12,0,[0|0]
600000136,,0,136,0,0,[0|0],600000136,0,10,0,12,0,[0|0]
600000137,,0,137,0,0,[0|0],600000137,0,10,0,12,0,[0|0]
600000151,,0,150,0,0,[0|0],600000151,0,50,0,12,0,[0|0]
600000160,,0,160,0,0,[0|0],600000160,0,10,0,12,0,[0|0]
600000161,,0,161,0,0,[0|0],600000161,0,10,0,12,0,[0|0]
600000162,,0,162,0,0,[0|0],600000162,0,10,0,12,0,[0|0]
600000163,,0,163,0,0,[0|0],600000163,0,10,0,12,0,[0|0]
600000164,,0,164,0,0,[0|0],600000164,0,10,0,12,0,[0|0]
600000165,,0,165,0,0,[0|0],600000165,0,10,0,12,0,[0|0]
600000166,,0,166,0,0,[0|0],600000166,0,10,0,12,0,[0|0]
600000167,,0,167,0,0,[0|0],600000167,0,10,0,12,0,[0|0]
600000181,,0,181,0,0,[0|0],600000181,0,30,0,12,0,[0|0]
600000182,,0,182,0,0,[0|0],600000182,0,30,0,12,0,[0|0]
600000183,,0,183,0,0,[0|0],600000183,0,30,0,12,0,[0|0]
600000184,_1,0,184,0,0,[0|0],600000184,0,30,0,12,0,[0|0]
600000190,,0,190,0,0,[0|0],600000190,0,30,0,12,0,[0|0]
600000191,,0,191,0,0,[0|0],600000191,0,30,0,12,0,[0|0]
600000192,,0,192,0,1,[0|0],200002210,0,0,0,0,0,[0|0]
600000195,,0,195,0,0,[0|0],600000195,0,46,0,12,0,[0|0]
600000196,,0,196,0,0,[0|0],600000196,0,46,0,12,0,[0|0]
600000197,,0,197,0,1,[0|0],200002211,0,0,0,0,0,[0|0]
600000500,Light Greatsword - Default_1,0,500,0,0,[0|0],600000500,0,36,0,12,0,[0|0]
600000502,Light Greatsword - Default_1_1,0,502,0,1,[0|0],200003270,0,0,0,12,0,[0|0]
600000503,Light Greatsword - Default_1_1_1,0,503,0,1,[0|0],200003280,0,0,0,12,0,[0|0]
600000504,Light Greatsword - Default_1_1_1_1,0,504,0,1,[0|0],200003290,0,0,0,12,0,[0|0]
600000505,Light Greatsword - Default_1_1_1_1,0,505,0,1,[0|0],200003300,0,0,0,12,0,[0|0]
600000506,Light Greatsword - Default_1_1_1_1,0,506,0,1,[0|0],200003310,0,0,0,12,0,[0|0]
600000520,,0,520,0,0,[0|0],600000520,0,46,0,12,0,[0|0]
600000522,,0,522,0,0,[0|0],600000522,0,61,0,12,0,[0|0]
600000523,,0,523,0,1,[0|0],200002101,0,0,0,12,0,[0|0]
600000524,,0,524,0,0,[0|0],600000524,0,46,0,12,0,[0|0]
600000525,,0,525,0,0,[0|0],600000525,0,61,0,12,0,[0|0]
600000530,,0,530,0,0,[0|0],600000530,0,15,0,12,0,[0|0]
600000531,,0,531,0,0,[0|0],600000531,0,15,0,12,0,[0|0]
600000535,,0,535,0,1,[0|0],200002190,0,20,0,12,0,[0|0]
600000536,,0,536,0,0,[0|0],600000536,0,20,0,12,0,[0|0]
600000570,,0,570,0,0,[0|0],600000570,0,10,0,12,0,[0|0]
600000571,,0,571,0,0,[0|0],600000571,0,10,0,12,0,[0|0]
600000572,,0,572,0,0,[0|0],600000572,0,10,0,9,0,[0|0]
600000573,,0,573,0,0,[0|0],600000573,0,10,0,12,0,[0|0]
600000574,,0,574,0,0,[0|0],600000574,0,10,0,12,0,[0|0]
600000575,,0,575,0,0,[0|0],600000575,0,10,0,9,0,[0|0]
600000710,,0,710,0,0,[0|0],304,0,0,0,5,0,[0|0]
600000711,,0,711,0,0,[0|0],600000711,0,27,0,12,0,[0|0]
600000712,,0,712,0,0,[0|0],600000712,0,11,0,12,0,[0|0]
600000713,,0,713,0,0,[0|0],600000713,0,11,0,12,0,[0|0]
600000714,,0,714,0,0,[0|0],600000714,0,18,0,12,0,[0|0]
600000715,,0,715,0,0,[0|0],304,0,0,0,5,0,[0|0]
600000716,,0,716,0,0,[0|0],600000716,0,27,0,12,0,[0|0]
600000717,,0,717,0,0,[0|0],600000717,0,11,0,12,0,[0|0]
600000718,,0,718,0,0,[0|0],600000718,0,11,0,12,0,[0|0]
600000719,,0,719,0,0,[0|0],600000719,0,18,0,12,0,[0|0]
600000790,,0,790,0,0,[0|0],600000790,0,10,0,12,0,[0|0]
600000791,,0,791,0,0,[0|0],600000791,0,10,0,12,0,[0|0]
600000792,,0,792,0,0,[0|0],600000792,0,10,0,12,0,[0|0]
600000793,,0,793,0,0,[0|0],600000793,0,10,0,12,0,[0|0]
600000820,,0,820,0,0,[0|0],600000820,0,0,0,12,0,[0|0]
600000821,,0,821,0,1,[0|0],200002360,0,30,0,12,0,[0|0]
600000822,,0,822,0,0,[0|0],600000822,0,15,0,12,0,[0|0]
600000823,,0,823,0,0,[0|0],600000823,0,25,0,12,0,[0|0]
600000824,,0,824,0,0,[0|0],600000824,0,0,0,12,0,[0|0]
600000825,,0,825,0,0,[0|0],600000825,0,30,0,12,0,[0|0]
600000827,,0,827,0,0,[0|0],600000827,0,15,0,12,0,[0|0]
600000828,,0,828,0,0,[0|0],600000828,0,25,0,12,0,[0|0]
600000830,,0,830,0,0,[0|0],600000830,0,7,0,12,0,[0|0]
600000831,,0,831,0,0,[0|0],600000831,0,7,0,12,0,[0|0]
600000832,,0,832,0,0,[0|0],600000832,0,7,0,12,0,[0|0]
600000833,,0,833,0,0,[0|0],600000833,0,7,0,12,0,[0|0]
600000834,,0,834,0,0,[0|0],600000834,0,7,0,12,0,[0|0]
600000835,,0,835,0,0,[0|0],600000835,0,7,0,12,0,[0|0]
600000836,,0,836,0,0,[0|0],600000836,0,30,0,12,0,[0|0]
600000837,,0,837,0,0,[0|0],600000837,0,30,0,12,0,[0|0]
600000840,,0,840,0,0,[0|0],600000840,0,40,0,12,0,[0|0]
600000841,,0,841,0,1,[0|0],200002150,0,0,0,12,0,[0|0]
600000842,,0,842,0,1,[0|0],200002151,0,0,0,12,0,[0|0]
600000843,,0,843,0,0,[0|0],600000843,0,70,0,12,0,[0|0]
600000844,,0,844,0,1,[0|0],200002152,0,0,0,12,0,[0|0]
600000845,,0,845,0,1,[0|0],200002153,0,0,0,12,0,[0|0]
600000846,,0,846,0,0,[0|0],600000846,0,40,0,12,0,[0|0]
600000847,,0,847,0,0,[0|0],600000847,0,70,0,12,0,[0|0]
600000860,,0,860,0,0,[0|0],600000860,0,0,0,12,0,[0|0]
600000861,,0,861,0,0,[0|0],600000861,0,40,0,12,0,[0|0]
600000862,,0,862,0,0,[0|0],600000862,0,0,0,12,0,[0|0]
600000863,,0,863,0,1,[0|0],200002540,0,20,0,12,0,[0|0]
600000865,,0,865,0,0,[0|0],600000865,0,40,0,12,0,[0|0]
600000868,,0,868,0,0,[0|0],600000868,0,20,0,12,0,[0|0]
600000880,,0,880,0,1,[0|0],200002410,0,3,0,12,0,[0|0]
600000885,,0,885,0,1,[0|0],200002415,0,0,0,12,0,[0|0]
600000890,,0,890,0,1,[0|0],200002420,0,0,0,12,0,[0|0]
600000895,,0,895,0,1,[0|0],200002425,0,30,0,12,0,[0|0]
600000901,,0,901,0,0,[0|0],600000901,0,13,0,12,0,[0|0]
600000902,,0,902,0,0,[0|0],600000902,0,13,0,12,0,[0|0]
600000903,,0,903,0,0,[0|0],600000903,0,13,0,12,0,[0|0]
600000904,,0,904,0,0,[0|0],600000904,0,13,0,12,0,[0|0]
600000905,,0,905,0,0,[0|0],600000905,0,13,0,12,0,[0|0]
600000906,_1,0,906,0,0,[0|0],600000900,0,13,0,12,0,[0|0]
600000912,,0,912,0,0,[0|0],600000912,0,13,0,12,0,[0|0]
600000913,,0,913,0,0,[0|0],600000913,0,13,0,12,0,[0|0]
600000914,,0,914,0,0,[0|0],600000914,0,13,0,12,0,[0|0]
600000915,,0,915,0,0,[0|0],600000915,0,13,0,12,0,[0|0]
600000916,_1,0,916,0,0,[0|0],600000910,0,13,0,12,0,[0|0]
600000940,,0,940,0,0,[0|0],600000940,0,8,0,12,0,[0|0]
600000941,,0,941,0,0,[0|0],600000941,0,12,0,12,0,[0|0]
600000942,,0,942,0,1,[0|0],200002450,0,0,0,12,0,[0|0]
600000943,,0,943,0,0,[0|0],600000943,0,7,0,12,0,[0|0]
600000944,,0,944,0,0,[0|0],600000944,0,7,0,12,0,[0|0]
600000945,,0,945,0,0,[0|0],600000945,0,7,0,12,0,[0|0]
600000946,,0,946,0,0,[0|0],600000946,0,15,0,12,0,[0|0]
600000947,,0,947,0,1,[0|0],200002451,0,0,0,12,0,[0|0]
600000948,,0,948,0,1,[0|0],200002453,0,0,0,12,0,[0|0]
600000980,,0,980,0,0,[0|0],600000980,0,20,0,12,0,[0|0]
600000981,,0,981,0,0,[0|0],600000981,0,0,0,12,0,[0|0]
600000982,,0,982,0,0,[0|0],600000982,0,12,0,12,0,[0|0]
600000983,,0,983,0,0,[0|0],600000983,0,0,0,12,0,[0|0]
600000984,,0,984,0,0,[0|0],600000984,0,14,0,12,0,[0|0]
600000985,,0,985,0,0,[0|0],600000985,0,0,0,12,0,[0|0]
600000986,,0,986,0,0,[0|0],600000986,0,26,0,12,0,[0|0]
600000987,,0,987,0,0,[0|0],600000987,0,0,0,12,0,[0|0]
602210900,Claws of Night -,2210,900,0,1,[0|0],200002530,0,8,0,12,0,[0|0]
602210901,Claws of Night -,2210,901,0,1,[0|0],200002531,0,8,0,12,0,[0|0]
602210902,Claws of Night -,2210,902,0,1,[0|0],200002532,0,8,0,12,0,[0|0]
602210903,Claws of Night -,2210,903,0,1,[0|0],200002533,0,8,0,12,0,[0|0]
602210909,Claws of Night -,2210,909,0,1,[0|0],200002539,0,16,0,12,0,[0|0]
606100100,Thrusting Shield - Default,6100,100,0,0,[0|0],606100100,0,40,0,12,0,[0|0]
606100101,Thrusting Shield - Default,6100,101,0,0,[0|0],606100101,0,40,0,12,0,[0|0]
606700100,Light Greatsword - Default,6700,100,0,0,[0|0],600200100,0,40,0,12,0,[0|0]
700000020,,0,20,0,0,[0|0],700000020,0,60,0,12,0,[0|0]
700000021,,0,21,0,0,[0|0],700000021,0,45,0,12,0,[0|0]
700000022,,0,22,0,0,[0|0],700000022,0,45,0,12,0,[0|0]
700000023,,0,23,0,0,[0|0],700000023,0,35,0,12,0,[0|0]
700000024,,0,24,0,0,[0|0],700000024,0,60,0,12,0,[0|0]
700000025,,0,25,0,0,[0|0],700000025,0,45,0,12,0,[0|0]
700000026,,0,26,0,1,[0|0],200002220,0,0,0,12,0,[0|0]
700000027,,0,27,0,0,[0|0],700000027,0,0,0,12,0,[0|0]
700000028,,0,28,0,0,[0|0],700000028,0,0,0,12,0,[0|0]
700000151,,0,151,0,1,[0|0],200003081,0,10,0,12,0,[0|0]
700000152,,0,152,0,1,[0|0],200003082,0,10,0,12,0,[0|0]
700000153,,0,153,0,1,[0|0],200003083,0,10,0,12,0,[0|0]
700000154,,0,154,0,1,[0|0],200003084,0,10,0,12,0,[0|0]
700000155,,0,155,0,0,[0|0],700000155,0,10,0,12,0,[0|0]
700000156,,0,156,0,0,[0|0],700000156,0,10,0,12,0,[0|0]
700000157,,0,157,0,0,[0|0],700000157,0,10,0,12,0,[0|0]
700000158,,0,158,0,0,[0|0],700000158,0,10,0,12,0,[0|0]
700000159,,0,159,0,0,[0|0],700000159,0,10,0,12,0,[0|0]
700000160,,0,160,0,0,[0|0],700000160,0,10,0,12,0,[0|0]
700000161,,0,161,0,0,[0|0],700000161,0,10,0,12,0,[0|0]
700000162,,0,162,0,0,[0|0],700000162,0,10,0,12,0,[0|0]
700000163,,0,163,0,0,[0|0],700000163,0,10,0,12,0,[0|0]
700000164,,0,164,0,0,[0|0],700000164,0,10,0,12,0,[0|0]
700000165,_1,0,165,0,1,[0|0],200003080,0,10,0,12,0,[0|0]
700000170,,0,170,0,1,[0|0],200003090,0,5,0,12,0,[0|0]
700000171,,0,171,0,1,[0|0],200003091,0,5,0,12,0,[0|0]
700000172,,0,172,0,1,[0|0],200003092,0,5,0,12,0,[0|0]
700000173,,0,173,0,1,[0|0],200003093,0,5,0,12,0,[0|0]
700000175,,0,175,0,0,[0|0],700000175,0,10,0,12,0,[0|0]
700000176,,0,176,0,0,[0|0],700000176,0,10,0,12,0,[0|0]
700000177,,0,177,0,0,[0|0],700000177,0,10,0,12,0,[0|0]
700000180,,0,180,0,0,[0|0],700000180,0,10,0,12,0,[0|0]
700000181,,0,181,0,0,[0|0],700000181,0,10,0,12,0,[0|0]
700000182,,0,182,0,0,[0|0],700000182,0,10,0,12,0,[0|0]
700000270,,0,270,0,0,[0|0],700000270,0,9,0,12,0,[0|0]
700000271,,0,271,0,0,[0|0],700000271,0,9,0,12,0,[0|0]
700000272,,0,272,0,0,[0|0],700000272,0,9,0,12,0,[0|0]
700000273,,0,273,0,0,[0|0],700000273,0,12,0,12,0,[0|0]
700000274,,0,274,0,0,[0|0],700000274,0,12,0,12,0,[0|0]
700000275,,0,275,0,0,[0|0],700000275,0,12,0,12,0,[0|0]
700000276,,0,276,0,0,[0|0],700000276,0,9,0,12,0,[0|0]
700000277,,0,277,0,0,[0|0],700000277,0,9,0,12,0,[0|0]
700000278,,0,278,0,0,[0|0],700000278,0,9,0,12,0,[0|0]
700000279,,0,279,0,0,[0|0],700000279,0,12,0,12,0,[0|0]
700000282,_1,0,282,0,0,[0|0],700000280,0,12,0,12,0,[0|0]
700000283,_1_1,0,283,0,0,[0|0],700000282,0,12,0,12,0,[0|0]
700000331,,0,331,0,0,[0|0],700000331,0,10,0,12,0,[0|0]
700000332,,0,332,0,0,[0|0],700000332,0,16,0,12,0,[0|0]
700000333,,0,333,0,0,[0|0],700000333,0,16,0,12,0,[0|0]
700000334,,0,334,0,0,[0|0],700000334,0,8,0,12,0,[0|0]
700000335,,0,335,0,0,[0|0],700000335,0,36,0,12,0,[0|0]
700000336,,0,336,0,0,[0|0],700000336,0,10,0,12,0,[0|0]
700000337,,0,337,0,0,[0|0],700000337,0,10,0,12,0,[0|0]
700000338,,0,338,0,0,[0|0],700000338,0,16,0,12,0,[0|0]
700000339,,0,339,0,0,[0|0],700000339,0,16,0,12,0,[0|0]
700000340,,0,340,0,0,[0|0],700000340,0,8,0,12,0,[0|0]
700000341,,0,341,0,0,[0|0],700000341,0,36,0,12,0,[0|0]
700000342,_1,0,342,0,0,[0|0],700000342,0,10,0,12,0,[0|0]
700000567,_1,0,567,1,0,[0|0],2813700,0,30,0,11,0,[0|0]
700000568,_1_1,0,568,1,1,[0|0],100050600,0,0,0,11,0,[0|0]
700000569,_1_1_1,0,569,1,0,[0|0],2813720,0,10,0,11,0,[0|0]
700000570,_1_1_1_1,0,570,1,0,[0|0],2813730,0,10,0,11,0,[0|0]
700000571,_1_1_1_1,0,571,1,0,[0|0],2813740,0,10,0,11,0,[0|0]
700000572,_1_1_1_1,0,572,1,0,[0|0],2813750,0,10,0,11,0,[0|0]
700000573,_1_1_1_1,0,573,1,0,[0|0],2813760,0,30,0,11,0,[0|0]
700000574,_1_1_1_1,0,568,1,0,[0|0],2813720,0,10,0,11,0,[0|0]
700000575,_1_1_1_1,0,568,1,0,[0|0],2813720,0,10,0,11,0,[0|0]
700000576,no fp,0,576,1,0,[0|0],2813721,0,10,0,11,0,[0|0]
700000577,no fp,0,577,1,0,[0|0],2813731,0,10,0,11,0,[0|0]
700000578,no fp,0,578,1,0,[0|0],2813741,0,10,0,11,0,[0|0]
700000579,no fp,0,579,1,0,[0|0],2813751,0,10,0,11,0,[0|0]
700000620,_1,0,620,0,0,[0|0],2711620,0,10,0,12,0,[0|0]
700000621,_1_1,0,621,0,0,[0|0],2711621,0,10,0,12,0,[0|0]
700000630,_1_1_1,0,630,0,0,[0|0],2711630,0,10,0,12,0,[0|0]
700000631,_1_1_1_1,0,631,0,0,[0|0],2711631,0,10,0,12,0,[0|0]
700000632,_1_1_1_1_1,0,632,0,0,[0|0],2711632,0,10,0,12,0,[0|0]
700000640,_1_1_1_1_1_1,0,640,0,0,[0|0],2711640,0,10,0,12,0,[0|0]
700000641,_1_1_1_1_1_1_1,0,641,0,0,[0|0],2711641,0,10,0,12,0,[0|0]
700000700,_1_1_1_1_1_1_1_1,0,700,0,0,[0|0],2711700,0,10,0,12,0,[0|0]
700000701,_1_1_1_1_1_1_1_1_1,0,701,0,0,[0|0],2711701,0,10,0,12,0,[0|0]
700000702,_1_1_1_1_1_1_1_1_1_1,0,702,0,1,[0|0],100161500,0,10,0,12,0,[0|0]
700000703,_1_1_1_1_1_1_1_1_1_1_1,0,703,0,1,[0|0],100161510,0,10,0,12,0,[0|0]
700000750,_1_1_1_1_1_1_1_1_1_1,0,750,0,0,[0|0],2711750,0,10,0,12,0,[0|0]
700000751,_1_1_1_1_1_1_1_1_1_1_1,0,751,0,0,[0|0],2711751,0,10,0,12,0,[0|0]
700000760,_1_1_1_1_1_1_1_1_1_1_1_1,0,760,0,0,[0|0],2711760,0,10,0,12,0,[0|0]
700000761,_1_1_1_1_1_1_1_1_1_1_1_1_1,0,761,0,0,[0|0],2711761,0,10,0,12,0,[0|0]
800000520,Gotthard Twinswords,0,520,0,0,[0|0],2390620,0,14,0,11,0,[0|0]
800000521,Gotthard Twinswords,0,521,0,0,[0|0],2390621,0,14,0,11,0,[0|0]
800000530,Gotthard Twinswords,0,530,0,0,[0|0],2390630,0,14,0,11,0,[0|0]
800000531,Gotthard Twinswords,0,531,0,0,[0|0],2390631,0,14,0,11,0,[0|0]
800000540,Gotthard Twinswords,0,540,0,0,[0|0],2390640,0,14,0,11,0,[0|0]
800000541,Gotthard Twinswords,0,541,0,0,[0|0],2390641,0,14,0,11,0,[0|0]
800000640,Gotthard Twinswords,0,640,0,0,[0|0],2390740,0,6,0,11,0,[0|0]
800000641,Gotthard Twinswords,0,641,0,0,[0|0],2390741,0,6,0,11,0,[0|0]
800000642,Gotthard Twinswords,0,642,0,0,[0|0],2390742,0,13,0,11,0,[0|0]
800000643,Gotthard Twinswords,0,643,0,0,[0|0],2390743,0,13,0,11,0,[0|0]
800000644,Gotthard Twinswords,0,644,0,0,[0|0],2390744,0,13,0,11,0,[0|0]
800000645,Gotthard Twinswords,0,645,0,0,[0|0],2390745,0,13,0,11,0,[0|0]
800000646,Gotthard Twinswords,0,646,0,0,[0|0],2390746,0,10,0,11,0,[0|0]
800000647,Gotthard Twinswords,0,647,0,0,[0|0],2390747,0,10,0,11,0,[0|0]
800000650,Gotthard Twinswords,0,650,0,0,[0|0],2390750,0,16,0,11,0,[0|0]
800000651,Gotthard Twinswords,0,651,0,0,[0|0],2390751,0,16,0,11,0,[0|0]
800000660,Gotthard Twinswords,0,660,0,0,[0|0],2390760,0,18,0,11,0,[0|0]
800000661,Gotthard Twinswords,0,661,0,0,[0|0],2390761,0,18,0,11,0,[0|0]
800000670,Farron revive boost,0,670,0,0,[0|0],2390770,0,0,0,0,0,[0|0]
800000700,Gael,0,700,0,0,[0|0],2519700,0,0,0,12,0,[0|0]
800000701,Gael_1,0,701,0,1,[0|0],10311103,0,0,0,11,0,[0|0]
800000710,Gael_1,0,710,0,0,[0|0],2519710,0,10,0,12,0,[0|0]
800000720,Gael_1,0,720,0,0,[0|0],2519720,0,0,0,12,0,[0|0]
800000721,Gael_1_1,0,721,0,0,[0|0],2519721,0,10,0,12,0,[0|0]
800000800,Ledo aow,0,800,0,0,[0|0],3512700,0,0,0,12,0,[0|0]
800000810,Ledo aow_1,0,810,0,0,[0|0],3512710,0,35,0,12,0,[0|0]
800000820,Ledo aow_1_1,0,820,0,0,[0|0],3512720,0,20,0,12,0,[0|0]
800000830,Ledo aow_1_1_1,0,830,0,0,[0|0],3512730,0,80,0,12,0,[0|0]
800000831,Ledo aow_1_1_1_1,0,831,0,0,[0|0],3512731,0,0,0,12,0,[0|0]
800000840,Ledo aow_1_1_1_1_1,0,840,0,1,[0|0],100083200,0,0,0,12,0,[0|0]
800000850,Ledo aow_1_1_1_1_1_1,0,850,0,0,[0|0],3512750,0,0,0,12,0,[0|0]
890000902,_1,0,0,1,1,[0|0],300003000,0,0,0,0,0,[0|0]
900000101,Ancient meteoric R2,0,101,1,0,[0|0],402106,0,0,0,1,0,[0|0]
900000102,Ancient meteoric R2,0,102,1,0,[0|0],402306,0,0,0,11,0,[0|0]
900000300,Friede,0,300,0,0,[0|0],5030700,0,17,0,11,0,[0|0]
900000301,Friede,0,301,0,0,[0|0],5030701,0,0,0,11,0,[0|0]
900000302,Friede,0,302,0,0,[0|0],5030702,0,17,0,11,0,[0|0]
900000303,Friede,0,303,0,0,[0|0],5030710,0,17,0,11,0,[0|0]
900000304,Friede,0,304,0,0,[0|0],5030711,0,0,0,11,0,[0|0]
900000305,Friede,0,305,0,0,[0|0],5030712,0,17,0,11,0,[0|0]
900000306,Friede,0,306,0,0,[0|0],5030720,0,17,0,11,0,[0|0]
900000307,Friede,0,307,0,0,[0|0],5030721,0,0,0,11,0,[0|0]
900000308,Friede,0,308,0,0,[0|0],5030722,0,17,0,11,0,[0|0]
900000309,Friede,0,309,0,0,[0|0],5030730,0,45,0,11,0,[0|0]
900000310,Friede,0,309,0,1,[0|0],100101800,0,0,0,11,0,[0|0]
900000311,Friede,0,311,0,1,[0|0],100101801,0,0,0,11,0,[0|0]
900000420,RKPG,0,420,0,0,[0|0],2615620,0,46,0,11,0,[0|0]
900000421,RKPG,0,421,0,0,[0|0],2615621,0,23,0,11,0,[0|0]
900000422,RKPG,0,421,0,0,[0|0],2615622,0,0,0,11,0,[0|0]
900000430,RKPG,0,430,0,0,[0|0],2615630,0,23,0,11,0,[0|0]
900000431,RKPG,0,431,0,0,[0|0],2615631,0,23,0,11,0,[0|0]
900000440,RKPG,0,440,0,0,[0|0],2615640,0,23,0,11,0,[0|0]
900000441,RKPG,0,441,0,0,[0|0],2615641,0,0,0,11,0,[0|0]
900000442,RKPG,0,442,0,0,[0|0],2615642,0,0,0,11,0,[0|0]
900000443,RKPG,0,443,0,0,[0|0],2615643,0,0,0,11,0,[0|0]
900000500,RKPG,0,500,0,0,[0|0],2615700,0,32,0,11,0,[0|0]
900000501,RKPG,0,501,0,0,[0|0],2615701,0,32,0,11,0,[0|0]
900000502,RKPG,0,502,0,1,[0|0],100161600,0,0,0,11,0,[0|0]
900000503,RKPG,0,503,0,1,[0|0],100161601,0,0,0,11,0,[0|0]
900000510,RKPG,0,510,0,0,[0|0],2615710,0,60,0,11,0,[0|0]
900000511,RKPG,0,511,0,0,[0|0],2615711,0,0,0,11,0,[0|0]
900000520,RKPG,0,520,0,0,[0|0],2615720,0,70,0,11,0,[0|0]
900000530,RKPG,0,530,0,0,[0|0],2615730,0,0,0,11,0,[0|0]
900000531,RKPG,0,531,0,0,[0|0],2615731,0,0,0,11,0,[0|0]
900000532,RKPG,0,532,0,1,[0|0],100161610,0,0,0,11,0,[0|0]
900000550,RKPG,0,550,0,0,[0|0],2615750,0,27,0,11,0,[0|0]
900000551,RKPG,0,551,0,0,[0|0],2615751,0,27,0,11,0,[0|0]
900000560,RKPG,0,560,0,0,[0|0],2615760,0,25,0,11,0,[0|0]
900000561,RKPG,0,561,0,0,[0|0],2615761,0,25,0,11,0,[0|0]
900000620,_1,0,620,1,0,[0|0],2620620,0,24,0,11,0,[0|0]
900000621,_1_1,0,621,1,0,[0|0],2620621,0,12,0,11,0,[0|0]
900000622,_1_1_1,0,622,1,0,[0|0],2620622,0,0,0,1,0,[0|0]
900000630,_1_1_1_1,0,630,1,0,[0|0],2620630,0,24,0,11,0,[0|0]
900000631,_1_1_1_1_1,0,631,1,0,[0|0],2620631,0,12,0,11,0,[0|0]
900000640,_1_1_1_1_1_1,0,640,1,0,[0|0],2620640,0,24,0,11,0,[0|0]
900000641,_1_1_1_1_1_1_1,0,641,1,0,[0|0],2620641,0,24,0,11,0,[0|0]
900000701,_1_1_1_1_1_1_1_1,0,701,11,0,[0|0],2620701,0,0,0,1,0,[0|0]
900000750,_1_1_1_1_1_1_1_1_1,0,750,1,0,[0|0],2620750,0,27,0,11,0,[0|0]
900000751,_1_1_1_1_1_1_1_1_1_1,0,751,1,0,[0|0],2620751,0,27,0,11,0,[0|0]
900000760,_1_1_1_1_1_1_1_1_1_1_1,0,760,1,0,[0|0],2620760,0,24,0,11,0,[0|0]
900000761,_1_1_1_1_1_1_1_1_1_1_1_1,0,761,1,0,[0|0],2620761,0,25,0,11,0,[0|0]
900000800,euporia,0,800,0,1,[0|0],200002340,0,0,0,12,0,[0|0]
900000801,euporia_1,0,801,0,1,[0|0],200002341,0,0,0,12,0,[0|0]
900000802,euporia_1_1,0,802,0,1,[0|0],200002342,0,0,0,12,0,[0|0]
900000803,euporia_1_1_1,0,803,0,1,[0|0],200002343,0,0,0,12,0,[0|0]
900000804,euporia_1_1_1,0,804,1,0,[0|0],200002344,0,0,0,12,0,[0|0]
900000810,,0,810,0,1,[0|0],200002350,0,0,0,12,0,[0|0]
900000811,,0,811,0,1,[0|0],200002351,0,0,0,12,0,[0|0]
900000812,,0,812,0,1,[0|0],200002352,0,0,0,12,0,[0|0]
900000813,,0,813,0,1,[0|0],200002353,0,0,0,12,0,[0|0]
900000814,,0,814,0,1,[0|0],200002354,0,0,0,12,0,[0|0]
