ID,Name,atkId_Bullet,sfxId_Bullet,sfxId_Hit,sfxId_Flick,life,dist,shootInterval,gravityInRange,gravityOutRange,hormingStopRange,initVellocity,accelInRange,accelOutRange,maxVellocity,minVellocity,accelTime,homingBeginDist,hitRadius,hitRadiusMax,spreadTime,expDelay,hormingOffsetRange,dmgHitRecordLifeTime,externalForce,spEffectIDForShooter,autoSearchNPCThinkID,HitBulletID,spEffectId0,spEffectId1,spEffectId2,spEffectId3,spEffectId4,numShoot,homingAngle,shootAngle,shootAngleInterval,shootAngleXInterval,damageDamp,spelDamageDamp,fireDamageDamp,thunderDamageDamp,staminaDamp,knockbackDamp,shootAngleXZ,lockShootLimitAng,pad2,prevVelocityDirRate,atkAttribute,spAttribute,Material_AttackType,Material_AttackMaterial,isPenetrateChr,isPenetrateObj,pad_old,launchConditionType,FollowType,EmittePosType,isAttackSFX,isEndlessHit,isPenetrateMap,isHitBothTeam,isUseSharedHitList,isUseMultiDmyPolyIfPlace,isHitOtherBulletForceEraseA,isHitOtherBulletForceEraseB,isHitForceMagic,isIgnoreSfxIfHitWater,isIgnoreMoveStateIfHitWater,isHitDarkForceMagic,dmgCalcSide,isEnableAutoHoming,isSyncBulletCulcDumypolyPos,isOwnerOverrideInitAngle,isInheritSfxToChild,darkDamageDamp,bulletSfxDeleteType_byHit,bulletSfxDeleteType_byLifeDead,targetYOffsetRange,shootAngleYMaxRandom,shootAngleXMaxRandom,intervalCreateBulletId,intervalCreateTimeMin,intervalCreateTimeMax,predictionShootObserveTime,intervalCreateWaitTime,sfxPostureType,createLimitGroupId,pad5,isInheritSpeedToChild,isDisableHitSfx_byChrAndObj,isCheckWall_byCenterRay,isHitFlare,isUseBulletWallFilter,pad1,isNonDependenceMagicForFunnleNum,isAiInterruptShootNoDamageBullet,randomCreateRadius,followOffset_BaseHeight,assetNo_Hit,lifeRandomRange,homingAngleX,ballisticCalcType,attachEffectType,seId_Bullet1,seId_Bullet2,seId_Hit,seId_Flick,howitzerShootAngleXMin,howitzerShootAngleXMax,howitzerInitMinVelocity,howitzerInitMaxVelocity,sfxId_ForceErase,bulletSfxDeleteType_byForceErase,pad3,followDmypoly_forSfxPose,followOffset_Radius,spBulletDistUpRate,nolockTargetDist,unknown_1,unknown_2,unknown_3,unknown_4,unknown_5,unknown_6,unknown_7,unknown_8,unknown_9,unknown_10,unknown_11,unknown_12,unknown_13,unknown_14,unknown_15,unknown_16,unknown_17,fh_unknown_1,fh_unknown_2,fh_unknown_3,fh_unknown_4,fh_unknown_padding,
1011,Scorching Radiance 1,2,-1,-1,-1,0.001,0,0,0,0,0,0,0,0,0,0,0,0,8,8,0,0,0,0,0,-1,0,-1,1623001,0,0,0,0,1,0,0,0,0,0,0,0,0,0,0,0,0,0,0,254,254,254,254,1,1,0,0,1,0,0,0,1,0,0,0,0,0,0,0,1,0,0,0,0,0,0,0,0,0,0,0,0,-1,0,0,0,0,0,0,0,0,0,0,0,0,0,1,0,0,0,-1,0,-1,0,0,-1,-1,-1,-1,0,0,0,0,-1,0,0,90,0.2,1,0,0,0,0,0,0,0,0,0,0,-1,0,0,0,0,0,0,0,0,0,0,0,[0|0|0|0|0|0|0|0|0|0|0|0]
1012,Scorching Radiance 2,2,-1,-1,-1,0.001,0,0,0,0,0,0,0,0,0,0,0,0,8,8,0,0,0,0,0,-1,0,-1,1623002,0,0,0,0,1,0,0,0,0,0,0,0,0,0,0,0,0,0,0,254,254,254,254,1,1,0,0,1,0,0,0,1,0,0,0,0,0,0,0,1,0,0,0,0,0,0,0,0,0,0,0,0,-1,0,0,0,0,0,0,0,0,0,0,0,0,0,1,0,0,0,-1,0,-1,0,0,-1,-1,-1,-1,0,0,0,0,-1,0,0,90,0.2,1,0,0,0,0,0,0,0,0,0,0,-1,0,0,0,0,0,0,0,0,0,0,0,[0|0|0|0|0|0|0|0|0|0|0|0]
13710000,Lightning Stake,13710000,527102,-1,-1,0.5,30,0,0,0,0,30,0,0,30,30,0,0,2,2.5,0.3,0,0,0,0,-1,0,13710100,0,0,0,0,0,1,0,0,0,0,0,0,0,0,0,0,90,0,0,0,254,254,254,254,1,1,0,0,0,0,1,0,0,0,1,0,0,0,0,0,0,0,0,0,0,0,0,0,0,0,0,0,0,-1,0,0,0,0,0,0,0,0,0,0,1,0,0,0,0,0,0,-1,0,-1,0,0,-1,-1,-1,-1,0,0,0,0,-1,0,0,-1,0,1,0,0,0,0,0,0,0,0,0,0,-1,0,0,0,0,0,0,0,0,0,0,0,[0|0|0|0|0|0|0|0|0|0|0|0]
13710100,Sunlight Stake,13710100,-1,-1,-1,0.1,0,0,0,0,0,0,0,0,0,0,0,0,0.9,-1,0,0,0,0,0,-1,0,13710200,0,0,0,0,0,1,0,0,0,0,0,0,0,0,0,0,0,0,0,0,254,254,254,254,1,1,0,0,0,0,1,0,1,0,0,0,0,0,0,0,0,0,0,0,0,0,0,0,0,0,0,0,0,990,0.05,0.05,0,0.02,0,0,0,0,0,0,1,0,0,0,0,0,0,-1,0,-1,0,0,-1,-1,-1,-1,0,0,0,0,-1,0,0,-1,0,1,0,0,0,0,0,0,0,0,0,0,-1,0,0,0,0,0,0,0,0,0,0,0,[0|0|0|0|0|0|0|0|0|0|0|0]
13710200,Sunlight Stake,13710100,-1,-1,-1,0.2,0,0,0,0,0,0,0,0,0,0,0,0,2,2.1,0.1,0,0,0,0,-1,0,-1,0,0,0,0,0,1,0,0,0,0,0,0,0,0,0,0,0,0,0,0,254,254,254,254,1,1,0,0,0,0,1,0,1,0,0,0,0,0,0,0,0,0,0,0,0,0,0,0,0,0,0,0,0,-1,0,0,0,0,0,0,0,0,0,0,1,0,0,0,0,0,0,-1,0,-1,0,0,-1,-1,-1,-1,0,0,0,0,-1,0,0,-1,0,1,0,0,0,0,0,0,0,0,0,0,-1,0,0,0,0,0,0,0,0,0,0,0,[0|0|0|0|0|0|0|0|0|0|0|0]
990,Sunlight Stake,-1,-1,0,-1,0.07,0,0,0,0,0,0,0,0,0,0,0,0,0.1,-1,0,0,0,5,0,-1,0,991,0,0,0,0,0,1,0,0,0,0,0,0,0,0,0,0,0,0,0,0,254,254,254,254,1,1,0,2,0,0,0,0,0,0,1,0,0,0,0,0,0,0,0,0,0,0,0,0,0,0,0,0,0,-1,0,0,0,0,0,0,0,0,0,0,1,0,0,0,0,0,0,-1,0,-1,0,0,-1,-1,-1,-1,0,0,0,0,-1,0,0,-1,0,1,0,0,0,0,0,0,0,0,0,0,-1,0,0,0,0,0,0,0,0,0,0,0,[0|0|0|0|0|0|0|0|0|0|0|0]
991,Sunlight Stake_1,1057,300173,0,-1,0.07,0,0,0,0,0,20,0,0,20,20,0,0,0.7,-1,0,0,0,5,0,-1,0,992,0,0,0,0,0,10,0,0,36,0,0,0,0,0,0,0,0,0,0,0,254,254,254,254,1,1,0,0,0,0,0,0,1,0,1,0,0,0,0,0,0,0,0,0,0,0,0,0,0,0,0,0,0,-1,0,0,0,0,0,0,0,0,0,0,1,0,0,0,0,0,0,-1,0,-1,0,0,-1,-1,-1,-1,0,0,0,0,-1,0,0,-1,0,1,0,0,0,0,0,0,0,0,0,0,-1,0,0,0,0,0,0,0,0,0,0,0,[0|0|0|0|0|0|0|0|0|0|0|0]
992,Sunlight Stake_1_1,1057,-1,0,-1,0.7,0,0,0,0,0,0,0,0,0,0,0,0,0.7,-1,0,0,0,5,0,-1,0,993,0,0,0,0,0,1,0,0,0,0,0,0,0,0,0,0,0,0,0,0,254,254,254,254,1,1,0,0,0,0,0,0,0,0,1,0,0,0,0,0,0,0,0,0,0,0,0,0,0,0,0,0,0,-1,0,0,0,0,0,0,0,0,0,0,1,0,0,0,0,0,0,-1,0,-1,0,0,-1,-1,-1,-1,0,0,0,0,-1,0,0,-1,0,1,0,0,0,0,0,0,0,0,0,0,-1,0,0,0,0,0,0,0,0,0,0,0,[0|0|0|0|0|0|0|0|0|0|0|0]
993,Sunlight Stake_1_1_1,1057,-1,0,-1,0.7,0,0,0,0,0,0,0,0,0,0,0,0,0.7,-1,0,0,0,5,0,-1,0,994,0,0,0,0,0,1,0,0,0,0,0,0,0,0,0,0,0,0,0,0,254,254,254,254,1,1,0,2,0,0,0,0,0,0,1,0,0,0,0,0,0,0,0,0,0,0,0,0,0,0,0,0,0,-1,0,0,0,0,0,0,0,0,0,0,1,0,0,0,0,0,0,-1,0,-1,0,0,-1,-1,-1,-1,0,0,0,0,-1,0,0,-1,0,1,0,0,0,0,0,0,0,0,0,0,-1,0,0,0,0,0,0,0,0,0,0,0,[0|0|0|0|0|0|0|0|0|0|0|0]
994,Sunlight Stake_1_1_1_1,1057,300173,0,-1,0.7,0,0,0,0,0,5,-8,-8,5,0.5,0,0,0.7,-1,0,0,0,5,0,-1,0,-1,0,0,0,0,0,1,0,0,0,0,0,0,0,0,0,0,0,0,0,0,254,254,254,254,1,1,0,2,0,0,0,0,1,0,1,0,0,0,0,0,0,0,0,0,0,0,0,0,0,0,0,0,0,-1,0,0,0,0,0,0,0,0,0,0,1,0,0,0,0,0,0,-1,0,-1,0,0,-1,-1,-1,-1,0,0,0,0,-1,0,0,-1,0,1,0,0,0,0,0,0,0,0,0,0,-1,0,0,0,0,0,0,0,0,0,0,0,[0|0|0|0|0|0|0|0|0|0|0|0]
13509000,Lightning arrow,13509000,528602,528603,-1,0.7,30,0,0,0,0,30,60,60,50,50,0,0,0.1,-1,0,0,0,0,0,-1,0,-1,0,0,0,0,0,1,10,0,0,0,0,0,0,0,0,0,0,10,0,0,254,254,254,254,0,0,0,2,0,0,1,0,0,0,0,0,0,0,0,0,0,1,0,1,0,0,0,0,0,0,0,0,0,-1,0,0,0,0,0,0,0,0,0,1,1,0,0,0,0,0,0,-1,0,-1,0,0,-1,-1,-1,-1,0,0,0,0,-1,0,0,-1,0,1,0,0,0,0,0,0,0,0,0,0,-1,0,0,0,0,0,0,0,0,0,0,0,[0|0|0|0|0|0|0|0|0|0|0|0]
11376000,old moonlight,11376000,-1,528904,-1,0.06,12,0,0,0,0,30,0,0,30,30,0,0,0.3,-1,0,0,0,1,0,-1,0,11376001,0,0,0,0,0,1,0,0,0,0,0,0,0,0,0,0,0,0,0,0,254,254,254,254,0,0,0,0,0,0,0,0,0,0,1,0,0,0,0,0,0,1,0,1,0,0,0,0,0,0,0,0,0,-1,0,0,0,0,0,0,0,0,0,0,1,0,0,0,0,0,0,-1,0,-1,0,0,-1,-1,-1,-1,0,0,0,0,-1,0,0,-1,0,1,0,0,0,0,0,0,0,0,0,0,-1,0,0,0,0,0,0,0,0,0,0,0,[0|0|0|0|0|0|0|0|0|0|0|0]
11376001,old moonlight_1,11376001,528903,528904,-1,0.25,12,0,0,0,0,30,0,0,30,30,0,1,0.45,-1,0,0,0,1,0,-1,0,-1,0,0,0,0,0,1,20,0,0,0,0,0,0,0,0,0,0,0,0,0,254,254,254,254,0,0,0,0,0,0,0,0,0,0,1,0,0,0,0,0,0,1,0,1,0,0,0,0,0,0,0,0,0,-1,0,0,0,0,0,0,0,0,0,0,1,0,0,0,0,0,0,-1,0,0,0,0,-1,-1,-1,-1,0,0,0,0,-1,0,0,-1,0,1,0,0,0,0,0,0,0,0,0,0,-1,0,0,0,0,0,0,0,0,0,0,0,[0|0|0|0|0|0|0|0|0|0|0|0]
11376100,old moonlight,11376100,-1,528909,-1,0.06,12,0,0,0,0,30,0,0,30,30,0,0,0.33,-1,0,0,0,1,0,-1,0,11376101,0,0,0,0,0,1,0,0,0,0,0,0,0,0,0,0,0,0,0,0,254,254,254,254,0,0,0,0,0,0,0,0,0,0,1,0,0,0,0,0,0,1,0,1,0,0,0,0,0,0,0,0,0,-1,0,0,0,0,0,0,0,0,0,0,1,0,0,0,0,0,0,-1,0,-1,0,0,-1,-1,-1,-1,0,0,0,0,-1,0,0,-1,0,1,0,0,0,0,0,0,0,0,0,0,-1,0,0,0,0,0,0,0,0,0,0,0,[0|0|0|0|0|0|0|0|0|0|0|0]
11376101,old moonlight_1,11376101,528908,528909,-1,0.5,12,0,0,0,0,45,0,0,45,45,0,1,0.45,-1,0,0,0,1,0,-1,0,-1,0,0,0,0,0,1,10,0,0,0,0,0,0,0,0,0,0,0,0,0,254,254,254,254,0,0,0,0,0,0,0,0,0,0,1,0,0,0,0,0,0,1,0,1,0,0,0,0,0,0,0,0,0,-1,0,0,0,0,0,0,0,0,0,0,0,0,0,0,0,0,0,-1,0,0,0,0,-1,-1,-1,-1,0,0,0,0,-1,0,0,-1,0,1,0,0,0,0,0,0,0,0,0,0,-1,0,0,0,0,0,0,0,0,0,0,0,[0|0|0|0|0|0|0|0|0|0|0|0]
13730000,Lifehunt Scythe,0,-1,-1,-1,0.05,0,0,0,0,0,0,0,0,0,0,0,0,0.01,-1,0,0,0,0,0,103731000,0,-1,0,0,0,0,0,1,0,0,0,0,0,0,0,0,0,0,0,0,0,0,254,254,254,254,1,1,0,0,0,0,0,0,1,0,0,0,0,0,0,0,0,0,0,0,0,0,0,0,0,0,0,0,0,-1,0,0,0,0,0,0,0,0,0,0,1,0,0,0,0,0,0,-1,0,0,0,0,-1,-1,-1,-1,0,0,0,0,-1,0,0,-1,0,1,0,0,0,0,0,0,0,0,0,0,-1,0,0,0,0,0,0,0,0,0,0,0,[0|0|0|0|0|0|0|0|0|0|0|0]
13730100,Lifehunt Scythe,0,-1,-1,-1,0.05,0,0,0,0,0,0,0,0,0,0,0,0,0.01,-1,0,0,0,0,0,103731100,0,-1,0,0,0,0,0,1,0,0,0,0,0,0,0,0,0,0,0,0,0,0,254,254,254,254,1,1,0,0,0,0,0,0,1,0,0,0,0,0,0,0,0,0,0,0,0,0,0,0,0,0,0,0,0,-1,0,0,0,0,0,0,0,0,0,0,1,0,0,0,0,0,0,-1,0,0,0,0,-1,-1,-1,-1,0,0,0,0,-1,0,0,-1,0,1,0,0,0,0,0,0,0,0,0,0,-1,0,0,0,0,0,0,0,0,0,0,0,[0|0|0|0|0|0|0|0|0|0|0|0]
13730200,Lifehunt Scythe,0,-1,-1,-1,0.05,0,0,0,0,0,0,0,0,0,0,0,0,0.01,-1,0,0,0,0,0,103731200,0,-1,0,0,0,0,0,1,0,0,0,0,0,0,0,0,0,0,0,0,0,0,254,254,254,254,1,1,0,0,0,0,0,0,1,0,0,0,0,0,0,0,0,0,0,0,0,0,0,0,0,0,0,0,0,-1,0,0,0,0,0,0,0,0,0,0,1,0,0,0,0,0,0,-1,0,0,0,0,-1,-1,-1,-1,0,0,0,0,-1,0,0,-1,0,1,0,0,0,0,0,0,0,0,0,0,-1,0,0,0,0,0,0,0,0,0,0,0,[0|0|0|0|0|0|0|0|0|0|0|0]
13730300,Lifehunt Scythe,0,-1,-1,-1,0.05,0,0,0,0,0,0,0,0,0,0,0,0,0.01,-1,0,0,0,0,0,103731300,0,-1,0,0,0,0,0,1,0,0,0,0,0,0,0,0,0,0,0,0,0,0,254,254,254,254,1,1,0,0,0,0,0,0,1,0,0,0,0,0,0,0,0,0,0,0,0,0,0,0,0,0,0,0,0,-1,0,0,0,0,0,0,0,0,0,0,1,0,0,0,0,0,0,-1,0,0,0,0,-1,-1,-1,-1,0,0,0,0,-1,0,0,-1,0,1,0,0,0,0,0,0,0,0,0,0,-1,0,0,0,0,0,0,0,0,0,0,0,[0|0|0|0|0|0|0|0|0|0|0|0]
13730400,Lifehunt Scythe,0,-1,-1,-1,0.05,0,0,0,0,0,0,0,0,0,0,0,0,0.01,-1,0,0,0,0,0,103731400,0,-1,0,0,0,0,0,1,0,0,0,0,0,0,0,0,0,0,0,0,0,0,254,254,254,254,1,1,0,0,0,0,0,0,1,0,0,0,0,0,0,0,0,0,0,0,0,0,0,0,0,0,0,0,0,-1,0,0,0,0,0,0,0,0,0,0,1,0,0,0,0,0,0,-1,0,0,0,0,-1,-1,-1,-1,0,0,0,0,-1,0,0,-1,0,1,0,0,0,0,0,0,0,0,0,0,-1,0,0,0,0,0,0,0,0,0,0,0,[0|0|0|0|0|0|0|0|0|0|0|0]
12407000,Black Serpent,12407000,-1,924072,-1,0.4,2,0,145,145,0,3,0,0,999,0,0,0,0.05,-1,0,0,0,2,0,0,0,12407100,0,0,0,0,0,1,0,0,0,0,0,0,0,0,0,0,0,0,0,0,254,254,254,254,1,1,0,0,0,2,0,0,0,0,1,0,0,0,0,0,0,1,0,0,0,0,0,0,0,0,0,170,0,-1,0,0,0,0,0,0,0,0,0,0,1,0,0,0,0,0,0,-1,0,0,0,0,524034,-1,-1,-1,0,0,0,0,-1,0,0,-1,0,1,0,0,0,0,0,0,0,0,0,0,-1,0,0,0,0,0,0,0,0,0,0,0,[0|0|0|0|0|0|0|0|0|0|0|0]
12407100,Black Serpent_1,12407100,-1,924072,-1,0.45,2,0,145,145,0,4,0,0,999,0,0,0,0.05,-1,0,0,0,2,0,0,0,12407200,0,0,0,0,0,1,360,0,0,0,0,0,0,0,0,0,0,0,0,0,254,254,254,254,1,1,0,0,0,2,0,0,0,0,1,0,0,0,0,0,0,1,0,0,0,0,0,0,0,0,0,10,0,12408400,0.1,0.1,0,0,0,0,0,0,0,0,1,0,0,0,0,0,0,-1,0,0,0,0,524034,-1,-1,-1,0,0,0,0,-1,0,0,-1,0,1,0,0,0,0,0,0,0,0,0,0,-1,0,0,0,0,0,0,0,0,0,0,0,[0|0|0|0|0|0|0|0|0|0|0|0]
12407200,Black Serpent_1_1,12407100,-1,924072,-1,0.35,2,0,145,145,0,5,0,0,999,0,0,0,0.05,-1,0,0,0,2,0,0,0,12407300,0,0,0,0,0,1,360,0,0,0,0,0,0,0,0,0,0,0,0,0,254,254,254,254,1,1,0,0,0,2,0,0,0,0,1,0,0,0,0,0,0,1,0,0,0,0,0,0,0,0,0,10,0,12408400,0.1,0.1,0,0,0,0,0,0,0,0,1,0,0,0,0,0,0,-1,0,0,0,0,524034,-1,-1,-1,0,0,0,0,-1,0,0,-1,0,1,0,0,0,0,0,0,0,0,0,0,-1,0,0,0,0,0,0,0,0,0,0,0,[0|0|0|0|0|0|0|0|0|0|0|0]
12407300,Black Serpent_1_1_1,12407100,-1,924072,-1,0.35,2,0,145,145,0,9,0,0,999,0,0,0,0.05,-1,0,0,0,2,0,0,0,12407400,0,0,0,0,0,1,320,0,0,0,0,0,0,0,0,0,0,0,0,0,254,254,254,254,1,1,0,0,0,2,0,0,0,0,1,0,0,0,0,0,0,1,0,0,0,0,0,0,0,0,0,10,0,12408400,0.1,0.1,0,0,0,0,0,0,0,0,1,0,0,0,0,0,0,-1,0,0,0,0,524034,-1,-1,-1,0,0,0,0,-1,0,0,-1,0,1,0,0,0,0,0,0,0,0,0,0,-1,0,0,0,0,0,0,0,0,0,0,0,[0|0|0|0|0|0|0|0|0|0|0|0]
12407400,Black Serpent_1_1_1_1,12407100,-1,924072,-1,0.35,2,0,145,145,0,9,0,0,999,0,0,0,0.05,-1,0,0,0,2,0,0,0,12407500,0,0,0,0,0,1,270,0,0,0,0,0,0,0,0,0,0,0,0,0,254,254,254,254,1,1,0,0,0,2,0,0,0,0,1,0,0,0,0,0,0,1,0,0,0,0,0,0,0,0,0,10,0,12408400,0.1,0.1,0,0,0,0,0,0,0,0,1,0,0,0,0,0,0,-1,0,0,0,0,524034,-1,-1,-1,0,0,0,0,-1,0,0,-1,0,1,0,0,0,0,0,0,0,0,0,0,-1,0,0,0,0,0,0,0,0,0,0,0,[0|0|0|0|0|0|0|0|0|0|0|0]
12407500,Black Serpent_1_1_1_1_1,12407100,-1,924072,-1,0.35,2,0,145,145,0,9,0,0,999,0,0,0,0.05,-1,0,0,0,2,0,0,0,12407600,0,0,0,0,0,1,270,0,0,0,0,0,0,0,0,0,0,0,0,0,254,254,254,254,1,1,0,0,0,2,0,0,0,0,1,0,0,0,0,0,0,1,0,0,0,0,0,0,0,0,0,10,0,12408400,0.1,0.1,0,0,0,0,0,0,0,0,1,0,0,0,0,0,0,-1,0,0,0,0,524034,-1,-1,-1,0,0,0,0,-1,0,0,-1,0,1,0,0,0,0,0,0,0,0,0,0,-1,0,0,0,0,0,0,0,0,0,0,0,[0|0|0|0|0|0|0|0|0|0|0|0]
12407600,Black Serpent_1_1_1_1_1_1,12407100,-1,924072,-1,0.35,2,0,120,145,0,10,0,0,999,0,0,0,0.05,-1,0,0,0,2,0,0,0,12407700,0,0,0,0,0,1,180,0,0,0,0,0,0,0,0,0,0,0,0,0,254,254,254,254,1,1,0,0,0,2,0,0,0,0,1,0,0,0,0,0,0,1,0,0,0,0,0,0,0,0,0,10,0,12408400,0.1,0.1,0,0,0,0,0,0,0,0,1,0,0,0,0,0,0,-1,0,0,0,0,524034,-1,-1,-1,0,0,0,0,-1,0,0,-1,0,1,0,0,0,0,0,0,0,0,0,0,-1,0,0,0,0,0,0,0,0,0,0,0,[0|0|0|0|0|0|0|0|0|0|0|0]
12407700,Black Serpent_1_1_1_1_1_1_1,12407100,-1,924072,-1,0.35,2,0,120,145,0,10,0,0,999,0,0,0,0.05,-1,0,0,0,2,0,0,0,12407800,0,0,0,0,0,1,120,0,0,0,0,0,0,0,0,0,0,0,0,0,254,254,254,254,1,1,0,0,0,2,0,0,0,0,1,0,0,0,0,0,0,1,0,0,0,0,0,0,0,0,0,10,0,12408400,0.1,0.1,0,0,0,0,0,0,0,0,1,0,0,0,0,0,0,-1,0,0,0,0,524034,-1,-1,-1,0,0,0,0,-1,0,0,-1,0,1,0,0,0,0,0,0,0,0,0,0,-1,0,0,0,0,0,0,0,0,0,0,0,[0|0|0|0|0|0|0|0|0|0|0|0]
12407800,Black Serpent_1_1_1_1_1_1_1_1,12407100,-1,924072,-1,0.35,2,0,120,145,0,10,0,0,999,0,0,0,0.05,-1,0,0,0,2,0,0,0,12407900,0,0,0,0,0,1,120,0,0,0,0,0,0,0,0,0,0,0,0,0,254,254,254,254,1,1,0,0,0,2,0,0,0,0,1,0,0,0,0,0,0,1,0,0,0,0,0,0,0,0,0,10,0,12408400,0.1,0.1,0,0,0,0,0,0,0,0,1,0,0,0,0,0,0,-1,0,0,0,0,524034,-1,-1,-1,0,0,0,0,-1,0,0,-1,0,1,0,0,0,0,0,0,0,0,0,0,-1,0,0,0,0,0,0,0,0,0,0,0,[0|0|0|0|0|0|0|0|0|0|0|0]
12407900,Black Serpent_1_1_1_1_1_1_1_1_1,12407900,-1,924072,-1,0.35,2,0,120,145,0,10,0,0,999,0,0,0,0.05,-1,0,0,0,2,0,0,0,12408000,0,0,0,0,0,1,90,0,0,0,0,0,0,0,0,0,0,0,0,0,254,254,254,254,1,1,0,0,0,2,0,0,0,0,1,0,0,0,0,0,0,1,0,0,0,0,0,0,0,0,0,10,0,12408400,0.1,0.1,0,0,0,0,0,0,0,0,1,0,0,0,0,0,0,-1,0,0,0,0,524034,-1,-1,-1,0,0,0,0,-1,0,0,-1,0,1,0,0,0,0,0,0,0,0,0,0,-1,0,0,0,0,0,0,0,0,0,0,0,[0|0|0|0|0|0|0|0|0|0|0|0]
12408000,Black Serpent_1_1_1_1_1_1_1_1_1_1,12407900,-1,924072,-1,0.35,2,0,120,145,0,10,0,0,999,0,0,0,0.05,-1,0,0,0,2,0,0,0,12408100,0,0,0,0,0,1,60,0,0,0,0,0,0,0,0,0,0,0,0,0,254,254,254,254,1,1,0,0,0,2,0,0,0,0,1,0,0,0,0,0,0,1,0,0,0,0,0,0,0,0,0,10,0,12408400,0.1,0.1,0,0,0,0,0,0,0,0,1,0,0,0,0,0,0,-1,0,0,0,0,524034,-1,-1,-1,0,0,0,0,-1,0,0,-1,0,1,0,0,0,0,0,0,0,0,0,0,-1,0,0,0,0,0,0,0,0,0,0,0,[0|0|0|0|0|0|0|0|0|0|0|0]
12408100,Black Serpent_1_1_1_1_1_1_1_1_1_1_1,12407900,-1,924072,-1,0.35,2,0,120,145,0,10,0,0,999,0,0,0,0.05,-1,0,0,0,2,0,0,0,12408200,0,0,0,0,0,1,45,0,0,0,0,0,0,0,0,0,0,0,0,0,254,254,254,254,1,1,0,0,0,2,0,0,0,0,1,0,0,0,0,0,0,1,0,0,0,0,0,0,0,0,0,10,0,12408400,0.1,0.1,0,0,0,0,0,0,0,0,1,0,0,0,0,0,0,-1,0,0,0,0,524034,-1,-1,-1,0,0,0,0,-1,0,0,-1,0,1,0,0,0,0,0,0,0,0,0,0,-1,0,0,0,0,0,0,0,0,0,0,0,[0|0|0|0|0|0|0|0|0|0|0|0]
12408200,Black Serpent_1_1_1_1_1_1_1_1_1_1_1_1,12407900,-1,924072,-1,0.35,2,0,120,145,0,10,0,0,999,0,0,0,0.05,-1,0,0,0,2,0,0,0,12408300,0,0,0,0,0,1,45,0,0,0,0,0,0,0,0,0,0,0,0,0,254,254,254,254,1,1,0,0,0,2,0,0,0,0,1,0,0,0,0,0,0,1,0,0,0,0,0,0,0,0,0,10,0,12408400,0.1,0.1,0,0,0,0,0,0,0,0,1,0,0,0,0,0,0,-1,0,0,0,0,524034,-1,-1,-1,0,0,0,0,-1,0,0,-1,0,1,0,0,0,0,0,0,0,0,0,0,-1,0,0,0,0,0,0,0,0,0,0,0,[0|0|0|0|0|0|0|0|0|0|0|0]
12408300,Black Serpent_1_1_1_1_1_1_1_1_1_1_1_1_1,12407900,-1,924072,-1,0.35,2,0,120,145,0,10,0,0,999,0,0,0,0.05,-1,0,0,0,2,0,0,0,12408400,0,0,0,0,0,1,0,0,0,0,0,0,0,0,0,0,0,0,0,0,254,254,254,254,1,1,0,0,0,2,0,0,0,0,1,0,0,0,0,0,0,1,0,0,0,0,0,0,0,0,0,10,0,12408400,0.1,0.1,0,0,0,0,0,0,0,0,1,0,0,0,0,0,0,-1,0,0,0,0,524034,-1,-1,-1,0,0,0,0,-1,0,0,-1,0,1,0,0,0,0,0,0,0,0,0,0,-1,0,0,0,0,0,0,0,0,0,0,0,[0|0|0|0|0|0|0|0|0|0|0|0]
12408400,Black Serpent_1_1_1_1_1_1_1_1_1_1_1_1_1_1,12407900,-1,-1,-1,0.45,2,0,0,0,0,0,0,0,0,0,0,0,0.45,-1,0,0,0,2,0,0,0,-1,1621000,0,0,0,0,1,0,0,0,0,0,0,0,0,0,0,0,0,0,0,254,254,254,254,1,1,0,0,0,0,0,0,1,0,1,0,0,0,0,0,0,1,0,0,0,0,0,0,0,0,0,0,0,-1,0,0,0,0,0,0,0,0,0,0,1,0,0,0,0,0,0,-1,0,0,0,0,-1,-1,-1,-1,0,0,0,0,-1,0,0,-1,0,1,0,0,0,0,0,0,0,0,0,0,-1,0,0,0,0,0,0,0,0,0,0,0,[0|0|0|0|0|0|0|0|0|0|0|0]
200002450,Messmer's Assault,600000947,402153,-1,-1,0.65,15,0,0,0,0,20,-10,-10,20,20,0,0,0.3,1,0.25,0,0,1,0,0,0,-1,0,0,0,0,0,9,0,50,-15,0,0,0,0,0,0,0,0,0,0,0,254,254,254,254,1,1,0,0,0,0,0,0,0,0,1,0,0,0,0,0,1,0,0,0,0,0,0,0,0,0,0,0,0,-1,0,0,0,0,0,0,0,0,0,0,0,0,0,0,0,0,0,-1,0,-1,0,0,-1,-1,-1,-1,0,0,0,0,-1,0,0,-1,0,1,0,0,0,0,0,0,0,0,0,0,-1,0,0,0,0,0,0,0,0,0,0,0,[0|0|0|0|0|0|0|0|0|0|0|0]
200002451,Messmer's Assault_1,600000947,-1,-1,-1,0.48,0,0,0,0,0,0,0,0,0,0,0,0,3,-1,0,0,0,1,0,0,0,-1,0,0,0,0,0,1,0,0,0,0,0,0,0,0,0,0,0,0,0,0,254,254,254,254,1,1,0,0,0,0,0,0,1,0,1,0,0,0,0,0,1,0,0,0,0,0,0,0,0,0,0,0,0,-1,0,0,0,0,1,0,0,0,0,0,0,0,0,0,0,0,0,-1,0,-1,0,0,-1,-1,-1,-1,0,0,0,0,-1,0,0,-1,0,1,0,0,0,0,0,0,0,0,0,0,-1,0,0,0,0,0,0,0,0,0,0,0,[0|0|0|0|0|0|0|0|0|0|0|0]
200002452,Messmer's Assault_1_1,600000947,-1,-1,-1,0.48,0,0,0,0,0,0,0,0,0,0,0,0,3,-1,0,0,0,1,0,0,0,-1,0,0,0,0,0,1,0,0,0,0,0,0,0,0,0,0,0,0,0,0,254,254,254,254,1,1,0,0,0,0,0,0,1,0,1,0,0,0,0,0,1,0,0,0,0,0,0,0,0,0,0,0,0,-1,0,0,0,0,1,0,0,0,0,0,0,0,0,0,0,0,0,-1,0,-1,0,0,-1,-1,-1,-1,0,0,0,0,-1,0,0,-1,0,1,0,0,0,0,0,0,0,0,0,0,-1,0,0,0,0,0,0,0,0,0,0,0,[0|0|0|0|0|0|0|0|0|0|0|0]
200002453,Messmer's Assault_1_1_1,600000947,402162,-1,-1,0.5,0,0,0,0,0,0,0,0,0,0,0,0,0.7,-1,0,0,0,1,0,0,0,-1,0,0,0,0,0,18,0,0,0,0,0,0,0,0,0,0,0,0,0,0,254,254,254,254,1,1,0,0,0,1,0,0,1,0,1,0,0,0,0,0,1,0,0,0,0,0,0,0,0,0,0,0,0,-1,0,0,0,0,2,0,0,0,0,0,0,0,0,0,0,6.5,0,-1,0,-1,0,0,-1,-1,-1,-1,0,0,0,0,-1,0,0,-1,0,1,0,0,0,0,0,0,0,0,0,0,-1,0,0,0,0,0,0,0,0,0,0,0,[0|0|0|0|0|0|0|0|0|0|0|0]
200002454,Messmer's Assault_1_1_1_1,600000947,402162,-1,-1,0.5,0,0,0,0,0,0,0,0,0,0,0,0,1.5,-1,0,0,0,1,0,0,0,200041913,0,0,0,0,0,1,0,0,0,0,0,0,0,0,-128,-68,0,0,0,0,254,254,254,254,1,1,0,0,0,5,0,0,1,0,1,0,0,0,0,0,1,0,0,0,0,0,0,0,0,0,0,0,0,-1,0,0,0,0,2,0,0,0,0,0,0,0,0,0,0,0,0,-1,0,-1,0,0,-1,-1,-1,-1,0,0,0,0,-1,0,0,-1,0,1,0,0,0,0,0,0,0,0,0,0,-1,0,0,0,0,0,0,0,0,0,0,0,[0|0|0|0|0|0|0|0|0|0|0|0]
200041100,Messmer R2,1720100,402140,402142,402141,0.25,1,0,1,10,1,35,0,-30,40,15,0,0,0.35,-1,0,0,0,0,0,0,0,200041101,0,0,0,0,0,1,10,0,0,0,100,100,100,100,0,0,5,40,0,0,254,254,254,254,0,0,0,4,0,0,1,0,0,0,1,0,0,0,0,0,1,0,0,0,0,0,1,0,0,0,-0.2,0,0,-1,0,0,0,0,0,0,0,1,0,0,0,0,0,0,0,0,0,-1,0,-1,0,0,-1,-1,-1,-1,0,0,0,0,-1,0,0,-1,0,1,-1,0,0,0,0,0,0,0,0,0,-1,0,0,0,0,0,0,0,0,0,0,0,[0|0|0|0|0|0|0|0|0|0|0|0]
200041101,Messmer R2_1,1720101,402140,402142,402141,5.5,1,0,1,10,1,35,0,-30,40,15,0,0,0.35,-1,0,0,0,0,0,0,0,-1,0,0,0,0,0,1,10,0,0,0,100,100,100,100,0,0,0,0,0,0,254,254,254,254,0,0,0,4,0,0,1,0,0,0,1,0,0,0,0,0,1,0,0,0,0,0,1,0,0,0,-0.2,0,0,-1,0,0,0,0,0,0,0,1,0,0,0,0,0,0,0,0,0,-1,0,-1,0,0,-1,-1,-1,-1,0,0,0,0,-1,0,0,-1,0,1,-1,0,0,0,0,0,0,0,0,0,-1,0,0,0,0,0,0,0,0,0,0,0,[0|0|0|0|0|0|0|0|0|0|0|0]
200041105,Messmer R2_1_1,1720105,402140,402145,402141,6,1,0,1,10,1,45,0,-30,45,15,0,0,0.35,-1,0,0,0,0.5,0,0,0,200041909,0,0,0,0,0,1,10,0,0,0,100,100,100,100,0,0,5,40,0,0,254,254,254,254,0,0,0,0,0,0,1,0,0,0,0,0,0,0,0,0,1,0,0,0,0,0,0,0,0,0,-0.2,0,0,-1,0,0,0,0,0,0,0,0,0,0,0,0,0,0,0,0,0,-1,0,-1,0,0,-1,-1,-1,-1,0,0,0,0,-1,0,0,-1,0,1,-1,0,0,0,0,0,0,0,0,0,-1,0,0,0,0,0,0,0,0,0,0,0,[0|0|0|0|0|0|0|0|0|0|0|0]
200041125,Messmer R2_1_1_1,1720125,402140,402142,402141,0.25,1,0,1,10,1,35,0,-30,40,15,0,0,0.35,-1,0,0,0,0,0,0,0,200041126,0,0,0,0,0,1,10,0,0,0,100,100,100,100,0,0,5,40,0,0,254,254,254,254,0,0,0,4,0,0,1,0,0,0,1,0,0,0,0,0,1,0,0,0,0,0,1,0,0,0,-0.2,0,0,-1,0,0,0,0,0,0,0,1,0,0,0,0,0,0,0,0,0,-1,0,-1,0,0,-1,-1,-1,-1,0,0,0,0,-1,0,0,-1,0,1,-1,0,0,0,0,0,0,0,0,0,-1,0,0,0,0,0,0,0,0,0,0,0,[0|0|0|0|0|0|0|0|0|0|0|0]
200041126,Messmer R2_1_1_1_1,1720125,402140,402142,402141,5.5,1,0,1,10,1,35,0,-30,40,15,0,0,0.35,-1,0,0,0,0,0,0,0,-1,0,0,0,0,0,1,10,0,0,0,100,100,100,100,0,0,0,0,0,0,254,254,254,254,0,0,0,4,0,0,1,0,0,0,1,0,0,0,0,0,1,0,0,0,0,0,1,0,0,0,-0.2,0,0,-1,0,0,0,0,0,0,0,1,0,0,0,0,0,0,0,0,0,-1,0,-1,0,0,-1,-1,-1,-1,0,0,0,0,-1,0,0,-1,0,1,-1,0,0,0,0,0,0,0,0,0,-1,0,0,0,0,0,0,0,0,0,0,0,[0|0|0|0|0|0|0|0|0|0|0|0]
200041300,Messmer R2_1_1_1_1_1,1720300,402140,402142,402141,0.25,1,0,1,10,1,35,0,-30,40,15,0,0,0.35,-1,0,0,0,0,0,0,0,200041301,0,0,0,0,0,1,10,0,0,0,100,100,100,100,0,0,5,40,0,0,254,254,254,254,0,0,0,4,0,0,1,0,0,0,1,0,0,0,0,0,1,0,0,0,0,0,1,0,0,0,-0.2,0,0,-1,0,0,0,0,0,0,0,1,0,0,0,0,0,0,0,0,0,-1,0,-1,0,0,-1,-1,-1,-1,0,0,0,0,-1,0,0,-1,0,1,-1,0,0,0,0,0,0,0,0,0,-1,0,0,0,0,0,0,0,0,0,0,0,[0|0|0|0|0|0|0|0|0|0|0|0]
200041301,Messmer R2_1_1_1_1_1_1,1720301,402140,402142,402141,5.5,1,0,1,10,1,35,0,-30,40,15,0,0,0.35,-1,0,0,0,0,0,0,0,-1,0,0,0,0,0,1,10,0,0,0,100,100,100,100,0,0,0,0,0,0,254,254,254,254,0,0,0,4,0,0,1,0,0,0,1,0,0,0,0,0,1,0,0,0,0,0,1,0,0,0,-0.2,0,0,-1,0,0,0,0,0,0,0,1,0,0,0,0,0,0,0,0,0,-1,0,-1,0,0,-1,-1,-1,-1,0,0,0,0,-1,0,0,-1,0,1,-1,0,0,0,0,0,0,0,0,0,-1,0,0,0,0,0,0,0,0,0,0,0,[0|0|0|0|0|0|0|0|0|0|0|0]
200041305,Messmer R2_1_1_1_1_1_1_1,1720305,402140,402145,402141,6,1,0,1,10,1,45,0,-30,45,15,0,0,0.35,-1,0,0,0,0.5,0,0,0,200041909,0,0,0,0,0,1,10,0,0,0,100,100,100,100,0,0,5,40,0,0,254,254,254,254,0,0,0,0,0,0,1,0,0,0,0,0,0,0,0,0,1,0,0,0,0,0,0,0,0,0,-0.2,0,0,-1,0,0,0,0,0,0,0,0,0,0,0,0,0,0,0,0,0,-1,0,-1,0,0,-1,-1,-1,-1,0,0,0,0,-1,0,0,-1,0,1,-1,0,0,0,0,0,0,0,0,0,-1,0,0,0,0,0,0,0,0,0,0,0,[0|0|0|0|0|0|0|0|0|0|0|0]
200041325,Messmer R2_1_1_1_1_1_1_1_1,1720325,402140,402142,402141,0.25,1,0,1,10,1,35,0,-30,40,15,0,0,0.35,-1,0,0,0,0,0,0,0,200041326,0,0,0,0,0,1,10,0,0,0,100,100,100,100,0,0,5,40,0,0,254,254,254,254,0,0,0,4,0,0,1,0,0,0,1,0,0,0,0,0,1,0,0,0,0,0,1,0,0,0,-0.2,0,0,-1,0,0,0,0,0,0,0,1,0,0,0,0,0,0,0,0,0,-1,0,-1,0,0,-1,-1,-1,-1,0,0,0,0,-1,0,0,-1,0,1,-1,0,0,0,0,0,0,0,0,0,-1,0,0,0,0,0,0,0,0,0,0,0,[0|0|0|0|0|0|0|0|0|0|0|0]
200041326,Messmer R2_1_1_1_1_1_1_1_1_1,1720326,402140,402142,402141,5.5,1,0,1,10,1,35,0,-30,40,15,0,0,0.35,-1,0,0,0,0,0,0,0,-1,0,0,0,0,0,1,10,0,0,0,100,100,100,100,0,0,0,0,0,0,254,254,254,254,0,0,0,4,0,0,1,0,0,0,1,0,0,0,0,0,1,0,0,0,0,0,1,0,0,0,-0.2,0,0,-1,0,0,0,0,0,0,0,1,0,0,0,0,0,0,0,0,0,-1,0,-1,0,0,-1,-1,-1,-1,0,0,0,0,-1,0,0,-1,0,1,-1,0,0,0,0,0,0,0,0,0,-1,0,0,0,0,0,0,0,0,0,0,0,[0|0|0|0|0|0|0|0|0|0|0|0]
200041909,Messmer R2_1_1_1_1_1_1_1_1_1_1,0,402143,-1,-1,0.07,0,0,0,0,0,0,0,0,0,0,0,0,1.6,-1,0,0,0,0.5,0,0,0,-1,0,0,0,0,0,1,0,0,0,0,0,0,0,0,0,0,0,0,0,0,254,254,254,254,1,1,0,5,0,5,0,0,1,0,0,0,0,0,0,0,1,0,0,0,0,0,0,0,0,0,0,0,0,200041910,0.05,0.05,0,0,0,0,0,0,0,0,0,0,0,0,0,0,0,-1,0,-1,0,0,-1,-1,-1,-1,0,0,0,0,-1,0,0,-1,0,1,0,0,0,0,0,0,0,0,0,0,-1,0,0,0,0,0,0,0,0,0,0,0,[0|0|0|0|0|0|0|0|0|0|0|0]
200041910,Messmer R2_1_1_1_1_1_1_1_1_1_1_1,0,-1,-1,-1,1,0,0,999,999,0,0,0,0,100,100,0,0,0.3,-1,0,0,0,0.5,0,0,0,200041911,0,0,0,0,0,1,0,0,0,0,0,0,0,0,0,0,0,0,0,0,254,254,254,254,1,0,0,0,0,0,0,0,0,0,0,0,0,0,0,0,1,0,0,0,0,0,0,0,0,0,0,0,0,-1,0,0,0,0,0,0,0,0,0,0,0,0,0,0,0,0,0,-1,0,-1,0,0,-1,-1,-1,-1,0,0,0,0,-1,0,0,-1,0,1,0,0,0,0,0,0,0,0,0,0,-1,0,0,0,0,0,0,0,0,0,0,0,[0|0|0|0|0|0|0|0|0|0|0|0]
200041911,Messmer R2_1_1_1_1_1_1_1_1_1_1_1_1,1,-1,-1,-1,0.3,0,0,700,700,0,0,0,0,20,20,0,0,0.05,-1,0,0,0,0.5,0,0,0,200002454,0,0,0,0,0,18,0,0,0,0,0,0,0,0,0,0,0,0,0,0,254,254,254,254,1,1,0,0,0,2,0,0,0,0,1,0,0,0,0,0,1,0,0,0,0,0,0,0,0,0,0,0,0,-1,0,0,0,0,0,0,0,0,0,0,0,0,0,0,0,0,0,-1,0,-1,0,0,-1,-1,-1,-1,0,0,0,0,-1,0,0,-1,0,1,0,0,0,0,0,0,0,0,0,0,-1,0,0,0,0,0,0,0,0,0,0,0,[0|0|0|0|0|0|0|0|0|0|0|0]
200041913,Messmer R2_1_1_1_1_1_1_1_1_1_1_1_1_1,1720106,402144,-1,-1,1,0,0.3,0,0,0,0,0,0,0,0,0,0,1,-1,0,0,0,0.5,0,0,0,-1,0,0,0,0,0,1,0,0,0,0,0,0,0,0,0,0,0,0,0,0,254,254,254,254,1,1,0,0,0,0,0,0,1,0,1,0,0,0,0,0,1,0,0,0,0,0,1,0,0,0,0,0,0,-1,1,1,0,0,2,0,0,0,0,0,0,0,0,0,0,0,0,-1,0,-1,0,0,476000020,-1,-1,-1,0,0,0,0,-1,0,0,-1,0,1,0,0,0,0,0,0,0,0,0,0,-1,0,0,0,0,0,0,0,0,0,0,0,[0|0|0|0|0|0|0|0|0|0|0|0]
200002150,Devonia's hammer,600000841,451181,-1,-1,0.2,0,0,0,0,0,0,0,0,0,0,0,0,4,4,0,0,0,0.3,0,0,0,200002151,0,0,0,0,0,1,0,0,0,0,0,0,0,0,0,0,0,0,0,0,254,254,254,254,1,1,0,0,0,0,0,0,1,0,0,0,0,0,0,0,1,0,0,0,0,0,0,0,0,0,0,0,0,-1,1,1,0,0,1,0,0,0,0,0,0,0,0,0,0,0,0,-1,0,-1,0,0,-1,-1,-1,-1,0,0,0,0,-1,0,0,-1,0,1,0,0,0,0,0,0,0,0,0,0,-1,0,0,0,0,0,0,0,0,0,0,0,[0|0|0|0|0|0|0|0|0|0|0|0]
200002151,Devonia's hammer_1,600000842,-1,-1,-1,0.1,0,0,0,0,0,0,0,0,0,0,0,0,4,-1,0,0,0,0,0,0,0,-1,0,0,0,0,0,1,0,0,0,0,0,0,0,0,0,0,0,0,0,0,254,254,254,254,1,1,0,0,0,0,0,0,1,0,0,0,0,0,0,0,1,0,0,0,0,0,0,0,0,0,0,0,0,-1,1,1,0,0,1,0,0,0,0,0,0,0,0,0,0,0,0,-1,0,-1,0,0,-1,-1,-1,-1,0,0,0,0,-1,0,0,-1,0,1,0,0,0,0,0,0,0,0,0,0,-1,0,0,0,0,0,0,0,0,0,0,0,[0|0|0|0|0|0|0|0|0|0|0|0]
200002152,Devonia's hammer_1_1,600000844,451182,-1,-1,0.45,0,0,0,0,0,0,0,0,0,0,0,0,5,5,0,0,0,0.3,0,0,0,200002153,0,0,0,0,0,1,0,0,0,0,0,0,0,0,0,0,0,0,0,0,254,254,254,254,1,1,0,0,0,0,0,0,1,0,0,0,0,0,0,0,1,0,0,0,0,0,0,0,0,0,0,0,0,-1,1,1,0,0,1,0,0,0,0,0,0,0,0,0,0,0,0,-1,0,-1,0,0,-1,-1,-1,-1,0,0,0,0,-1,0,0,-1,0,1,0,0,0,0,0,0,0,0,0,0,-1,0,0,0,0,0,0,0,0,0,0,0,[0|0|0|0|0|0|0|0|0|0|0|0]
200002153,Devonia's hammer_1_1_1,600000845,-1,-1,-1,0.1,0,0,0,0,0,0,0,0,0,0,0,0,5,-1,0,0,0,0,0,0,0,-1,0,0,0,0,0,1,0,0,0,0,0,0,0,0,0,0,0,0,0,0,254,254,254,254,1,1,0,0,0,0,0,0,1,0,0,0,0,0,0,0,1,0,0,0,0,0,0,0,0,0,0,0,0,-1,1,1,0,0,1,0,0,0,0,0,0,0,0,0,0,0,0,-1,0,-1,0,0,-1,-1,-1,-1,0,0,0,0,-1,0,0,-1,0,1,0,0,0,0,0,0,0,0,0,0,-1,0,0,0,0,0,0,0,0,0,0,0,[0|0|0|0|0|0|0|0|0|0|0|0]
200002210,Flame Spear,600000192,441140,441145,-1,0.34,999,0,0,0,0,50,0,0,50,50,0,0,0.15,0.15,0,0,0,0.5,0,0,0,-1,0,0,0,0,0,1,0,0,0,0,0,0,0,0,0,0,0,0,0,0,254,254,254,254,1,0,0,0,0,0,0,0,0,1,0,0,0,0,0,0,1,0,0,0,0,0,0,0,0,0,0,0,0,-1,1,1,0,0,0,0,0,0,0,0,0,0,0,0,0,0,0,-1,0,-1,0,0,-1,-1,-1,-1,0,0,0,0,-1,0,0,-1,0,1,0,0,0,0,0,0,0,0,0,0,-1,0,0,0,0,0,0,0,0,0,0,0,[0|0|0|0|0|0|0|0|0|0|0|0]
200002211,Flame Spear_1,600000197,441140,441145,-1,0.44,999,0,0,0,0,50,0,0,50,50,0,0,0.15,0.15,0,0,0,0.5,0,0,0,-1,0,0,0,0,0,1,0,0,0,0,0,0,0,0,0,0,0,0,0,0,254,254,254,254,1,0,0,0,0,0,0,0,0,1,0,0,0,0,0,0,1,0,0,0,0,0,0,0,0,0,0,0,0,-1,1,1,0,0,0,0,0,0,0,0,0,0,0,0,0,0,0,-1,0,-1,0,0,-1,-1,-1,-1,0,0,0,0,-1,0,0,-1,0,1,0,0,0,0,0,0,0,0,0,0,-1,0,0,0,0,0,0,0,0,0,0,0,[0|0|0|0|0|0|0|0|0|0|0|0]
200002170,Flame Skewer,600000113,-1,-1,-1,0.1,0,0,0,0,0,10,0,0,10,10,0,0,0.1,-1,0,0,0,1,0,0,0,200002175,0,0,0,0,0,1,0,0,0,0,0,0,0,0,0,0,0,0,0,0,254,254,254,254,1,1,0,0,0,0,0,0,1,0,1,0,0,0,0,0,1,0,0,0,0,0,0,0,0,0,0,0,0,-1,1,1,0,0,0,0,0,0,0,0,0,0,0,0,0,0,0,-1,0,-1,0,0,-1,-1,-1,-1,0,0,0,0,-1,0,0,-1,0,1,0,0,0,0,0,0,0,0,0,0,-1,0,0,0,0,0,0,0,0,0,0,0,[0|0|0|0|0|0|0|0|0|0|0|0]
200002171,Flame Skewer_1,600000113,-1,-1,-1,0.1,0,0,0,0,0,10,0,0,10,10,0,0,0.1,-1,0,0,0,1,0,0,0,200002175,0,0,0,0,0,1,0,0,0,0,0,0,0,0,0,0,0,0,0,0,254,254,254,254,1,1,0,0,0,0,0,0,1,0,1,0,0,0,0,0,1,0,0,0,0,0,0,0,0,0,0,0,0,-1,1,1,0,0,0,0,0,0,0,0,0,0,0,0,0,0,0,-1,0,-1,0,0,-1,-1,-1,-1,0,0,0,0,-1,0,0,-1,0,1,0,0,0,0,0,0,0,0,0,0,-1,0,0,0,0,0,0,0,0,0,0,0,[0|0|0|0|0|0|0|0|0|0|0|0]
200002172,Flame Skewer_1_1,600000113,-1,-1,-1,0.1,0,0,0,0,0,10,0,0,10,10,0,0,0.1,-1,0,0,0,1,0,0,0,200002175,0,0,0,0,0,1,0,0,0,0,0,0,0,0,0,0,10,0,0,0,254,254,254,254,1,1,0,0,0,0,0,0,1,0,1,0,0,0,0,0,1,0,0,0,0,0,0,0,0,0,0,0,0,-1,1,1,0,0,0,0,0,0,0,0,0,0,0,0,0,0,0,-1,0,-1,0,0,-1,-1,-1,-1,0,0,0,0,-1,0,0,-1,0,1,0,0,0,0,0,0,0,0,0,0,-1,0,0,0,0,0,0,0,0,0,0,0,[0|0|0|0|0|0|0|0|0|0|0|0]
200002173,Flame Skewer_1_1_1,600000113,-1,-1,-1,0.1,0,0,0,0,0,10,0,0,10,10,0,0,0.1,-1,0,0,0,1,0,0,0,200002175,0,0,0,0,0,1,0,0,0,0,0,0,0,0,0,0,20,0,0,0,254,254,254,254,1,1,0,0,0,0,0,0,1,0,1,0,0,0,0,0,1,0,0,0,0,0,0,0,0,0,0,0,0,-1,1,1,0,0,0,0,0,0,0,0,0,0,0,0,0,0,0,-1,0,-1,0,0,-1,-1,-1,-1,0,0,0,0,-1,0,0,-1,0,1,0,0,0,0,0,0,0,0,0,0,-1,0,0,0,0,0,0,0,0,0,0,0,[0|0|0|0|0|0|0|0|0|0|0|0]
200002174,Flame Skewer_1_1_1_1,600000113,-1,-1,-1,0.1,0,0,0,0,0,10,0,0,10,10,0,0,0.1,-1,0,0,0,1,0,0,0,200002175,0,0,0,0,0,1,0,0,0,0,0,0,0,0,0,0,30,0,0,0,254,254,254,254,1,1,0,0,0,0,0,0,1,0,1,0,0,0,0,0,1,0,0,0,0,0,0,0,0,0,0,0,0,-1,1,1,0,0,0,0,0,0,0,0,0,0,0,0,0,0,0,-1,0,-1,0,0,-1,-1,-1,-1,0,0,0,0,-1,0,0,-1,0,1,0,0,0,0,0,0,0,0,0,0,-1,0,0,0,0,0,0,0,0,0,0,0,[0|0|0|0|0|0|0|0|0|0|0|0]
200002175,Flame Skewer_1_1_1_1_1,600000113,451040,-1,-1,0.5,0,0,0,0,0,5,-10,-10,5,0,0,0,0.7,-1,0,0,0,1,0,0,0,-1,0,0,0,0,0,1,0,0,0,0,0,0,0,0,0,0,0,0,0,0,254,254,254,254,1,1,0,0,0,0,0,0,1,0,1,0,0,0,0,0,1,0,0,0,0,0,0,0,0,0,0,0,0,-1,1,1,0,0,0,0,0,0,0,0,0,0,0,0,0,0,0,-1,0,-1,0,0,-1,-1,-1,-1,0,0,0,0,-1,0,0,-1,0,1,0,0,0,0,0,0,0,0,0,0,-1,0,0,0,0,0,0,0,0,0,0,0,[0|0|0|0|0|0|0|0|0|0|0|0]
200002220,,700000026,-1,-1,-1,0.15,0.2,0,999,999,0,80,0,0,80,80,0,0,0.5,-1,0,0,0,2,0,0,0,200002221,0,0,0,0,0,2,0,0,0,30,0,0,0,0,0,0,-30,0,0,0,254,254,254,254,1,0,0,0,0,2,0,0,0,0,1,0,0,0,0,0,0,0,0,0,0,0,0,0,0,0,0,0,0,-1,1,1,0,0,0,0,0,0,0,0,0,0,0,0,0,0,0,-1,0,-1,0,0,-1,-1,-1,-1,0,0,0,0,-1,0,0,-1,0,1,0,0,0,0,0,0,0,0,0,0,-1,0,0,0,0,0,0,0,0,0,0,0,[0|0|0|0|0|0|0|0|0|0|0|0]
200002221,Carian Sovereignty,700000026,451318,-1,-1,0.05,0,0,0,0,0,0,0,0,0,0,0,0,1.75,1.75,0,0,0,2,0,0,0,200002222,0,0,0,0,0,1,0,0,0,0,0,0,0,0,0,0,0,0,0,0,254,254,254,254,1,1,0,5,0,0,0,0,1,0,1,0,0,0,0,0,0,0,0,0,0,0,0,0,0,0,0,0,0,-1,1,1,0,0,1,0,0,0,0,0,0,0,0,0,0,0,0,-1,0,-1,0,0,-1,-1,-1,-1,0,0,0,0,-1,0,0,-1,0,1,0,0,0,0,0,0,0,0,0,0,-1,0,0,0,0,0,0,0,0,0,0,0,[0|0|0|0|0|0|0|0|0|0|0|0]
200002222,Carian Sovereignty_1,700000026,-1,-1,-1,0.2,0.6,0,60,999,0,60,0,-600,200,3,0,0,0.1,-1,0,0,0,2,0,0,0,200002223,0,0,0,0,0,1,0,0,0,0,0,0,0,0,0,0,0,0,0,0,254,254,254,254,1,0,0,0,0,2,0,0,0,0,1,0,0,0,0,0,0,0,0,0,0,0,0,0,0,0,0,0,0,-1,1,1,0,0,1,0,0,0,0,0,0,0,0,0,0,0,0,-1,0,-1,0,0,-1,-1,-1,-1,0,0,0,0,-1,0,0,-1,0,1,0,0,0,0,0,0,0,0,0,0,-1,0,0,0,0,0,0,0,0,0,0,0,[0|0|0|0|0|0|0|0|0|0|0|0]
200002223,Carian Sovereignty_1_1,700000026,451318,-1,-1,0.05,0,0,0,0,0,0,0,0,0,0,0,0,1.3,1.3,0,0,0,2,0,0,0,200002224,0,0,0,0,0,1,0,0,0,0,0,0,0,0,0,0,0,0,0,0,254,254,254,254,1,1,0,5,0,0,0,0,1,0,1,0,0,0,0,0,0,0,0,0,0,0,0,0,0,0,0,0,0,-1,1,1,0,0,1,0,0,0,0,0,0,0,0,0,0,0,0,-1,0,-1,0,0,-1,-1,-1,-1,0,0,0,0,-1,0,0,-1,0,1,0,0,0,0,0,0,0,0,0,0,-1,0,0,0,0,0,0,0,0,0,0,0,[0|0|0|0|0|0|0|0|0|0|0|0]
200002224,Carian Sovereignty_1_1_1,700000026,-1,-1,-1,0.2,0.6,0,60,999,0,60,0,-600,200,3,0,0,0.1,-1,0,0,0,2,0,0,0,200002225,0,0,0,0,0,1,0,0,0,0,0,0,0,0,0,0,0,0,0,0,254,254,254,254,1,0,0,0,0,2,0,0,0,0,1,0,0,0,0,0,0,0,0,0,0,0,0,0,0,0,0,0,0,-1,1,1,0,0,1,0,0,0,0,0,0,0,0,0,0,0,0,-1,0,-1,0,0,-1,-1,-1,-1,0,0,0,0,-1,0,0,-1,0,1,0,0,0,0,0,0,0,0,0,0,-1,0,0,0,0,0,0,0,0,0,0,0,[0|0|0|0|0|0|0|0|0|0|0|0]
200002225,Carian Sovereignty_1_1_1_1,700000026,451318,-1,-1,0.05,0,0,0,0,0,0,0,0,0,0,0,0,1.3,1.3,0,0,0,2,0,0,0,-1,0,0,0,0,0,1,0,0,0,0,0,0,0,0,0,0,0,0,0,0,254,254,254,254,1,1,0,5,0,0,0,0,1,0,1,0,0,0,0,0,0,0,0,0,0,0,0,0,0,0,0,0,0,-1,1,1,0,0,1,0,0,0,0,0,0,0,0,0,0,0,0,-1,0,-1,0,0,-1,-1,-1,-1,0,0,0,0,-1,0,0,-1,0,1,0,0,0,0,0,0,0,0,0,0,-1,0,0,0,0,0,0,0,0,0,0,0,[0|0|0|0|0|0|0|0|0|0|0|0]
10311100,Gael,10301100,-1,-1,-1,0.1,999,0,0,0,0,0,0,0,0,0,0,0,0.1,-1,0,0,0,0,0,0,0,10311101,0,0,0,0,0,1,0,0,0,0,0,0,0,0,-128,-65,0,0,0,0,254,254,254,254,1,1,0,0,0,0,0,0,1,0,0,0,0,0,0,0,0,0,0,0,0,0,0,0,0,0,0,0,0,10311102,0.05,0.05,0,0,0,0,0,0,0,0,0,0,0,0,1,0,0,-1,0,-1,0,0,-1,-1,-1,-1,0,0,0,0,-1,0,0,-1,0,1,20,0,0,0,0,0,0,0,0,0,-1,0,0,0,0,0,0,0,0,0,0,0,[0|0|0|0|0|0|0|0|0|0|0|0]
10311101,Gael 2,10301100,-1,-1,-1,0,999,0,0,0,0,0,0,0,0,0,0,0,0.1,-1,0,0,0,0,0,0,0,10311120,0,0,0,0,0,1,0,0,0,0,0,0,0,0,-128,-65,0,0,0,0,254,254,254,254,1,1,0,0,0,0,0,0,1,0,0,0,0,0,0,0,0,0,0,0,0,0,0,0,0,0,0,0,0,10311110,0.05,0.05,0,0,0,0,0,0,0,0,0,0,0,0,1,0,0,-1,0,-1,0,0,-1,-1,-1,-1,0,0,0,0,-1,0,0,-1,0,1,0,0,0,0,0,0,0,0,0,0,-1,0,0,0,0,0,0,0,0,0,0,0,[0|0|0|0|0|0|0|0|0|0|0|0]
10311102,Gael 1.5,10301100,-1,-1,-1,0.15,999,0,0,0,0,0,0,0,0,0,0,0,0.1,-1,0,0,0,0,0,0,0,10311121,0,0,0,0,0,1,0,0,0,0,0,0,0,0,-128,-65,0,0,0,0,254,254,254,254,1,1,0,0,0,0,0,0,1,0,0,0,0,0,0,0,0,0,0,0,0,0,0,0,0,0,0,0,0,10311122,0.1,0.1,0,0,0,0,0,0,0,0,0,0,0,0,1,0,0,-1,0,-1,0,0,-1,-1,-1,-1,0,0,0,0,-1,0,0,-1,0,1,0,0,0,0,0,0,0,0,0,0,-1,0,0,0,0,0,0,0,0,0,0,0,[0|0|0|0|0|0|0|0|0|0|0|0]
10311103,Gael e,10301103,962050,962051,-1,1,3,0.35,3,3,0,3,15,15,3,0.2,0.5,0.3,0.1,-1,0,0,0,1,0,0,0,10311104,0,0,0,0,0,12,0,0,30,0,0,0,0,0,-128,-65,30,0,0,0,254,254,254,254,0,0,0,0,0,0,0,0,0,0,1,0,0,0,0,0,0,0,0,0,0,0,0,0,0,0,0,100,100,-1,0,0,0,0,0,15,0,0,0,0,0,0,0,0,1,0,0,-1,0,-1,0,0,-1,-1,-1,-1,0,0,0,0,-1,0,0,-1,0,1,0,0,0,0,0,0,0,0,0,0,-1,0,0,0,0,0,0,0,0,0,0,0,[0|0|0|0|0|0|0|0|0|0|0|0]
10311104,Gael,10301103,962050,962051,-1,2,40,0,7,7,2,3,3,3,10,3,0,0,0.1,-1,0,0,0.3,0,0,0,0,10311105,0,0,0,0,0,1,0,0,0,0,0,0,0,0,-128,-65,0,0,0,0,254,254,254,254,1,1,0,0,0,0,0,0,0,0,0,0,0,0,0,0,0,0,0,0,0,0,0,0,0,0,0,0,0,-1,0,0,0,0,0,15,0,0,0,0,1,0,0,0,1,0,0,-1,0,-1,0,0,-1,-1,-1,-1,0,0,0,0,-1,0,0,-1,0,1,0,0,0,0,0,0,0,0,0,0,-1,0,0,0,0,0,0,0,0,0,0,0,[0|0|0|0|0|0|0|0|0|0|0|0]
10311105,Gael_1,3,962053,-1,-1,2,0,0,0,0,0,0,0,0,0,0,0,0,0,-1,0,0,0,1,0,0,0,10311106,0,0,0,0,0,1,0,0,0,0,0,0,0,0,0,0,0,0,0,0,254,254,254,254,1,1,0,0,0,0,0,0,1,0,0,0,0,0,0,0,0,0,0,0,0,0,0,0,0,0,0,0,0,-1,0,0,0,0,0,15,0,0,0,0,0,0,0,0,1,0,0,-1,0,-1,0,0,-1,-1,-1,-1,0,0,0,0,-1,0,0,-1,0,1,0,0,0,0,0,0,0,0,0,0,-1,0,0,0,0,0,0,0,0,0,0,0,[0|0|0|0|0|0|0|0|0|0|0|0]
10311106,Gael_1_1,10301104,962054,-1,-1,0.05,0,0,0,0,0,0,0,0,0,0,0,0,1.5,-1,0,0,0,1,0,0,0,-1,0,0,0,0,0,1,0,0,0,0,0,0,0,0,0,0,0,0,0,0,254,254,254,254,1,1,0,0,0,0,0,0,1,0,0,0,0,0,0,0,0,0,0,0,0,0,0,0,0,0,0,0,0,-1,0,0,0,0,0,15,0,0,0,0,0,0,0,0,1,0,0,-1,0,-1,0,0,-1,-1,-1,-1,0,0,0,0,-1,0,0,-1,0,1,0,0,0,0,0,0,0,0,0,0,-1,0,0,0,0,0,0,0,0,0,0,0,[0|0|0|0|0|0|0|0|0|0|0|0]
10311110,Gael 1.7,10301101,-1,-1,-1,0.3,999,0,0,0,0,0,0,0,0,0,0,0,1,3,0.12,0,0,0,0,0,0,-1,0,0,0,0,0,1,0,0,0,0,0,0,0,0,-128,-65,0,0,0,0,254,254,254,254,1,1,0,0,0,0,0,0,1,0,0,0,0,0,0,0,0,0,0,0,0,0,0,0,0,0,0,0,0,-1,0,0,0,0,0,0,0,0,0,0,0,0,0,0,1,0,0,-1,0,-1,0,0,-1,-1,-1,-1,0,0,0,0,-1,0,0,-1,0,1,0,0,0,0,0,0,0,0,0,0,-1,0,0,0,0,0,0,0,0,0,0,0,[0|0|0|0|0|0|0|0|0|0|0|0]
10311120,Gael 3,10301102,300745,300746,-1,5,999,0,3,10,0,0.1,15,15,20,2,1,0,0.1,0.1,0,0,0.3,0,0,0,0,-1,0,0,0,0,0,4,60,-90,120,0,0,0,0,0,-128,-65,90,0,2,0,254,254,254,254,0,0,1,0,0,0,0,0,0,0,0,0,0,1,0,0,1,1,0,0,0,0,0,0,0,0,0,30,180,-1,0,0,0,0,0,0,3,0,0,0,1,0,0,0,1,0,0,-1,0,-1,0,0,-1,-1,-1,-1,0,0,0,0,-1,0,0,-1,0,1,0,19,90,90,180,180,0,0,0,0,-1,0,0,0,0,0,0,0,0,0,0,0,[0|0|0|0|0|0|0|0|0|0|0|0]
10311121,Gael 1.6,10301102,300745,300746,-1,5,999,0,3,10,0,0.1,15,15,20,2,2,0,0.1,0.1,0,0,0.3,0,0,0,0,-1,0,0,0,0,0,6,60,-40,120,0,0,0,0,0,-128,-65,90,0,1,0,254,254,254,254,0,0,1,0,0,0,0,0,0,0,0,0,0,1,0,0,1,1,0,0,0,0,0,0,0,0,0,30,180,-1,0,0,0,0,0,0,3,0,0,0,1,0,0,0,1,0,0,-1,0,-1,0,0,-1,-1,-1,-1,0,0,0,0,-1,0,0,-1,0,1,0,19,90,90,180,180,0,0,0,0,-1,0,0,0,0,0,0,0,0,0,0,0,[0|0|0|0|0|0|0|0|0|0|0|0]
10311122,Gael 1.8,10301102,300745,300746,-1,5,999,0,3,10,0,0.1,15,15,20,2,3,0,0.1,0.1,0,0,0.3,0,0,0,0,-1,0,0,0,0,0,6,60,5,120,0,0,0,0,0,-128,-65,90,0,1,0,254,254,254,254,0,0,1,0,0,0,0,0,0,0,0,0,0,1,0,0,1,1,0,0,0,0,0,0,0,0,0,30,180,-1,0,0,0,0,0,0,3,0,0,0,1,0,0,0,1,0,0,-1,0,-1,0,0,-1,-1,-1,-1,0,0,0,0,-1,0,0,-1,0,1,0,19,90,90,180,180,0,0,0,0,-1,0,0,0,0,0,0,0,0,0,0,0,[0|0|0|0|0|0|0|0|0|0|0|0]
20000080,Arrow,5000881,5000001,5000002,5000003,3,15,0,0,6,0,40,5,-7,40,10,0,0,0.3,-1,0,0,0,0,0,0,0,-1,0,0,0,0,0,4,0,-4,4,0,100,100,100,100,-93,60,0,45,0,0,254,254,254,254,0,0,0,0,0,0,1,0,0,0,0,0,0,0,1,0,1,0,0,0,0,0,0,100,0,0,0,0,0,-1,0,0,0,0,0,0,0,0,0,0,1,0,0,0,0,0,0,-1,0,-1,0,0,-1,-1,-1,-1,0,0,0,0,-1,0,0,-1,0,1,0,0,0,0,0,0,0,0,0,0,-1,0,0,0,0,0,0,0,0,0,0,0,[0|0|0|0|0|0|0|0|0|0|0|0]
20000081,Arrow_1,5000881,5000001,5000002,5000003,3,15,0,0,6,0,40,5,-7,40,10,0,0,0.3,-1,0,0,0,0,0,0,0,-1,0,0,0,0,0,4,0,-6,4,0,100,100,100,100,-93,60,0,45,0,0,254,254,254,254,0,0,0,0,0,0,1,0,0,0,0,0,0,0,1,0,1,0,0,0,0,0,0,100,0,0,0,0,0,-1,0,0,0,0,0,0,0,0,0,0,1,0,0,0,0,0,0,-1,0,-1,0,0,-1,-1,-1,-1,0,0,0,0,-1,0,0,-1,0,1,0,0,0,0,0,0,0,0,0,0,-1,0,0,0,0,0,0,0,0,0,0,0,[0|0|0|0|0|0|0|0|0|0|0|0]
20000085,Arrow,5000885,5000001,5000002,5000003,3,15,0,0,6,0,40,5,-7,40,10,0,0,0.02,-1,0,0,0,0,0,0,0,-1,0,0,0,0,0,1,0,0,0,0,100,100,100,100,-93,60,0,45,0,0,254,254,254,254,0,0,0,0,0,0,1,0,0,0,1,0,0,0,1,0,1,0,0,0,0,0,0,100,0,0,0,0,0,-1,0,0,0,0,0,0,0,0,0,0,1,0,0,0,0,0,0,-1,0,-1,0,0,-1,-1,-1,-1,0,0,0,0,-1,0,0,-1,0,1,0,0,0,0,0,0,0,0,0,0,-1,0,0,0,0,0,0,0,0,0,0,0,[0|0|0|0|0|0|0|0|0|0|0|0]
20007040,Spread,5200640,5200001,5200002,5200003,3,40,0,0,4,0,30,5,-5,40,30,0,0,0.2,-1,0,0,0,0,0,0,0,-1,0,0,0,0,0,4,0,-10,7,0,100,100,100,100,0,0,5,30,0,0,254,254,254,254,0,0,0,0,0,0,1,0,0,0,1,0,0,0,1,0,1,0,0,0,0,0,0,100,0,0,0,3,4,-1,0,0,0,0,0,0,0,0,0,0,0,0,0,0,0,0,0,-1,0,-1,0,0,-1,-1,-1,-1,0,0,0,0,-1,0,0,-1,0,1,0,0,0,0,0,0,0,0,0,0,-1,0,0,0,0,0,0,0,0,0,0,0,[0|0|0|0|0|0|0|0|0|0|0|0]
20007041,Spread_1,5200640,5200001,5200002,5200003,3,40,0,0,4,0,30,5,-5,40,30,0,0,0.2,-1,0,0,0,0,0,0,0,-1,0,0,0,0,0,3,0,-10,10,0,100,100,100,100,0,0,0,30,0,0,254,254,254,254,0,0,0,0,0,0,1,0,0,0,1,0,0,0,1,0,1,0,0,0,0,0,0,100,0,0,0,3,4,-1,0,0,0,0,0,0,0,0,0,0,0,0,0,0,0,0,0,-1,0,-1,0,0,-1,-1,-1,-1,0,0,0,0,-1,0,0,-1,0,1,0,0,0,0,0,0,0,0,0,0,-1,0,0,0,0,0,0,0,0,0,0,0,[0|0|0|0|0|0|0|0|0|0|0|0]
20007042,Spread_1_1,5200640,5200001,5200002,5200003,3,40,0,0,4,0,30,5,-5,40,30,0,0,0.2,-1,0,0,0,0,0,0,0,-1,0,0,0,0,0,3,0,-10,10,0,100,100,100,100,0,0,-5,30,0,0,254,254,254,254,0,0,0,0,0,0,1,0,0,0,1,0,0,0,1,0,1,0,0,0,0,0,0,100,0,0,0,3,4,-1,0,0,0,0,0,0,0,0,0,0,0,0,0,0,0,0,0,-1,0,-1,0,0,-1,-1,-1,-1,0,0,0,0,-1,0,0,-1,0,1,0,0,0,0,0,0,0,0,0,0,-1,0,0,0,0,0,0,0,0,0,0,0,[0|0|0|0|0|0|0|0|0|0|0|0]
20007050,Repeating,5200640,5200001,5200002,5200003,3,40,0,0,4,0,30,5,-5,40,30,0,0,0.2,-1,0,0,0,0,0,0,0,-1,0,0,0,0,0,1,0,0,0,0,0,0,0,0,0,60,0,45,0,0,254,254,254,254,0,0,0,0,0,0,1,0,0,0,0,0,0,0,1,0,1,0,0,0,0,0,0,0,0,0,0,0,0,-1,0,0,0,0,0,0,0,0,0,0,0,0,0,0,0,0,0,-1,0,-1,0,0,-1,-1,-1,-1,0,0,0,0,-1,0,0,-1,0,1,0,0,0,0,0,0,0,0,0,0,-1,0,0,0,0,0,0,0,0,0,0,0,[0|0|0|0|0|0|0|0|0|0|0|0]
100050600,_1,2813710,-1,-1,-1,0.03,0,0,0,0,1,0,0,0,0,0,0,1,0.03,-1,0,0,0,99,0,0,0,100050601,0,0,0,0,0,1,0,0,0,0,0,0,0,0,0,0,0,0,0,0,254,254,254,254,1,1,0,0,0,0,0,1,0,0,1,0,0,0,0,0,0,0,0,0,0,0,0,0,0,0,0,0,0,-1,0,0,0,0,0,0,0,0,0,0,0,0,0,0,0,0,0,-1,0,0,0,0,-1,-1,-1,-1,0,0,0,0,-1,0,0,-1,0,1,0,0,0,0,0,0,0,0,0,0,-1,0,0,0,0,0,0,0,0,0,0,0,[0|0|0|0|0|0|0|0|0|0|0|0]
100050601,_1_1,2813710,-1,-1,-1,0.2,0,0,200,200,1,15,0,0,80,15,0,1,0.03,-1,0,0,0,99,0,0,0,100050602,0,0,0,0,0,1,0,0,0,0,0,0,0,0,0,0,0,0,0,0,254,254,254,254,1,1,0,0,0,0,0,1,0,0,1,0,0,0,0,0,0,0,0,0,0,0,0,0,0,0,0,0,0,-1,0,0,0,0,0,0,0,0,0,0,0,0,0,0,0,0,0,-1,0,0,0,0,-1,-1,-1,-1,0,0,0,0,-1,0,0,-1,0,1,0,0,0,0,0,0,0,0,0,0,-1,0,0,0,0,0,0,0,0,0,0,0,[0|0|0|0|0|0|0|0|0|0|0|0]
100050602,_1_1_1,2813711,440902,-1,-1,0.2,0,0,200,200,1,15,0,0,80,15,0,1,0.03,-1,0,0,0,99,0,0,0,100050603,0,0,0,0,0,1,0,0,0,0,0,0,0,0,0,0,0,0,0,0,254,254,254,254,1,1,0,5,0,2,0,1,0,0,1,0,0,0,0,0,0,0,0,0,0,0,0,0,0,0,0,0,0,-1,0,0,0,0,0,0,0,0,0,0,0,0,0,0,0,0,0,-1,0,0,0,0,-1,-1,-1,-1,0,0,0,0,-1,0,0,-1,0,1,0,0,0,0,0,0,0,0,0,0,-1,0,0,0,0,0,0,0,0,0,0,0,[0|0|0|0|0|0|0|0|0|0|0|0]
100050603,_1_1_1_1,2813711,440902,-1,-1,0.2,0,0,200,200,1,15,0,0,80,15,0,1,0.03,-1,0,0,0,99,0,0,0,100050604,0,0,0,0,0,1,0,0,0,0,0,0,0,0,0,0,0,0,0,0,254,254,254,254,1,1,0,5,0,2,0,1,0,0,1,0,0,0,0,0,0,0,0,0,0,0,0,0,0,0,0,0,0,-1,0,0,0,0,0,0,0,0,0,0,0,0,0,0,0,0,0,-1,0,0,0,0,-1,-1,-1,-1,0,0,0,0,-1,0,0,-1,0,1,0,0,0,0,0,0,0,0,0,0,-1,0,0,0,0,0,0,0,0,0,0,0,[0|0|0|0|0|0|0|0|0|0|0|0]
100050604,_1_1_1_1_1,2813711,440902,-1,-1,0.2,0,0,200,200,1,15,0,0,80,15,0,1,0.03,-1,0,0,0,99,0,0,0,100050605,0,0,0,0,0,1,0,0,0,0,0,0,0,0,0,0,0,0,0,0,254,254,254,254,1,1,0,5,0,2,0,1,0,0,1,0,0,0,0,0,0,0,0,0,0,0,0,0,0,0,0,0,0,-1,0,0,0,0,0,0,0,0,0,0,0,0,0,0,0,0,0,-1,0,0,0,0,-1,-1,-1,-1,0,0,0,0,-1,0,0,-1,0,1,0,0,0,0,0,0,0,0,0,0,-1,0,0,0,0,0,0,0,0,0,0,0,[0|0|0|0|0|0|0|0|0|0|0|0]
100050605,_1_1_1_1_1_1,2813711,440902,-1,-1,0.2,0,0,200,200,1,15,0,0,80,15,0,1,0.03,-1,0,0,0,99,0,0,0,100050606,0,0,0,0,0,1,0,0,0,0,0,0,0,0,0,0,0,0,0,0,254,254,254,254,1,1,0,5,0,2,0,1,0,0,1,0,0,0,0,0,0,0,0,0,0,0,0,0,0,0,0,0,0,-1,0,0,0,0,0,0,0,0,0,0,0,0,0,0,0,0,0,-1,0,0,0,0,-1,-1,-1,-1,0,0,0,0,-1,0,0,-1,0,1,0,0,0,0,0,0,0,0,0,0,-1,0,0,0,0,0,0,0,0,0,0,0,[0|0|0|0|0|0|0|0|0|0|0|0]
100050606,_1_1_1_1_1_1_1,2813711,440902,-1,-1,0.2,0,0,200,200,1,15,0,0,80,15,0,1,0.03,-1,0,0,0,99,0,0,0,100050607,0,0,0,0,0,1,0,0,0,0,0,0,0,0,0,0,0,0,0,0,254,254,254,254,1,1,0,5,0,2,0,1,0,0,1,0,0,0,0,0,0,0,0,0,0,0,0,0,0,0,0,0,0,-1,0,0,0,0,0,0,0,0,0,0,0,0,0,0,0,0,0,-1,0,0,0,0,-1,-1,-1,-1,0,0,0,0,-1,0,0,-1,0,1,0,0,0,0,0,0,0,0,0,0,-1,0,0,0,0,0,0,0,0,0,0,0,[0|0|0|0|0|0|0|0|0|0|0|0]
100050607,_1_1_1_1_1_1_1_1,2813711,440902,-1,-1,0.2,0,0,200,200,1,15,0,0,80,15,0,1,0.03,-1,0,0,0,99,0,0,0,-1,0,0,0,0,0,1,0,0,0,0,0,0,0,0,0,0,0,0,0,0,254,254,254,254,1,1,0,5,0,2,0,1,0,0,1,0,0,0,0,0,0,0,0,0,0,0,0,0,0,0,0,0,0,-1,0,0,0,0,0,0,0,0,0,0,0,0,0,0,0,0,0,-1,0,0,0,0,-1,-1,-1,-1,0,0,0,0,-1,0,0,-1,0,1,0,0,0,0,0,0,0,0,0,0,-1,0,0,0,0,0,0,0,0,0,0,0,[0|0|0|0|0|0|0|0|0|0|0|0]
100062600,Lorian,2604725,-1,-1,-1,0.5,5,0,99,99,0,7,0,0,99,7,0,0,0.5,-1,0,0,0,1,0,0,0,100062610,0,0,0,0,0,1,0,0,0,0,0,0,0,0,0,0,0,0,0,0,254,254,254,254,1,1,0,0,0,2,0,0,0,0,0,0,0,0,0,0,0,0,0,0,0,0,0,0,0,0,0,0,0,-1,0,0,0,0,0,0,0,0,0,0,0,0,0,0,0,0,0,-1,0,-1,0,0,-1,-1,-1,-1,0,0,0,0,-1,0,0,-1,0,1,0,0,0,0,0,0,0,0,0,0,-1,0,0,0,0,0,0,0,0,0,0,0,[0|0|0|0|0|0|0|0|0|0|0|0]
100062610,Lorian,2604726,-1,940052,-1,0.5,5,0,99,99,0,7,0,0,99,7,0,0,0.5,-1,0,0,0,1,0,0,0,100062611,0,0,0,0,0,1,0,-10,0,0,0,0,0,0,0,0,0,0,0,0,254,254,254,254,1,1,0,0,0,2,0,0,0,0,1,0,0,0,0,0,0,0,0,0,0,0,0,0,0,0,0,0,0,-1,0,0,0,0,0,0,0,0,0,0,0,0,0,0,0,0,0,-1,0,-1,0,0,-1,-1,-1,-1,0,0,0,0,-1,0,0,-1,0,1,0,0,0,0,0,0,0,0,0,0,-1,0,0,0,0,0,0,0,0,0,0,0,[0|0|0|0|0|0|0|0|0|0|0|0]
100062611,Lorian_1,2604726,-1,940052,-1,0.5,5,0,99,99,0,7,0,0,99,7,0,0,0.5,-1,0,0,0,1,0,0,0,100062612,0,0,0,0,0,1,0,20,0,0,0,0,0,0,0,0,0,0,0,0,254,254,254,254,1,1,0,0,0,2,0,0,0,0,1,0,0,0,0,0,0,0,0,0,0,0,0,0,0,0,0,0,0,-1,0,0,0,0,1,0,0,0,0,0,0,0,0,0,0,0,0,-1,0,-1,0,0,-1,-1,-1,-1,0,0,0,0,-1,0,0,-1,0,1,0,0,0,0,0,0,0,0,0,0,-1,0,0,0,0,0,0,0,0,0,0,0,[0|0|0|0|0|0|0|0|0|0|0|0]
100062612,Lorian_1_1,2604726,-1,940052,-1,0.5,5,0,99,99,0,7,0,0,99,7,0,0,0.5,-1,0,0,0,1,0,0,0,100062613,0,0,0,0,0,1,0,-20,0,0,0,0,0,0,0,0,0,0,0,0,254,254,254,254,1,1,0,0,0,2,0,0,0,0,1,0,0,0,0,0,0,0,0,0,0,0,0,0,0,0,0,0,0,-1,0,0,0,0,1,0,0,0,0,0,0,0,0,0,0,0,0,-1,0,-1,0,0,-1,-1,-1,-1,0,0,0,0,-1,0,0,-1,0,1,0,0,0,0,0,0,0,0,0,0,-1,0,0,0,0,0,0,0,0,0,0,0,[0|0|0|0|0|0|0|0|0|0|0|0]
100062613,Lorian_1_1_1,2604726,-1,940052,-1,0.5,5,0,99,99,0,7,0,0,99,7,0,0,0.5,-1,0,0,0,1,0,0,0,100062614,0,0,0,0,0,1,0,20,0,0,0,0,0,0,0,0,0,0,0,0,254,254,254,254,1,1,0,0,0,2,0,0,0,0,1,0,0,0,0,0,0,0,0,0,0,0,0,0,0,0,0,0,0,-1,0,0,0,0,1,0,0,0,0,0,0,0,0,0,0,0,0,-1,0,-1,0,0,-1,-1,-1,-1,0,0,0,0,-1,0,0,-1,0,1,0,0,0,0,0,0,0,0,0,0,-1,0,0,0,0,0,0,0,0,0,0,0,[0|0|0|0|0|0|0|0|0|0|0|0]
100062614,Lorian_1_1_1_1,2604726,-1,940052,-1,0.5,5,0,99,99,0,7,0,0,99,7,0,0,0.5,-1,0,0,0,1,0,0,0,100062615,0,0,0,0,0,1,0,-20,0,0,0,0,0,0,0,0,0,0,0,0,254,254,254,254,1,1,0,0,0,2,0,0,0,0,1,0,0,0,0,0,0,0,0,0,0,0,0,0,0,0,0,0,0,-1,0,0,0,0,1,0,0,0,0,0,0,0,0,0,0,0,0,-1,0,-1,0,0,-1,-1,-1,-1,0,0,0,0,-1,0,0,-1,0,1,0,0,0,0,0,0,0,0,0,0,-1,0,0,0,0,0,0,0,0,0,0,0,[0|0|0|0|0|0|0|0|0|0|0|0]
100062615,Lorian_1_1_1_1_1,2604726,-1,940052,-1,0.5,5,0,99,99,0,7,0,0,99,7,0,0,0.5,-1,0,0,0,1,0,0,0,-1,0,0,0,0,0,1,0,20,0,0,0,0,0,0,0,0,0,0,0,0,254,254,254,254,1,1,0,0,0,2,0,0,0,0,1,0,0,0,0,0,0,0,0,0,0,0,0,0,0,0,0,0,0,-1,0,0,0,0,1,0,0,0,0,0,0,0,0,0,0,0,0,-1,0,-1,0,0,-1,-1,-1,-1,0,0,0,0,-1,0,0,-1,0,1,0,0,0,0,0,0,0,0,0,0,-1,0,0,0,0,0,0,0,0,0,0,0,[0|0|0|0|0|0|0|0|0|0|0|0]
100062620,Lorian Twince prince,2604727,-1,-1,-1,0.5,5,0,99,99,0,7,0,0,99,7,0,0,0.5,-1,0,0,0,1,0,0,0,100062630,0,0,0,0,0,1,0,0,0,0,0,0,0,0,0,0,0,0,0,0,254,254,254,254,1,1,0,0,0,2,0,0,0,0,0,0,0,0,0,0,0,0,0,0,0,0,0,0,0,0,0,0,0,-1,0,0,0,0,0,0,0,0,0,0,0,0,0,0,0,0,0,-1,0,-1,0,0,-1,-1,-1,-1,0,0,0,0,-1,0,0,-1,0,1,0,0,0,0,0,0,0,0,0,0,-1,0,0,0,0,0,0,0,0,0,0,0,[0|0|0|0|0|0|0|0|0|0|0|0]
100062630,Lorian,2604728,-1,940052,-1,0.5,5,0,99,99,0,7,0,0,99,7,0,0,0.5,-1,0,0,0,1,0,0,0,100062631,0,0,0,0,0,1,0,-10,0,0,0,0,0,0,0,0,0,0,0,0,254,254,254,254,1,1,0,0,0,2,0,0,0,0,1,0,0,0,0,0,0,0,0,0,0,0,0,0,0,0,0,0,0,-1,0,0,0,0,0,0,0,0,0,0,0,0,0,0,0,0,0,-1,0,-1,0,0,-1,-1,-1,-1,0,0,0,0,-1,0,0,-1,0,1,0,0,0,0,0,0,0,0,0,0,-1,0,0,0,0,0,0,0,0,0,0,0,[0|0|0|0|0|0|0|0|0|0|0|0]
100062631,Lorian_1,2604728,-1,940052,-1,0.5,5,0,99,99,0,7,0,0,99,7,0,0,0.5,-1,0,0,0,1,0,0,0,100062632,0,0,0,0,0,1,0,20,0,0,0,0,0,0,0,0,0,0,0,0,254,254,254,254,1,1,0,0,0,2,0,0,0,0,1,0,0,0,0,0,0,0,0,0,0,0,0,0,0,0,0,0,0,-1,0,0,0,0,1,0,0,0,0,0,0,0,0,0,0,0,0,-1,0,-1,0,0,-1,-1,-1,-1,0,0,0,0,-1,0,0,-1,0,1,0,0,0,0,0,0,0,0,0,0,-1,0,0,0,0,0,0,0,0,0,0,0,[0|0|0|0|0|0|0|0|0|0|0|0]
100062632,Lorian_1_1,2604728,-1,940052,-1,0.5,5,0,99,99,0,7,0,0,99,7,0,0,0.5,-1,0,0,0,1,0,0,0,100062633,0,0,0,0,0,1,0,-20,0,0,0,0,0,0,0,0,0,0,0,0,254,254,254,254,1,1,0,0,0,2,0,0,0,0,1,0,0,0,0,0,0,0,0,0,0,0,0,0,0,0,0,0,0,-1,0,0,0,0,1,0,0,0,0,0,0,0,0,0,0,0,0,-1,0,-1,0,0,-1,-1,-1,-1,0,0,0,0,-1,0,0,-1,0,1,0,0,0,0,0,0,0,0,0,0,-1,0,0,0,0,0,0,0,0,0,0,0,[0|0|0|0|0|0|0|0|0|0|0|0]
100062633,Lorian_1_1_1,2604728,-1,940052,-1,0.5,5,0,99,99,0,7,0,0,99,7,0,0,0.5,-1,0,0,0,1,0,0,0,100062634,0,0,0,0,0,1,0,20,0,0,0,0,0,0,0,0,0,0,0,0,254,254,254,254,1,1,0,0,0,2,0,0,0,0,1,0,0,0,0,0,0,0,0,0,0,0,0,0,0,0,0,0,0,-1,0,0,0,0,1,0,0,0,0,0,0,0,0,0,0,0,0,-1,0,-1,0,0,-1,-1,-1,-1,0,0,0,0,-1,0,0,-1,0,1,0,0,0,0,0,0,0,0,0,0,-1,0,0,0,0,0,0,0,0,0,0,0,[0|0|0|0|0|0|0|0|0|0|0|0]
100062634,Lorian_1_1_1_1,2604728,-1,940052,-1,0.5,5,0,99,99,0,7,0,0,99,7,0,0,0.5,-1,0,0,0,1,0,0,0,100062635,0,0,0,0,0,1,0,-20,0,0,0,0,0,0,0,0,0,0,0,0,254,254,254,254,1,1,0,0,0,2,0,0,0,0,1,0,0,0,0,0,0,0,0,0,0,0,0,0,0,0,0,0,0,-1,0,0,0,0,1,0,0,0,0,0,0,0,0,0,0,0,0,-1,0,-1,0,0,-1,-1,-1,-1,0,0,0,0,-1,0,0,-1,0,1,0,0,0,0,0,0,0,0,0,0,-1,0,0,0,0,0,0,0,0,0,0,0,[0|0|0|0|0|0|0|0|0|0|0|0]
100062635,Lorian_1_1_1_1_1,2604728,-1,940052,-1,0.5,5,0,99,99,0,7,0,0,99,7,0,0,0.5,-1,0,0,0,1,0,0,0,-1,0,0,0,0,0,1,0,20,0,0,0,0,0,0,0,0,0,0,0,0,254,254,254,254,1,1,0,0,0,2,0,0,0,0,1,0,0,0,0,0,0,0,0,0,0,0,0,0,0,0,0,0,0,-1,0,0,0,0,1,0,0,0,0,0,0,0,0,0,0,0,0,-1,0,-1,0,0,-1,-1,-1,-1,0,0,0,0,-1,0,0,-1,0,1,0,0,0,0,0,0,0,0,0,0,-1,0,0,0,0,0,0,0,0,0,0,0,[0|0|0|0|0|0|0|0|0|0|0|0]
100062800,Lothric,2310735,940002,-1,-1,0.5,12,0,0,0,0,40,0,0,40,40,0,0,0.5,-1,0,0,0,0,0,0,0,-1,0,0,0,0,0,1,0,0,0,0,0,0,0,0,0,0,0,0,0,0,254,254,254,254,1,1,0,0,0,0,0,0,0,0,0,0,0,0,0,0,0,0,0,0,0,0,0,0,0,0,0,0,0,-1,0,0,0,0,0,0,0,0,0,0,0,0,0,0,0,0,0,-1,0,-1,0,0,-1,-1,-1,-1,0,0,0,0,-1,0,0,-1,0,1,0,0,0,0,0,0,0,0,0,0,-1,0,0,0,0,0,0,0,0,0,0,0,[0|0|0|0|0|0|0|0|0|0|0|0]
100062801,Lothric Twin Prince,2310737,940002,-1,-1,0.5,12,0,0,0,0,40,0,0,40.1,40,0,0,0.5,-1,0,0,0,0,0,0,0,-1,0,0,0,0,0,1,0,0,0,0,0,0,0,0,0,0,0,0,0,0,254,254,254,254,1,1,0,0,0,0,0,0,0,0,0,0,0,0,0,0,0,0,0,0,0,0,0,0,0,0,0,0,0,-1,0,0,0,0,0,0,0,0,0,0,0,0,0,0,0,0,0,-1,0,-1,0,0,-1,-1,-1,-1,0,0,0,0,-1,0,0,-1,0,1,0,0,0,0,0,0,0,0,0,0,-1,0,0,0,0,0,0,0,0,0,0,0,[0|0|0|0|0|0|0|0|0|0|0|0]
100083200,Ledo,3512732,-1,-1,-1,0.06,0,0,0,0,0,50,0,0,50,60,0,0,0.06,-1,0,0,0,0.6,0,0,0,100083201,0,0,0,0,0,1,0,0,0,0,0,0,0,0,0,0,0,0,0,0,254,254,254,254,0,0,0,0,0,0,0,1,0,0,1,0,0,0,0,1,0,0,0,0,0,0,0,0,0,0,0,0,0,-1,0,0,0,0,1,0,0,0,0,0,0,0,0,0,0,0,0,-1,0,0,0,0,-1,-1,-1,-1,0,0,0,0,-1,0,0,-1,0,1,0,0,0,0,0,0,0,0,0,0,-1,0,0,0,0,0,0,0,0,0,0,0,[0|0|0|0|0|0|0|0|0|0|0|0]
100083201,Ledo_1,3512733,-1,-1,-1,0.06,0,0,0,0,0,7,0,0,7,7,0,0,0.06,-1,0,0,0,0.6,0,0,0,100083202,0,0,0,0,0,1,0,180,0,0,0,0,0,0,0,0,45,0,0,0,254,254,254,254,0,0,0,0,0,0,0,1,1,0,1,0,0,0,0,1,0,0,0,0,0,0,0,0,0,0,0,0,0,-1,0,0,0,0,1,0,0,0,0,0,0,0,0,0,0,0,0,-1,0,0,0,0,-1,-1,-1,-1,0,0,0,0,-1,0,0,-1,0,1,0,0,0,0,0,0,0,0,0,0,-1,0,0,0,0,0,0,0,0,0,0,0,[0|0|0|0|0|0|0|0|0|0|0|0]
100083202,Ledo_1_1,3512734,441511,-1,-1,1,0,0,36,36,0,10,0,0,10,10,0,0,0.05,0.4,0.1,0,0,0.6,0,0,0,-1,0,0,0,0,0,16,0,0,23,0,0,0,0,0,0,0,40,0,0,0,254,254,254,254,0,0,0,0,0,0,0,1,0,0,1,0,0,0,0,1,0,0,0,0,0,0,0,0,0,0,0,8,20,-1,0,0,0,0,0,0,0,0,0,0,0,0,0,0,0,0,0,-1,0,0,0,0,-1,-1,-1,-1,0,0,0,0,-1,0,0,-1,0,1,0,0,0,0,0,0,0,0,0,0,-1,0,0,0,0,0,0,0,0,0,0,0,[0|0|0|0|0|0|0|0|0|0|0|0]
100092400,RKS aow,3670730,-1,-1,-1,0.03,0,0,0,0,1,0,0,0,0,0,0,1,0.3,-1,0.06,0,0,99,0,0,-1,100092401,0,0,0,0,0,1,0,0,0,0,0,0,0,0,0,0,0,0,0,0,254,254,254,254,1,1,0,0,0,0,0,0,0,0,1,0,0,0,0,0,0,0,0,0,0,0,0,0,0,0,0,0,0,-1,0,0,0,0,0,0,0,0,0,0,1,0,0,0,0,0,0,-1,0,-1,0,0,-1,-1,-1,-1,0,0,0,0,-1,0,0,-1,0,1,0,0,0,0,0,0,0,0,0,0,-1,0,0,0,0,0,0,0,0,0,0,0,[0|0|0|0|0|0|0|0|0|0|0|0]
100092401,RKS aow_1,3670730,-1,441107,-1,0.2,0,0,200,200,1,15,0,0,80,15,0,1,0.3,-1,0.06,0,0,99,0,0,-1,100092402,0,0,0,0,0,1,0,0,0,0,0,0,0,0,0,0,0,0,0,0,254,254,254,254,1,1,0,0,0,0,0,0,0,0,1,0,0,0,0,0,0,0,0,0,0,0,0,0,0,0,0,0,0,-1,0,0,0,0,0,0,0,0,0,0,1,0,0,0,0,0,0,-1,0,-1,0,0,-1,-1,-1,-1,0,0,0,0,-1,0,0,-1,0,1,0,0,0,0,0,0,0,0,0,0,-1,0,0,0,0,0,0,0,0,0,0,0,[0|0|0|0|0|0|0|0|0|0|0|0]
100092402,RKS aow_1_1,3670731,-1,441107,-1,0.2,0,0,200,200,1,15,0,0,80,15,0,1,0.3,-1,0.06,0,0,99,0,0,-1,100092403,0,0,0,0,0,1,0,0,0,0,0,0,0,0,0,0,0,0,0,0,254,254,254,254,1,1,0,0,0,2,0,0,0,0,1,0,0,0,0,0,0,0,0,0,0,0,0,0,0,0,0,0,0,-1,0,0,0,0,0,0,0,0,0,0,1,0,0,0,0,0,0,-1,0,-1,0,0,-1,-1,-1,-1,0,0,0,0,-1,0,0,-1,0,1,0,0,0,0,0,0,0,0,0,0,-1,0,0,0,0,0,0,0,0,0,0,0,[0|0|0|0|0|0|0|0|0|0|0|0]
100092403,RKS aow_1_1_1,3670731,-1,441107,-1,0.2,0,0,200,200,1,15,0,0,80,15,0,1,0.3,-1,0.06,0,0,99,0,0,-1,100092404,0,0,0,0,0,1,0,0,0,0,0,0,0,0,0,0,0,0,0,0,254,254,254,254,1,1,0,0,0,2,0,0,0,0,1,0,0,0,0,0,0,0,0,0,0,0,0,0,0,0,0,0,0,-1,0,0,0,0,0,0,0,0,0,0,1,0,0,0,0,0,0,-1,0,-1,0,0,-1,-1,-1,-1,0,0,0,0,-1,0,0,-1,0,1,0,0,0,0,0,0,0,0,0,0,-1,0,0,0,0,0,0,0,0,0,0,0,[0|0|0|0|0|0|0|0|0|0|0|0]
100092404,RKS aow_1_1_1_1,3670731,-1,441107,-1,0.2,0,0,200,200,1,15,0,0,80,15,0,1,0.3,-1,0.06,0,0,99,0,0,-1,100092405,0,0,0,0,0,1,0,0,0,0,0,0,0,0,0,0,0,0,0,0,254,254,254,254,1,1,0,0,0,2,0,0,0,0,1,0,0,0,0,0,0,0,0,0,0,0,0,0,0,0,0,0,0,-1,0,0,0,0,0,0,0,0,0,0,1,0,0,0,0,0,0,-1,0,-1,0,0,-1,-1,-1,-1,0,0,0,0,-1,0,0,-1,0,1,0,0,0,0,0,0,0,0,0,0,-1,0,0,0,0,0,0,0,0,0,0,0,[0|0|0|0|0|0|0|0|0|0|0|0]
100092405,RKS aow_1_1_1_1_1,3670731,-1,441107,-1,0.2,0,0,200,200,1,15,0,0,80,15,0,1,0.3,-1,0.06,0,0,99,0,0,-1,100092406,0,0,0,0,0,1,0,0,0,0,0,0,0,0,0,0,0,0,0,0,254,254,254,254,1,1,0,0,0,2,0,0,0,0,1,0,0,0,0,0,0,0,0,0,0,0,0,0,0,0,0,0,0,-1,0,0,0,0,0,0,0,0,0,0,1,0,0,0,0,0,0,-1,0,-1,0,0,-1,-1,-1,-1,0,0,0,0,-1,0,0,-1,0,1,0,0,0,0,0,0,0,0,0,0,-1,0,0,0,0,0,0,0,0,0,0,0,[0|0|0|0|0|0|0|0|0|0|0|0]
100092406,RKS aow_1_1_1_1_1_1,3670731,-1,441107,-1,0.2,0,0,200,200,1,15,0,0,80,15,0,1,0.3,-1,0.06,0,0,99,0,0,-1,100092407,0,0,0,0,0,1,0,0,0,0,0,0,0,0,0,0,0,0,0,0,254,254,254,254,1,1,0,0,0,2,0,0,0,0,1,0,0,0,0,0,0,0,0,0,0,0,0,0,0,0,0,0,0,-1,0,0,0,0,0,0,0,0,0,0,1,0,0,0,0,0,0,-1,0,-1,0,0,-1,-1,-1,-1,0,0,0,0,-1,0,0,-1,0,1,0,0,0,0,0,0,0,0,0,0,-1,0,0,0,0,0,0,0,0,0,0,0,[0|0|0|0|0|0|0|0|0|0|0|0]
100092407,RKS aow_1_1_1_1_1_1_1,3670731,-1,441107,-1,0.2,0,0,200,200,1,15,0,0,80,15,0,1,0.3,-1,0.06,0,0,99,0,0,-1,100092408,0,0,0,0,0,1,0,0,0,0,0,0,0,0,0,0,0,0,0,0,254,254,254,254,1,1,0,0,0,2,0,0,0,0,1,0,0,0,0,0,0,0,0,0,0,0,0,0,0,0,0,0,0,-1,0,0,0,0,0,0,0,0,0,0,1,0,0,0,0,0,0,-1,0,-1,0,0,-1,-1,-1,-1,0,0,0,0,-1,0,0,-1,0,1,0,0,0,0,0,0,0,0,0,0,-1,0,0,0,0,0,0,0,0,0,0,0,[0|0|0|0|0|0|0|0|0|0|0|0]
100092408,RKS aow_1_1_1_1_1_1_1_1,3670731,-1,441107,-1,0.2,0,0,200,200,1,15,0,0,80,15,0,1,0.3,-1,0.06,0,0,99,0,0,-1,100092409,0,0,0,0,0,1,0,0,0,0,0,0,0,0,0,0,0,0,0,0,254,254,254,254,1,1,0,0,0,2,0,0,0,0,1,0,0,0,0,0,0,0,0,0,0,0,0,0,0,0,0,0,0,-1,0,0,0,0,0,0,0,0,0,0,1,0,0,0,0,0,0,-1,0,-1,0,0,-1,-1,-1,-1,0,0,0,0,-1,0,0,-1,0,1,0,0,0,0,0,0,0,0,0,0,-1,0,0,0,0,0,0,0,0,0,0,0,[0|0|0|0|0|0|0|0|0|0|0|0]
100092409,RKS aow_1_1_1_1_1_1_1_1_1,3670731,-1,441107,-1,0.2,0,0,200,200,1,15,0,0,80,15,0,1,0.3,-1,0.06,0,0,99,0,0,-1,-1,0,0,0,0,0,1,0,0,0,0,0,0,0,0,0,0,0,0,0,0,254,254,254,254,1,1,0,0,0,2,0,0,0,0,1,0,0,0,0,0,0,0,0,0,0,0,0,0,0,0,0,0,0,-1,0,0,0,0,0,0,0,0,0,0,1,0,0,0,0,0,0,-1,0,-1,0,0,-1,-1,-1,-1,0,0,0,0,-1,0,0,-1,0,1,0,0,0,0,0,0,0,0,0,0,-1,0,0,0,0,0,0,0,0,0,0,0,[0|0|0|0|0|0|0|0|0|0|0|0]
100092610,Crucifix,3814710,442302,442303,-1,1,0,0.1,0,0,0,30,0,0,30,30,0,0,0.3,-1,0.06,0,0,0.6,0,0,0,-1,0,0,0,0,0,1,0,0,0,0,0,0,0,0,0,0,0,40,0,0,254,254,254,254,1,1,0,0,0,0,0,0,1,0,1,0,0,0,0,0,0,0,0,0,0,0,0,0,0,0,0,0,0,-1,0,0,0,0,0,0,0,0,0,0,0,0,0,0,0,0,0,-1,0,-1,0,0,-1,-1,-1,-1,0,0,0,0,-1,0,0,-1,0,1,0,0,0,0,0,0,0,0,0,0,-1,0,0,0,0,0,0,0,0,0,0,0,[0|0|0|0|0|0|0|0|0|0|0|0]
100092620,Crucifix_1,3814720,442302,442303,-1,0.2,0,0.1,0,0,0,30,0,0,30,30,0,0,0.6,-1,0.06,0,0,0.2,0,0,0,-1,0,0,0,0,0,7,0,-45,15,0,0,0,0,0,0,0,0,40,0,0,254,254,254,254,1,1,0,0,0,0,0,0,1,0,1,0,0,0,0,0,0,0,0,0,0,0,0,0,0,0,0,0,20,-1,0,0,0,0,0,0,0,0,0,0,0,0,0,0,0,0,0,-1,0,-1,0,0,-1,-1,-1,-1,0,0,0,0,-1,0,0,-1,0,1,0,0,0,0,0,0,0,0,0,0,-1,0,0,0,0,0,0,0,0,0,0,0,[0|0|0|0|0|0|0|0|0|0|0|0]
100092640,Crucifix_1_1,3814740,442331,-1,-1,5,0,0,0,0,0,0,0,0,0,0,0,0,0.1,-1,0.06,0,0,0.2,0,0,0,100092641,0,0,0,0,0,1,0,0,0,0,0,0,0,0,0,0,0,0,0,0,254,254,254,254,1,1,0,0,5,0,0,0,1,0,0,0,0,0,0,0,0,0,0,0,0,0,0,0,0,0,0,0,0,-1,0,0,0,0,0,2,0,0,0,0,0,0,0,0,0,0,0,-1,0,-1,0,0,-1,-1,-1,-1,0,0,0,0,-1,0,0,-1,0,1,0,0,0,0,0,0,0,0,0,0,-1,0,0,0,0,0,0,0,0,0,0,0,[0|0|0|0|0|0|0|0|0|0|0|0]
100092641,Crucifix_1_1_1,3814740,442332,-1,-1,0.8,0,0,0,0,0,0,0,0,0,0,0,0,0.1,-1,0.06,0,0,0.2,0,0,0,100092642,0,0,0,0,0,1,0,0,0,0,0,0,0,0,0,0,0,0,0,0,254,254,254,254,1,1,0,0,5,0,0,0,1,0,0,0,0,0,0,0,0,0,0,0,0,0,0,0,0,0,0,0,0,-1,0,0,0,0,0,0,0,0,0,0,0,0,0,0,0,0,0,-1,0,-1,0,0,-1,-1,-1,-1,0,0,0,0,-1,0,0,-1,0,1,0,0,0,0,0,0,0,0,0,0,-1,0,0,0,0,0,0,0,0,0,0,0,[0|0|0|0|0|0|0|0|0|0|0|0]
100092642,Crucifix_1_1_1_1,3814741,442333,-1,-1,0.12,0,0,0,0,0,0,0,0,0,0,0,0,1.5,-1,0,0,0,0,0,0,0,-1,0,0,0,0,0,1,0,0,0,0,0,0,0,0,0,0,0,0,0,0,254,254,254,254,1,1,0,0,0,0,0,0,1,0,0,0,0,0,0,0,0,0,0,0,0,0,0,0,0,0,0,0,0,-1,0,0,0,0,1,0,0,0,0,0,0,0,0,0,0,0,0,-1,0,-1,0,0,-1,-1,-1,-1,0,0,0,0,-1,0,0,-1,0,1,0,0,0,0,0,0,0,0,0,0,-1,0,0,0,0,0,0,0,0,0,0,0,[0|0|0|0|0|0|0|0|0|0|0|0]
100092643,Crucifix_1_1_1_1_1,3814741,-1,-1,-1,0.03,0,0,0,0,0,0,0,0,0,0,0,0,0.1,-1,0.06,0,0,0.2,0,0,0,-1,0,0,0,0,0,1,0,0,0,0,0,0,0,0,0,0,0,0,0,0,254,254,254,254,1,1,0,0,0,0,0,0,1,0,0,0,0,0,0,0,0,0,0,0,0,0,0,0,0,0,0,0,0,-1,0,0,0,0,0,0,0,0,0,0,0,0,0,0,0,0,0,-1,0,-1,0,0,-1,-1,-1,-1,0,0,0,0,-1,0,0,-1,0,1,0,0,0,0,0,0,0,0,0,0,-1,0,0,0,0,0,0,0,0,0,0,0,[0|0|0|0|0|0|0|0|0|0|0|0]
100101800,Friede hoarfrost,5030730,-1,-1,-1,0.2,0.2,0,999,999,0,50,0,0,50,50,0,0,0.2,-1,0,0,0,0.6,0,0,0,100101801,107514,0,0,0,0,4,0,-30,20,0,0,0,0,0,-128,-65,0,0,0,0,254,254,254,254,1,1,0,0,0,2,0,0,0,0,1,0,0,0,0,0,0,0,0,0,0,0,0,0,0,0,0,0,0,-1,0,0,0,0,0,0,0,0,0,0,0,0,0,0,0,0,0,-1,0,-1,0,0,-1,-1,-1,-1,0,0,0,0,-1,0,0,-1,0,1,0,0,0,0,0,0,0,0,0,0,-1,0,0,0,0,0,0,0,0,0,0,0,[0|0|0|0|0|0|0|0|0|0|0|0]
100101801,Friede hoarfrost,5030730,-1,-1,-1,0.19,0,0,0,0,0,0,0,0,0,0,0,0,1.3,1.3,0,0,0,0.6,0,0,0,100101802,107514,0,0,0,0,1,0,0,0,0,0,0,0,0,-128,-65,0,0,0,0,254,254,254,254,1,1,0,5,0,0,0,0,1,0,1,0,0,0,0,0,0,0,0,0,0,0,0,0,0,0,0,0,0,100101808,0.09,0.09,0,0,1,0,0,0,0,0,0,0,0,0,0,0,0,-1,0,-1,0,0,-1,-1,-1,-1,0,0,0,0,-1,0,0,-1,0,1,0,0,0,0,0,0,0,0,0,0,-1,0,0,0,0,0,0,0,0,0,0,0,[0|0|0|0|0|0|0|0|0|0|0|0]
100101802,Friede hoarfrost,5030730,-1,-1,-1,0.3,0.2,0,330,400,0,40,0,0,40,40,0,0,0.2,-1,0,0,0,0.6,0,0,0,100101803,107514,0,0,0,0,1,0,0,0,0,0,0,0,0,-128,-65,0,0,0,0,254,254,254,254,1,0,0,0,0,2,0,0,0,0,1,0,0,0,0,0,0,0,0,0,0,0,0,0,0,0,0,0,0,-1,0,0,0,0,1,0,0,0,0,0,0,0,0,0,0,0,0,-1,0,-1,0,0,-1,-1,-1,-1,0,0,0,0,-1,0,0,-1,0,1,0,0,0,0,0,0,0,0,0,0,-1,0,0,0,0,0,0,0,0,0,0,0,[0|0|0|0|0|0|0|0|0|0|0|0]
100101803,Friede hoarfrost_1,5030730,-1,-1,-1,0.19,0,0,0,0,0,0,0,0,0,0,0,0,1.3,1.3,0,0,0,0.6,0,0,0,100101804,107514,0,0,0,0,1,0,0,0,0,0,0,0,0,-128,-65,0,0,0,0,254,254,254,254,1,1,0,5,0,0,0,0,1,0,1,0,0,0,0,0,0,0,0,0,0,0,0,0,0,0,0,0,0,100101808,0.09,0.09,0,0,1,0,0,0,0,0,0,0,0,0,0,0,0,-1,0,-1,0,0,-1,-1,-1,-1,0,0,0,0,-1,0,0,-1,0,1,0,0,0,0,0,0,0,0,0,0,-1,0,0,0,0,0,0,0,0,0,0,0,[0|0|0|0|0|0|0|0|0|0|0|0]
100101804,Friede hoarfrost_1_1,5030730,-1,-1,-1,0.3,0.2,0,330,400,0,40,0,0,40,40,0,0,0.2,-1,0,0,0,0.6,0,0,0,100101805,107514,0,0,0,0,1,0,0,0,0,0,0,0,0,-128,-65,0,0,0,0,254,254,254,254,1,0,0,0,0,2,0,0,0,0,1,0,0,0,0,0,0,0,0,0,0,0,0,0,0,0,0,0,0,-1,0,0,0,0,1,0,0,0,0,0,0,0,0,0,0,0,0,-1,0,-1,0,0,-1,-1,-1,-1,0,0,0,0,-1,0,0,-1,0,1,0,0,0,0,0,0,0,0,0,0,-1,0,0,0,0,0,0,0,0,0,0,0,[0|0|0|0|0|0|0|0|0|0|0|0]
100101805,Friede hoarfrost_1_1_1,5030730,-1,-1,-1,0.19,0,0,0,0,0,0,0,0,0,0,0,0,1.3,1.3,0,0,0,0.6,0,0,0,100101806,107514,0,0,0,0,1,0,0,0,0,0,0,0,0,-128,-65,0,0,0,0,254,254,254,254,1,1,0,5,0,0,0,0,1,0,1,0,0,0,0,0,0,0,0,0,0,0,0,0,0,0,0,0,0,100101808,0.09,0.09,0,0,1,0,0,0,0,0,0,0,0,0,0,0,0,-1,0,-1,0,0,-1,-1,-1,-1,0,0,0,0,-1,0,0,-1,0,1,0,0,0,0,0,0,0,0,0,0,-1,0,0,0,0,0,0,0,0,0,0,0,[0|0|0|0|0|0|0|0|0|0|0|0]
100101806,Friede hoarfrost_1_1_1_1,5030730,-1,-1,-1,0.3,0.2,0,330,400,0,40,0,0,40,40,0,0,0.2,-1,0,0,0,0.6,0,0,0,100101807,107514,0,0,0,0,1,0,0,0,0,0,0,0,0,-128,-65,0,0,0,0,254,254,254,254,1,0,0,0,0,2,0,0,0,0,1,0,0,0,0,0,0,0,0,0,0,0,0,0,0,0,0,0,0,-1,0,0,0,0,1,0,0,0,0,0,0,0,0,0,0,0,0,-1,0,-1,0,0,-1,-1,-1,-1,0,0,0,0,-1,0,0,-1,0,1,0,0,0,0,0,0,0,0,0,0,-1,0,0,0,0,0,0,0,0,0,0,0,[0|0|0|0|0|0|0|0|0|0|0|0]
100101807,Friede hoarfrost_1_1_1_1_1,5030730,-1,-1,-1,0.19,0,0,0,0,0,0,0,0,0,0,0,0,1.3,1.3,0,0,0,0.6,0,0,0,-1,107514,0,0,0,0,1,0,0,0,0,0,0,0,0,-128,-65,0,0,0,0,254,254,254,254,1,1,0,5,0,0,0,0,1,0,1,0,0,0,0,0,0,0,0,0,0,0,0,0,0,0,0,0,0,100101808,0.09,0.09,0,0,1,0,0,0,0,0,0,0,0,0,0,0,0,-1,0,-1,0,0,-1,-1,-1,-1,0,0,0,0,-1,0,0,-1,0,1,0,0,0,0,0,0,0,0,0,0,-1,0,0,0,0,0,0,0,0,0,0,0,[0|0|0|0|0|0|0|0|0|0|0|0]
100101808,Friede hoarfrost_1_1_1_1_1_1,21,940504,-1,-1,1.1,0,0,0,0,0,0,0,0,0,0,0,0,1.3,1.3,0,0,0,0.6,0,0,0,100101809,107514,0,0,0,0,1,0,0,0,0,0,0,0,0,-128,-65,0,0,0,0,254,254,254,254,1,1,0,0,0,0,0,0,1,0,1,0,0,0,0,0,0,0,0,0,0,0,0,0,0,0,0,0,0,-1,0,0,0,0,0,0,0,0,0,0,0,0,0,0,0,0,0,-1,0,-1,0,0,-1,-1,-1,-1,0,0,0,0,-1,0,0,-1,0,1,0,0,0,0,0,0,0,0,0,0,-1,0,0,0,0,0,0,0,0,0,0,0,[0|0|0|0|0|0|0|0|0|0|0|0]
100101809,Friede hoarfrost_1_1_1_1_1_1_1,5030734,940505,-1,-1,0.05,0,0,0,0,0,0,0,0,0,0,0,0,1.3,1.3,0,0,0,0.6,0,0,0,-1,107514,0,0,0,0,1,0,0,0,0,0,0,0,0,-128,-65,0,0,0,0,254,254,254,254,1,1,0,0,0,0,0,0,1,0,1,0,0,0,0,0,0,0,0,0,0,0,0,0,0,0,0,0,0,-1,0,0,0,0,0,0,0,0,0,0,0,0,0,0,0,0,0,-1,0,-1,0,0,-1,-1,-1,-1,0,0,0,0,-1,0,0,-1,0,1,0,0,0,0,0,0,0,0,0,0,-1,0,0,0,0,0,0,0,0,0,0,0,[0|0|0|0|0|0|0|0|0|0|0|0]
100161500,_1,2711702,403101,403102,403103,0.6,10,0,0,3,0,25,15,0,35,0,0,0,0.05,-1,0,0,0,0,0,0,0,-1,0,0,0,0,0,4,6,-6,6,0,0,0,0,0,0,0,0,65,0,0,2,0,2,0,0,0,0,0,0,0,1,0,0,0,0,0,0,0,0,0,0,0,0,0,0,0,0,0,0,0,-0.15,0,0,-1,1,1,0,0,0,0,0,0,0,0,1,0,0,0,0,0,0,-1,0,-1,0,0,-1,-1,-1,-1,0,0,0,0,-1,0,0,-1,0,1,0,0,0,0,0,0,0,0,0,0,-1,0,0,0,0,0,0,0,0,0,0,0,[0|0|0|0|0|0|0|0|0|0|0|0]
100161510,_1_1,2711702,403101,403102,403103,0.6,10,0,0,3,0,25,15,0,35,0,0,0,0.05,-1,0,0,0,0,0,0,0,-1,0,0,0,0,0,4,6,6,-6,0,0,0,0,0,0,0,0,65,0,0,2,0,2,0,0,0,0,0,0,0,1,0,0,0,0,0,0,0,0,0,0,0,0,0,0,0,0,0,0,0,-0.15,0,0,-1,1,1,0,0,0,0,0,0,0,0,1,0,0,0,0,0,0,-1,0,-1,0,0,-1,-1,-1,-1,0,0,0,0,-1,0,0,-1,0,1,0,0,0,0,0,0,0,0,0,0,-1,0,0,0,0,0,0,0,0,0,0,0,[0|0|0|0|0|0|0|0|0|0|0|0]
100161600,RKPG,2615702,441307,-1,-1,0.3,12,0,0,0,0,16,0,0,16,16,0,0,0.4,-1,0,0,0,0,0,0,0,-1,0,0,0,0,0,1,0,0,0,0,0,0,0,0,0,0,0,0,0,0,254,254,254,254,1,1,0,0,0,0,0,0,0,0,0,0,0,0,0,0,0,0,0,1,0,0,0,0,0,0,0,0,0,-1,0,0,0,0,0,0,0,0,0,0,0,0,0,0,0,0,0,-1,0,-1,0,0,-1,-1,-1,-1,0,0,0,0,-1,0,0,-1,0,1,0,0,0,0,0,0,0,0,0,0,-1,0,0,0,0,0,0,0,0,0,0,0,[0|0|0|0|0|0|0|0|0|0|0|0]
100161601,RKPG,2615703,441307,-1,-1,0.5,12,0,0,0,0,16,0,0,16,16,0,0,0.4,-1,0,0,0,1,0,0,0,-1,0,0,0,0,0,1,0,0,0,0,0,0,0,0,0,0,0,0,0,0,254,254,254,254,1,1,0,0,0,0,0,0,0,0,1,0,0,0,0,0,0,0,0,1,0,0,0,0,0,0,0,0,0,100161602,0.06,0.06,0,0,0,0,0,0,0,0,0,0,0,0,0,0,0,-1,0,-1,0,0,-1,-1,-1,-1,0,0,0,0,-1,0,0,-1,0,1,0,0,0,0,0,0,0,0,0,0,-1,0,0,0,0,0,0,0,0,0,0,0,[0|0|0|0|0|0|0|0|0|0|0|0]
100161602,RKPG,2615703,-1,-1,-1,0.1,12,0,0,0,0,20,0,0,20,20,0,0,0.2,-1,0,0,0,1,0,0,0,-1,0,0,0,0,0,2,0,-90,180,0,0,0,0,0,0,0,0,0,0,0,254,254,254,254,1,1,0,0,0,0,0,0,0,0,1,0,0,0,0,0,0,0,0,1,0,0,0,0,0,0,0,0,0,-1,0,0,0,0,0,0,0,0,0,0,0,0,0,0,0,0,0,-1,0,-1,0,0,-1,-1,-1,-1,0,0,0,0,-1,0,0,-1,0,1,0,0,0,0,0,0,0,0,0,0,-1,0,0,0,0,0,0,0,0,0,0,0,[0|0|0|0|0|0|0|0|0|0|0|0]
100161610,RKPG,2615732,-1,441306,-1,0.1,7,0,0,0,0,20,0,0,20,20,0,0,0.1,-1,0,0,0,0,0,0,0,-1,0,0,0,0,0,1,0,0,0,0,0,0,0,0,0,0,-90,0,0,0,254,254,254,254,0,0,0,0,0,0,0,0,0,0,0,0,0,0,0,0,0,0,0,0,0,0,0,0,0,0,0,0,0,-1,0,0,0,0,0,0,0,0,0,0,0,0,0,0,0,0,0,-1,0,-1,0,0,-1,-1,-1,-1,0,0,0,0,-1,0,0,-1,0,1,0,0,0,0,0,0,0,0,0,0,-1,0,0,0,0,0,0,0,0,0,0,0,[0|0|0|0|0|0|0|0|0|0|0|0]
200002000,Palm Blast,600000101,-1,-1,-1,0.06,0,0,0,0,0,10,0,0,10,10,0,0,0.4,-1,0,0,0,1.5,0,0,0,200002001,0,0,0,0,0,1,0,-4,0,0,0,0,0,0,0,0,0,0,0,0,254,254,254,254,1,1,0,0,0,0,1,0,1,0,1,0,0,0,0,0,1,0,0,0,0,0,0,0,0,0,0,0,0,-1,0,0,0,0,0,0,0,0,0,0,0,0,0,0,0,0,0,-1,0,-1,0,0,-1,-1,-1,-1,0,0,0,0,-1,0,0,-1,0,1,0,0,0,0,0,0,0,0,0,0,-1,0,0,0,0,0,0,0,0,0,0,0,[0|0|0|0|0|0|0|0|0|0|0|0]
200002001,Palm Blast,600000101,451105,-1,-1,0.1,0,0,0,0,0,0,0,0,0,0,0,0,0.4,-1,0,0,0,1.5,0,0,0,-1,0,0,0,0,0,1,0,0,0,0,0,0,0,0,0,0,0,0,0,0,254,254,254,254,1,1,0,0,0,0,1,0,1,0,1,0,0,0,0,0,1,0,0,0,0,0,0,0,0,0,0,0,0,-1,0,0,0,0,0,0,0,0,0,0,0,0,0,0,0,0,0,-1,0,-1,0,0,-1,-1,-1,-1,0,0,0,0,-1,0,0,-1,0,1,0,0,0,0,0,0,0,0,0,0,-1,0,0,0,0,0,0,0,0,0,0,0,[0|0|0|0|0|0|0|0|0|0|0|0]
200002005,Palm Blast,600000106,-1,-1,-1,0.1,0,0,0,0,0,30,0,0,30,30,0,0,0.4,-1,0,0,0,1.5,0,0,0,200002006,0,0,0,0,0,1,0,-4,0,0,0,0,0,0,0,0,0,0,0,0,254,254,254,254,1,1,0,0,0,0,1,0,1,0,1,0,0,0,0,0,1,0,0,0,0,0,0,0,0,0,0,0,0,-1,0,0,0,0,0,0,0,0,0,0,0,0,0,0,0,0,0,-1,0,-1,0,0,-1,-1,-1,-1,0,0,0,0,-1,0,0,-1,0,1,0,0,0,0,0,0,0,0,0,0,-1,0,0,0,0,0,0,0,0,0,0,0,[0|0|0|0|0|0|0|0|0|0|0|0]
200002006,Palm Blast,600000106,451106,-1,-1,0.1,0,0,0,0,0,0,0,0,0,0,0,0,2,-1,0,0,0,1.5,0,0,0,-1,0,0,0,0,0,1,0,0,0,0,0,0,0,0,0,0,0,0,0,0,254,254,254,254,1,1,0,0,0,0,1,0,1,0,1,0,0,0,0,0,1,0,0,0,0,0,0,0,0,0,0,0,0,-1,0,0,0,0,0,0,0,0,0,0,0,0,0,0,0,0,0,-1,0,-1,0,0,-1,-1,-1,-1,0,0,0,0,-1,0,0,-1,0,1,0,0,0,0,0,0,0,0,0,0,-1,0,0,0,0,0,0,0,0,0,0,0,[0|0|0|0|0|0|0|0|0|0|0|0]
200002050,,600000053,451401,451402,-1,0.39,22,0,0,0,15,58,0,-900,58,58,0,0,0.05,-1,0,0,0,0,0,0,0,-1,0,0,0,0,0,1,45,0,0,0,100,100,100,100,100,0,0,60,0,0,254,254,254,254,1,0,0,4,0,0,1,0,0,0,0,0,0,0,1,0,1,0,0,0,0,0,0,100,0,0,0,0,0,-1,0,0,0,0,0,0,0,0,1,0,0,0,0,0,1,0,0,-1,0,-1,0,0,-1,-1,-1,-1,0,0,0,0,-1,0,0,-1,0,1,0,0,0,0,0,0,0,0,0,0,-1,0,0,0,0,0,0,0,0,0,0,0,[0|0|0|0|0|0|0|0|0|0|0|0]
200002052,_1,600000052,300001,300001,300003,0.2,16,0,0,0,15,58,0,-900,58,58,0,0,0.05,-1,0,0,0,0,0,0,0,-1,0,0,0,0,0,1,45,0,0,0,100,100,100,100,100,0,0,60,0,0,254,254,254,254,1,0,0,4,0,0,1,0,0,0,0,0,0,0,1,0,1,0,0,0,0,0,0,100,0,0,0,0,0,-1,0,0,0,0,0,0,0,0,1,0,0,0,0,0,1,0,0,-1,0,-1,0,0,-1,-1,-1,-1,0,0,0,0,-1,0,0,-1,0,1,0,0,0,0,0,0,0,0,0,0,-1,0,0,0,0,0,0,0,0,0,0,0,[0|0|0|0|0|0|0|0|0|0|0|0]
200002101,[Incantation] Elden Stars_1,600000523,990968,990969,-1,0.38,15,0,0,0,0,40.5,0,-1,40.5,40.5,0,0,0.5,0.5,0,0,0,0.5,0,0,0,-1,0,0,0,0,0,1,0,0,0,0,0,0,0,0,0,0,0,30,0,0,3,0,3,6,1,0,0,0,0,0,0,0,0,0,1,0,0,0,0,0,0,0,0,0,0,0,0,0,0,0,0,0,0,200002102,0.07,0.07,0,0,0,0,0,0,0,0,0,0,0,0,0,0,0,-1,0,-1,0,0,-1,-1,-1,-1,0,0,0,0,-1,0,0,-1,0,1,0,0,0,0,0,0,0,0,0,0,-1,0,0,0,0,0,0,0,0,0,0,0,[0|0|0|0|0|0|0|0|0|0|0|0]
200002102,[Incantation] Elden Stars_1_1,600000523,-1,990969,-1,0.1,15,0,0,0,0,20,0,0,20,20,0,0,0.5,0.5,0,0,0,0.5,0,0,0,-1,0,0,0,0,0,2,0,0,0,-179,0,0,0,0,0,0,89,0,0,0,254,254,254,254,1,1,0,0,0,0,0,0,0,0,1,0,0,1,0,0,1,1,0,0,0,0,0,0,0,0,0,0,0,-1,0,0,0,0,0,0,0,0,0,0,0,0,0,0,0,0,0,-1,0,-1,0,0,-1,-1,-1,-1,0,0,0,0,-1,0,0,-1,0,1,0,0,0,0,0,0,0,0,0,0,-1,0,0,0,0,0,0,0,0,0,0,0,[0|0|0|0|0|0|0|0|0|0|0|0]
200002190,_1_1_1,600000535,451034,-1,-1,0.5,0,0,0,0,1,0,0,0,0,0,0,1,0.1,1.5,0.06,0,0,0,0,0,0,-1,0,0,0,0,0,1,0,0,0,0,0,0,0,0,0,0,0,0,0,0,254,254,254,254,1,1,0,0,0,0,0,0,1,0,0,0,0,0,0,0,1,0,0,0,0,0,0,0,0,0,0,0,0,-1,1,1,0,0,0,0,0,0,0,0,0,0,0,0,0,0,0,-1,0,-1,0,0,-1,-1,-1,-1,0,0,0,0,-1,0,0,-1,0,1,0,0,0,0,0,0,0,0,0,0,-1,0,0,0,0,0,0,0,0,0,0,0,[0|0|0|0|0|0|0|0|0|0|0|0]
200002340,euporia,600000800,-1,-1,-1,0.5,20,1,0,0,0,0,0,0,0,0,0,1,0.1,0.8,0.06,0,0,0.2,0,0,0,-1,0,0,0,0,0,1,0,0,0,0,0,0,0,0,0,0,0,0,0,0,254,254,254,254,1,1,0,0,0,0,0,0,1,0,1,0,0,1,0,0,1,0,0,0,0,1,0,0,0,0,0,0,0,-1,0,0,0,0,0,0,0,0,0,1,0,0,0,0,0,0,0,-1,0,-1,0,1,-1,-1,-1,-1,0,0,0,0,-1,0,0,-1,0,1,-1,0,0,0,0,0,0,0,0,0,-1,0,0,0,0,0,0,0,0,0,0,0,[0|0|0|0|0|0|0|0|0|0|0|0]
200002341,_1_1,600000801,-1,451345,-1,0.25,20,0.2,0,0,0,50,0,0,50,50,0,1,0.5,-1,0,0,0,0.2,0,0,0,-1,0,0,0,0,0,1,0,0,0,0,0,0,0,0,0,0,0,0,0,0,254,254,254,254,1,1,0,0,0,0,0,0,0,0,1,0,0,1,0,0,1,0,0,0,0,0,0,0,0,0,0,0,0,-1,0,0,0,0,0,0,0,0,0,1,0,0,0,0,0,0,0,-1,0,-1,0,1,-1,-1,-1,-1,0,0,0,0,-1,0,0,-1,0,1,-1,0,0,0,0,0,0,0,0,0,-1,0,0,0,0,0,0,0,0,0,0,0,[0|0|0|0|0|0|0|0|0|0|0|0]
200002342,_1_1_1,600000802,451344,451345,-1,0.25,20,0.2,0,0,0,50,0,0,50,50,0,1,0.5,-1,0,0,0,0,0,0,0,-1,0,0,0,0,0,1,0,0,0,0,0,0,0,0,0,0,0,0,0,0,254,254,254,254,1,1,0,0,0,0,0,0,0,0,0,0,0,1,0,0,1,0,0,0,0,0,0,0,0,0,0,0,0,-1,0,0,0,0,0,0,0,0,0,1,0,0,0,0,0,0,0,-1,0,-1,0,1,-1,-1,-1,-1,0,0,0,0,-1,0,0,-1,0,1,-1,0,0,0,0,0,0,0,0,0,-1,0,0,0,0,0,0,0,0,0,0,0,[0|0|0|0|0|0|0|0|0|0|0|0]
200002343,_1_1_1_1,600000803,-1,-1,-1,0.25,20,0,0,0,0,50,0,0,50,50,0,1,0.5,-1,0,0,0,0,0,0,0,-1,0,0,0,0,0,1,0,0,0,0,0,0,0,0,0,0,0,0,0,0,254,254,254,254,1,1,0,0,0,0,0,0,0,0,0,0,0,1,0,0,1,0,0,0,0,0,0,0,0,0,0,0,0,-1,0,0,0,0,0,0,0,0,0,1,0,0,0,0,0,0,0,-1,0,-1,0,1,-1,-1,-1,-1,0,0,0,0,-1,0,0,-1,0,1,-1,0,0,0,0,0,0,0,0,0,-1,0,0,0,0,0,0,0,0,0,0,0,[0|0|0|0|0|0|0|0|0|0|0|0]
200002344,_1_1_1_1_1,600000804,-1,-1,-1,0.5,0,0,0,0,0,0,0,0,0,0,0,1,0.1,1.5,0.06,0,0,0,0,0,0,-1,0,0,0,0,0,1,0,0,0,0,0,0,0,0,0,0,0,0,0,0,254,254,254,254,1,1,0,0,0,0,0,0,1,0,0,0,0,0,0,0,1,0,0,0,0,0,0,0,0,0,0,0,0,-1,0,0,0,0,0,0,0,0,0,1,0,0,0,0,0,0,0,-1,0,-1,0,1,-1,-1,-1,-1,0,0,0,0,-1,0,0,-1,0,0,0,0,0,0,0,0,0,0,0,0,-1,0,0,0,0,0,0,0,0,0,0,0,[0|0|0|0|0|0|0|0|0|0|0|0]
200002350,_1_1_1_1_1_1,600000810,-1,-1,-1,0.5,20,1,0,0,0,0,0,0,0,0,0,1,0.1,0.8,0.06,0,0,0.2,0,0,0,-1,0,0,0,0,0,1,0,0,0,0,0,0,0,0,0,0,0,0,0,0,254,254,254,254,1,1,0,0,0,0,0,0,1,0,1,0,0,1,0,0,1,0,0,0,0,1,0,0,0,0,0,0,0,-1,0,0,0,0,0,0,0,0,0,1,0,0,0,0,0,0,0,-1,0,-1,0,1,-1,-1,-1,-1,0,0,0,0,-1,0,0,-1,0,1,-1,0,0,0,0,0,0,0,0,0,-1,0,0,0,0,0,0,0,0,0,0,0,[0|0|0|0|0|0|0|0|0|0|0|0]
200002351,_1_1_1_1_1_1_1,600000811,-1,451349,-1,0.25,20,0.2,0,0,0,50,0,0,50,50,0,1,0.5,-1,0,0,0,0.2,0,0,0,-1,0,0,0,0,0,1,0,0,0,0,0,0,0,0,0,0,0,0,0,0,254,254,254,254,1,1,0,0,0,0,0,0,0,0,1,0,0,1,0,0,1,0,0,0,0,0,0,0,0,0,0,0,0,-1,0,0,0,0,0,0,0,0,0,1,0,0,0,0,0,0,0,-1,0,-1,0,1,-1,-1,-1,-1,0,0,0,0,-1,0,0,-1,0,1,-1,0,0,0,0,0,0,0,0,0,-1,0,0,0,0,0,0,0,0,0,0,0,[0|0|0|0|0|0|0|0|0|0|0|0]
200002352,_1_1_1_1_1_1_1_1,600000812,451348,451349,-1,0.25,20,0.2,0,0,0,50,0,0,50,50,0,1,0.5,-1,0,0,0,0,0,0,0,-1,0,0,0,0,0,1,0,0,0,0,0,0,0,0,0,0,0,0,0,0,254,254,254,254,1,1,0,0,0,0,0,0,0,0,0,0,0,1,0,0,1,0,0,0,0,0,0,0,0,0,0,0,0,-1,0,0,0,0,0,0,0,0,0,1,0,0,0,0,0,0,0,-1,0,-1,0,1,-1,-1,-1,-1,0,0,0,0,-1,0,0,-1,0,1,-1,0,0,0,0,0,0,0,0,0,-1,0,0,0,0,0,0,0,0,0,0,0,[0|0|0|0|0|0|0|0|0|0|0|0]
200002353,_1_1_1_1_1_1_1_1_1,600000813,-1,-1,-1,0.25,20,0,0,0,0,50,0,0,50,50,0,1,0.5,-1,0,0,0,0,0,0,0,-1,0,0,0,0,0,1,0,0,0,0,0,0,0,0,0,0,0,0,0,0,254,254,254,254,1,1,0,0,0,0,0,0,0,0,0,0,0,1,0,0,1,0,0,0,0,0,0,0,0,0,0,0,0,-1,0,0,0,0,0,0,0,0,0,1,0,0,0,0,0,0,0,-1,0,-1,0,1,-1,-1,-1,-1,0,0,0,0,-1,0,0,-1,0,1,-1,0,0,0,0,0,0,0,0,0,-1,0,0,0,0,0,0,0,0,0,0,0,[0|0|0|0|0|0|0|0|0|0|0|0]
200002354,_1_1_1_1_1_1_1_1_1_1,600000814,-1,-1,-1,0.5,0,0,0,0,0,0,0,0,0,0,0,1,0.1,1.5,0.06,0,0,0,0,0,0,-1,0,0,0,0,0,1,0,0,0,0,0,0,0,0,0,0,0,0,0,0,254,254,254,254,1,1,0,0,0,0,0,0,1,0,0,0,0,0,0,0,1,0,0,0,0,0,0,0,0,0,0,0,0,-1,0,0,0,0,0,0,0,0,0,1,0,0,0,0,0,0,0,-1,0,-1,0,1,-1,-1,-1,-1,0,0,0,0,-1,0,0,-1,0,0,0,0,0,0,0,0,0,0,0,0,-1,0,0,0,0,0,0,0,0,0,0,0,[0|0|0|0|0|0|0|0|0|0|0|0]
200002360,_1_1,600000821,451020,-1,-1,0.34,10,0,0,0,0,40.5,0,0,40.5,40.5,0,0,0.15,0.25,0.1,0,0,0,0,0,0,-1,0,0,0,0,0,1,0,0,0,0,0,0,0,0,0,0,0,30,0,0,3,0,3,6,1,0,0,0,0,0,0,0,0,0,0,0,0,0,0,0,0,0,0,0,0,0,0,0,0,0,0,0,0,-1,0,0,0,0,0,0,0,0,0,0,0,0,0,0,0,0,0,-1,0,-1,0,0,440082,-1,440083,440083,0,0,0,0,-1,0,0,-1,0,0,0,0,0,0,0,0,0,0,0,0,-1,0,0,0,0,0,0,0,0,0,0,0,[0|0|0|0|0|0|0|0|0|0|0|0]
200002410,_1,600000880,-1,-1,-1,0.1,0,0.15,-1,0,0,200,0,0,200,200,0,0,0.3,-1,0,0,0,1,0,0,0,200002411,0,0,0,0,0,1,0,0,0,0,0,0,0,0,0,0,0,0,0,0,254,254,254,254,1,1,0,0,0,0,0,0,0,0,1,0,0,0,0,0,1,0,0,0,1,0,0,0,0,0,0,0,0,-1,1,1,0,0,0,0,0,0,0,0,0,0,0,0,0,0,0,-1,0,-1,0,0,-1,-1,-1,-1,0,0,0,0,-1,0,0,-1,0,0,0,0,0,0,0,0,0,0,0,0,-1,0,0,0,0,0,0,0,0,0,0,0,[0|0|0|0|0|0|0|0|0|0|0|0]
200002411,_1_1,600000880,451052,-1,-1,0.1,0,0,0,0,0,0,0,0,0,0,0,0,1.3,-1,0,0,0,1,0,0,0,-1,0,0,0,0,0,1,0,0,0,0,0,0,0,0,0,0,0,0,0,0,254,254,254,254,1,1,0,0,0,0,0,0,1,0,1,0,0,0,0,0,1,0,0,0,1,0,0,0,0,0,0,0,0,-1,1,1,0,0,1,0,0,0,0,0,0,0,0,0,0,0,0,-1,0,-1,0,0,-1,-1,-1,-1,0,0,0,0,-1,0,0,-1,0,1,0,0,0,0,0,0,0,0,0,0,-1,0,0,0,0,0,0,0,0,0,0,0,[0|0|0|0|0|0|0|0|0|0|0|0]
200002415,_1,600000880,-1,-1,-1,0.1,0,0.06,-1,0,0,200,0,0,200,200,0,0,0.3,-1,0,0,0,1,0,0,0,200002411,0,0,0,0,0,1,0,0,0,0,0,0,0,0,0,0,0,0,0,0,254,254,254,254,1,1,0,0,0,0,0,0,0,0,1,0,0,0,0,0,1,0,0,0,1,0,0,0,0,0,0,0,0,-1,1,1,0,0,0,0,0,0,0,0,0,0,0,0,0,0,0,-1,0,-1,0,0,-1,-1,-1,-1,0,0,0,0,-1,0,0,-1,0,0,0,0,0,0,0,0,0,0,0,0,-1,0,0,0,0,0,0,0,0,0,0,0,[0|0|0|0|0|0|0|0|0|0|0|0]
200002420,_1_1,600000890,-1,-1,-1,0.4,0,0.3,-1,0,0,0,0,0,0,0,0,0,3,1,0,0,0,1,0,0,0,-1,20000990,0,0,0,0,1,0,0,0,0,0,0,0,0,0,0,0,0,0,0,254,254,254,254,1,1,0,0,0,0,0,0,1,0,1,0,0,1,0,0,1,0,0,0,1,0,0,0,0,0,0,0,0,-1,1,1,0,0,0,0,0,0,0,0,0,0,0,0,0,0,0,-1,0,-1,0,0,-1,-1,-1,-1,0,0,0,0,-1,0,0,-1,0,0,0,0,0,0,0,0,0,0,0,0,-1,0,0,0,0,0,0,0,0,0,0,0,[0|0|0|0|0|0|0|0|0|0|0|0]
200002425,_1_1_1,600000890,451124,-1,-1,1.25,0,0.06,-1,0,0,6,0,0,6,6,0,0,0.5,1,1.25,0,0,3,0,0,0,-1,20000990,0,0,0,0,2,0,-5,10,0,0,0,0,0,0,0,0,0,0,0,254,254,254,254,1,1,0,0,0,0,0,0,0,0,1,0,0,1,0,0,1,0,0,0,1,0,0,0,0,0,0,0,0,-1,1,1,0,0,0,0,0,0,0,0,0,0,0,0,0,0,0,-1,0,-1,0,0,-1,-1,-1,-1,0,0,0,0,-1,0,0,-1,0,0,0,0,0,0,0,0,0,0,0,0,-1,0,0,0,0,0,0,0,0,0,0,0,[0|0|0|0|0|0|0|0|0|0|0|0]
200002530,Claws of Night - Bullet,600001000,402090,402092,402091,0.06,10,0,0,0,0,40,0,0,120,0,0,0,0.2,-1,0,0,0,999,0,0,0,200002538,0,0,0,0,0,11,0,-25,5,0,0,0,0,0,0,0,0,30,0,0,254,254,254,254,1,1,0,4,0,0,1,0,0,0,1,0,0,0,1,0,1,0,0,0,0,0,1,100,0,0,0,0,12,-1,1,1,0,0,0,0,0,1,0,0,0,0,0,0,0,0,0,-1,0,-1,0,0,-1,-1,-1,-1,0,0,0,0,-1,0,0,-1,0,1,0,0,0,0,0,0,0,0,0,0,-1,0,0,0,0,0,0,0,0,0,0,0,[0|0|0|0|0|0|0|0|0|0|0|0]
200002531,Claws of Night - Bullet,600001001,402090,402092,402091,0.06,10,0,0,0,1,40,0,0,120,0,0,0.1,0.35,-1,0,0,0,999,0,0,0,200002538,0,0,0,0,0,3,60,-15,15,0,0,0,0,0,0,0,0,40,0,0,254,254,254,254,1,1,0,4,0,0,1,0,0,0,1,0,0,0,1,0,1,0,0,0,0,0,1,100,0,0,0,0,0,-1,1,1,0,0,0,0,0,1,0,0,0,0,0,0,0,0,0,-1,0,-1,0,0,-1,-1,-1,-1,0,0,0,0,-1,0,0,-1,0,1,0,0,0,0,0,0,0,0,0,0,-1,0,0,0,0,0,0,0,0,0,0,0,[0|0|0|0|0|0|0|0|0|0|0|0]
200002532,Claws of Night - Bullet,600001002,402090,402092,402091,0.06,10,0,0,0,0,40,0,0,120,0,0,0,0.2,-1,0,0,0,999,0,0,0,200002538,0,0,0,0,0,11,0,-25,5,0,0,0,0,0,0,0,0,30,0,0,254,254,254,254,1,1,0,4,0,0,1,0,0,0,1,0,0,0,1,0,1,0,0,0,0,0,1,0,0,0,0,0,12,-1,1,1,0,0,0,0,0,1,0,0,0,0,0,0,0,0,0,-1,0,-1,0,0,-1,-1,-1,-1,0,0,0,0,-1,0,0,-1,0,1,0,0,0,0,0,0,0,0,0,0,-1,0,0,0,0,0,0,0,0,0,0,0,[0|0|0|0|0|0|0|0|0|0|0|0]
200002533,Claws of Night - Bullet,600001003,402090,402092,402091,0.06,10,0,0,0,1,40,0,0,120,0,0,0.1,0.35,-1,0,0,0,999,0,0,0,200002538,0,0,0,0,0,3,60,-15,15,0,0,0,0,0,0,0,0,40,0,0,254,254,254,254,1,1,0,4,0,0,1,0,0,0,1,0,0,0,1,0,1,0,0,0,0,0,1,0,0,0,0,0,0,-1,1,1,0,0,0,0,0,1,0,0,0,0,0,0,0,0,0,-1,0,-1,0,0,-1,-1,-1,-1,0,0,0,0,-1,0,0,-1,0,1,0,0,0,0,0,0,0,0,0,0,-1,0,0,0,0,0,0,0,0,0,0,0,[0|0|0|0|0|0|0|0|0|0|0|0]
200002538,Claws of Night - Bullet,600001008,402090,402092,402091,0.3,10,0,0,0,0,40,0,0,120,0,0,0,0.35,-1,0,0,0,999,0,0,0,-1,0,0,0,0,0,1,0,0,0,0,0,0,0,0,0,0,0,0,0,0,254,254,254,254,1,1,0,0,0,0,1,0,0,0,1,0,0,0,1,0,1,0,0,0,0,0,0,0,0,0,0,0,12,-1,1,1,0,0,0,0,0,0,0,0,0,0,0,0,0,0,0,-1,0.06,-1,0,0,-1,-1,-1,-1,0,0,0,0,-1,0,0,-1,0,1,0,0,0,0,0,0,0,0,0,0,-1,0,0,0,0,0,0,0,0,0,0,0,[0|0|0|0|0|0|0|0|0|0|0|0]
200002539,Claws of Night - Bullet,600001009,402090,402092,402091,0.3,12,0,3,12,12,40,0,-900,40,40,0,0,0.05,-1,0,0,0,0,0,0,0,-1,0,0,0,0,0,3,30,-5,5,0,0,0,0,0,0,20,0,60,0,0,254,254,254,254,0,0,0,0,0,0,1,0,0,0,1,0,0,0,1,0,1,0,0,1,0,0,0,100,0,0,0,0,12,-1,1,1,0,0,0,0,0,0,0,0,0,0,0,0,1,0,0,-1,0,-1,0,0,-1,-1,-1,-1,0,0,0,0,-1,0,0,-1,0,1,-1,0,0,0,0,0,0,0,0,0,-1,0,0,0,0,0,0,0,0,0,0,0,[0|0|0|0|0|0|0|0|0|0|0|0]
200002540,_1,600000863,421212,-1,-1,0.2,0,0,0,0,0,0,0,0,0,0,0,0,0.1,4.5,0.06,0,0,0,0,0,0,-1,0,0,0,0,0,1,0,0,0,0,0,0,0,0,0,0,0,0,0,0,254,254,254,254,1,1,0,0,0,0,0,0,1,0,0,0,0,0,0,0,0,0,0,0,0,0,0,0,0,0,0,0,0,-1,0,0,0,0,0,0,0,0,0,0,0,0,0,0,0,0,0,-1,0,-1,0,0,-1,-1,-1,-1,0,0,0,0,-1,0,0,-1,0,1,0,0,0,0,0,0,0,0,0,0,-1,0,0,0,0,0,0,0,0,0,0,0,[0|0|0|0|0|0|0|0|0|0|0|0]
200003080,_1_1_1_1_1_1_1_1,700000165,451431,451437,-1,0.4,20,0,0,0,0,35,0,0,35,35,0,0,0.5,-1,0,0,0,99,0,0,0,-1,0,0,0,0,0,1,0,0,0,0,0,0,0,0,0,0,0,10,0,0,254,254,254,254,1,1,0,0,0,0,0,0,0,0,1,0,0,0,0,0,1,1,0,0,0,0,1,0,0,0,0,0,0,-1,0,0,0,0,0,0,0,0,0,0,0,0,0,0,0,0,0,-1,0,-1,0,0,-1,-1,-1,-1,0,0,0,0,-1,0,0,-1,0,1,0,0,0,0,0,0,0,0,0,0,-1,0,0,0,0,0,0,0,0,0,0,0,[0|0|0|0|0|0|0|0|0|0|0|0]
200003081,_1_1_1_1_1_1_1_1_1,700000151,451432,451437,-1,0.43,20,0,0,0,0,35,0,0,35,35,0,0,0.5,-1,0,0,0,99,0,0,0,-1,0,0,0,0,0,1,0,0,0,0,0,0,0,0,0,0,0,10,0,0,254,254,254,254,1,1,0,0,0,0,0,0,0,0,1,0,0,0,0,0,1,1,0,0,0,0,1,0,0,0,0,0,0,-1,0,0,0,0,0,0,0,0,0,0,0,0,0,0,0,0,0,-1,0,-1,0,0,-1,-1,-1,-1,0,0,0,0,-1,0,0,-1,0,1,0,0,0,0,0,0,0,0,0,0,-1,0,0,0,0,0,0,0,0,0,0,0,[0|0|0|0|0|0|0|0|0|0|0|0]
200003082,_1_1_1_1_1_1_1_1_1_1,700000152,451433,451437,-1,0.43,20,0,0,0,0,35,0,0,35,35,0,0,0.5,-1,0,0,0,99,0,0,0,-1,0,0,0,0,0,1,0,0,0,0,0,0,0,0,0,0,0,10,0,0,254,254,254,254,1,1,0,0,0,0,0,0,0,0,1,0,0,0,0,0,1,1,0,0,0,0,1,0,0,0,0,0,0,-1,0,0,0,0,0,0,0,0,0,0,0,0,0,0,0,0,0,-1,0,-1,0,0,-1,-1,-1,-1,0,0,0,0,-1,0,0,-1,0,1,0,0,0,0,0,0,0,0,0,0,-1,0,0,0,0,0,0,0,0,0,0,0,[0|0|0|0|0|0|0|0|0|0|0|0]
200003083,_1_1_1_1_1_1_1_1_1_1_1,700000153,451434,451437,-1,0.45,20,0,0,0,0,35,0,0,35,35,0,0,0.5,-1,0,0,0,99,0,0,0,-1,0,0,0,0,0,1,0,0,0,0,0,0,0,0,0,0,0,10,0,0,254,254,254,254,1,1,0,0,0,0,0,0,0,0,1,0,0,0,0,0,1,1,0,0,0,0,1,0,0,0,0,0,0,-1,0,0,0,0,0,0,0,0,0,0,0,0,0,0,0,0,0,-1,0,-1,0,0,-1,-1,-1,-1,0,0,0,0,-1,0,0,-1,0,1,0,0,0,0,0,0,0,0,0,0,-1,0,0,0,0,0,0,0,0,0,0,0,[0|0|0|0|0|0|0|0|0|0|0|0]
200003084,_1_1_1_1_1_1_1_1_1_1_1_1,700000154,451435,451437,-1,0.5,20,0,0,0,0,35,0,0,35,35,0,0,0.5,-1,0,0,0,99,0,0,0,-1,0,0,0,0,0,1,0,0,0,0,0,0,0,0,0,0,0,10,0,0,254,254,254,254,1,1,0,0,0,0,0,0,0,0,1,0,0,0,0,0,1,1,0,0,0,0,1,0,0,0,0,0,0,-1,0,0,0,0,0,0,0,0,0,0,0,0,0,0,0,0,0,-1,0,-1,0,0,-1,-1,-1,-1,0,0,0,0,-1,0,0,-1,0,1,0,0,0,0,0,0,0,0,0,0,-1,0,0,0,0,0,0,0,0,0,0,0,[0|0|0|0|0|0|0|0|0|0|0|0]
200003090,_1_1_1_1_1_1_1_1_1_1_1_1_1,700000170,451450,-1,-1,1,0,0,0,0,0,0,0,0,0,0,0,0,2,3,0.3,0,0,2,0,0,0,-1,0,0,0,0,0,1,0,0,0,0,0,0,0,0,0,0,0,0,0,0,254,254,254,254,1,1,0,0,0,0,0,0,1,0,1,0,0,0,0,0,0,0,0,0,0,0,0,0,0,0,0,0,0,-1,0,0,0,0,1,0,0,0,0,0,0,0,0,0,0,0,0,-1,0,-1,0,0,-1,-1,-1,-1,0,0,0,0,-1,0,0,-1,0,1,0,0,0,0,0,0,0,0,0,0,-1,0,0,0,0,0,0,0,0,0,0,0,[0|0|0|0|0|0|0|0|0|0|0|0]
200003091,_1_1,700000171,451450,-1,-1,1,0,0,0,0,0,0,0,0,0,0,0,0,2,3,0.3,0,0,2,0,0,0,-1,0,0,0,0,0,1,0,0,0,0,0,0,0,0,0,0,0,0,0,0,254,254,254,254,1,1,0,0,0,0,0,0,1,0,1,0,0,0,0,0,0,0,0,0,0,0,0,0,0,0,0,0,0,-1,0,0,0,0,1,0,0,0,0,0,0,0,0,0,0,0,0,-1,0,-1,0,0,-1,-1,-1,-1,0,0,0,0,-1,0,0,-1,0,1,0,0,0,0,0,0,0,0,0,0,-1,0,0,0,0,0,0,0,0,0,0,0,[0|0|0|0|0|0|0|0|0|0|0|0]
200003092,_1_1_1,700000172,451450,-1,-1,1,0,0,0,0,0,0,0,0,0,0,0,0,2,3,0.3,0,0,2,0,0,0,-1,0,0,0,0,0,1,0,0,0,0,0,0,0,0,0,0,0,0,0,0,254,254,254,254,1,1,0,0,0,0,0,0,1,0,1,0,0,0,0,0,0,0,0,0,0,0,0,0,0,0,0,0,0,-1,0,0,0,0,1,0,0,0,0,0,0,0,0,0,0,0,0,-1,0,-1,0,0,-1,-1,-1,-1,0,0,0,0,-1,0,0,-1,0,1,0,0,0,0,0,0,0,0,0,0,-1,0,0,0,0,0,0,0,0,0,0,0,[0|0|0|0|0|0|0|0|0|0|0|0]
200003093,_1_1_1,1,-1,-1,-1,1,0,0.2,0,0,0,0,0,0,0,0,0,0,0.5,-1,0,0,0,1,0,0,0,200003094,0,0,0,0,0,2,0,0,0,0,0,0,0,0,0,0,0,0,0,0,254,254,254,254,0,0,0,0,0,1,0,0,0,0,1,0,0,0,0,0,1,0,0,0,0,0,0,0,0,0,0,0,0,-1,0,0,0,0,0,0,0,0,0,0,0,0,0,0,0,12,0,-1,0,-1,0,0,-1,-1,-1,-1,0,0,0,0,-1,0,0,-1,0,1,0,0,0,0,0,0,0,0,0,0,-1,0,0,0,0,0,0,0,0,0,0,0,[0|0|0|0|0|0|0|0|0|0|0|0]
200003094,_1_1_1_1,1,451455,-1,-1,1.6,0,0,0,0,0,0,0,0,0,0,0,0,0.5,-1,0,0,0,1,0,0,0,200003095,0,0,0,0,0,1,0,0,0,0,0,0,0,0,0,0,0,0,0,0,254,254,254,254,1,1,0,0,0,0,0,0,1,0,1,0,0,0,0,0,1,0,0,0,0,0,0,0,0,0,0,0,0,-1,0,0,0,0,0,0,0,0,0,0,0,0,0,0,0,0,0,-1,0,-1,0,0,-1,-1,-1,-1,0,0,0,0,-1,0,0,-1,0,1,0,0,0,0,0,0,0,0,0,0,-1,0,0,0,0,0,0,0,0,0,0,0,[0|0|0|0|0|0|0|0|0|0|0|0]
200003095,_1_1_1_1_1,1,451456,-1,-1,0.1,0,0,0,0,0,0,0,0,0,0,0,0,1,-1,0,0,0,1,0,0,0,200003097,0,0,0,0,0,1,0,0,0,0,0,0,0,0,0,0,0,0,0,0,254,254,254,254,1,1,0,0,0,0,0,0,1,0,1,0,0,0,0,0,1,0,0,0,0,0,0,0,0,0,0,0,0,200003096,0.05,0.05,0,0,0,0,0,0,0,0,0,0,0,0,0,0,0,-1,0,-1,0,0,-1,-1,-1,-1,0,0,0,0,-1,0,0,-1,0,1,0,0,0,0,0,0,0,0,0,0,-1,0,0,0,0,0,0,0,0,0,0,0,[0|0|0|0|0|0|0|0|0|0|0|0]
200003096,_1_1_1_1_1_1,700000173,-1,-1,-1,0.5,0,0,0,0,0,6,0,0,6,6,0,0,1,-1,0,0,0,1,0,0,0,-1,0,0,0,0,0,1,0,0,0,0,0,0,0,0,0,0,90,0,0,0,254,254,254,254,1,1,0,0,0,0,0,0,1,0,1,0,0,0,0,0,1,0,0,0,0,0,0,0,0,0,0,0,0,-1,0,0,0,0,0,0,0,0,0,0,0,0,0,0,0,0,0,-1,0,-1,0,0,-1,-1,-1,-1,0,0,0,0,-1,0,0,-1,0,1,0,0,0,0,0,0,0,0,0,0,-1,0,0,0,0,0,0,0,0,0,0,0,[0|0|0|0|0|0|0|0|0|0|0|0]
200003097,_1_1_1_1_1_1_1,700000173,-1,-1,-1,0.5,0,0,0,0,0,0,0,0,0,0,0,0,1,-1,0,0,0,1,0,0,0,-1,0,0,0,0,0,1,0,0,0,0,0,0,0,0,0,0,0,0,0,0,254,254,254,254,1,1,0,0,0,0,0,0,1,0,1,0,0,0,0,0,1,0,0,0,0,0,0,0,0,0,0,0,0,-1,0,0,0,0,0,0,0,0,0,0,0,0,0,0,0,0,0,-1,0,-1,0,0,-1,-1,-1,-1,0,0,0,0,-1,0,0,-1,0,1,0,0,0,0,0,0,0,0,0,0,-1,0,0,0,0,0,0,0,0,0,0,0,[0|0|0|0|0|0|0|0|0|0|0|0]
200003270,Leda,0,-1,-1,-1,0.07,25,0,0,0,0,200,0,0,200,200,0,0,0.15,-1,0,0,0,0,0,0,0,200003271,0,0,0,0,0,1,360,0,0,0,0,0,0,0,0,0,0,60,0,0,254,254,254,254,0,0,0,0,0,0,0,0,0,0,0,0,0,0,0,0,1,0,0,1,0,0,0,0,0,0,0,0,0,-1,0,0,0,0,0,0,0,0,0,0,0,0,0,0,0,0,0,-1,0,-1,0,0,-1,-1,-1,-1,0,0,0,0,-1,0,0,-1,0,1,0,0,0,0,0,0,0,0,0,0,-1,0,0,0,0,0,0,0,0,0,0,0,[0|0|0|0|0|0|0|0|0|0|0|0]
200003271,Leda_1,1,-1,-1,-1,0.07,25,0,0,0,0,999,0,0,999,999,0,0,0.15,-1,0,0,0,0,0,0,0,200003272,0,0,0,0,0,1,0,0,0,0,0,0,0,0,0,0,-89,0,0,0,254,254,254,254,1,1,0,0,0,0,0,0,0,0,0,0,0,0,0,0,1,0,0,1,0,0,0,0,0,0,0,0,0,-1,0,0,0,0,0,0,0,0,0,0,0,0,0,0,1,0,0,-1,0,-1,0,0,-1,-1,-1,-1,0,0,0,0,-1,0,0,-1,0,1,0,0,0,0,0,0,0,0,0,0,-1,0,0,0,0,0,0,0,0,0,0,0,[0|0|0|0|0|0|0|0|0|0|0|0]
200003272,Leda_1_1,1,-1,-1,-1,0.07,25,0,0,0,0,0,0,0,0,0,0,0,0.15,-1,0,0,0,0,0,0,0,200003273,0,0,0,0,0,1,0,0,0,0,0,0,0,0,0,0,0,0,0,0,254,254,254,254,1,1,0,0,0,0,0,0,1,0,0,0,0,0,0,0,1,0,0,0,0,0,0,0,0,0,0,0,0,-1,0,0,0,0,1,0,0,0,0,0,0,0,0,0,0,0,0,-1,0,-1,0,0,-1,-1,-1,-1,0,0,0,0,-1,0,0,-1,0,1,0,0,0,0,0,0,0,0,0,0,-1,0,0,0,0,0,0,0,0,0,0,0,[0|0|0|0|0|0|0|0|0|0|0|0]
200003273,Leda_1_1_1,1,-1,-1,-1,0.07,25,0,0,0,0,60,0,0,60,60,0,0,0.15,-1,0,0,0,0,0,0,0,200003274,0,0,0,0,0,2,0,0,180,0,0,0,0,0,0,0,37,0,0,0,254,254,254,254,1,1,0,0,0,0,0,0,1,0,0,0,0,0,0,0,1,0,0,1,0,0,0,0,0,0,0,2,15,-1,0,0,0,0,0,0,0,0,0,0,0,0,0,0,0,0,0,-1,0,-1,0,0,-1,-1,-1,-1,0,0,0,0,-1,0,0,-1,0,0,1,0,0,0,0,0,0,0,0,0,-1,0,0,0,0,0,0,0,0,0,0,0,[0|0|0|0|0|0|0|0|0|0|0|0]
200003274,Leda_1_1_1_1,1,-1,-1,-1,0.2,25,0,0,0,0,0.1,0,0,0.1,0.1,0,0,0.15,-1,0,0,0,0,0,0,0,200003275,0,0,0,0,0,1,999,180,0,0,0,0,0,0,0,0,20,0,0,0,254,254,254,254,1,1,0,0,0,0,0,0,1,0,0,0,0,0,0,0,1,0,0,1,0,0,0,0,0,0,0,0,0,-1,0,0,0,0,0,0,0,0,0,0,0,0,0,0,0,0,0,-1,0,-1,0,0,-1,-1,-1,-1,0,0,0,0,-1,0,0,-1,0,0,1,0,0,0,0,0,0,0,0,0,-1,0,0,0,0,0,0,0,0,0,0,0,[0|0|0|0|0|0|0|0|0|0|0|0]
200003275,Leda_1_1_1_1_1,1,450982,-1,-1,0.5,25,0,0,0,0,0.1,0,0,0.1,0.1,0,0,0.15,-1,0,0,0,0,0,0,0,200003276,0,0,0,0,0,1,0,0,0,0,0,0,0,0,0,0,0,0,0,0,254,254,254,254,1,1,0,0,0,0,0,0,1,0,0,0,0,0,0,0,1,0,0,1,0,0,0,0,0,0,0,0,0,-1,0,0,0,0,0,0,0,0,0,0,0,0,0,0,0,0,0,-1,0.1,-1,0,0,-1,-1,-1,-1,0,0,0,0,-1,0,0,-1,0,0,1,0,0,0,0,0,0,0,0,0,-1,0,0,0,0,0,0,0,0,0,0,0,[0|0|0|0|0|0|0|0|0|0|0|0]
200003276,Leda_1_1_1_1_1_1,600000501,450983,450984,-1,0.3,25,0,0,0,0,30,0,0,30,30,0,0,0.15,-1,0,0,0,0,0,0,0,-1,20001070,20001071,20001072,20001073,0,1,5,0,0,0,0,0,0,0,0,0,0,30,0,0,254,254,254,254,0,0,0,0,0,0,0,0,1,0,0,0,0,1,0,0,1,1,0,1,0,0,0,0,0,0,-0.1,0,0,-1,0,0,0,0,0,0,0,0,0,0,0,0,0,0,0,0,0,-1,0,-1,0,0,450983,-1,-1,-1,0,0,0,0,-1,0,0,-1,0,0,1,0,0,0,0,0,0,0,0,0,-1,0,0,0,0,0,0,0,0,0,0,0,[0|0|0|0|0|0|0|0|0|0|0|0]
200003280,Leda,0,-1,-1,-1,0.07,25,0,0,0,0,200,0,0,200,200,0,0,0.15,-1,0,0,0,0,0,0,0,200003281,0,0,0,0,0,1,360,0,0,0,0,0,0,0,0,0,0,60,0,0,254,254,254,254,0,0,0,0,0,0,0,0,0,0,0,0,0,0,0,0,1,0,0,1,0,0,0,0,0,0,0,0,0,-1,0,0,0,0,0,0,0,0,0,0,0,0,0,0,0,0,0,-1,0,-1,0,0,-1,-1,-1,-1,0,0,0,0,-1,0,0,-1,0,1,0,0,0,0,0,0,0,0,0,0,-1,0,0,0,0,0,0,0,0,0,0,0,[0|0|0|0|0|0|0|0|0|0|0|0]
200003281,Leda_1,1,-1,-1,-1,0.07,25,0,0,0,0,999,0,0,999,999,0,0,0.15,-1,0,0,0,0,0,0,0,200003282,0,0,0,0,0,1,0,0,0,0,0,0,0,0,0,0,-89,0,0,0,254,254,254,254,1,1,0,0,0,0,0,0,0,0,0,0,0,0,0,0,1,0,0,1,0,0,0,0,0,0,0,0,0,-1,0,0,0,0,0,0,0,0,0,0,0,0,0,0,1,0,0,-1,0,-1,0,0,-1,-1,-1,-1,0,0,0,0,-1,0,0,-1,0,1,0,0,0,0,0,0,0,0,0,0,-1,0,0,0,0,0,0,0,0,0,0,0,[0|0|0|0|0|0|0|0|0|0|0|0]
200003282,Leda_1_1,1,-1,-1,-1,0.07,25,0,0,0,0,0,0,0,0,0,0,0,0.15,-1,0,0,0,0,0,0,0,200003283,0,0,0,0,0,1,0,0,0,0,0,0,0,0,0,0,0,0,0,0,254,254,254,254,1,1,0,0,0,0,0,0,1,0,0,0,0,0,0,0,1,0,0,0,0,0,0,0,0,0,0,0,0,-1,0,0,0,0,1,0,0,0,0,0,0,0,0,0,0,0,0,-1,0,-1,0,0,-1,-1,-1,-1,0,0,0,0,-1,0,0,-1,0,1,0,0,0,0,0,0,0,0,0,0,-1,0,0,0,0,0,0,0,0,0,0,0,[0|0|0|0|0|0|0|0|0|0|0|0]
200003283,Leda_1_1_1,1,-1,-1,-1,0.07,25,0,0,0,0,60,0,0,60,60,0,0,0.15,-1,0,0,0,0,0,0,0,200003284,0,0,0,0,0,2,0,36,180,0,0,0,0,0,0,0,37,0,0,0,254,254,254,254,1,1,0,0,0,0,0,0,1,0,0,0,0,0,0,0,1,0,0,1,0,0,0,0,0,0,0,2,15,-1,0,0,0,0,0,0,0,0,0,0,0,0,0,0,0,0,0,-1,0,-1,0,0,-1,-1,-1,-1,0,0,0,0,-1,0,0,-1,0,0,1,0,0,0,0,0,0,0,0,0,-1,0,0,0,0,0,0,0,0,0,0,0,[0|0|0|0|0|0|0|0|0|0|0|0]
200003284,Leda_1_1_1_1,1,-1,-1,-1,0.2,25,0,0,0,0,0.1,0,0,0.1,0.1,0,0,0.15,-1,0,0,0,0,0,0,0,200003285,0,0,0,0,0,1,999,180,0,0,0,0,0,0,0,0,20,0,0,0,254,254,254,254,1,1,0,0,0,0,0,0,1,0,0,0,0,0,0,0,1,0,0,1,0,0,0,0,0,0,0,0,0,-1,0,0,0,0,0,0,0,0,0,0,0,0,0,0,0,0,0,-1,0,-1,0,0,-1,-1,-1,-1,0,0,0,0,-1,0,0,-1,0,0,1,0,0,0,0,0,0,0,0,0,-1,0,0,0,0,0,0,0,0,0,0,0,[0|0|0|0|0|0|0|0|0|0|0|0]
200003285,Leda_1_1_1_1_1,1,450982,-1,-1,0.5,25,0,0,0,0,0.1,0,0,0.1,0.1,0,0,0.15,-1,0,0,0,0,0,0,0,200003286,0,0,0,0,0,1,0,0,0,0,0,0,0,0,0,0,0,0,0,0,254,254,254,254,1,1,0,0,0,0,0,0,1,0,0,0,0,0,0,0,1,0,0,1,0,0,0,0,0,0,0,0,0,-1,0,0,0,0,0,0,0,0,0,0,0,0,0,0,0,0,0,-1,0.1,-1,0,0,-1,-1,-1,-1,0,0,0,0,-1,0,0,-1,0,0,1,0,0,0,0,0,0,0,0,0,-1,0,0,0,0,0,0,0,0,0,0,0,[0|0|0|0|0|0|0|0|0|0|0|0]
200003286,Leda_1_1_1_1_1_1,600000501,450983,450984,-1,0.3,25,0,0,0,0,30,0,0,30,30,0,0,0.15,-1,0,0,0,0,0,0,0,-1,20001074,20001075,20001076,20001077,0,1,5,0,0,0,0,0,0,0,0,0,0,30,0,0,254,254,254,254,0,0,0,0,0,0,0,0,1,0,0,0,0,1,0,0,1,1,0,1,0,0,0,0,0,0,-0.1,0,0,-1,0,0,0,0,0,0,0,0,0,0,0,0,0,0,0,0,0,-1,0,-1,0,0,450983,-1,-1,-1,0,0,0,0,-1,0,0,-1,0,0,1,0,0,0,0,0,0,0,0,0,-1,0,0,0,0,0,0,0,0,0,0,0,[0|0|0|0|0|0|0|0|0|0|0|0]
200003290,Leda,0,-1,-1,-1,0.07,25,0,0,0,0,200,0,0,200,200,0,0,0.15,-1,0,0,0,0,0,0,0,200003291,0,0,0,0,0,1,360,0,0,0,0,0,0,0,0,0,0,60,0,0,254,254,254,254,0,0,0,0,0,0,0,0,0,0,0,0,0,0,0,0,1,0,0,1,0,0,0,0,0,0,0,0,0,-1,0,0,0,0,0,0,0,0,0,0,0,0,0,0,0,0,0,-1,0,-1,0,0,-1,-1,-1,-1,0,0,0,0,-1,0,0,-1,0,1,0,0,0,0,0,0,0,0,0,0,-1,0,0,0,0,0,0,0,0,0,0,0,[0|0|0|0|0|0|0|0|0|0|0|0]
200003291,Leda_1,1,-1,-1,-1,0.07,25,0,0,0,0,999,0,0,999,999,0,0,0.15,-1,0,0,0,0,0,0,0,200003292,0,0,0,0,0,1,0,0,0,0,0,0,0,0,0,0,-89,0,0,0,254,254,254,254,1,1,0,0,0,0,0,0,0,0,0,0,0,0,0,0,1,0,0,1,0,0,0,0,0,0,0,0,0,-1,0,0,0,0,0,0,0,0,0,0,0,0,0,0,1,0,0,-1,0,-1,0,0,-1,-1,-1,-1,0,0,0,0,-1,0,0,-1,0,1,0,0,0,0,0,0,0,0,0,0,-1,0,0,0,0,0,0,0,0,0,0,0,[0|0|0|0|0|0|0|0|0|0|0|0]
200003292,Leda_1_1,1,-1,-1,-1,0.07,25,0,0,0,0,0,0,0,0,0,0,0,0.15,-1,0,0,0,0,0,0,0,200003293,0,0,0,0,0,1,0,0,0,0,0,0,0,0,0,0,0,0,0,0,254,254,254,254,1,1,0,0,0,0,0,0,1,0,0,0,0,0,0,0,1,0,0,0,0,0,0,0,0,0,0,0,0,-1,0,0,0,0,1,0,0,0,0,0,0,0,0,0,0,0,0,-1,0,-1,0,0,-1,-1,-1,-1,0,0,0,0,-1,0,0,-1,0,1,0,0,0,0,0,0,0,0,0,0,-1,0,0,0,0,0,0,0,0,0,0,0,[0|0|0|0|0|0|0|0|0|0|0|0]
200003293,Leda_1_1_1,1,-1,-1,-1,0.07,25,0,0,0,0,60,0,0,60,60,0,0,0.15,-1,0,0,0,0,0,0,0,200003294,0,0,0,0,0,2,0,72,180,0,0,0,0,0,0,0,37,0,0,0,254,254,254,254,1,1,0,0,0,0,0,0,1,0,0,0,0,0,0,0,1,0,0,1,0,0,0,0,0,0,0,2,15,-1,0,0,0,0,0,0,0,0,0,0,0,0,0,0,0,0,0,-1,0,-1,0,0,-1,-1,-1,-1,0,0,0,0,-1,0,0,-1,0,0,1,0,0,0,0,0,0,0,0,0,-1,0,0,0,0,0,0,0,0,0,0,0,[0|0|0|0|0|0|0|0|0|0|0|0]
200003294,Leda_1_1_1_1,1,-1,-1,-1,0.2,25,0,0,0,0,0.1,0,0,0.1,0.1,0,0,0.15,-1,0,0,0,0,0,0,0,200003295,0,0,0,0,0,1,999,180,0,0,0,0,0,0,0,0,20,0,0,0,254,254,254,254,1,1,0,0,0,0,0,0,1,0,0,0,0,0,0,0,1,0,0,1,0,0,0,0,0,0,0,0,0,-1,0,0,0,0,0,0,0,0,0,0,0,0,0,0,0,0,0,-1,0,-1,0,0,-1,-1,-1,-1,0,0,0,0,-1,0,0,-1,0,0,1,0,0,0,0,0,0,0,0,0,-1,0,0,0,0,0,0,0,0,0,0,0,[0|0|0|0|0|0|0|0|0|0|0|0]
200003295,Leda_1_1_1_1_1,1,450982,-1,-1,0.5,25,0,0,0,0,0.1,0,0,0.1,0.1,0,0,0.15,-1,0,0,0,0,0,0,0,200003296,0,0,0,0,0,1,0,0,0,0,0,0,0,0,0,0,0,0,0,0,254,254,254,254,1,1,0,0,0,0,0,0,1,0,0,0,0,0,0,0,1,0,0,1,0,0,0,0,0,0,0,0,0,-1,0,0,0,0,0,0,0,0,0,0,0,0,0,0,0,0,0,-1,0.1,-1,0,0,-1,-1,-1,-1,0,0,0,0,-1,0,0,-1,0,0,1,0,0,0,0,0,0,0,0,0,-1,0,0,0,0,0,0,0,0,0,0,0,[0|0|0|0|0|0|0|0|0|0|0|0]
200003296,Leda_1_1_1_1_1_1,600000501,450983,450984,-1,0.3,25,0,0,0,0,30,0,0,30,30,0,0,0.15,-1,0,0,0,0,0,0,0,-1,20001078,20001079,20001080,20001081,0,1,5,0,0,0,0,0,0,0,0,0,0,30,0,0,254,254,254,254,0,0,0,0,0,0,0,0,1,0,0,0,0,1,0,0,1,1,0,1,0,0,0,0,0,0,-0.1,0,0,-1,0,0,0,0,0,0,0,0,0,0,0,0,0,0,0,0,0,-1,0,-1,0,0,450983,-1,-1,-1,0,0,0,0,-1,0,0,-1,0,0,1,0,0,0,0,0,0,0,0,0,-1,0,0,0,0,0,0,0,0,0,0,0,[0|0|0|0|0|0|0|0|0|0|0|0]
200003300,Leda,0,-1,-1,-1,0.07,25,0,0,0,0,200,0,0,200,200,0,0,0.15,-1,0,0,0,0,0,0,0,200003301,0,0,0,0,0,1,360,0,0,0,0,0,0,0,0,0,0,60,0,0,254,254,254,254,0,0,0,0,0,0,0,0,0,0,0,0,0,0,0,0,1,0,0,1,0,0,0,0,0,0,0,0,0,-1,0,0,0,0,0,0,0,0,0,0,0,0,0,0,0,0,0,-1,0,-1,0,0,-1,-1,-1,-1,0,0,0,0,-1,0,0,-1,0,1,0,0,0,0,0,0,0,0,0,0,-1,0,0,0,0,0,0,0,0,0,0,0,[0|0|0|0|0|0|0|0|0|0|0|0]
200003301,Leda_1,1,-1,-1,-1,0.07,25,0,0,0,0,999,0,0,999,999,0,0,0.15,-1,0,0,0,0,0,0,0,200003302,0,0,0,0,0,1,0,0,0,0,0,0,0,0,0,0,-89,0,0,0,254,254,254,254,1,1,0,0,0,0,0,0,0,0,0,0,0,0,0,0,1,0,0,1,0,0,0,0,0,0,0,0,0,-1,0,0,0,0,0,0,0,0,0,0,0,0,0,0,1,0,0,-1,0,-1,0,0,-1,-1,-1,-1,0,0,0,0,-1,0,0,-1,0,1,0,0,0,0,0,0,0,0,0,0,-1,0,0,0,0,0,0,0,0,0,0,0,[0|0|0|0|0|0|0|0|0|0|0|0]
200003302,Leda_1_1,1,-1,-1,-1,0.07,25,0,0,0,0,0,0,0,0,0,0,0,0.15,-1,0,0,0,0,0,0,0,200003303,0,0,0,0,0,1,0,0,0,0,0,0,0,0,0,0,0,0,0,0,254,254,254,254,1,1,0,0,0,0,0,0,1,0,0,0,0,0,0,0,1,0,0,0,0,0,0,0,0,0,0,0,0,-1,0,0,0,0,1,0,0,0,0,0,0,0,0,0,0,0,0,-1,0,-1,0,0,-1,-1,-1,-1,0,0,0,0,-1,0,0,-1,0,1,0,0,0,0,0,0,0,0,0,0,-1,0,0,0,0,0,0,0,0,0,0,0,[0|0|0|0|0|0|0|0|0|0|0|0]
200003303,Leda_1_1_1,1,-1,-1,-1,0.07,25,0,0,0,0,60,0,0,60,60,0,0,0.15,-1,0,0,0,0,0,0,0,200003304,0,0,0,0,0,2,0,108,180,0,0,0,0,0,0,0,37,0,0,0,254,254,254,254,1,1,0,0,0,0,0,0,1,0,0,0,0,0,0,0,1,0,0,1,0,0,0,0,0,0,0,2,15,-1,0,0,0,0,0,0,0,0,0,0,0,0,0,0,0,0,0,-1,0,-1,0,0,-1,-1,-1,-1,0,0,0,0,-1,0,0,-1,0,0,1,0,0,0,0,0,0,0,0,0,-1,0,0,0,0,0,0,0,0,0,0,0,[0|0|0|0|0|0|0|0|0|0|0|0]
200003304,Leda_1_1_1_1,1,-1,-1,-1,0.2,25,0,0,0,0,0.1,0,0,0.1,0.1,0,0,0.15,-1,0,0,0,0,0,0,0,200003305,0,0,0,0,0,1,999,180,0,0,0,0,0,0,0,0,20,0,0,0,254,254,254,254,1,1,0,0,0,0,0,0,1,0,0,0,0,0,0,0,1,0,0,1,0,0,0,0,0,0,0,0,0,-1,0,0,0,0,0,0,0,0,0,0,0,0,0,0,0,0,0,-1,0,-1,0,0,-1,-1,-1,-1,0,0,0,0,-1,0,0,-1,0,0,1,0,0,0,0,0,0,0,0,0,-1,0,0,0,0,0,0,0,0,0,0,0,[0|0|0|0|0|0|0|0|0|0|0|0]
200003305,Leda_1_1_1_1_1,1,450982,-1,-1,0.5,25,0,0,0,0,0.1,0,0,0.1,0.1,0,0,0.15,-1,0,0,0,0,0,0,0,200003306,0,0,0,0,0,1,0,0,0,0,0,0,0,0,0,0,0,0,0,0,254,254,254,254,1,1,0,0,0,0,0,0,1,0,0,0,0,0,0,0,1,0,0,1,0,0,0,0,0,0,0,0,0,-1,0,0,0,0,0,0,0,0,0,0,0,0,0,0,0,0,0,-1,0.1,-1,0,0,-1,-1,-1,-1,0,0,0,0,-1,0,0,-1,0,0,1,0,0,0,0,0,0,0,0,0,-1,0,0,0,0,0,0,0,0,0,0,0,[0|0|0|0|0|0|0|0|0|0|0|0]
200003306,Leda_1_1_1_1_1_1,600000501,450983,450984,-1,0.3,25,0,0,0,0,30,0,0,30,30,0,0,0.15,-1,0,0,0,0,0,0,0,-1,20001082,20001083,20001084,20001085,0,1,5,0,0,0,0,0,0,0,0,0,0,30,0,0,254,254,254,254,0,0,0,0,0,0,0,0,1,0,0,0,0,1,0,0,1,1,0,1,0,0,0,0,0,0,-0.1,0,0,-1,0,0,0,0,0,0,0,0,0,0,0,0,0,0,0,0,0,-1,0,-1,0,0,450983,-1,-1,-1,0,0,0,0,-1,0,0,-1,0,0,1,0,0,0,0,0,0,0,0,0,-1,0,0,0,0,0,0,0,0,0,0,0,[0|0|0|0|0|0|0|0|0|0|0|0]
200003310,Leda,0,-1,-1,-1,0.07,25,0,0,0,0,200,0,0,200,200,0,0,0.15,-1,0,0,0,0,0,0,0,200003311,0,0,0,0,0,1,360,0,0,0,0,0,0,0,0,0,0,60,0,0,254,254,254,254,0,0,0,0,0,0,0,0,0,0,0,0,0,0,0,0,1,0,0,1,0,0,0,0,0,0,0,0,0,-1,0,0,0,0,0,0,0,0,0,0,0,0,0,0,0,0,0,-1,0,-1,0,0,-1,-1,-1,-1,0,0,0,0,-1,0,0,-1,0,1,0,0,0,0,0,0,0,0,0,0,-1,0,0,0,0,0,0,0,0,0,0,0,[0|0|0|0|0|0|0|0|0|0|0|0]
200003311,Leda_1,1,-1,-1,-1,0.07,25,0,0,0,0,999,0,0,999,999,0,0,0.15,-1,0,0,0,0,0,0,0,200003312,0,0,0,0,0,1,0,0,0,0,0,0,0,0,0,0,-89,0,0,0,254,254,254,254,1,1,0,0,0,0,0,0,0,0,0,0,0,0,0,0,1,0,0,1,0,0,0,0,0,0,0,0,0,-1,0,0,0,0,0,0,0,0,0,0,0,0,0,0,1,0,0,-1,0,-1,0,0,-1,-1,-1,-1,0,0,0,0,-1,0,0,-1,0,1,0,0,0,0,0,0,0,0,0,0,-1,0,0,0,0,0,0,0,0,0,0,0,[0|0|0|0|0|0|0|0|0|0|0|0]
200003312,Leda_1_1,1,-1,-1,-1,0.07,25,0,0,0,0,0,0,0,0,0,0,0,0.15,-1,0,0,0,0,0,0,0,200003313,0,0,0,0,0,1,0,0,0,0,0,0,0,0,0,0,0,0,0,0,254,254,254,254,1,1,0,0,0,0,0,0,1,0,0,0,0,0,0,0,1,0,0,0,0,0,0,0,0,0,0,0,0,-1,0,0,0,0,1,0,0,0,0,0,0,0,0,0,0,0,0,-1,0,-1,0,0,-1,-1,-1,-1,0,0,0,0,-1,0,0,-1,0,1,0,0,0,0,0,0,0,0,0,0,-1,0,0,0,0,0,0,0,0,0,0,0,[0|0|0|0|0|0|0|0|0|0|0|0]
200003313,Leda_1_1_1,1,-1,-1,-1,0.07,25,0,0,0,0,60,0,0,60,60,0,0,0.15,-1,0,0,0,0,0,0,0,200003314,0,0,0,0,0,2,0,144,180,0,0,0,0,0,0,0,37,0,0,0,254,254,254,254,1,1,0,0,0,0,0,0,1,0,0,0,0,0,0,0,1,0,0,1,0,0,0,0,0,0,0,2,15,-1,0,0,0,0,0,0,0,0,0,0,0,0,0,0,0,0,0,-1,0,-1,0,0,-1,-1,-1,-1,0,0,0,0,-1,0,0,-1,0,0,1,0,0,0,0,0,0,0,0,0,-1,0,0,0,0,0,0,0,0,0,0,0,[0|0|0|0|0|0|0|0|0|0|0|0]
200003314,Leda_1_1_1_1,1,-1,-1,-1,0.2,25,0,0,0,0,0.1,0,0,0.1,0.1,0,0,0.15,-1,0,0,0,0,0,0,0,200003315,0,0,0,0,0,1,999,180,0,0,0,0,0,0,0,0,20,0,0,0,254,254,254,254,1,1,0,0,0,0,0,0,1,0,0,0,0,0,0,0,1,0,0,1,0,0,0,0,0,0,0,0,0,-1,0,0,0,0,0,0,0,0,0,0,0,0,0,0,0,0,0,-1,0,-1,0,0,-1,-1,-1,-1,0,0,0,0,-1,0,0,-1,0,0,1,0,0,0,0,0,0,0,0,0,-1,0,0,0,0,0,0,0,0,0,0,0,[0|0|0|0|0|0|0|0|0|0|0|0]
200003315,Leda_1_1_1_1_1,1,450982,-1,-1,0.5,25,0,0,0,0,0.1,0,0,0.1,0.1,0,0,0.15,-1,0,0,0,0,0,0,0,200003316,0,0,0,0,0,1,0,0,0,0,0,0,0,0,0,0,0,0,0,0,254,254,254,254,1,1,0,0,0,0,0,0,1,0,0,0,0,0,0,0,1,0,0,1,0,0,0,0,0,0,0,0,0,-1,0,0,0,0,0,0,0,0,0,0,0,0,0,0,0,0,0,-1,0.1,-1,0,0,-1,-1,-1,-1,0,0,0,0,-1,0,0,-1,0,0,1,0,0,0,0,0,0,0,0,0,-1,0,0,0,0,0,0,0,0,0,0,0,[0|0|0|0|0|0|0|0|0|0|0|0]
200003316,Leda_1_1_1_1_1_1,600000501,450983,450984,-1,0.3,25,0,0,0,0,30,0,0,30,30,0,0,0.15,-1,0,0,0,0,0,0,0,-1,20001086,20001087,20001088,20001089,0,1,5,0,0,0,0,0,0,0,0,0,0,30,0,0,254,254,254,254,0,0,0,0,0,0,0,0,1,0,0,0,0,1,0,0,1,1,0,1,0,0,0,0,0,0,-0.1,0,0,-1,0,0,0,0,0,0,0,0,0,0,0,0,0,0,0,0,0,-1,0,-1,0,0,450983,-1,-1,-1,0,0,0,0,-1,0,0,-1,0,0,1,0,0,0,0,0,0,0,0,0,-1,0,0,0,0,0,0,0,0,0,0,0,[0|0|0|0|0|0|0|0|0|0|0|0]
200020000,Throwing Blade - Default Bullet,6200000,404001,404002,404003,0.32,4,0,3,3,12,40,0,-900,40,40,0,0,0.05,-1,0,0,0,0,0,0,0,-1,6902,-1,-1,1665,-1,1,30,0,0,0,100,100,100,100,100,0,0,60,0,0,254,254,254,254,0,0,0,4,0,0,1,0,0,0,0,0,0,0,1,0,1,0,0,0,0,0,0,100,0,0,0,0,0,-1,0,0,0,0,0,0,0,0,0,0,0,0,0,0,1,0,0,-1,0,-1,0,0,-1,-1,-1,-1,0,0,0,0,-1,0,0,-1,0,1,0,0,0,0,0,0,0,0,0,0,-1,0,0,0,0,0,0,0,0,0,0,0,[0|0|0|0|0|0|0|0|0|0|0|0]
200020010,Throwing Blade - Default Bullet,6200010,404001,404002,404003,0.32,4,0,3,3,12,40,0,-900,40,40,0,0,0.05,-1,0,0,0,0,0,0,0,-1,6902,0,0,1665,0,1,30,0,0,0,100,100,100,100,100,0,0,60,0,0,254,254,254,254,0,0,0,4,0,0,1,0,0,0,0,0,0,0,1,0,1,0,0,0,0,0,0,100,0,0,0,0,0,-1,0,0,0,0,0,0,0,0,0,0,0,0,0,0,1,0,0,-1,0,-1,0,0,-1,-1,-1,-1,0,0,0,0,-1,0,0,-1,0,1,0,0,0,0,0,0,0,0,0,0,-1,0,0,0,0,0,0,0,0,0,0,0,[0|0|0|0|0|0|0|0|0|0|0|0]
200020020,Throwing Blade - Default Bullet,6200020,404001,404002,404003,0.32,4,0,3,3,12,40,0,-900,40,40,0,0,0.05,-1,0,0,0,0,0,0,0,-1,6902,0,0,1665,0,1,30,0,0,0,100,100,100,100,100,0,0,60,0,0,254,254,254,254,0,0,0,4,0,0,1,0,0,0,0,0,0,0,1,0,1,0,0,0,0,0,0,100,0,0,0,0,0,-1,0,0,0,0,0,0,0,0,0,0,0,0,0,0,1,0,0,-1,0,-1,0,0,-1,-1,-1,-1,0,0,0,0,-1,0,0,-1,0,1,0,0,0,0,0,0,0,0,0,0,-1,0,0,0,0,0,0,0,0,0,0,0,[0|0|0|0|0|0|0|0|0|0|0|0]
200020030,Throwing Blade - Default Bullet,6200030,404001,404002,404003,0.32,4,0,3,3,12,40,0,-900,40,40,0,0,0.05,-1,0,0,0,0,0,0,0,-1,6902,0,0,1665,0,1,30,0,0,0,100,100,100,100,100,0,0,60,0,0,254,254,254,254,0,0,0,4,0,0,1,0,0,0,0,0,0,0,1,0,1,0,0,0,0,0,0,100,0,0,0,0,0,-1,0,0,0,0,0,0,0,0,0,0,0,0,0,0,1,0,0,-1,0,-1,0,0,-1,-1,-1,-1,0,0,0,0,-1,0,0,-1,0,1,0,0,0,0,0,0,0,0,0,0,-1,0,0,0,0,0,0,0,0,0,0,0,[0|0|0|0|0|0|0|0|0|0|0|0]
200020040,Throwing Blade - Default Bullet,6200040,404001,404002,404003,0.32,4,0,3,3,12,40,0,-900,40,40,0,0,0.05,-1,0,0,0,0,0,0,0,-1,6902,0,0,1665,0,1,30,0,0,0,100,100,100,100,100,0,0,60,0,0,254,254,254,254,0,0,0,4,0,0,1,0,0,0,0,0,0,0,1,0,1,0,0,0,0,0,0,100,0,0,0,0,0,-1,0,0,0,0,0,0,0,0,0,0,0,0,0,0,1,0,0,-1,0,-1,0,0,-1,-1,-1,-1,0,0,0,0,-1,0,0,-1,0,1,0,0,0,0,0,0,0,0,0,0,-1,0,0,0,0,0,0,0,0,0,0,0,[0|0|0|0|0|0|0|0|0|0|0|0]
200020050,Throwing Blade - Default Bullet,6200050,404001,404002,404003,0.32,4,0,3,3,12,40,0,-900,40,40,0,0,0.05,-1,0,0,0,0,0,0,0,-1,6902,0,0,1665,0,1,30,0,0,0,100,100,100,100,100,0,0,60,0,0,254,254,254,254,0,0,0,4,0,0,1,0,0,0,0,0,0,0,1,0,1,0,0,0,0,0,0,100,0,0,0,0,0,-1,0,0,0,0,0,0,0,0,0,0,0,0,0,0,1,0,0,-1,0,-1,0,0,-1,-1,-1,-1,0,0,0,0,-1,0,0,-1,0,1,0,0,0,0,0,0,0,0,0,0,-1,0,0,0,0,0,0,0,0,0,0,0,[0|0|0|0|0|0|0|0|0|0|0|0]
200020100,Throwing Blade - Default Bullet,6200100,404001,404002,404003,0.32,4,0,3,3,12,40,0,-900,40,40,0,0,0.05,-1,0,0,0,0,0,0,0,-1,6902,0,0,1665,0,1,10,0,0,0,100,100,100,100,100,0,0,60,0,0,254,254,254,254,0,0,0,4,0,0,1,0,0,0,0,0,0,0,1,0,1,0,0,0,0,0,0,100,0,0,0,0,0,-1,0,0,0,0,0,0,0,0,0,0,0,0,0,0,1,0,0,-1,0,-1,0,0,-1,-1,-1,-1,0,0,0,0,-1,0,0,-1,0,1,0,0,0,0,0,0,0,0,0,0,-1,0,0,0,0,0,0,0,0,0,0,0,[0|0|0|0|0|0|0|0|0|0|0|0]
200020105,Throwing Blade - Default Bullet,6200105,404001,404002,404003,0.32,4,0,3,3,15,40,0,-900,40,40,0,0,0.05,-1,0,0,0,0,0,0,0,-1,6902,0,0,1665,0,1,10,0,0,0,100,100,100,100,100,0,0,60,0,0,254,254,254,254,0,0,0,4,0,0,1,0,0,0,0,0,0,0,1,0,1,0,0,0,0,0,0,100,0,0,0,0,0,-1,0,0,0,0,0,0,0,0,0,0,0,0,0,0,1,0,0,-1,0,-1,0,0,-1,-1,-1,-1,0,0,0,0,-1,0,0,-1,0,1,0,0,0,0,0,0,0,0,0,0,-1,0,0,0,0,0,0,0,0,0,0,0,[0|0|0|0|0|0|0|0|0|0|0|0]
200020110,Throwing Blade - Default Bullet,6200110,404001,404002,404003,0.32,4,0,3,3,12,40,0,-900,40,40,0,0,0.05,-1,0,0,0,0,0,0,0,-1,6902,0,0,1665,0,1,10,0,0,0,100,100,100,100,100,0,0,60,0,0,254,254,254,254,0,0,0,4,0,0,1,0,0,0,0,0,0,0,1,0,1,0,0,0,0,0,0,100,0,0,0,0,0,-1,0,0,0,0,0,0,0,0,0,0,0,0,0,0,1,0,0,-1,0,-1,0,0,-1,-1,-1,-1,0,0,0,0,-1,0,0,-1,0,1,0,0,0,0,0,0,0,0,0,0,-1,0,0,0,0,0,0,0,0,0,0,0,[0|0|0|0|0|0|0|0|0|0|0|0]
200020115,Throwing Blade - Default Bullet,6200115,404001,404002,404003,0.32,4,0,3,3,5,40,0,-900,40,40,0,0,0.05,-1,0,0,0,0,0,0,0,-1,6902,0,0,1665,0,1,10,0,0,0,100,100,100,100,100,0,0,60,0,0,254,254,254,254,0,0,0,4,0,0,1,0,0,0,0,0,0,0,1,0,1,0,0,0,0,0,0,100,0,0,0,0,0,-1,0,0,0,0,0,0,0,0,0,0,0,0,0,0,1,0,0,-1,0,-1,0,0,-1,-1,-1,-1,0,0,0,0,-1,0,0,-1,0,1,0,0,0,0,0,0,0,0,0,0,-1,0,0,0,0,0,0,0,0,0,0,0,[0|0|0|0|0|0|0|0|0|0|0|0]
200020120,Throwing Blade - Default Bullet,6200120,404001,404002,404003,0.32,4,0,3,3,12,40,0,-900,40,40,0,0,0.05,-1,0,0,0,0,0,0,0,-1,6903,0,0,1665,0,1,30,0,0,0,100,100,100,100,100,0,0,60,0,0,254,254,254,254,0,0,0,4,0,0,1,0,0,0,0,0,0,0,1,0,1,0,0,0,0,0,0,100,0,0,0,0,0,-1,0,0,0,0,0,0,0,0,0,0,0,0,0,0,1,0,0,-1,0,-1,0,0,-1,-1,-1,-1,0,0,0,0,-1,0,0,-1,0,1,0,0,0,0,0,0,0,0,0,0,-1,0,0,0,0,0,0,0,0,0,0,0,[0|0|0|0|0|0|0|0|0|0|0|0]
200020125,Throwing Blade - Default Bullet,6200125,404001,404002,404003,0.23,4,0,3,3,12,60,0,-900,60,60,0,0,0.05,-1,0,0,0,0,0,0,0,-1,6903,0,0,1665,0,1,30,0,0,0,100,100,100,100,100,0,0,60,0,0,254,254,254,254,0,0,0,4,0,0,1,0,0,0,0,0,0,0,1,0,1,0,0,0,0,0,0,100,0,0,0,0,0,-1,0,0,0,0,0,0,0,0,0,0,0,0,0,0,1,0,0,-1,0,-1,0,0,-1,-1,-1,-1,0,0,0,0,-1,0,0,-1,0,1,0,0,0,0,0,0,0,0,0,0,-1,0,0,0,0,0,0,0,0,0,0,0,[0|0|0|0|0|0|0|0|0|0|0|0]
200020130,Throwing Blade - Default Bullet,6200130,404001,404002,404003,0.32,4,0,3,3,12,40,0,-900,40,40,0,0,0.05,-1,0,0,0,0,0,0,0,-1,6903,0,0,1665,0,1,30,0,0,0,100,100,100,100,100,0,0,60,0,0,254,254,254,254,0,0,0,4,0,0,1,0,0,0,0,0,0,0,1,0,1,0,0,0,0,0,0,100,0,0,0,0,0,-1,0,0,0,0,0,0,0,0,0,0,0,0,0,0,1,0,0,-1,0,-1,0,0,-1,-1,-1,-1,0,0,0,0,-1,0,0,-1,0,1,0,0,0,0,0,0,0,0,0,0,-1,0,0,0,0,0,0,0,0,0,0,0,[0|0|0|0|0|0|0|0|0|0|0|0]
200020140,Throwing Blade - Default Bullet,6200140,404001,404002,404003,0.32,4,0,3,3,12,40,0,-900,40,40,0,0,0.05,-1,0,0,0,0,0,0,0,-1,6903,0,0,1665,0,1,30,0,0,0,100,100,100,100,100,0,0,60,0,0,254,254,254,254,0,0,0,4,0,0,1,0,0,0,0,0,0,0,1,0,1,0,0,0,0,0,0,100,0,0,0,0,0,-1,0,0,0,0,0,0,0,0,0,0,0,0,0,0,1,0,0,-1,0,-1,0,0,-1,-1,-1,-1,0,0,0,0,-1,0,0,-1,0,1,0,0,0,0,0,0,0,0,0,0,-1,0,0,0,0,0,0,0,0,0,0,0,[0|0|0|0|0|0|0|0|0|0|0|0]
200020150,Throwing Blade - Default Bullet,6200150,404001,404002,404003,0.32,4,0,3,3,12,40,0,-900,40,40,0,0,0.05,-1,0,0,0,0,0,0,0,-1,6903,0,0,1665,0,1,30,0,0,0,100,100,100,100,100,0,0,100,0,0,254,254,254,254,0,0,0,4,0,0,1,0,0,0,0,0,0,0,1,0,1,0,0,0,0,0,0,100,0,0,0,0,0,-1,0,0,0,0,0,60,0,0,0,0,0,0,0,0,1,0,0,-1,0,-1,0,0,-1,-1,-1,-1,0,0,0,0,-1,0,0,-1,0,1,0,0,0,0,0,0,0,0,0,0,-1,0,0,0,0,0,0,0,0,0,0,0,[0|0|0|0|0|0|0|0|0|0|0|0]
200020160,Throwing Blade - Default Bullet,6200160,404001,404002,404003,0.23,4,0,3,3,12,60,0,-900,60,60,0,0,0.05,-1,0,0,0,0,0,0,0,-1,6904,0,0,1665,0,1,30,0,0,0,100,100,100,100,100,0,0,100,0,0,254,254,254,254,0,0,0,4,0,0,1,0,0,0,0,0,0,0,1,0,1,0,0,0,0,0,0,100,0,0,0,0,0,-1,0,0,0,0,0,61,0,0,0,0,0,0,0,0,1,0,0,-1,0,-1,0,0,-1,-1,-1,-1,0,0,0,0,-1,0,0,-1,0,1,0,0,0,0,0,0,0,0,0,0,-1,0,0,0,0,0,0,0,0,0,0,0,[0|0|0|0|0|0|0|0|0|0|0|0]
200020175,Throwing Blade - Default Bullet,6200175,404001,404002,404003,0.23,4,0,3,3,12,60,0,-900,60,60,0,0,0.05,-1,0,0,0,0,0,0,0,-1,6902,0,0,1665,0,1,30,0,0,0,100,100,100,100,100,0,0,100,0,0,254,254,254,254,0,0,0,4,0,0,1,0,0,0,0,0,0,0,1,0,1,0,0,0,0,0,0,100,0,0,0,0,0,-1,0,0,0,0,0,61,0,0,0,0,0,0,0,0,1,0,0,-1,0,-1,0,0,-1,-1,-1,-1,0,0,0,0,-1,0,0,-1,0,1,0,0,0,0,0,0,0,0,0,0,-1,0,0,0,0,0,0,0,0,0,0,0,[0|0|0|0|0|0|0|0|0|0|0|0]
200020176,Throwing Blade - Default Bullet,6200176,404001,404002,404003,0.23,4,0,3,3,12,60,0,-900,60,60,0,0,0.05,-1,0,0,0,0,0,0,0,-1,6902,0,0,1665,0,1,30,0,0,0,100,100,100,100,100,0,0,100,0,0,254,254,254,254,0,0,0,4,0,0,1,0,0,0,0,0,0,0,1,0,1,0,0,0,0,0,0,100,0,0,0,0,0,-1,0,0,0,0,0,0,0,0,0,0,0,0,0,0,1,0,0,-1,0,-1,0,0,-1,-1,-1,-1,0,0,0,0,-1,0,0,-1,0,1,0,0,0,0,0,0,0,0,0,0,-1,0,0,0,0,0,0,0,0,0,0,0,[0|0|0|0|0|0|0|0|0|0|0|0]
200020180,Throwing Blade - Default Bullet,6200180,404001,404002,404003,0.23,4,0,3,3,12,60,0,-900,60,60,0,0,0.05,-1,0,0,0,0,0,0,0,-1,-1,0,0,1665,0,1,30,0,0,0,100,100,100,100,100,0,0,100,0,0,254,254,254,254,0,0,0,4,0,0,1,0,0,0,0,0,0,0,1,0,1,0,0,0,0,0,0,100,0,0,0,0,0,-1,0,0,0,0,0,0,0,0,0,0,0,0,0,0,1,0,0,-1,0,-1,0,0,-1,-1,-1,-1,0,0,0,0,-1,0,0,-1,0,1,0,0,0,0,0,0,0,0,0,0,-1,0,0,0,0,0,0,0,0,0,0,0,[0|0|0|0|0|0|0|0|0|0|0|0]
200020200,Throwing Blade - Default Bullet,6200200,404001,404002,404003,0.32,4,0,3,3,12,40,0,-900,40,40,0,0,0.05,-1,0,0,0,0,0,0,0,-1,6902,0,0,1665,1667,1,30,0,0,0,100,100,100,100,100,0,0,100,0,0,254,254,254,254,0,0,0,4,0,0,1,0,0,0,0,0,0,0,1,0,1,0,0,0,0,0,0,100,0,0,0,0,0,-1,0,0,0,0,0,0,0,0,0,0,0,0,0,0,1,0,0,-1,0,-1,0,0,-1,-1,-1,-1,0,0,0,0,-1,0,0,-1,0,1,0,0,0,0,0,0,0,0,0,0,-1,0,0,0,0,0,0,0,0,0,0,0,[0|0|0|0|0|0|0|0|0|0|0|0]
200020203,Throwing Blade - Default Bullet,6200203,404001,404002,404003,0.32,4,0,3,3,12,40,0,-900,40,40,0,0,0.05,-1,0,0,0,0,0,0,0,-1,6902,-1,-1,-1,-1,1,30,0,0,0,100,100,100,100,100,0,0,60,0,0,254,254,254,254,0,0,0,4,0,0,1,0,0,0,0,0,0,0,1,0,1,0,0,0,0,0,0,100,0,0,0,0,0,-1,0,0,0,0,0,0,0,0,0,0,0,0,0,0,1,0,0,-1,0,-1,0,0,-1,-1,-1,-1,0,0,0,0,-1,0,0,-1,0,1,0,0,0,0,0,0,0,0,0,0,-1,0,0,0,0,0,0,0,0,0,0,0,[0|0|0|0|0|0|0|0|0|0|0|0]
200020210,Throwing Blade - Default Bullet,6200210,404001,404002,404003,0.32,4,0,3,3,12,40,0,-900,40,40,0,0,0.05,-1,0,0,0,0,0,0,0,-1,6902,-1,-1,-1,-1,1,30,0,0,0,100,100,100,100,100,0,0,100,0,0,254,254,254,254,0,0,0,4,0,0,1,0,0,0,0,0,0,0,1,0,1,0,0,0,0,0,0,100,0,0,0,0,0,-1,0,0,0,0,0,0,0,0,0,0,0,0,0,0,1,0,0,-1,0,-1,0,0,-1,-1,-1,-1,0,0,0,0,-1,0,0,-1,0,1,0,0,0,0,0,0,0,0,0,0,-1,0,0,0,0,0,0,0,0,0,0,0,[0|0|0|0|0|0|0|0|0|0|0|0]
200020213,Throwing Blade - Default Bullet,6200213,404001,404002,404003,0.32,4,0,3,3,12,40,0,-900,40,40,0,0,0.05,-1,0,0,0,0,0,0,0,-1,6902,-1,-1,1665,1667,1,30,0,0,0,100,100,100,100,100,0,0,100,0,0,254,254,254,254,0,0,0,4,0,0,1,0,0,0,0,0,0,0,1,0,1,0,0,0,0,0,0,100,0,0,0,0,0,-1,0,0,0,0,0,0,0,0,0,0,0,0,0,0,1,0,0,-1,0,-1,0,0,-1,-1,-1,-1,0,0,0,0,-1,0,0,-1,0,1,0,0,0,0,0,0,0,0,0,0,-1,0,0,0,0,0,0,0,0,0,0,0,[0|0|0|0|0|0|0|0|0|0|0|0]
200020220,Throwing Blade - Default Bullet,6200220,404001,404002,404003,0.32,4,0,3,3,12,40,0,-900,40,40,0,0,0.05,-1,0,0,0,0,0,0,0,-1,6902,-1,-1,-1,-1,1,30,0,0,0,100,100,100,100,100,0,0,100,0,0,254,254,254,254,0,0,0,4,0,0,1,0,0,0,0,0,0,0,1,0,1,0,0,0,0,0,0,100,0,0,0,0,0,-1,0,0,0,0,0,0,0,0,0,0,0,0,0,0,1,0,0,-1,0,-1,0,0,-1,-1,-1,-1,0,0,0,0,-1,0,0,-1,0,1,0,0,0,0,0,0,0,0,0,0,-1,0,0,0,0,0,0,0,0,0,0,0,[0|0|0|0|0|0|0|0|0|0|0|0]
200020223,Throwing Blade - Default Bullet,6200223,404001,404002,404003,0.32,4,0,3,3,12,40,0,-900,40,40,0,0,0.05,-1,0,0,0,0,0,0,0,-1,6902,-1,-1,1665,1667,1,30,0,0,0,100,100,100,100,100,0,0,100,0,0,254,254,254,254,0,0,0,4,0,0,1,0,0,0,0,0,0,0,1,0,1,0,0,0,0,0,0,100,0,0,0,0,0,-1,0,0,0,0,0,0,0,0,0,0,0,0,0,0,1,0,0,-1,0,-1,0,0,-1,-1,-1,-1,0,0,0,0,-1,0,0,-1,0,1,0,0,0,0,0,0,0,0,0,0,-1,0,0,0,0,0,0,0,0,0,0,0,[0|0|0|0|0|0|0|0|0|0|0|0]
200020230,Throwing Blade - Default Bullet,6200230,404001,404002,404003,0.32,4,0,3,3,12,40,0,-900,40,40,0,0,0.05,-1,0,0,0,0,0,0,0,-1,6902,-1,-1,1665,1667,1,30,0,0,0,100,100,100,100,100,0,0,100,0,0,254,254,254,254,0,0,0,4,0,0,1,0,0,0,0,0,0,0,1,0,1,0,0,0,0,0,0,100,0,0,0,0,0,-1,0,0,0,0,0,0,0,0,0,0,0,0,0,0,1,0,0,-1,0,-1,0,0,-1,-1,-1,-1,0,0,0,0,-1,0,0,-1,0,1,0,0,0,0,0,0,0,0,0,0,-1,0,0,0,0,0,0,0,0,0,0,0,[0|0|0|0|0|0|0|0|0|0|0|0]
200020233,Throwing Blade - Default Bullet,6200233,404001,404002,404003,0.32,4,0,3,3,12,40,0,-900,40,40,0,0,0.05,-1,0,0,0,0,0,0,0,-1,6902,-1,-1,1665,1667,1,30,0,0,0,100,100,100,100,100,0,0,100,0,0,254,254,254,254,0,0,0,4,0,0,1,0,0,0,0,0,0,0,1,0,1,0,0,0,0,0,0,100,0,0,0,0,0,-1,0,0,0,0,0,0,0,0,0,0,0,0,0,0,1,0,0,-1,0,-1,0,0,-1,-1,-1,-1,0,0,0,0,-1,0,0,-1,0,1,0,0,0,0,0,0,0,0,0,0,-1,0,0,0,0,0,0,0,0,0,0,0,[0|0|0|0|0|0|0|0|0|0|0|0]
200020240,Throwing Blade - Default Bullet,6200240,404001,404002,404003,0.32,4,0,3,3,12,40,0,-900,40,40,0,0,0.05,-1,0,0,0,0,0,0,0,-1,6902,-1,-1,-1,-1,1,30,0,0,0,100,100,100,100,100,0,0,100,0,0,254,254,254,254,0,0,0,4,0,0,1,0,0,0,0,0,0,0,1,0,1,0,0,0,0,0,0,100,0,0,0,0,0,-1,0,0,0,0,0,0,0,0,0,0,0,0,0,0,1,0,0,-1,0,-1,0,0,-1,-1,-1,-1,0,0,0,0,-1,0,0,-1,0,1,0,0,0,0,0,0,0,0,0,0,-1,0,0,0,0,0,0,0,0,0,0,0,[0|0|0|0|0|0|0|0|0|0|0|0]
200020243,Throwing Blade - Default Bullet,6200243,404001,404002,404003,0.32,4,0,3,3,12,40,0,-900,40,40,0,0,0.05,-1,0,0,0,0,0,0,0,-1,6902,-1,-1,1665,1667,1,30,0,0,0,100,100,100,100,100,0,0,100,0,0,254,254,254,254,0,0,0,4,0,0,1,0,0,0,0,0,0,0,1,0,1,0,0,0,0,0,0,100,0,0,0,0,0,-1,0,0,0,0,0,0,0,0,0,0,0,0,0,0,1,0,0,-1,0,-1,0,0,-1,-1,-1,-1,0,0,0,0,-1,0,0,-1,0,1,0,0,0,0,0,0,0,0,0,0,-1,0,0,0,0,0,0,0,0,0,0,0,[0|0|0|0|0|0|0|0|0|0|0|0]
200020250,Throwing Blade - Default Bullet,6200250,404001,404002,404003,0.32,4,0,3,3,12,40,0,-900,40,40,0,0,0.05,-1,0,0,0,0,0,0,0,-1,6902,-1,-1,-1,-1,1,30,0,0,0,100,100,100,100,100,0,0,100,0,0,254,254,254,254,0,0,0,4,0,0,1,0,0,0,0,0,0,0,1,0,1,0,0,0,0,0,0,100,0,0,0,0,0,-1,0,0,0,0,0,0,0,0,0,0,0,0,0,0,1,0,0,-1,0,-1,0,0,-1,-1,-1,-1,0,0,0,0,-1,0,0,-1,0,1,0,0,0,0,0,0,0,0,0,0,-1,0,0,0,0,0,0,0,0,0,0,0,[0|0|0|0|0|0|0|0|0|0|0|0]
200020253,Throwing Blade - Default Bullet,6200253,404001,404002,404003,0.32,4,0,3,3,12,40,0,-900,40,40,0,0,0.05,-1,0,0,0,0,0,0,0,-1,6902,-1,-1,1665,1667,1,30,0,0,0,100,100,100,100,100,0,0,100,0,0,254,254,254,254,0,0,0,4,0,0,1,0,0,0,0,0,0,0,1,0,1,0,0,0,0,0,0,100,0,0,0,0,0,-1,0,0,0,0,0,0,0,0,0,0,0,0,0,0,1,0,0,-1,0,-1,0,0,-1,-1,-1,-1,0,0,0,0,-1,0,0,-1,0,1,0,0,0,0,0,0,0,0,0,0,-1,0,0,0,0,0,0,0,0,0,0,0,[0|0|0|0|0|0|0|0|0|0|0|0]
200020300,Throwing Blade - Default Bullet,6200300,404001,404002,404003,0.32,4,0,3,3,12,40,0,-900,40,40,0,0,0.05,-1,0,0,0,0,0,0,0,-1,6904,-1,-1,1665,1667,1,10,0,0,0,100,100,100,100,100,0,0,60,0,0,254,254,254,254,0,0,0,4,0,0,1,0,0,0,0,0,0,0,1,0,1,0,0,0,0,0,0,100,0,0,0,0,0,-1,0,0,0,0,0,0,0,0,0,0,0,0,0,0,1,0,0,-1,0,-1,0,0,-1,-1,-1,-1,0,0,0,0,-1,0,0,-1,0,1,0,0,0,0,0,0,0,0,0,0,-1,0,0,0,0,0,0,0,0,0,0,0,[0|0|0|0|0|0|0|0|0|0|0|0]
200020303,Throwing Blade - Default Bullet,6200303,404001,404002,404003,0.32,4,0,3,3,12,40,0,-900,40,40,0,0,0.05,-1,0,0,0,0,0,0,0,-1,6904,-1,-1,-1,-1,1,10,0,0,0,100,100,100,100,100,0,0,60,0,0,254,254,254,254,0,0,0,4,0,0,1,0,0,0,0,0,0,0,1,0,1,0,0,0,0,0,0,100,0,0,0,0,0,-1,0,0,0,0,0,0,0,0,0,0,0,0,0,0,1,0,0,-1,0,-1,0,0,-1,-1,-1,-1,0,0,0,0,-1,0,0,-1,0,1,0,0,0,0,0,0,0,0,0,0,-1,0,0,0,0,0,0,0,0,0,0,0,[0|0|0|0|0|0|0|0|0|0|0|0]
200020305,Throwing Blade - Default Bullet,6200305,404001,404002,404003,0.32,4,0,3,3,15,40,0,-900,40,40,0,0,0.05,-1,0,0,0,0,0,0,0,-1,6904,-1,-1,1665,1667,1,10,0,0,0,100,100,100,100,100,0,0,60,0,0,254,254,254,254,0,0,0,4,0,0,1,0,0,0,0,0,0,0,1,0,1,0,0,0,0,0,0,100,0,0,0,0,0,-1,0,0,0,0,0,0,0,0,0,0,0,0,0,0,1,0,0,-1,0,-1,0,0,-1,-1,-1,-1,0,0,0,0,-1,0,0,-1,0,1,0,0,0,0,0,0,0,0,0,0,-1,0,0,0,0,0,0,0,0,0,0,0,[0|0|0|0|0|0|0|0|0|0|0|0]
200020308,Throwing Blade - Default Bullet,6200308,404001,404002,404003,0.32,4,0,3,3,15,40,0,-900,40,40,0,0,0.05,-1,0,0,0,0,0,0,0,-1,6906,-1,-1,-1,-1,1,10,0,0,0,100,100,100,100,100,0,0,60,0,0,254,254,254,254,0,0,0,4,0,0,1,0,0,0,0,0,0,0,1,0,1,0,0,0,0,0,0,100,0,0,0,0,0,-1,0,0,0,0,0,0,0,0,0,0,0,0,0,0,1,0,0,-1,0,-1,0,0,-1,-1,-1,-1,0,0,0,0,-1,0,0,-1,0,1,0,0,0,0,0,0,0,0,0,0,-1,0,0,0,0,0,0,0,0,0,0,0,[0|0|0|0|0|0|0|0|0|0|0|0]
200020310,Throwing Blade - Default Bullet,6200310,404001,404002,404003,0.32,4,0,3,3,12,40,0,-900,40,40,0,0,0.05,-1,0,0,0,0,0,0,0,-1,6904,-1,-1,-1,-1,1,10,0,0,0,100,100,100,100,100,0,0,60,0,0,254,254,254,254,0,0,0,4,0,0,1,0,0,0,0,0,0,0,1,0,1,0,0,0,0,0,0,100,0,0,0,0,0,-1,0,0,0,0,0,0,0,0,0,0,0,0,0,0,1,0,0,-1,0,-1,0,0,-1,-1,-1,-1,0,0,0,0,-1,0,0,-1,0,1,0,0,0,0,0,0,0,0,0,0,-1,0,0,0,0,0,0,0,0,0,0,0,[0|0|0|0|0|0|0|0|0|0|0|0]
200020313,Throwing Blade - Default Bullet,6200313,404001,404002,404003,0.32,4,0,3,3,12,40,0,-900,40,40,0,0,0.05,-1,0,0,0,0,0,0,0,-1,6904,-1,-1,1665,1667,1,10,0,0,0,100,100,100,100,100,0,0,60,0,0,254,254,254,254,0,0,0,4,0,0,1,0,0,0,0,0,0,0,1,0,1,0,0,0,0,0,0,100,0,0,0,0,0,-1,0,0,0,0,0,0,0,0,0,0,0,0,0,0,1,0,0,-1,0,-1,0,0,-1,-1,-1,-1,0,0,0,0,-1,0,0,-1,0,1,0,0,0,0,0,0,0,0,0,0,-1,0,0,0,0,0,0,0,0,0,0,0,[0|0|0|0|0|0|0|0|0|0|0|0]
200020315,Throwing Blade - Default Bullet,6200315,404001,404002,404003,0.32,4,0,3,3,15,40,0,-900,40,40,0,0,0.05,-1,0,0,0,0,0,0,0,-1,6904,-1,-1,-1,-1,1,10,0,0,0,100,100,100,100,100,0,0,60,0,0,254,254,254,254,0,0,0,4,0,0,1,0,0,0,0,0,0,0,1,0,1,0,0,0,0,0,0,100,0,0,0,0,0,-1,0,0,0,0,0,0,0,0,0,0,0,0,0,0,1,0,0,-1,0,-1,0,0,-1,-1,-1,-1,0,0,0,0,-1,0,0,-1,0,1,0,0,0,0,0,0,0,0,0,0,-1,0,0,0,0,0,0,0,0,0,0,0,[0|0|0|0|0|0|0|0|0|0|0|0]
200020318,Throwing Blade - Default Bullet,6200318,404001,404002,404003,0.32,4,0,3,3,15,40,0,-900,40,40,0,0,0.05,-1,0,0,0,0,0,0,0,-1,6904,-1,-1,1665,1667,1,10,0,0,0,100,100,100,100,100,0,0,60,0,0,254,254,254,254,0,0,0,4,0,0,1,0,0,0,0,0,0,0,1,0,1,0,0,0,0,0,0,100,0,0,0,0,0,-1,0,0,0,0,0,0,0,0,0,0,0,0,0,0,1,0,0,-1,0,-1,0,0,-1,-1,-1,-1,0,0,0,0,-1,0,0,-1,0,1,0,0,0,0,0,0,0,0,0,0,-1,0,0,0,0,0,0,0,0,0,0,0,[0|0|0|0|0|0|0|0|0|0|0|0]
200020320,Throwing Blade - Default Bullet,6200320,404001,404002,404003,0.32,4,0,3,3,12,40,0,-900,40,40,0,0,0.05,-1,0,0,0,0,0,0,0,-1,6903,-1,-1,-1,-1,1,30,0,0,0,100,100,100,100,100,0,0,60,0,0,254,254,254,254,0,0,0,4,0,0,1,0,0,0,0,0,0,0,1,0,1,0,0,0,0,0,0,100,0,0,0,0,0,-1,0,0,0,0,0,0,0,0,0,0,0,0,0,0,1,0,0,-1,0,-1,0,0,-1,-1,-1,-1,0,0,0,0,-1,0,0,-1,0,1,0,0,0,0,0,0,0,0,0,0,-1,0,0,0,0,0,0,0,0,0,0,0,[0|0|0|0|0|0|0|0|0|0|0|0]
200020323,Throwing Blade - Default Bullet,6200323,404001,404002,404003,0.32,4,0,3,3,12,40,0,-900,40,40,0,0,0.05,-1,0,0,0,0,0,0,0,-1,6903,-1,-1,1665,1667,1,30,0,0,0,100,100,100,100,100,0,0,60,0,0,254,254,254,254,0,0,0,4,0,0,1,0,0,0,0,0,0,0,1,0,1,0,0,0,0,0,0,100,0,0,0,0,0,-1,0,0,0,0,0,0,0,0,0,0,0,0,0,0,1,0,0,-1,0,-1,0,0,-1,-1,-1,-1,0,0,0,0,-1,0,0,-1,0,1,0,0,0,0,0,0,0,0,0,0,-1,0,0,0,0,0,0,0,0,0,0,0,[0|0|0|0|0|0|0|0|0|0|0|0]
200020325,Throwing Blade - Default Bullet,6200325,404001,404002,404003,0.23,4,0,3,3,12,60,0,-900,60,60,0,0,0.05,-1,0,0,0,0,0,0,0,-1,6903,-1,-1,1665,1667,1,30,0,0,0,100,100,100,100,100,0,0,60,0,0,254,254,254,254,0,0,0,4,0,0,1,0,0,0,0,0,0,0,1,0,1,0,0,0,0,0,0,100,0,0,0,0,0,-1,0,0,0,0,0,0,0,0,0,0,0,0,0,0,1,0,0,-1,0,-1,0,0,-1,-1,-1,-1,0,0,0,0,-1,0,0,-1,0,1,0,0,0,0,0,0,0,0,0,0,-1,0,0,0,0,0,0,0,0,0,0,0,[0|0|0|0|0|0|0|0|0|0|0|0]
200020328,Throwing Blade - Default Bullet,6200328,404001,404002,404003,0.23,4,0,3,3,12,60,0,-900,60,60,0,0,0.05,-1,0,0,0,0,0,0,0,-1,6903,-1,-1,-1,-1,1,30,0,0,0,100,100,100,100,100,0,0,60,0,0,254,254,254,254,0,0,0,4,0,0,1,0,0,0,0,0,0,0,1,0,1,0,0,0,0,0,0,100,0,0,0,0,0,-1,0,0,0,0,0,0,0,0,0,0,0,0,0,0,1,0,0,-1,0,-1,0,0,-1,-1,-1,-1,0,0,0,0,-1,0,0,-1,0,1,0,0,0,0,0,0,0,0,0,0,-1,0,0,0,0,0,0,0,0,0,0,0,[0|0|0|0|0|0|0|0|0|0|0|0]
200020330,Throwing Blade - Default Bullet,6200330,404001,404002,404003,0.32,4,0,3,3,12,40,0,-900,40,40,0,0,0.05,-1,0,0,0,0,0,0,0,-1,6903,-1,-1,1665,1667,1,30,0,0,0,100,100,100,100,100,0,0,60,0,0,254,254,254,254,0,0,0,4,0,0,1,0,0,0,0,0,0,0,1,0,1,0,0,0,0,0,0,100,0,0,0,0,0,-1,0,0,0,0,0,0,0,0,0,0,0,0,0,0,1,0,0,-1,0,-1,0,0,-1,-1,-1,-1,0,0,0,0,-1,0,0,-1,0,1,0,0,0,0,0,0,0,0,0,0,-1,0,0,0,0,0,0,0,0,0,0,0,[0|0|0|0|0|0|0|0|0|0|0|0]
200020333,Throwing Blade - Default Bullet,6200333,404001,404002,404003,0.32,4,0,3,3,12,40,0,-900,40,40,0,0,0.05,-1,0,0,0,0,0,0,0,-1,6903,-1,-1,-1,-1,1,30,0,0,0,100,100,100,100,100,0,0,60,0,0,254,254,254,254,0,0,0,4,0,0,1,0,0,0,0,0,0,0,1,0,1,0,0,0,0,0,0,100,0,0,0,0,0,-1,0,0,0,0,0,0,0,0,0,0,0,0,0,0,1,0,0,-1,0,-1,0,0,-1,-1,-1,-1,0,0,0,0,-1,0,0,-1,0,1,0,0,0,0,0,0,0,0,0,0,-1,0,0,0,0,0,0,0,0,0,0,0,[0|0|0|0|0|0|0|0|0|0|0|0]
200020340,Throwing Blade - Default Bullet,6200340,404001,404002,404003,0.32,4,0,3,3,12,40,0,-900,40,40,0,0,0.05,-1,0,0,0,0,0,0,0,-1,6903,-1,-1,-1,-1,1,30,0,0,0,100,100,100,100,100,0,0,60,0,0,254,254,254,254,0,0,0,4,0,0,1,0,0,0,0,0,0,0,1,0,1,0,0,0,0,0,0,100,0,0,0,0,0,-1,0,0,0,0,0,0,0,0,0,0,0,0,0,0,1,0,0,-1,0,-1,0,0,-1,-1,-1,-1,0,0,0,0,-1,0,0,-1,0,1,0,0,0,0,0,0,0,0,0,0,-1,0,0,0,0,0,0,0,0,0,0,0,[0|0|0|0|0|0|0|0|0|0|0|0]
200020343,Throwing Blade - Default Bullet,6200343,404001,404002,404003,0.32,4,0,3,3,12,40,0,-900,40,40,0,0,0.05,-1,0,0,0,0,0,0,0,-1,6903,-1,-1,1665,1667,1,30,0,0,0,100,100,100,100,100,0,0,60,0,0,254,254,254,254,0,0,0,4,0,0,1,0,0,0,0,0,0,0,1,0,1,0,0,0,0,0,0,100,0,0,0,0,0,-1,0,0,0,0,0,0,0,0,0,0,0,0,0,0,1,0,0,-1,0,-1,0,0,-1,-1,-1,-1,0,0,0,0,-1,0,0,-1,0,1,0,0,0,0,0,0,0,0,0,0,-1,0,0,0,0,0,0,0,0,0,0,0,[0|0|0|0|0|0|0|0|0|0|0|0]
200020350,Throwing Blade - Default Bullet,6200350,404001,404002,404003,0.32,4,0,3,3,12,40,0,-900,40,40,0,0,0.05,-1,0,0,0,0,0,0,0,-1,6903,-1,-1,1665,1667,1,30,0,0,0,100,100,100,100,100,0,0,60,0,0,254,254,254,254,0,0,0,4,0,0,1,0,0,0,0,0,0,0,1,0,1,0,0,0,0,0,0,100,0,0,0,0,0,-1,0,0,0,0,0,0,0,0,0,0,0,0,0,0,1,0,0,-1,0,-1,0,0,-1,-1,-1,-1,0,0,0,0,-1,0,0,-1,0,1,0,0,0,0,0,0,0,0,0,0,-1,0,0,0,0,0,0,0,0,0,0,0,[0|0|0|0|0|0|0|0|0|0|0|0]
200020353,Throwing Blade - Default Bullet,6200353,404001,404002,404003,0.32,4,0,3,3,12,40,0,-900,40,40,0,0,0.05,-1,0,0,0,0,0,0,0,-1,6903,-1,-1,-1,-1,1,30,0,0,0,100,100,100,100,100,0,0,60,0,0,254,254,254,254,0,0,0,4,0,0,1,0,0,0,0,0,0,0,1,0,1,0,0,0,0,0,0,100,0,0,0,0,0,-1,0,0,0,0,0,0,0,0,0,0,0,0,0,0,1,0,0,-1,0,-1,0,0,-1,-1,-1,-1,0,0,0,0,-1,0,0,-1,0,1,0,0,0,0,0,0,0,0,0,0,-1,0,0,0,0,0,0,0,0,0,0,0,[0|0|0|0|0|0|0|0|0|0|0|0]
200020360,Throwing Blade - Default Bullet,6200360,404001,404002,404003,0.23,4,0,3,3,12,60,0,-900,60,60,0,0,0.05,-1,0,0,0,0,0,0,0,-1,6904,-1,-1,1665,1667,1,30,0,0,0,100,100,100,100,100,0,0,100,0,0,254,254,254,254,0,0,0,4,0,0,1,0,0,0,0,0,0,0,1,0,1,0,0,0,0,0,0,100,0,0,0,0,0,-1,0,0,0,0,0,0,0,0,0,0,0,0,0,0,1,0,0,-1,0,-1,0,0,-1,-1,-1,-1,0,0,0,0,-1,0,0,-1,0,1,0,0,0,0,0,0,0,0,0,0,-1,0,0,0,0,0,0,0,0,0,0,0,[0|0|0|0|0|0|0|0|0|0|0|0]
200020363,Throwing Blade - Default Bullet,6200363,404001,404002,404003,0.23,4,0,3,3,12,60,0,-900,60,60,0,0,0.05,-1,0,0,0,0,0,0,0,-1,6904,-1,-1,-1,-1,1,30,0,0,0,100,100,100,100,100,0,0,100,0,0,254,254,254,254,0,0,0,4,0,0,1,0,0,0,0,0,0,0,1,0,1,0,0,0,0,0,0,100,0,0,0,0,0,-1,0,0,0,0,0,0,0,0,0,0,0,0,0,0,1,0,0,-1,0,-1,0,0,-1,-1,-1,-1,0,0,0,0,-1,0,0,-1,0,1,0,0,0,0,0,0,0,0,0,0,-1,0,0,0,0,0,0,0,0,0,0,0,[0|0|0|0|0|0|0|0|0|0|0|0]
200020375,Throwing Blade - Default Bullet,6200375,404001,404002,404003,0.23,4,0,3,3,12,60,0,-900,60,60,0,0,0.05,-1,0,0,0,0,0,0,0,-1,6904,-1,-1,1665,1667,1,30,0,0,0,100,100,100,100,100,0,0,100,0,0,254,254,254,254,0,0,0,4,0,0,1,0,0,0,0,0,0,0,1,0,1,0,0,0,0,0,0,100,0,0,0,0,0,-1,0,0,0,0,0,0,0,0,0,0,0,0,0,0,1,0,0,-1,0,-1,0,0,-1,-1,-1,-1,0,0,0,0,-1,0,0,-1,0,1,0,0,0,0,0,0,0,0,0,0,-1,0,0,0,0,0,0,0,0,0,0,0,[0|0|0|0|0|0|0|0|0|0|0|0]
200020376,Throwing Blade - Default Bullet,6200376,404001,404002,404003,0.23,4,0,3,3,12,60,0,-900,60,60,0,0,0.05,-1,0,0,0,0,0,0,0,-1,6904,-1,-1,-1,-1,1,30,0,0,0,100,100,100,100,100,0,0,100,0,0,254,254,254,254,0,0,0,4,0,0,1,0,0,0,0,0,0,0,1,0,1,0,0,0,0,0,0,100,0,0,0,0,0,-1,0,0,0,0,0,0,0,0,0,0,0,0,0,0,1,0,0,-1,0,-1,0,0,-1,-1,-1,-1,0,0,0,0,-1,0,0,-1,0,1,0,0,0,0,0,0,0,0,0,0,-1,0,0,0,0,0,0,0,0,0,0,0,[0|0|0|0|0|0|0|0|0|0|0|0]
200020377,Throwing Blade - Default Bullet,6200377,404001,404002,404003,0.23,4,0,3,3,12,60,0,-900,60,60,0,0,0.05,-1,0,0,0,0,0,0,0,-1,6904,-1,-1,-1,-1,1,30,0,0,0,100,100,100,100,100,0,0,100,0,0,254,254,254,254,0,0,0,4,0,0,1,0,0,0,0,0,0,0,1,0,1,0,0,0,0,0,0,100,0,0,0,0,0,-1,0,0,0,0,0,0,0,0,0,0,0,0,0,0,1,0,0,-1,0,-1,0,0,-1,-1,-1,-1,0,0,0,0,-1,0,0,-1,0,1,0,0,0,0,0,0,0,0,0,0,-1,0,0,0,0,0,0,0,0,0,0,0,[0|0|0|0|0|0|0|0|0|0|0|0]
200020378,Throwing Blade - Default Bullet,6200378,404001,404002,404003,0.23,4,0,3,3,12,60,0,-900,60,60,0,0,0.05,-1,0,0,0,0,0,0,0,-1,6904,-1,-1,1665,1667,1,30,0,0,0,100,100,100,100,100,0,0,100,0,0,254,254,254,254,0,0,0,4,0,0,1,0,0,0,0,0,0,0,1,0,1,0,0,0,0,0,0,100,0,0,0,0,0,-1,0,0,0,0,0,0,0,0,0,0,0,0,0,0,1,0,0,-1,0,-1,0,0,-1,-1,-1,-1,0,0,0,0,-1,0,0,-1,0,1,0,0,0,0,0,0,0,0,0,0,-1,0,0,0,0,0,0,0,0,0,0,0,[0|0|0|0|0|0|0|0|0|0|0|0]
200020380,Throwing Blade - Default Bullet,6200380,404001,404002,404003,0.23,4,0,3,3,12,60,0,-900,60,60,0,0,0.05,-1,0,0,0,0,0,0,0,-1,-1,-1,-1,1665,1667,1,30,0,0,0,100,100,100,100,100,0,0,100,0,0,254,254,254,254,0,0,0,4,0,0,1,0,0,0,0,0,0,0,1,0,1,0,0,0,0,0,0,100,0,0,0,0,0,-1,0,0,0,0,0,0,0,0,0,0,0,0,0,0,1,0,0,-1,0,-1,0,0,-1,-1,-1,-1,0,0,0,0,-1,0,0,-1,0,1,0,0,0,0,0,0,0,0,0,0,-1,0,0,0,0,0,0,0,0,0,0,0,[0|0|0|0|0|0|0|0|0|0|0|0]
200020381,Throwing Blade - Default Bullet,6200381,404001,404002,404003,0.23,4,0,3,3,12,60,0,-900,60,60,0,0,0.05,-1,0,0,0,0,0,0,0,-1,-1,-1,-1,-1,-1,1,30,0,0,0,100,100,100,100,100,0,0,100,0,0,254,254,254,254,0,0,0,4,0,0,1,0,0,0,0,0,0,0,1,0,1,0,0,0,0,0,0,100,0,0,0,0,0,-1,0,0,0,0,0,0,0,0,0,0,0,0,0,0,1,0,0,-1,0,-1,0,0,-1,-1,-1,-1,0,0,0,0,-1,0,0,-1,0,1,0,0,0,0,0,0,0,0,0,0,-1,0,0,0,0,0,0,0,0,0,0,0,[0|0|0|0|0|0|0|0|0|0|0|0]
200020400,Throwing Blade - Default Bullet,6200400,404001,404002,404003,0.23,4,0,3,3,12,40,0,-900,40,40,0,0,0.05,-1,0,0,0,0,0,0,0,-1,6902,-1,-1,-1,1667,1,30,0,0,0,100,100,100,100,100,0,0,100,0,0,254,254,254,254,0,0,0,4,0,0,1,0,0,0,0,0,0,0,1,0,1,0,0,0,0,0,0,100,0,0,0,0,0,-1,0,0,0,0,0,0,0,0,0,0,0,0,0,0,1,0,0,-1,0,-1,0,0,-1,-1,-1,-1,0,0,0,0,-1,0,0,-1,0,1,0,0,0,0,0,0,0,0,0,0,-1,0,0,0,0,0,0,0,0,0,0,0,[0|0|0|0|0|0|0|0|0|0|0|0]
200020410,Throwing Blade - Default Bullet,6200410,404001,404002,404003,0.23,4,0,3,3,12,40,0,-900,40,40,0,0,0.05,-1,0,0,0,0,0,0,0,-1,6902,-1,-1,-1,1667,1,30,0,0,0,100,100,100,100,100,0,0,100,0,0,254,254,254,254,0,0,0,4,0,0,1,0,0,0,0,0,0,0,1,0,1,0,0,0,0,0,0,100,0,0,0,0,0,-1,0,0,0,0,0,0,0,0,0,0,0,0,0,0,1,0,0,-1,0,-1,0,0,-1,-1,-1,-1,0,0,0,0,-1,0,0,-1,0,1,0,0,0,0,0,0,0,0,0,0,-1,0,0,0,0,0,0,0,0,0,0,0,[0|0|0|0|0|0|0|0|0|0|0|0]
200020420,Throwing Blade - Default Bullet,6200420,404001,404002,404003,0.23,4,0,3,3,12,40,0,-900,40,40,0,0,0.05,-1,0,0,0,0,0,0,0,-1,6902,-1,-1,-1,1667,1,30,0,0,0,100,100,100,100,100,0,0,100,0,0,254,254,254,254,0,0,0,4,0,0,1,0,0,0,0,0,0,0,1,0,1,0,0,0,0,0,0,100,0,0,0,0,0,-1,0,0,0,0,0,0,0,0,0,0,0,0,0,0,1,0,0,-1,0,-1,0,0,-1,-1,-1,-1,0,0,0,0,-1,0,0,-1,0,1,0,0,0,0,0,0,0,0,0,0,-1,0,0,0,0,0,0,0,0,0,0,0,[0|0|0|0|0|0|0|0|0|0|0|0]
200020430,Throwing Blade - Default Bullet,6200430,404001,404002,404003,0.23,4,0,3,3,12,40,0,-900,40,40,0,0,0.05,-1,0,0,0,0,0,0,0,-1,6902,-1,-1,-1,1667,1,30,0,0,0,100,100,100,100,100,0,0,100,0,0,254,254,254,254,0,0,0,4,0,0,1,0,0,0,0,0,0,0,1,0,1,0,0,0,0,0,0,100,0,0,0,0,0,-1,0,0,0,0,0,0,0,0,0,0,0,0,0,0,1,0,0,-1,0,-1,0,0,-1,-1,-1,-1,0,0,0,0,-1,0,0,-1,0,1,0,0,0,0,0,0,0,0,0,0,-1,0,0,0,0,0,0,0,0,0,0,0,[0|0|0|0|0|0|0|0|0|0|0|0]
200020440,Throwing Blade - Default Bullet,6200440,404001,404002,404003,0.23,4,0,3,3,12,40,0,-900,40,40,0,0,0.05,-1,0,0,0,0,0,0,0,-1,6902,-1,-1,-1,1667,1,30,0,0,0,100,100,100,100,100,0,0,100,0,0,254,254,254,254,0,0,0,4,0,0,1,0,0,0,0,0,0,0,1,0,1,0,0,0,0,0,0,100,0,0,0,0,0,-1,0,0,0,0,0,0,0,0,0,0,0,0,0,0,1,0,0,-1,0,-1,0,0,-1,-1,-1,-1,0,0,0,0,-1,0,0,-1,0,1,0,0,0,0,0,0,0,0,0,0,-1,0,0,0,0,0,0,0,0,0,0,0,[0|0|0|0|0|0|0|0|0|0|0|0]
200020450,Throwing Blade - Default Bullet,6200450,404001,404002,404003,0.23,4,0,3,3,12,40,0,-900,40,40,0,0,0.05,-1,0,0,0,0,0,0,0,-1,6902,-1,-1,-1,1667,1,30,0,0,0,100,100,100,100,100,0,0,100,0,0,254,254,254,254,0,0,0,4,0,0,1,0,0,0,0,0,0,0,1,0,1,0,0,0,0,0,0,100,0,0,0,0,0,-1,0,0,0,0,0,0,0,0,0,0,0,0,0,0,1,0,0,-1,0,-1,0,0,-1,-1,-1,-1,0,0,0,0,-1,0,0,-1,0,1,0,0,0,0,0,0,0,0,0,0,-1,0,0,0,0,0,0,0,0,0,0,0,[0|0|0|0|0|0|0|0|0|0|0|0]
200020600,Throwing Blade - Default Bullet,6200600,404001,404002,404003,0.23,4,0,3,3,12,40,0,-900,40,40,0,0,0.05,-1,0,0,0,0,0,0,0,-1,6903,-1,-1,1665,1667,1,30,0,0,0,100,100,100,100,100,0,0,100,0,0,254,254,254,254,0,0,0,4,0,0,1,0,0,0,0,0,0,0,1,0,1,0,0,0,0,0,0,100,0,0,0,0,0,-1,0,0,0,0,0,0,0,0,0,0,0,0,0,0,1,0,0,-1,0,-1,0,0,-1,-1,-1,-1,0,0,0,0,-1,0,0,-1,0,1,0,0,0,0,0,0,0,0,0,0,-1,0,0,0,0,0,0,0,0,0,0,0,[0|0|0|0|0|0|0|0|0|0|0|0]
200020605,Throwing Blade - Default Bullet,6200605,404001,404002,404003,0.23,4,0,3,3,12,40,0,-900,40,40,0,0,0.05,-1,0,0,0,0,0,0,0,-1,6903,-1,-1,1665,1667,1,30,0,0,0,100,100,100,100,100,0,0,100,0,0,254,254,254,254,0,0,0,4,0,0,1,0,0,0,0,0,0,0,1,0,1,0,0,0,0,0,0,100,0,0,0,0,0,-1,0,0,0,0,0,0,0,0,0,0,0,0,0,0,1,0,0,-1,0,-1,0,0,-1,-1,-1,-1,0,0,0,0,-1,0,0,-1,0,1,0,0,0,0,0,0,0,0,0,0,-1,0,0,0,0,0,0,0,0,0,0,0,[0|0|0|0|0|0|0|0|0|0|0|0]
200020610,Throwing Blade - Default Bullet,6200610,404001,404002,404003,0.23,4,0,3,3,12,40,0,-900,40,40,0,0,0.05,-1,0,0,0,0,0,0,0,-1,6903,-1,-1,1665,1667,1,30,0,0,0,100,100,100,100,100,0,0,100,0,0,254,254,254,254,0,0,0,4,0,0,1,0,0,0,0,0,0,0,1,0,1,0,0,0,0,0,0,100,0,0,0,0,0,-1,0,0,0,0,0,0,0,0,0,0,0,0,0,0,1,0,0,-1,0,-1,0,0,-1,-1,-1,-1,0,0,0,0,-1,0,0,-1,0,1,0,0,0,0,0,0,0,0,0,0,-1,0,0,0,0,0,0,0,0,0,0,0,[0|0|0|0|0|0|0|0|0|0|0|0]
200020632,Throwing Blade - Default Bullet,6200632,404001,404002,404003,0.23,4,0,3,3,12,60,0,-900,60,60,0,0,0.05,-1,0,0,0,0,0,0,0,-1,6904,-1,-1,1665,1667,1,30,0,0,0,100,100,100,100,100,0,0,100,0,0,254,254,254,254,0,0,0,4,0,0,1,0,0,0,0,0,0,0,1,0,1,0,0,0,0,0,0,100,0,0,0,0,0,-1,0,0,0,0,0,0,0,0,0,0,0,0,0,0,1,0,0,-1,0,-1,0,0,-1,-1,-1,-1,0,0,0,0,-1,0,0,-1,0,1,0,0,0,0,0,0,0,0,0,0,-1,0,0,0,0,0,0,0,0,0,0,0,[0|0|0|0|0|0|0|0|0|0|0|0]
200020635,Throwing Blade - Default Bullet,6200635,404001,404002,404003,0.23,4,0,3,3,15,60,0,-900,60,60,0,0,0.05,-1,0,0,0,0,0,0,0,-1,6906,-1,-1,1665,1667,1,45,0,0,0,100,100,100,100,100,0,0,100,0,0,254,254,254,254,0,0,0,4,0,0,1,0,0,0,0,0,0,0,1,0,1,0,0,0,0,0,0,100,0,0,0,0,0,-1,0,0,0,0,0,0,0,0,0,0,0,0,0,0,1,0,0,-1,0,-1,0,0,-1,-1,-1,-1,0,0,0,0,-1,0,0,-1,0,1,0,0,0,0,0,0,0,0,0,0,-1,0,0,0,0,0,0,0,0,0,0,0,[0|0|0|0|0|0|0|0|0|0|0|0]
200020800,Throwing Blade - Default Bullet,6200800,404001,404002,404003,0.32,4,0,3,3,12,40,0,-900,40,40,0,0,0.05,-1,0,0,0,0,0,0,0,-1,6902,-1,-1,1665,-1,1,30,0,0,0,100,100,100,100,100,0,0,100,0,0,254,254,254,254,0,0,0,4,0,0,1,0,0,0,0,0,0,0,1,0,1,0,0,0,0,0,0,100,0,0,0,0,0,-1,0,0,0,0,0,0,0,0,0,0,0,0,0,0,1,0,0,-1,0,-1,0,0,-1,-1,-1,-1,0,0,0,0,-1,0,0,-1,0,1,0,0,0,0,0,0,0,0,0,0,-1,0,0,0,0,0,0,0,0,0,0,0,[0|0|0|0|0|0|0|0|0|0|0|0]
200020805,Throwing Blade - Default Bullet,6200805,404001,404002,404003,0.32,4,0,3,3,12,40,0,-900,40,40,0,0,0.05,-1,0,0,0,0,0,0,0,-1,6902,-1,-1,-1,1667,1,30,0,0,0,100,100,100,100,100,0,0,100,0,0,254,254,254,254,0,0,0,4,0,0,1,0,0,0,0,0,0,0,1,0,1,0,0,0,0,0,0,100,0,0,0,0,0,-1,0,0,0,0,0,0,0,0,0,0,0,0,0,0,1,0,0,-1,0,-1,0,0,-1,-1,-1,-1,0,0,0,0,-1,0,0,-1,0,1,0,0,0,0,0,0,0,0,0,0,-1,0,0,0,0,0,0,0,0,0,0,0,[0|0|0|0|0|0|0|0|0|0|0|0]
200020810,Throwing Blade - Default Bullet,6200810,404001,404002,404003,0.32,4,0,3,3,12,40,0,-900,40,40,0,0,0.05,-1,0,0,0,0,0,0,0,-1,6902,-1,-1,1665,-1,1,30,0,0,0,100,100,100,100,100,0,0,100,0,0,254,254,254,254,0,0,0,4,0,0,1,0,0,0,0,0,0,0,1,0,1,0,0,0,0,0,0,100,0,0,0,0,0,-1,0,0,0,0,0,0,0,0,0,0,0,0,0,0,1,0,0,-1,0,-1,0,0,-1,-1,-1,-1,0,0,0,0,-1,0,0,-1,0,1,0,0,0,0,0,0,0,0,0,0,-1,0,0,0,0,0,0,0,0,0,0,0,[0|0|0|0|0|0|0|0|0|0|0|0]
200020815,Throwing Blade - Default Bullet,6200815,404001,404002,404003,0.32,4,0,3,3,12,40,0,-900,40,40,0,0,0.05,-1,0,0,0,0,0,0,0,-1,6902,-1,-1,-1,1667,1,30,0,0,0,100,100,100,100,100,0,0,100,0,0,254,254,254,254,0,0,0,4,0,0,1,0,0,0,0,0,0,0,1,0,1,0,0,0,0,0,0,100,0,0,0,0,0,-1,0,0,0,0,0,0,0,0,0,0,0,0,0,0,1,0,0,-1,0,-1,0,0,-1,-1,-1,-1,0,0,0,0,-1,0,0,-1,0,1,0,0,0,0,0,0,0,0,0,0,-1,0,0,0,0,0,0,0,0,0,0,0,[0|0|0|0|0|0|0|0|0|0|0|0]
200020820,Throwing Blade - Default Bullet,6200820,404001,404002,404003,0.32,4,0,3,3,12,40,0,-900,40,40,0,0,0.05,-1,0,0,0,0,0,0,0,-1,6902,-1,-1,1665,-1,1,30,0,0,0,100,100,100,100,100,0,0,100,0,0,254,254,254,254,0,0,0,4,0,0,1,0,0,0,0,0,0,0,1,0,1,0,0,0,0,0,0,100,0,0,0,0,0,-1,0,0,0,0,0,0,0,0,0,0,0,0,0,0,1,0,0,-1,0,-1,0,0,-1,-1,-1,-1,0,0,0,0,-1,0,0,-1,0,1,0,0,0,0,0,0,0,0,0,0,-1,0,0,0,0,0,0,0,0,0,0,0,[0|0|0|0|0|0|0|0|0|0|0|0]
200020825,Throwing Blade - Default Bullet,6200825,404001,404002,404003,0.32,4,0,3,3,12,40,0,-900,40,40,0,0,0.05,-1,0,0,0,0,0,0,0,-1,6902,-1,-1,-1,1667,1,30,0,0,0,100,100,100,100,100,0,0,100,0,0,254,254,254,254,0,0,0,4,0,0,1,0,0,0,0,0,0,0,1,0,1,0,0,0,0,0,0,100,0,0,0,0,0,-1,0,0,0,0,0,0,0,0,0,0,0,0,0,0,1,0,0,-1,0,-1,0,0,-1,-1,-1,-1,0,0,0,0,-1,0,0,-1,0,1,0,0,0,0,0,0,0,0,0,0,-1,0,0,0,0,0,0,0,0,0,0,0,[0|0|0|0|0|0|0|0|0|0|0|0]
200020830,Throwing Blade - Default Bullet,6200830,404001,404002,404003,0.32,4,0,3,3,12,40,0,-900,40,40,0,0,0.05,-1,0,0,0,0,0,0,0,-1,6902,-1,-1,1665,-1,1,30,0,0,0,100,100,100,100,100,0,0,100,0,0,254,254,254,254,0,0,0,4,0,0,1,0,0,0,0,0,0,0,1,0,1,0,0,0,0,0,0,100,0,0,0,0,0,-1,0,0,0,0,0,0,0,0,0,0,0,0,0,0,1,0,0,-1,0,-1,0,0,-1,-1,-1,-1,0,0,0,0,-1,0,0,-1,0,1,0,0,0,0,0,0,0,0,0,0,-1,0,0,0,0,0,0,0,0,0,0,0,[0|0|0|0|0|0|0|0|0|0|0|0]
200020835,Throwing Blade - Default Bullet,6200835,404001,404002,404003,0.32,4,0,3,3,12,40,0,-900,40,40,0,0,0.05,-1,0,0,0,0,0,0,0,-1,6902,-1,-1,-1,1667,1,30,0,0,0,100,100,100,100,100,0,0,100,0,0,254,254,254,254,0,0,0,4,0,0,1,0,0,0,0,0,0,0,1,0,1,0,0,0,0,0,0,100,0,0,0,0,0,-1,0,0,0,0,0,0,0,0,0,0,0,0,0,0,1,0,0,-1,0,-1,0,0,-1,-1,-1,-1,0,0,0,0,-1,0,0,-1,0,1,0,0,0,0,0,0,0,0,0,0,-1,0,0,0,0,0,0,0,0,0,0,0,[0|0|0|0|0|0|0|0|0|0|0|0]
200020840,Throwing Blade - Default Bullet,6200840,404001,404002,404003,0.32,4,0,3,3,12,40,0,-900,40,40,0,0,0.05,-1,0,0,0,0,0,0,0,-1,6902,-1,-1,1665,-1,1,30,0,0,0,100,100,100,100,100,0,0,100,0,0,254,254,254,254,0,0,0,4,0,0,1,0,0,0,0,0,0,0,1,0,1,0,0,0,0,0,0,100,0,0,0,0,0,-1,0,0,0,0,0,0,0,0,0,0,0,0,0,0,1,0,0,-1,0,-1,0,0,-1,-1,-1,-1,0,0,0,0,-1,0,0,-1,0,1,0,0,0,0,0,0,0,0,0,0,-1,0,0,0,0,0,0,0,0,0,0,0,[0|0|0|0|0|0|0|0|0|0|0|0]
200020845,Throwing Blade - Default Bullet,6200845,404001,404002,404003,0.32,4,0,3,3,12,40,0,-900,40,40,0,0,0.05,-1,0,0,0,0,0,0,0,-1,6902,-1,-1,-1,1667,1,30,0,0,0,100,100,100,100,100,0,0,100,0,0,254,254,254,254,0,0,0,4,0,0,1,0,0,0,0,0,0,0,1,0,1,0,0,0,0,0,0,100,0,0,0,0,0,-1,0,0,0,0,0,0,0,0,0,0,0,0,0,0,1,0,0,-1,0,-1,0,0,-1,-1,-1,-1,0,0,0,0,-1,0,0,-1,0,1,0,0,0,0,0,0,0,0,0,0,-1,0,0,0,0,0,0,0,0,0,0,0,[0|0|0|0|0|0|0|0|0|0|0|0]
200020850,Throwing Blade - Default Bullet,6200850,404001,404002,404003,0.32,4,0,3,3,12,40,0,-900,40,40,0,0,0.05,-1,0,0,0,0,0,0,0,-1,6902,-1,-1,1665,-1,1,30,0,0,0,100,100,100,100,100,0,0,100,0,0,254,254,254,254,0,0,0,4,0,0,1,0,0,0,0,0,0,0,1,0,1,0,0,0,0,0,0,100,0,0,0,0,0,-1,0,0,0,0,0,0,0,0,0,0,0,0,0,0,1,0,0,-1,0,-1,0,0,-1,-1,-1,-1,0,0,0,0,-1,0,0,-1,0,1,0,0,0,0,0,0,0,0,0,0,-1,0,0,0,0,0,0,0,0,0,0,0,[0|0|0|0|0|0|0|0|0|0|0|0]
200020855,Throwing Blade - Default Bullet,6200855,404001,404002,404003,0.32,4,0,3,3,12,40,0,-900,40,40,0,0,0.05,-1,0,0,0,0,0,0,0,-1,6902,-1,-1,-1,1667,1,30,0,0,0,100,100,100,100,100,0,0,100,0,0,254,254,254,254,0,0,0,4,0,0,1,0,0,0,0,0,0,0,1,0,1,0,0,0,0,0,0,100,0,0,0,0,0,-1,0,0,0,0,0,0,0,0,0,0,0,0,0,0,1,0,0,-1,0,-1,0,0,-1,-1,-1,-1,0,0,0,0,-1,0,0,-1,0,1,0,0,0,0,0,0,0,0,0,0,-1,0,0,0,0,0,0,0,0,0,0,0,[0|0|0|0|0|0|0|0|0|0|0|0]
200020860,Throwing Blade - Default Bullet,6200860,404001,404002,404003,0.32,4,0,3,3,12,40,0,-900,40,40,0,0,0.05,-1,0,0,0,0,0,0,0,-1,6903,-1,-1,1665,-1,1,30,0,0,0,100,100,100,100,100,0,0,60,0,0,254,254,254,254,0,0,0,4,0,0,1,0,0,0,0,0,0,0,1,0,1,0,0,0,0,0,0,100,0,0,0,0,0,-1,0,0,0,0,0,0,0,0,0,0,0,0,0,0,1,0,0,-1,0,-1,0,0,-1,-1,-1,-1,0,0,0,0,-1,0,0,-1,0,1,0,0,0,0,0,0,0,0,0,0,-1,0,0,0,0,0,0,0,0,0,0,0,[0|0|0|0|0|0|0|0|0|0|0|0]
200020865,Throwing Blade - Default Bullet,6200865,404001,404002,404003,0.32,4,0,3,3,12,40,0,-900,40,40,0,0,0.05,-1,0,0,0,0,0,0,0,-1,6903,-1,-1,-1,1667,1,30,0,0,0,100,100,100,100,100,0,0,60,0,0,254,254,254,254,0,0,0,4,0,0,1,0,0,0,0,0,0,0,1,0,1,0,0,0,0,0,0,100,0,0,0,0,0,-1,0,0,0,0,0,0,0,0,0,0,0,0,0,0,1,0,0,-1,0,-1,0,0,-1,-1,-1,-1,0,0,0,0,-1,0,0,-1,0,1,0,0,0,0,0,0,0,0,0,0,-1,0,0,0,0,0,0,0,0,0,0,0,[0|0|0|0|0|0|0|0|0|0|0|0]
200020870,Throwing Blade - Default Bullet,6200870,404001,404002,404003,0.32,4,0,3,3,12,40,0,-900,40,40,0,0,0.05,-1,0,0,0,0,0,0,0,-1,6903,-1,-1,1665,-1,1,30,0,0,0,100,100,100,100,100,0,0,60,0,0,254,254,254,254,0,0,0,4,0,0,1,0,0,0,0,0,0,0,1,0,1,0,0,0,0,0,0,100,0,0,0,0,0,-1,0,0,0,0,0,0,0,0,0,0,0,0,0,0,1,0,0,-1,0,-1,0,0,-1,-1,-1,-1,0,0,0,0,-1,0,0,-1,0,1,0,0,0,0,0,0,0,0,0,0,-1,0,0,0,0,0,0,0,0,0,0,0,[0|0|0|0|0|0|0|0|0|0|0|0]
200020875,Throwing Blade - Default Bullet,6200875,404001,404002,404003,0.32,4,0,3,3,12,40,0,-900,40,40,0,0,0.05,-1,0,0,0,0,0,0,0,-1,6903,-1,-1,-1,1667,1,30,0,0,0,100,100,100,100,100,0,0,60,0,0,254,254,254,254,0,0,0,4,0,0,1,0,0,0,0,0,0,0,1,0,1,0,0,0,0,0,0,100,0,0,0,0,0,-1,0,0,0,0,0,0,0,0,0,0,0,0,0,0,1,0,0,-1,0,-1,0,0,-1,-1,-1,-1,0,0,0,0,-1,0,0,-1,0,1,0,0,0,0,0,0,0,0,0,0,-1,0,0,0,0,0,0,0,0,0,0,0,[0|0|0|0|0|0|0|0|0|0|0|0]
200020880,Throwing Blade - Default Bullet,6200880,404001,404002,404003,0.32,4,0,3,3,12,40,0,-900,40,40,0,0,0.05,-1,0,0,0,0,0,0,0,-1,6903,-1,-1,1665,-1,1,30,0,0,0,100,100,100,100,100,0,0,60,0,0,254,254,254,254,0,0,0,4,0,0,1,0,0,0,0,0,0,0,1,0,1,0,0,0,0,0,0,100,0,0,0,0,0,-1,0,0,0,0,0,0,0,0,0,0,0,0,0,0,1,0,0,-1,0,-1,0,0,-1,-1,-1,-1,0,0,0,0,-1,0,0,-1,0,1,0,0,0,0,0,0,0,0,0,0,-1,0,0,0,0,0,0,0,0,0,0,0,[0|0|0|0|0|0|0|0|0|0|0|0]
200020885,Throwing Blade - Default Bullet,6200885,404001,404002,404003,0.32,4,0,3,3,12,40,0,-900,40,40,0,0,0.05,-1,0,0,0,0,0,0,0,-1,6903,-1,-1,-1,1667,1,30,0,0,0,100,100,100,100,100,0,0,60,0,0,254,254,254,254,0,0,0,4,0,0,1,0,0,0,0,0,0,0,1,0,1,0,0,0,0,0,0,100,0,0,0,0,0,-1,0,0,0,0,0,0,0,0,0,0,0,0,0,0,1,0,0,-1,0,-1,0,0,-1,-1,-1,-1,0,0,0,0,-1,0,0,-1,0,1,0,0,0,0,0,0,0,0,0,0,-1,0,0,0,0,0,0,0,0,0,0,0,[0|0|0|0|0|0|0|0|0|0|0|0]
200020890,Throwing Blade - Default Bullet,6200890,404001,404002,404003,0.32,4,0,3,3,12,40,0,-900,40,40,0,0,0.05,-1,0,0,0,0,0,0,0,-1,6903,-1,-1,1665,-1,1,30,0,0,0,100,100,100,100,100,0,0,60,0,0,254,254,254,254,0,0,0,4,0,0,1,0,0,0,0,0,0,0,1,0,1,0,0,0,0,0,0,100,0,0,0,0,0,-1,0,0,0,0,0,0,0,0,0,0,0,0,0,0,1,0,0,-1,0,-1,0,0,-1,-1,-1,-1,0,0,0,0,-1,0,0,-1,0,1,0,0,0,0,0,0,0,0,0,0,-1,0,0,0,0,0,0,0,0,0,0,0,[0|0|0|0|0|0|0|0|0|0|0|0]
200020895,Throwing Blade - Default Bullet,6200895,404001,404002,404003,0.32,4,0,3,3,12,40,0,-900,40,40,0,0,0.05,-1,0,0,0,0,0,0,0,-1,6903,-1,-1,-1,1667,1,30,0,0,0,100,100,100,100,100,0,0,100,0,0,254,254,254,254,0,0,0,4,0,0,1,0,0,0,0,0,0,0,1,0,1,0,0,0,0,0,0,100,0,0,0,0,0,-1,0,0,0,0,0,0,0,0,0,0,0,0,0,0,1,0,0,-1,0,-1,0,0,-1,-1,-1,-1,0,0,0,0,-1,0,0,-1,0,1,0,0,0,0,0,0,0,0,0,0,-1,0,0,0,0,0,0,0,0,0,0,0,[0|0|0|0|0|0|0|0|0|0|0|0]
200030001,Hand-to-Hand - Default Bullet,6300001,441070,-1,-1,0.1,0,0,0,0,0,0,0,0,0,0,0,0,0.75,-1,0,0,0,0.1,0,0,0,-1,0,0,0,0,0,1,0,0,0,0,90,90,90,90,100,100,0,0,0,0,254,254,254,254,1,1,0,0,0,0,1,0,1,0,1,0,0,0,0,0,1,0,0,0,0,0,0,90,0,0,0,0,0,-1,0,0,0,0,0,0,0,0,0,0,0,0,0,0,0,0,0,-1,0,-1,0,0,-1,-1,-1,-1,0,0,0,0,-1,0,0,-1,0,1,0,0,0,0,0,0,0,0,0,0,-1,0,0,0,0,0,0,0,0,0,0,0,[0|0|0|0|0|0|0|0|0|0|0|0]
200030002,Hand-to-Hand - Default Bullet,6300002,441071,-1,-1,0.1,0,0,0,0,0,0,0,0,0,0,0,0,0.95,-1,0,0,0,0.1,0,0,0,-1,0,0,0,0,0,1,0,0,0,0,90,90,90,90,100,100,0,0,0,0,254,254,254,254,1,1,0,0,0,0,1,0,1,0,1,0,0,0,0,0,1,0,0,0,0,0,0,90,0,0,0,0,0,-1,0,0,0,0,0,0,0,0,0,0,0,0,0,0,0,0,0,-1,0,-1,0,0,-1,-1,-1,-1,0,0,0,0,-1,0,0,-1,0,1,0,0,0,0,0,0,0,0,0,0,-1,0,0,0,0,0,0,0,0,0,0,0,[0|0|0|0|0|0|0|0|0|0|0|0]
200030003,Hand-to-Hand - Default Bullet,6300003,441070,-1,-1,0.1,0,0,0,0,0,0,0,0,0,0,0,0,0.75,-1,0,0,0,0.1,0,0,0,-1,0,0,0,0,0,1,0,0,0,0,90,90,90,90,100,100,0,0,0,0,254,254,254,254,1,1,0,0,0,0,1,0,1,0,1,0,0,0,0,0,1,0,0,0,0,0,0,90,0,0,0,0,0,-1,0,0,0,0,0,0,0,0,0,0,0,0,0,0,0,0,0,-1,0,-1,0,0,-1,-1,-1,-1,0,0,0,0,-1,0,0,-1,0,1,0,0,0,0,0,0,0,0,0,0,-1,0,0,0,0,0,0,0,0,0,0,0,[0|0|0|0|0|0|0|0|0|0|0|0]
200030004,Hand-to-Hand - Default Bullet,6300004,441070,-1,-1,0.1,0,0,0,0,0,0,0,0,0,0,0,0,0.75,-1,0,0,0,0.1,0,0,0,-1,0,0,0,0,0,1,0,0,0,0,90,90,90,90,100,100,0,0,0,0,254,254,254,254,1,1,0,0,0,0,1,0,1,0,1,0,0,0,0,0,1,0,0,0,0,0,0,90,0,0,0,0,0,-1,0,0,0,0,0,0,0,0,0,0,0,0,0,0,0,0,0,-1,0,-1,0,0,-1,-1,-1,-1,0,0,0,0,-1,0,0,-1,0,1,0,0,0,0,0,0,0,0,0,0,-1,0,0,0,0,0,0,0,0,0,0,0,[0|0|0|0|0|0|0|0|0|0|0|0]
200030060,Hand-to-Hand - Default Bullet,6300060,441070,-1,-1,0.1,0,0,0,0,0,0,0,0,0,0,0,0,0.75,-1,0,0,0,0.1,0,0,0,-1,0,0,0,0,0,1,0,0,0,0,90,90,90,90,100,100,0,0,0,0,254,254,254,254,1,1,0,0,0,0,1,0,1,0,1,0,0,0,0,0,1,0,0,0,0,0,0,90,0,0,0,0,0,-1,0,0,0,0,0,0,0,0,0,0,0,0,0,0,0,0,0,-1,0,-1,0,0,-1,-1,-1,-1,0,0,0,0,-1,0,0,-1,0,1,0,0,0,0,0,0,0,0,0,0,-1,0,0,0,0,0,0,0,0,0,0,0,[0|0|0|0|0|0|0|0|0|0|0|0]
200030061,Hand-to-Hand - Default Bullet,6300061,441071,-1,-1,0.1,0,0,0,0,0,0,0,0,0,0,0,0,0.95,-1,0,0,0,0.1,0,0,0,-1,0,0,0,0,0,1,0,0,0,0,90,90,90,90,100,100,0,0,0,0,254,254,254,254,1,1,0,0,0,0,1,0,1,0,1,0,0,0,0,0,1,0,0,0,0,0,0,90,0,0,0,0,0,-1,0,0,0,0,0,0,0,0,0,0,0,0,0,0,0,0,0,-1,0,-1,0,0,-1,-1,-1,-1,0,0,0,0,-1,0,0,-1,0,1,0,0,0,0,0,0,0,0,0,0,-1,0,0,0,0,0,0,0,0,0,0,0,[0|0|0|0|0|0|0|0|0|0|0|0]
200030062,Hand-to-Hand - Default Bullet,6300062,441071,-1,-1,0.1,0,0,0,0,0,0,0,0,0,0,0,0,0.95,-1,0,0,0,0.1,0,0,0,-1,0,0,0,0,0,1,0,0,0,0,90,90,90,90,100,100,0,0,0,0,254,254,254,254,1,1,0,0,0,0,1,0,1,0,1,0,0,0,0,0,1,0,0,0,0,0,0,90,0,0,0,0,0,-1,0,0,0,0,0,0,0,0,0,0,0,0,0,0,0,0,0,-1,0,-1,0,0,-1,-1,-1,-1,0,0,0,0,-1,0,0,-1,0,1,0,0,0,0,0,0,0,0,0,0,-1,0,0,0,0,0,0,0,0,0,0,0,[0|0|0|0|0|0|0|0|0|0|0|0]
200030102,Hand-to-Hand - Default Bullet,6300102,441070,-1,-1,0.1,0,0,0,0,0,0,0,0,0,0,0,0,0.75,-1,0,0,0,0.1,0,0,0,-1,0,0,0,0,0,1,0,0,0,0,90,90,90,90,100,100,0,0,0,0,254,254,254,254,1,1,0,0,0,0,1,0,1,0,1,0,0,0,0,0,1,0,0,0,0,0,0,90,0,0,0,0,0,-1,0,0,0,0,0,0,0,0,0,0,0,0,0,0,0,0,0,-1,0,-1,0,0,-1,-1,-1,-1,0,0,0,0,-1,0,0,-1,0,1,0,0,0,0,0,0,0,0,0,0,-1,0,0,0,0,0,0,0,0,0,0,0,[0|0|0|0|0|0|0|0|0|0|0|0]
200030107,Hand-to-Hand - Default Bullet,6300107,441071,-1,-1,0.1,0,0,0,0,0,0,0,0,0,0,0,0,0.95,-1,0,0,0,0.1,0,0,0,-1,0,0,0,0,0,1,0,0,0,0,90,90,90,90,100,100,0,0,0,0,254,254,254,254,1,1,0,0,0,0,1,0,1,0,1,0,0,0,0,0,1,0,0,0,0,0,0,90,0,0,0,0,0,-1,0,0,0,0,0,0,0,0,0,0,0,0,0,0,0,0,0,-1,0,-1,0,0,-1,-1,-1,-1,0,0,0,0,-1,0,0,-1,0,1,0,0,0,0,0,0,0,0,0,0,-1,0,0,0,0,0,0,0,0,0,0,0,[0|0|0|0|0|0|0|0|0|0|0|0]
200030112,Hand-to-Hand - Default Bullet,6300112,441070,-1,-1,0.1,0,0,0,0,0,0,0,0,0,0,0,0,0.75,-1,0,0,0,0.1,0,0,0,-1,0,0,0,0,0,1,0,0,0,0,90,90,90,90,100,100,0,0,0,0,254,254,254,254,1,1,0,0,0,0,1,0,1,0,1,0,0,0,0,0,1,0,0,0,0,0,0,90,0,0,0,0,0,-1,0,0,0,0,0,0,0,0,0,0,0,0,0,0,0,0,0,-1,0,-1,0,0,-1,-1,-1,-1,0,0,0,0,-1,0,0,-1,0,1,0,0,0,0,0,0,0,0,0,0,-1,0,0,0,0,0,0,0,0,0,0,0,[0|0|0|0|0|0|0|0|0|0|0|0]
200030117,Hand-to-Hand - Default Bullet,6300117,441071,-1,-1,0.1,0,0,0,0,0,0,0,0,0,0,0,0,0.95,-1,0,0,0,0.1,0,0,0,-1,0,0,0,0,0,1,0,0,0,0,90,90,90,90,100,100,0,0,0,0,254,254,254,254,1,1,0,0,0,0,1,0,1,0,1,0,0,0,0,0,1,0,0,0,0,0,0,90,0,0,0,0,0,-1,0,0,0,0,0,0,0,0,0,0,0,0,0,0,0,0,0,-1,0,-1,0,0,-1,-1,-1,-1,0,0,0,0,-1,0,0,-1,0,1,0,0,0,0,0,0,0,0,0,0,-1,0,0,0,0,0,0,0,0,0,0,0,[0|0|0|0|0|0|0|0|0|0|0|0]
200030128,Hand-to-Hand - Default Bullet,6300128,441071,-1,-1,0.1,0,0,0,0,0,0,0,0,0,0,0,0,0.95,-1,0,0,0,0.1,0,0,0,-1,0,0,0,0,0,1,0,0,0,0,90,90,90,90,100,100,0,0,0,0,254,254,254,254,1,1,0,0,0,0,1,0,1,0,1,0,0,0,0,0,1,0,0,0,0,0,0,90,0,0,0,0,0,-1,0,0,0,0,0,0,0,0,0,0,0,0,0,0,0,0,0,-1,0,-1,0,0,-1,-1,-1,-1,0,0,0,0,-1,0,0,-1,0,1,0,0,0,0,0,0,0,0,0,0,-1,0,0,0,0,0,0,0,0,0,0,0,[0|0|0|0|0|0|0|0|0|0|0|0]
200030162,Hand-to-Hand - Default Bullet,6300162,441071,-1,-1,0.1,0,0,0,0,0,0,0,0,0,0,0,0,0.95,-1,0,0,0,0.1,0,0,0,-1,0,0,0,0,0,1,0,0,0,0,90,90,90,90,100,100,0,0,0,0,254,254,254,254,1,1,0,0,0,0,1,0,1,0,1,0,0,0,0,0,1,0,0,0,0,0,0,90,0,0,0,0,0,-1,0,0,0,0,0,0,0,0,0,0,0,0,0,0,0,0,0,-1,0,-1,0,0,-1,-1,-1,-1,0,0,0,0,-1,0,0,-1,0,1,0,0,0,0,0,0,0,0,0,0,-1,0,0,0,0,0,0,0,0,0,0,0,[0|0|0|0|0|0|0|0|0|0|0|0]
200030182,Hand-to-Hand - Default Bullet,6300182,441071,-1,-1,0.1,0,0,0,0,0,0,0,0,0,0,0,0,0.95,-1,0,0,0,0.1,0,0,0,-1,0,0,0,0,0,1,0,0,0,0,90,90,90,90,100,100,0,0,0,0,254,254,254,254,1,1,0,0,0,0,1,0,1,0,1,0,0,0,0,0,1,0,0,0,0,0,0,90,0,0,0,0,0,-1,0,0,0,0,0,0,0,0,0,0,0,0,0,0,0,0,0,-1,0,-1,0,0,-1,-1,-1,-1,0,0,0,0,-1,0,0,-1,0,1,0,0,0,0,0,0,0,0,0,0,-1,0,0,0,0,0,0,0,0,0,0,0,[0|0|0|0|0|0|0|0|0|0|0|0]
200030302,Hand-to-Hand - Default Bullet,6300302,441070,-1,-1,0.1,0,0,0,0,0,0,0,0,0,0,0,0,0.75,-1,0,0,0,0.1,0,0,0,-1,0,0,0,0,0,1,0,0,0,0,90,90,90,90,100,100,0,0,0,0,254,254,254,254,1,1,0,0,0,0,1,0,1,0,1,0,0,0,0,0,1,0,0,0,0,0,0,90,0,0,0,0,0,-1,0,0,0,0,0,0,0,0,0,0,0,0,0,0,0,0,0,-1,0,-1,0,0,-1,-1,-1,-1,0,0,0,0,-1,0,0,-1,0,1,0,0,0,0,0,0,0,0,0,0,-1,0,0,0,0,0,0,0,0,0,0,0,[0|0|0|0|0|0|0|0|0|0|0|0]
200030307,Hand-to-Hand - Default Bullet,6300307,441070,-1,-1,0.1,0,0,0,0,0,0,0,0,0,0,0,0,0.75,-1,0,0,0,0.1,0,0,0,-1,0,0,0,0,0,1,0,0,0,0,90,90,90,90,100,100,0,0,0,0,254,254,254,254,1,1,0,0,0,0,1,0,1,0,1,0,0,0,0,0,1,0,0,0,0,0,0,90,0,0,0,0,0,-1,0,0,0,0,0,0,0,0,0,0,0,0,0,0,0,0,0,-1,0,-1,0,0,-1,-1,-1,-1,0,0,0,0,-1,0,0,-1,0,1,0,0,0,0,0,0,0,0,0,0,-1,0,0,0,0,0,0,0,0,0,0,0,[0|0|0|0|0|0|0|0|0|0|0|0]
200030312,Hand-to-Hand - Default Bullet,6300312,441070,-1,-1,0.1,0,0,0,0,0,0,0,0,0,0,0,0,0.75,-1,0,0,0,0.1,0,0,0,-1,0,0,0,0,0,1,0,0,0,0,90,90,90,90,100,100,0,0,0,0,254,254,254,254,1,1,0,0,0,0,1,0,1,0,1,0,0,0,0,0,1,0,0,0,0,0,0,90,0,0,0,0,0,-1,0,0,0,0,0,0,0,0,0,0,0,0,0,0,0,0,0,-1,0,-1,0,0,-1,-1,-1,-1,0,0,0,0,-1,0,0,-1,0,1,0,0,0,0,0,0,0,0,0,0,-1,0,0,0,0,0,0,0,0,0,0,0,[0|0|0|0|0|0|0|0|0|0|0|0]
200030317,Hand-to-Hand - Default Bullet,6300317,441071,-1,-1,0.1,0,0,0,0,0,0,0,0,0,0,0,0,0.95,-1,0,0,0,0.1,0,0,0,-1,0,0,0,0,0,1,0,0,0,0,90,90,90,90,100,100,0,0,0,0,254,254,254,254,1,1,0,0,0,0,1,0,1,0,1,0,0,0,0,0,1,0,0,0,0,0,0,90,0,0,0,0,0,-1,0,0,0,0,0,0,0,0,0,0,0,0,0,0,0,0,0,-1,0,-1,0,0,-1,-1,-1,-1,0,0,0,0,-1,0,0,-1,0,1,0,0,0,0,0,0,0,0,0,0,-1,0,0,0,0,0,0,0,0,0,0,0,[0|0|0|0|0|0|0|0|0|0|0|0]
200030327,Hand-to-Hand - Default Bullet,6300327,441071,-1,-1,0.1,0,0,0,0,0,0,0,0,0,0,0,0,0.95,-1,0,0,0,0.1,0,0,0,-1,0,0,0,0,0,1,0,0,0,0,90,90,90,90,100,100,0,0,0,0,254,254,254,254,1,1,0,0,0,0,1,0,1,0,1,0,0,0,0,0,1,0,0,0,0,0,0,90,0,0,0,0,0,-1,0,0,0,0,0,0,0,0,0,0,0,0,0,0,0,0,0,-1,0,-1,0,0,-1,-1,-1,-1,0,0,0,0,-1,0,0,-1,0,1,0,0,0,0,0,0,0,0,0,0,-1,0,0,0,0,0,0,0,0,0,0,0,[0|0|0|0|0|0|0|0|0|0|0|0]
200030362,Hand-to-Hand - Default Bullet,6300362,441071,-1,-1,0.1,0,0,0,0,0,0,0,0,0,0,0,0,0.95,-1,0,0,0,0.1,0,0,0,-1,0,0,0,0,0,1,0,0,0,0,90,90,90,90,100,100,0,0,0,0,254,254,254,254,1,1,0,0,0,0,1,0,1,0,1,0,0,0,0,0,1,0,0,0,0,0,0,90,0,0,0,0,0,-1,0,0,0,0,0,0,0,0,0,0,0,0,0,0,0,0,0,-1,0,-1,0,0,-1,-1,-1,-1,0,0,0,0,-1,0,0,-1,0,1,0,0,0,0,0,0,0,0,0,0,-1,0,0,0,0,0,0,0,0,0,0,0,[0|0|0|0|0|0|0|0|0|0|0|0]
200030364,Hand-to-Hand - Default Bullet,6300364,441071,-1,-1,0.1,0,0,0,0,0,0,0,0,0,0,0,0,0.95,-1,0,0,0,0.1,0,0,0,-1,0,0,0,0,0,1,0,0,0,0,90,90,90,90,100,100,0,0,0,0,254,254,254,254,1,1,0,0,0,0,1,0,1,0,1,0,0,0,0,0,1,0,0,0,0,0,0,90,0,0,0,0,0,-1,0,0,0,0,0,0,0,0,0,0,0,0,0,0,0,0,0,-1,0,-1,0,0,-1,-1,-1,-1,0,0,0,0,-1,0,0,-1,0,1,0,0,0,0,0,0,0,0,0,0,-1,0,0,0,0,0,0,0,0,0,0,0,[0|0|0|0|0|0|0|0|0|0|0|0]
200030382,Hand-to-Hand - Default Bullet,6300382,441071,-1,-1,0.1,0,0,0,0,0,0,0,0,0,0,0,0,0.95,-1,0,0,0,0.1,0,0,0,-1,0,0,0,0,0,1,0,0,0,0,90,90,90,90,100,100,0,0,0,0,254,254,254,254,1,1,0,0,0,0,1,0,1,0,1,0,0,0,0,0,1,0,0,0,0,0,0,90,0,0,0,0,0,-1,0,0,0,0,0,0,0,0,0,0,0,0,0,0,0,0,0,-1,0,-1,0,0,-1,-1,-1,-1,0,0,0,0,-1,0,0,-1,0,1,0,0,0,0,0,0,0,0,0,0,-1,0,0,0,0,0,0,0,0,0,0,0,[0|0|0|0|0|0|0|0|0|0|0|0]
200030383,Hand-to-Hand - Default Bullet,6300383,441071,-1,-1,0.1,0,0,0,0,0,0,0,0,0,0,0,0,0.95,-1,0,0,0,0.1,0,0,0,-1,0,0,0,0,0,1,0,0,0,0,90,90,90,90,100,100,0,0,0,0,254,254,254,254,1,1,0,0,0,0,1,0,1,0,1,0,0,0,0,0,1,0,0,0,0,0,0,90,0,0,0,0,0,-1,0,0,0,0,0,0,0,0,0,0,0,0,0,0,0,0,0,-1,0,-1,0,0,-1,-1,-1,-1,0,0,0,0,-1,0,0,-1,0,1,0,0,0,0,0,0,0,0,0,0,-1,0,0,0,0,0,0,0,0,0,0,0,[0|0|0|0|0|0|0|0|0|0|0|0]
200030633,Hand-to-Hand - Default Bullet,6300633,441070,-1,-1,0.1,0,0,0,0,0,0,0,0,0,0,0,0,0.75,-1,0,0,0,0.1,0,0,0,-1,0,0,0,0,0,1,0,0,0,0,90,90,90,90,100,100,0,0,0,0,254,254,254,254,1,1,0,0,0,0,1,0,1,0,1,0,0,0,0,0,1,0,0,0,0,0,0,90,0,0,0,0,0,-1,0,0,0,0,0,0,0,0,0,0,0,0,0,0,0,0,0,-1,0,-1,0,0,-1,-1,-1,-1,0,0,0,0,-1,0,0,-1,0,1,0,0,0,0,0,0,0,0,0,0,-1,0,0,0,0,0,0,0,0,0,0,0,[0|0|0|0|0|0|0|0|0|0|0|0]
200030636,Hand-to-Hand - Default Bullet,6300636,441071,-1,-1,0.1,0,0,0,0,0,0,0,0,0,0,0,0,0.95,-1,0,0,0,0.1,0,0,0,-1,0,0,0,0,0,1,0,0,0,0,90,90,90,90,100,100,0,0,0,0,254,254,254,254,1,1,0,0,0,0,1,0,1,0,1,0,0,0,0,0,1,0,0,0,0,0,0,90,0,0,0,0,0,-1,0,0,0,0,0,0,0,0,0,0,0,0,0,0,0,0,0,-1,0,-1,0,0,-1,-1,-1,-1,0,0,0,0,-1,0,0,-1,0,1,0,0,0,0,0,0,0,0,0,0,-1,0,0,0,0,0,0,0,0,0,0,0,[0|0|0|0|0|0|0|0|0|0|0|0]
200030733,Hand-to-Hand - Default Bullet,6300733,441070,-1,-1,0.1,0,0,0,0,0,0,0,0,0,0,0,0,0.75,-1,0,0,0,0.1,0,0,0,-1,0,0,0,0,0,1,0,0,0,0,90,90,90,90,100,100,0,0,0,0,254,254,254,254,1,1,0,0,0,0,1,0,1,0,1,0,0,0,0,0,1,0,0,0,0,0,0,90,0,0,0,0,0,-1,0,0,0,0,0,0,0,0,0,0,0,0,0,0,0,0,0,-1,0,-1,0,0,-1,-1,-1,-1,0,0,0,0,-1,0,0,-1,0,1,0,0,0,0,0,0,0,0,0,0,-1,0,0,0,0,0,0,0,0,0,0,0,[0|0|0|0|0|0|0|0|0|0|0|0]
200030736,Hand-to-Hand - Default Bullet,6300736,441071,-1,-1,0.1,0,0,0,0,0,0,0,0,0,0,0,0,0.95,-1,0,0,0,0.1,0,0,0,-1,0,0,0,0,0,1,0,0,0,0,90,90,90,90,100,100,0,0,0,0,254,254,254,254,1,1,0,0,0,0,1,0,1,0,1,0,0,0,0,0,1,0,0,0,0,0,0,90,0,0,0,0,0,-1,0,0,0,0,0,0,0,0,0,0,0,0,0,0,0,0,0,-1,0,-1,0,0,-1,-1,-1,-1,0,0,0,0,-1,0,0,-1,0,1,0,0,0,0,0,0,0,0,0,0,-1,0,0,0,0,0,0,0,0,0,0,0,[0|0|0|0|0|0|0|0|0|0|0|0]
200030891,Hand-to-Hand - Default Bullet,6300891,441071,-1,-1,0.1,0,0,0,0,0,0,0,0,0,0,0,0,0.95,-1,0,0,0,0.1,0,0,0,-1,0,0,0,0,0,1,0,0,0,0,90,90,90,90,100,100,0,0,0,0,254,254,254,254,1,1,0,0,0,0,1,0,1,0,1,0,0,0,0,0,1,0,0,0,0,0,0,90,0,0,0,0,0,-1,0,0,0,0,0,0,0,0,0,0,0,0,0,0,0,0,0,-1,0,-1,0,0,-1,-1,-1,-1,0,0,0,0,-1,0,0,-1,0,1,0,0,0,0,0,0,0,0,0,0,-1,0,0,0,0,0,0,0,0,0,0,0,[0|0|0|0|0|0|0|0|0|0|0|0]
200030896,Hand-to-Hand - Default Bullet,6300896,441071,-1,-1,0.1,0,0,0,0,0,0,0,0,0,0,0,0,0.95,-1,0,0,0,0.1,0,0,0,-1,0,0,0,0,0,1,0,0,0,0,90,90,90,90,100,100,0,0,0,0,254,254,254,254,1,1,0,0,0,0,1,0,1,0,1,0,0,0,0,0,1,0,0,0,0,0,0,90,0,0,0,0,0,-1,0,0,0,0,0,0,0,0,0,0,0,0,0,0,0,0,0,-1,0,-1,0,0,-1,-1,-1,-1,0,0,0,0,-1,0,0,-1,0,1,0,0,0,0,0,0,0,0,0,0,-1,0,0,0,0,0,0,0,0,0,0,0,[0|0|0|0|0|0|0|0|0|0|0|0]
200031060,Dane's Footwork - Bullet,6301060,441071,-1,-1,0.1,0,0,0,0,0,0,0,0,0,0,0,0,0.95,-1,0,0,0,0.1,0,0,0,-1,0,0,0,0,0,1,0,0,0,0,90,90,90,90,100,100,0,0,0,0,254,254,254,254,1,1,0,0,0,0,1,0,1,0,1,0,0,0,0,0,1,0,0,0,0,0,0,90,0,0,0,0,0,-1,0,0,0,0,0,0,0,0,0,0,0,0,0,0,0,0,0,-1,0,-1,0,0,-1,-1,-1,-1,0,0,0,0,-1,0,0,-1,0,1,0,0,0,0,0,0,0,0,0,0,-1,0,0,0,0,0,0,0,0,0,0,0,[0|0|0|0|0|0|0|0|0|0|0|0]
200031061,Dane's Footwork - Bullet,6301061,441070,-1,-1,0.1,0,0,0,0,0,0,0,0,0,0,0,0,0.75,-1,0,0,0,0.1,0,0,0,-1,0,0,0,0,0,1,0,0,0,0,90,90,90,90,100,100,0,0,0,0,254,254,254,254,1,1,0,0,0,0,1,0,1,0,1,0,0,0,0,0,1,0,0,0,0,0,0,90,0,0,0,0,0,-1,0,0,0,0,0,0,0,0,0,0,0,0,0,0,0,0,0,-1,0,-1,0,0,-1,-1,-1,-1,0,0,0,0,-1,0,0,-1,0,1,0,0,0,0,0,0,0,0,0,0,-1,0,0,0,0,0,0,0,0,0,0,0,[0|0|0|0|0|0|0|0|0|0|0|0]
200031102,Dane's Footwork - Bullet,6301102,441070,-1,-1,0.1,0,0,0,0,0,0,0,0,0,0,0,0,0.75,-1,0,0,0,0.1,0,0,0,-1,0,0,0,0,0,1,0,0,0,0,90,90,90,90,100,100,0,0,0,0,254,254,254,254,1,1,0,0,0,0,1,0,1,0,1,0,0,0,0,0,1,0,0,0,0,0,0,90,0,0,0,0,0,-1,0,0,0,0,0,0,0,0,0,0,0,0,0,0,0,0,0,-1,0,-1,0,0,-1,-1,-1,-1,0,0,0,0,-1,0,0,-1,0,1,0,0,0,0,0,0,0,0,0,0,-1,0,0,0,0,0,0,0,0,0,0,0,[0|0|0|0|0|0|0|0|0|0|0|0]
200031107,Dane's Footwork - Bullet,6301107,441071,-1,-1,0.1,0,0,0,0,0,0,0,0,0,0,0,0,0.95,-1,0,0,0,0.1,0,0,0,-1,0,0,0,0,0,1,0,0,0,0,90,90,90,90,100,100,0,0,0,0,254,254,254,254,1,1,0,0,0,0,1,0,1,0,1,0,0,0,0,0,1,0,0,0,0,0,0,90,0,0,0,0,0,-1,0,0,0,0,0,0,0,0,0,0,0,0,0,0,0,0,0,-1,0,-1,0,0,-1,-1,-1,-1,0,0,0,0,-1,0,0,-1,0,1,0,0,0,0,0,0,0,0,0,0,-1,0,0,0,0,0,0,0,0,0,0,0,[0|0|0|0|0|0|0|0|0|0|0|0]
200031112,Dane's Footwork - Bullet,6301112,441070,-1,-1,0.1,0,0,0,0,0,0,0,0,0,0,0,0,0.75,-1,0,0,0,0.1,0,0,0,-1,0,0,0,0,0,1,0,0,0,0,90,90,90,90,100,100,0,0,0,0,254,254,254,254,1,1,0,0,0,0,1,0,1,0,1,0,0,0,0,0,1,0,0,0,0,0,0,90,0,0,0,0,0,-1,0,0,0,0,0,0,0,0,0,0,0,0,0,0,0,0,0,-1,0,-1,0,0,-1,-1,-1,-1,0,0,0,0,-1,0,0,-1,0,1,0,0,0,0,0,0,0,0,0,0,-1,0,0,0,0,0,0,0,0,0,0,0,[0|0|0|0|0|0|0|0|0|0|0|0]
200031117,Dane's Footwork - Bullet,6301117,441071,-1,-1,0.1,0,0,0,0,0,0,0,0,0,0,0,0,0.95,-1,0,0,0,0.1,0,0,0,-1,0,0,0,0,0,1,0,0,0,0,90,90,90,90,100,100,0,0,0,0,254,254,254,254,1,1,0,0,0,0,1,0,1,0,1,0,0,0,0,0,1,0,0,0,0,0,0,90,0,0,0,0,0,-1,0,0,0,0,0,0,0,0,0,0,0,0,0,0,0,0,0,-1,0,-1,0,0,-1,-1,-1,-1,0,0,0,0,-1,0,0,-1,0,1,0,0,0,0,0,0,0,0,0,0,-1,0,0,0,0,0,0,0,0,0,0,0,[0|0|0|0|0|0|0|0|0|0|0|0]
200031302,Dane's Footwork - Bullet,6301302,441070,-1,-1,0.1,0,0,0,0,0,0,0,0,0,0,0,0,0.75,-1,0,0,0,0.1,0,0,0,-1,0,0,0,0,0,1,0,0,0,0,90,90,90,90,100,100,0,0,0,0,254,254,254,254,1,1,0,0,0,0,1,0,1,0,1,0,0,0,0,0,1,0,0,0,0,0,0,90,0,0,0,0,0,-1,0,0,0,0,0,0,0,0,0,0,0,0,0,0,0,0,0,-1,0,-1,0,0,-1,-1,-1,-1,0,0,0,0,-1,0,0,-1,0,1,0,0,0,0,0,0,0,0,0,0,-1,0,0,0,0,0,0,0,0,0,0,0,[0|0|0|0|0|0|0|0|0|0|0|0]
200031307,Dane's Footwork - Bullet,6301307,441071,-1,-1,0.1,0,0,0,0,0,0,0,0,0,0,0,0,0.95,-1,0,0,0,0.1,0,0,0,-1,0,0,0,0,0,1,0,0,0,0,90,90,90,90,100,100,0,0,0,0,254,254,254,254,1,1,0,0,0,0,1,0,1,0,1,0,0,0,0,0,1,0,0,0,0,0,0,90,0,0,0,0,0,-1,0,0,0,0,0,0,0,0,0,0,0,0,0,0,0,0,0,-1,0,-1,0,0,-1,-1,-1,-1,0,0,0,0,-1,0,0,-1,0,1,0,0,0,0,0,0,0,0,0,0,-1,0,0,0,0,0,0,0,0,0,0,0,[0|0|0|0|0|0|0|0|0|0|0|0]
200031311,Dane's Footwork - Bullet,6301311,441070,-1,-1,0.1,0,0,0,0,0,0,0,0,0,0,0,0,0.75,-1,0,0,0,0.1,0,0,0,-1,0,0,0,0,0,1,0,0,0,0,90,90,90,90,100,100,0,0,0,0,254,254,254,254,1,1,0,0,0,0,1,0,1,0,1,0,0,0,0,0,1,0,0,0,0,0,0,90,0,0,0,0,0,-1,0,0,0,0,0,0,0,0,0,0,0,0,0,0,0,0,0,-1,0,-1,0,0,-1,-1,-1,-1,0,0,0,0,-1,0,0,-1,0,1,0,0,0,0,0,0,0,0,0,0,-1,0,0,0,0,0,0,0,0,0,0,0,[0|0|0|0|0|0|0|0|0|0|0|0]
200031312,Dane's Footwork - Bullet,6301312,441070,-1,-1,0.1,0,0,0,0,0,0,0,0,0,0,0,0,0.75,-1,0,0,0,0.1,0,0,0,-1,0,0,0,0,0,1,0,0,0,0,90,90,90,90,100,100,0,0,0,0,254,254,254,254,1,1,0,0,0,0,1,0,1,0,1,0,0,0,0,0,1,0,0,0,0,0,0,90,0,0,0,0,0,-1,0,0,0,0,0,0,0,0,0,0,0,0,0,0,0,0,0,-1,0,-1,0,0,-1,-1,-1,-1,0,0,0,0,-1,0,0,-1,0,1,0,0,0,0,0,0,0,0,0,0,-1,0,0,0,0,0,0,0,0,0,0,0,[0|0|0|0|0|0|0|0|0|0|0|0]
200031316,Dane's Footwork - Bullet,6301316,441071,-1,-1,0.1,0,0,0,0,0,0,0,0,0,0,0,0,0.95,-1,0,0,0,0.1,0,0,0,-1,0,0,0,0,0,1,0,0,0,0,90,90,90,90,100,100,0,0,0,0,254,254,254,254,1,1,0,0,0,0,1,0,1,0,1,0,0,0,0,0,1,0,0,0,0,0,0,90,0,0,0,0,0,-1,0,0,0,0,0,0,0,0,0,0,0,0,0,0,0,0,0,-1,0,-1,0,0,-1,-1,-1,-1,0,0,0,0,-1,0,0,-1,0,1,0,0,0,0,0,0,0,0,0,0,-1,0,0,0,0,0,0,0,0,0,0,0,[0|0|0|0|0|0|0|0|0|0|0|0]
200031317,Dane's Footwork - Bullet,6301317,441071,-1,-1,0.1,0,0,0,0,0,0,0,0,0,0,0,0,0.95,-1,0,0,0,0.1,0,0,0,-1,0,0,0,0,0,1,0,0,0,0,90,90,90,90,100,100,0,0,0,0,254,254,254,254,1,1,0,0,0,0,1,0,1,0,1,0,0,0,0,0,1,0,0,0,0,0,0,90,0,0,0,0,0,-1,0,0,0,0,0,0,0,0,0,0,0,0,0,0,0,0,0,-1,0,-1,0,0,-1,-1,-1,-1,0,0,0,0,-1,0,0,-1,0,1,0,0,0,0,0,0,0,0,0,0,-1,0,0,0,0,0,0,0,0,0,0,0,[0|0|0|0|0|0|0|0|0|0|0|0]
200070100,Claws of Night - Bullet,2210100,402090,402092,402091,0.1,1,0,3,12,12,40,0,0,40,40,0,0,0.35,-1,0,0,0,0,0,0,0,200070101,0,0,0,0,0,3,30,-5,5,0,100,100,100,100,100,0,0,60,0,0,254,254,254,254,0,0,0,4,0,0,1,0,0,0,1,0,0,0,1,0,1,0,0,1,0,0,0,100,0,0,0,0,0,-1,1,1,0,0,0,0,0,0,0,0,0,0,0,0,1,0,0,-1,0,-1,0,0,-1,-1,-1,-1,0,0,0,0,-1,0,0,-1,0,1,-1,0,0,0,0,0,0,0,0,0,-1,0,0,0,0,0,0,0,0,0,0,0,[0|0|0|0|0|0|0|0|0|0|0|0]
200070101,Claws of Night - Bullet,2210101,402090,402092,402091,0.1,1,0,3,12,12,40,0,0,40,40,0,0,0.35,-1,0,0,0,0,0,0,0,-1,0,0,0,0,0,1,30,0,0,0,100,100,100,100,100,0,0,0,0,0,254,254,254,254,0,0,0,4,0,0,1,0,0,0,1,0,0,0,1,0,1,0,0,1,0,0,0,100,0,0,0,0,0,-1,1,1,0,0,0,0,0,0,0,0,0,0,0,0,1,0,0,-1,0,-1,0,0,-1,-1,-1,-1,0,0,0,0,-1,0,0,-1,0,1,-1,0,0,0,0,0,0,0,0,0,-1,0,0,0,0,0,0,0,0,0,0,0,[0|0|0|0|0|0|0|0|0|0|0|0]
200070105,Claws of Night - Bullet,2210105,402090,402092,402091,0.1,1,0,5,15,15,50,0,0,50,50,0,0,0.35,-1,0,0,0,0,0,0,0,200070106,0,0,0,0,0,3,45,-5,5,0,100,100,100,100,100,0,0,60,0,0,254,254,254,254,0,0,0,4,0,0,1,0,0,0,1,0,0,0,1,0,1,0,0,1,0,0,0,100,0,0,0,0,0,-1,1,1,0,0,0,0,0,0,0,0,0,0,0,0,1,0,0,-1,0,-1,0,0,-1,-1,-1,-1,0,0,0,0,-1,0,0,-1,0,1,-1,0,0,0,0,0,0,0,0,0,-1,0,0,0,0,0,0,0,0,0,0,0,[0|0|0|0|0|0|0|0|0|0|0|0]
200070106,Claws of Night - Bullet,2210106,402090,402092,402091,0.1,1,0,5,15,15,50,0,0,50,50,0,0,0.35,-1,0,0,0,0,0,0,0,-1,0,0,0,0,0,1,45,0,0,0,100,100,100,100,100,0,0,0,0,0,254,254,254,254,0,0,0,4,0,0,1,0,0,0,1,0,0,0,1,0,1,0,0,1,0,0,0,100,0,0,0,0,0,-1,1,1,0,0,0,0,0,0,0,0,0,0,0,0,1,0,0,-1,0,-1,0,0,-1,-1,-1,-1,0,0,0,0,-1,0,0,-1,0,1,-1,0,0,0,0,0,0,0,0,0,-1,0,0,0,0,0,0,0,0,0,0,0,[0|0|0|0|0|0|0|0|0|0|0|0]
200070110,Claws of Night - Bullet,2210110,402090,402092,402091,0.1,1,0,3,12,12,40,0,0,40,40,0,0,0.35,-1,0,0,0,0,0,0,0,200070111,0,0,0,0,0,3,30,-5,5,0,100,100,100,100,100,0,0,0,0,0,254,254,254,254,0,0,0,4,0,0,1,0,0,0,1,0,0,0,1,0,1,0,0,1,0,0,0,100,0,0,0,0,0,-1,1,1,0,0,0,0,0,0,0,0,0,0,0,0,1,0,0,-1,0,-1,0,0,-1,-1,-1,-1,0,0,0,0,-1,0,0,-1,0,1,-1,0,0,0,0,0,0,0,0,0,-1,0,0,0,0,0,0,0,0,0,0,0,[0|0|0|0|0|0|0|0|0|0|0|0]
200070111,Claws of Night - Bullet,2210111,402090,402092,402091,0.1,1,0,3,12,12,40,0,0,40,40,0,0,0.35,-1,0,0,0,0,0,0,0,-1,0,0,0,0,0,1,30,0,0,0,100,100,100,100,100,0,0,60,0,0,254,254,254,254,0,0,0,4,0,0,1,0,0,0,1,0,0,0,1,0,1,0,0,1,0,0,0,100,0,0,0,0,0,-1,1,1,0,0,0,0,0,0,0,0,0,0,0,0,1,0,0,-1,0,-1,0,0,-1,-1,-1,-1,0,0,0,0,-1,0,0,-1,0,1,-1,0,0,0,0,0,0,0,0,0,-1,0,0,0,0,0,0,0,0,0,0,0,[0|0|0|0|0|0|0|0|0|0|0|0]
200070115,Claws of Night - Bullet,2210115,402090,402092,402091,0.1,1,0,5,15,5,58,0,0,58,58,0,0,0.35,-1,0,0,0,0,0,0,0,200070116,0,0,0,0,0,3,45,-5,5,0,100,100,100,100,100,0,0,60,0,0,254,254,254,254,0,0,0,4,0,0,1,0,0,0,1,0,0,0,1,0,1,0,0,1,0,0,0,100,0,0,0,0,0,-1,1,1,0,0,0,0,0,0,0,0,0,0,0,0,1,0,0,-1,0,-1,0,0,-1,-1,-1,-1,0,0,0,0,-1,0,0,-1,0,1,-1,0,0,0,0,0,0,0,0,0,-1,0,0,0,0,0,0,0,0,0,0,0,[0|0|0|0|0|0|0|0|0|0|0|0]
200070116,Claws of Night - Bullet,2210116,402090,402092,402091,0.1,1,0,5,15,5,58,0,0,58,58,0,0,0.35,-1,0,0,0,0,0,0,0,-1,0,0,0,0,0,1,45,0,0,0,100,100,100,100,100,0,0,0,0,0,254,254,254,254,0,0,0,4,0,0,1,0,0,0,1,0,0,0,1,0,1,0,0,1,0,0,0,100,0,0,0,0,0,-1,1,1,0,0,0,0,0,0,0,0,0,0,0,0,1,0,0,-1,0,-1,0,0,-1,-1,-1,-1,0,0,0,0,-1,0,0,-1,0,1,-1,0,0,0,0,0,0,0,0,0,-1,0,0,0,0,0,0,0,0,0,0,0,[0|0|0|0|0|0|0|0|0|0|0|0]
200070125,Claws of Night - Bullet,2210125,402090,402092,402091,0.1,1,0,3,12,12,40,0,0,40,40,0,0,0.35,-1,0,0,0,0,0,0,0,200070126,0,0,0,0,0,3,30,-5,5,0,100,100,100,100,100,0,0,60,0,0,254,254,254,254,0,0,0,4,0,0,1,0,0,0,1,0,0,0,1,0,1,0,0,1,0,0,0,100,0,0,0,0,0,-1,1,1,0,0,0,0,0,0,0,0,0,0,0,0,1,0,0,-1,0,-1,0,0,-1,-1,-1,-1,0,0,0,0,-1,0,0,-1,0,1,-1,0,0,0,0,0,0,0,0,0,-1,0,0,0,0,0,0,0,0,0,0,0,[0|0|0|0|0|0|0|0|0|0|0|0]
200070126,Claws of Night - Bullet,2210126,402090,402092,402091,0.1,1,0,3,12,12,40,0,0,40,40,0,0,0.35,-1,0,0,0,0,0,0,0,-1,0,0,0,0,0,1,30,0,0,0,100,100,100,100,100,0,0,0,0,0,254,254,254,254,0,0,0,4,0,0,1,0,0,0,1,0,0,0,1,0,1,0,0,1,0,0,0,100,0,0,0,0,0,-1,1,1,0,0,0,0,0,0,0,0,0,0,0,0,1,0,0,-1,0,-1,0,0,-1,-1,-1,-1,0,0,0,0,-1,0,0,-1,0,1,-1,0,0,0,0,0,0,0,0,0,-1,0,0,0,0,0,0,0,0,0,0,0,[0|0|0|0|0|0|0|0|0|0|0|0]
200070160,Claws of Night - Bullet,2210160,402090,402092,402091,0.1,1,0,3,12,12,40,0,0,40,40,0,0,0.35,-1,0,0,0,0,0,0,0,200070161,0,0,0,0,0,3,30,-5,5,0,100,100,100,100,100,0,0,60,0,0,254,254,254,254,0,0,0,4,0,0,1,0,0,0,1,0,0,0,1,0,1,0,0,1,0,0,0,100,0,0,0,0,0,-1,1,1,0,0,0,0,0,0,0,0,0,0,0,0,1,0,0,-1,0,-1,0,0,-1,-1,-1,-1,0,0,0,0,-1,0,0,-1,0,1,-1,0,0,0,0,0,0,0,0,0,-1,0,0,0,0,0,0,0,0,0,0,0,[0|0|0|0|0|0|0|0|0|0|0|0]
200070161,Claws of Night - Bullet,2210161,402090,402092,402091,0.1,1,0,3,12,12,40,0,0,40,40,0,0,0.35,-1,0,0,0,0,0,0,0,-1,0,0,0,0,0,1,30,0,0,0,100,100,100,100,100,0,0,0,0,0,254,254,254,254,0,0,0,4,0,0,1,0,0,0,1,0,0,0,1,0,1,0,0,1,0,0,0,100,0,0,0,0,0,-1,1,1,0,0,0,0,0,0,0,0,0,0,0,0,1,0,0,-1,0,-1,0,0,-1,-1,-1,-1,0,0,0,0,-1,0,0,-1,0,1,-1,0,0,0,0,0,0,0,0,0,-1,0,0,0,0,0,0,0,0,0,0,0,[0|0|0|0|0|0|0|0|0|0|0|0]
200070180,Claws of Night - Bullet,2210180,402090,402092,402091,0.1,1,0,3,12,12,40,0,0,40,40,0,0,0.35,-1,0,0,0,0,0,0,0,200070181,0,0,0,0,0,3,30,-5,5,0,100,100,100,100,100,0,0,60,0,0,254,254,254,254,0,0,0,4,0,0,1,0,0,0,1,0,0,0,1,0,1,0,0,1,0,0,0,100,0,0,0,0,0,-1,1,1,0,0,0,0,0,0,0,0,0,0,0,0,1,0,0,-1,0,-1,0,0,-1,-1,-1,-1,0,0,0,0,-1,0,0,-1,0,1,-1,0,0,0,0,0,0,0,0,0,-1,0,0,0,0,0,0,0,0,0,0,0,[0|0|0|0|0|0|0|0|0|0|0|0]
200070181,Claws of Night - Bullet,2210181,402090,402092,402091,0.1,1,0,3,12,12,40,0,0,40,40,0,0,0.35,-1,0,0,0,0,0,0,0,-1,0,0,0,0,0,1,30,0,0,0,100,100,100,100,100,0,0,0,0,0,254,254,254,254,0,0,0,4,0,0,1,0,0,0,1,0,0,0,1,0,1,0,0,1,0,0,0,100,0,0,0,0,0,-1,1,1,0,0,0,0,0,0,0,0,0,0,0,0,1,0,0,-1,0,-1,0,0,-1,-1,-1,-1,0,0,0,0,-1,0,0,-1,0,1,-1,0,0,0,0,0,0,0,0,0,-1,0,0,0,0,0,0,0,0,0,0,0,[0|0|0|0|0|0|0|0|0|0|0|0]
200070300,Claws of Night - Bullet,2210300,402090,402092,402091,0.1,1,0,3,12,12,40,0,0,40,40,0,0,0.35,-1,0,0,0,0,0,0,0,200070301,0,0,0,0,0,3,30,-5,5,0,100,100,100,100,100,0,0,60,0,0,254,254,254,254,0,0,0,4,0,0,1,0,0,0,1,0,0,0,1,0,1,0,0,1,0,0,0,100,0,0,0,0,0,-1,1,1,0,0,0,0,0,0,0,0,0,0,0,0,1,0,0,-1,0,-1,0,0,-1,-1,-1,-1,0,0,0,0,-1,0,0,-1,0,1,-1,0,0,0,0,0,0,0,0,0,-1,0,0,0,0,0,0,0,0,0,0,0,[0|0|0|0|0|0|0|0|0|0|0|0]
200070301,Claws of Night - Bullet,2210301,402090,402092,402091,0.1,1,0,3,12,12,40,0,0,40,40,0,0,0.35,-1,0,0,0,0,0,0,0,-1,0,0,0,0,0,1,30,0,0,0,100,100,100,100,100,0,0,0,0,0,254,254,254,254,0,0,0,4,0,0,1,0,0,0,1,0,0,0,1,0,1,0,0,1,0,0,0,100,0,0,0,0,0,-1,1,1,0,0,0,0,0,0,0,0,0,0,0,0,1,0,0,-1,0,-1,0,0,-1,-1,-1,-1,0,0,0,0,-1,0,0,-1,0,1,-1,0,0,0,0,0,0,0,0,0,-1,0,0,0,0,0,0,0,0,0,0,0,[0|0|0|0|0|0|0|0|0|0|0|0]
200070303,Claws of Night - Bullet,2210303,402090,402092,402091,0.1,1,0,3,12,12,40,0,0,40,40,0,0,0.35,-1,0,0,0,0,0,0,0,200070304,0,0,0,0,0,3,30,-5,5,0,100,100,100,100,100,0,0,60,0,0,254,254,254,254,0,0,0,4,0,0,1,0,0,0,1,0,0,0,1,0,1,0,0,1,0,0,0,100,0,0,0,0,0,-1,1,1,0,0,0,0,0,0,0,0,0,0,0,0,1,0,0,-1,0,-1,0,0,-1,-1,-1,-1,0,0,0,0,-1,0,0,-1,0,1,-1,0,0,0,0,0,0,0,0,0,-1,0,0,0,0,0,0,0,0,0,0,0,[0|0|0|0|0|0|0|0|0|0|0|0]
200070304,Claws of Night - Bullet,2210304,402090,402092,402091,0.1,1,0,3,12,12,40,0,0,40,40,0,0,0.35,-1,0,0,0,0,0,0,0,-1,0,0,0,0,0,1,30,0,0,0,100,100,100,100,100,0,0,0,0,0,254,254,254,254,0,0,0,4,0,0,1,0,0,0,1,0,0,0,1,0,1,0,0,1,0,0,0,100,0,0,0,0,0,-1,1,1,0,0,0,0,0,0,0,0,0,0,0,0,1,0,0,-1,0,-1,0,0,-1,-1,-1,-1,0,0,0,0,-1,0,0,-1,0,1,-1,0,0,0,0,0,0,0,0,0,-1,0,0,0,0,0,0,0,0,0,0,0,[0|0|0|0|0|0|0|0|0|0|0|0]
200070305,Claws of Night - Bullet,2210305,402090,402092,402091,0.1,1,0,5,15,15,58,0,0,58,58,0,0,0.35,-1,0,0,0,0,0,0,0,200070306,0,0,0,0,0,3,45,-5,5,0,100,100,100,100,100,0,0,60,0,0,254,254,254,254,0,0,0,4,0,0,1,0,0,0,1,0,0,0,1,0,1,0,0,1,0,0,0,100,0,0,0,0,0,-1,1,1,0,0,0,0,0,0,0,0,0,0,0,0,1,0,0,-1,0,-1,0,0,-1,-1,-1,-1,0,0,0,0,-1,0,0,-1,0,1,-1,0,0,0,0,0,0,0,0,0,-1,0,0,0,0,0,0,0,0,0,0,0,[0|0|0|0|0|0|0|0|0|0|0|0]
200070306,Claws of Night - Bullet,2210306,402090,402092,402091,0.1,1,0,5,15,15,58,0,0,58,58,0,0,0.35,-1,0,0,0,0,0,0,0,-1,0,0,0,0,0,1,45,0,0,0,100,100,100,100,100,0,0,0,0,0,254,254,254,254,0,0,0,4,0,0,1,0,0,0,1,0,0,0,1,0,1,0,0,1,0,0,0,100,0,0,0,0,0,-1,1,1,0,0,0,0,0,0,0,0,0,0,0,0,1,0,0,-1,0,-1,0,0,-1,-1,-1,-1,0,0,0,0,-1,0,0,-1,0,1,-1,0,0,0,0,0,0,0,0,0,-1,0,0,0,0,0,0,0,0,0,0,0,[0|0|0|0|0|0|0|0|0|0|0|0]
200070308,Claws of Night - Bullet,2210308,402090,402092,402091,0.1,1,0,5,15,15,58,0,0,58,58,0,0,0.35,-1,0,0,0,0,0,0,0,200070309,0,0,0,0,0,3,45,-5,5,0,100,100,100,100,100,0,0,60,0,0,254,254,254,254,0,0,0,4,0,0,1,0,0,0,1,0,0,0,1,0,1,0,0,1,0,0,0,100,0,0,0,0,0,-1,1,1,0,0,0,0,0,0,0,0,0,0,0,0,1,0,0,-1,0,-1,0,0,-1,-1,-1,-1,0,0,0,0,-1,0,0,-1,0,1,-1,0,0,0,0,0,0,0,0,0,-1,0,0,0,0,0,0,0,0,0,0,0,[0|0|0|0|0|0|0|0|0|0|0|0]
200070309,Claws of Night - Bullet,2210309,402090,402092,402091,0.1,1,0,5,15,15,58,0,0,58,58,0,0,0.35,-1,0,0,0,0,0,0,0,-1,0,0,0,0,0,1,45,0,0,0,100,100,100,100,100,0,0,0,0,0,254,254,254,254,0,0,0,4,0,0,1,0,0,0,1,0,0,0,1,0,1,0,0,1,0,0,0,100,0,0,0,0,0,-1,1,1,0,0,0,0,0,0,0,0,0,0,0,0,1,0,0,-1,0,-1,0,0,-1,-1,-1,-1,0,0,0,0,-1,0,0,-1,0,1,-1,0,0,0,0,0,0,0,0,0,-1,0,0,0,0,0,0,0,0,0,0,0,[0|0|0|0|0|0|0|0|0|0|0|0]
200070310,Claws of Night - Bullet,2210310,402090,402092,402091,0.1,1,0,3,12,12,40,0,0,40,40,0,0,0.35,-1,0,0,0,0,0,0,0,200070311,0,0,0,0,0,3,30,-3,5,0,100,100,100,100,100,0,0,60,0,0,254,254,254,254,0,0,0,4,0,0,1,0,0,0,1,0,0,0,1,0,1,0,0,1,0,0,0,100,0,0,0,0,0,-1,1,1,0,0,0,0,0,0,0,0,0,0,0,0,1,0,0,-1,0,-1,0,0,-1,-1,-1,-1,0,0,0,0,-1,0,0,-1,0,1,-1,0,0,0,0,0,0,0,0,0,-1,0,0,0,0,0,0,0,0,0,0,0,[0|0|0|0|0|0|0|0|0|0|0|0]
200070311,Claws of Night - Bullet,2210311,402090,402092,402091,0.1,1,0,3,12,12,40,0,0,40,40,0,0,0.35,-1,0,0,0,0,0,0,0,-1,0,0,0,0,0,0,30,0,0,0,100,100,100,100,100,0,0,0,0,0,254,254,254,254,0,0,0,4,0,0,1,0,0,0,1,0,0,0,1,0,1,0,0,1,0,0,0,100,0,0,0,0,0,-1,1,1,0,0,0,0,0,0,0,0,0,0,0,0,1,0,0,-1,0,-1,0,0,-1,-1,-1,-1,0,0,0,0,-1,0,0,-1,0,1,-1,0,0,0,0,0,0,0,0,0,-1,0,0,0,0,0,0,0,0,0,0,0,[0|0|0|0|0|0|0|0|0|0|0|0]
200070313,Claws of Night - Bullet,2210313,402090,402092,402091,0.1,1,0,3,12,12,40,0,0,40,40,0,0,0.35,-1,0,0,0,0,0,0,0,200070314,0,0,0,0,0,3,30,-5,5,0,100,100,100,100,100,0,0,60,0,0,254,254,254,254,0,0,0,4,0,0,1,0,0,0,1,0,0,0,1,0,1,0,0,1,0,0,0,100,0,0,0,0,0,-1,1,1,0,0,0,0,0,0,0,0,0,0,0,0,1,0,0,-1,0,-1,0,0,-1,-1,-1,-1,0,0,0,0,-1,0,0,-1,0,1,-1,0,0,0,0,0,0,0,0,0,-1,0,0,0,0,0,0,0,0,0,0,0,[0|0|0|0|0|0|0|0|0|0|0|0]
200070314,Claws of Night - Bullet,2210314,402090,402092,402091,0.1,1,0,3,12,12,40,0,0,40,40,0,0,0.35,-1,0,0,0,0,0,0,0,-1,0,0,0,0,0,1,30,0,0,0,100,100,100,100,100,0,0,0,0,0,254,254,254,254,0,0,0,4,0,0,1,0,0,0,1,0,0,0,1,0,1,0,0,1,0,0,0,100,0,0,0,0,0,-1,1,1,0,0,0,0,0,0,0,0,0,0,0,0,1,0,0,-1,0,-1,0,0,-1,-1,-1,-1,0,0,0,0,-1,0,0,-1,0,1,-1,0,0,0,0,0,0,0,0,0,-1,0,0,0,0,0,0,0,0,0,0,0,[0|0|0|0|0|0|0|0|0|0|0|0]
200070315,Claws of Night - Bullet,2210315,402090,402092,402091,0.1,1,0,5,15,15,58,0,0,58,58,0,0,0.35,-1,0,0,0,0,0,0,0,200070316,0,0,0,0,0,3,45,-3,5,0,100,100,100,100,100,0,0,60,0,0,254,254,254,254,0,0,0,4,0,0,1,0,0,0,1,0,0,0,1,0,1,0,0,1,0,0,0,100,0,0,0,0,0,-1,1,1,0,0,0,0,0,0,0,0,0,0,0,0,1,0,0,-1,0,-1,0,0,-1,-1,-1,-1,0,0,0,0,-1,0,0,-1,0,1,-1,0,0,0,0,0,0,0,0,0,-1,0,0,0,0,0,0,0,0,0,0,0,[0|0|0|0|0|0|0|0|0|0|0|0]
200070316,Claws of Night - Bullet,2210316,402090,402092,402091,0.1,1,0,5,15,15,58,0,0,58,58,0,0,0.35,-1,0,0,0,0,0,0,0,-1,0,0,0,0,0,1,45,0,0,0,100,100,100,100,100,0,0,0,0,0,254,254,254,254,0,0,0,4,0,0,1,0,0,0,1,0,0,0,1,0,1,0,0,1,0,0,0,100,0,0,0,0,0,-1,1,1,0,0,0,0,0,0,0,0,0,0,0,0,1,0,0,-1,0,-1,0,0,-1,-1,-1,-1,0,0,0,0,-1,0,0,-1,0,1,-1,0,0,0,0,0,0,0,0,0,-1,0,0,0,0,0,0,0,0,0,0,0,[0|0|0|0|0|0|0|0|0|0|0|0]
200070318,Claws of Night - Bullet,2210318,402090,402092,402091,0.1,1,0,5,15,15,58,0,0,58,58,0,0,0.35,-1,0,0,0,0,0,0,0,200070319,0,0,0,0,0,3,45,-5,5,0,100,100,100,100,100,0,0,60,0,0,254,254,254,254,0,0,0,4,0,0,1,0,0,0,1,0,0,0,1,0,1,0,0,1,0,0,0,100,0,0,0,0,0,-1,1,1,0,0,0,0,0,0,0,0,0,0,0,0,1,0,0,-1,0,-1,0,0,-1,-1,-1,-1,0,0,0,0,-1,0,0,-1,0,1,-1,0,0,0,0,0,0,0,0,0,-1,0,0,0,0,0,0,0,0,0,0,0,[0|0|0|0|0|0|0|0|0|0|0|0]
200070319,Claws of Night - Bullet,2210319,402090,402092,402091,0.1,1,0,5,15,15,58,0,0,58,58,0,0,0.35,-1,0,0,0,0,0,0,0,-1,0,0,0,0,0,1,45,0,0,0,100,100,100,100,100,0,0,0,0,0,254,254,254,254,0,0,0,4,0,0,1,0,0,0,1,0,0,0,1,0,1,0,0,1,0,0,0,100,0,0,0,0,0,-1,1,1,0,0,0,0,0,0,0,0,0,0,0,0,1,0,0,-1,0,-1,0,0,-1,-1,-1,-1,0,0,0,0,-1,0,0,-1,0,1,-1,0,0,0,0,0,0,0,0,0,-1,0,0,0,0,0,0,0,0,0,0,0,[0|0|0|0|0|0|0|0|0|0|0|0]
200070325,Claws of Night - Bullet,2210325,402090,402092,402091,0.1,1,0,3,12,12,40,0,0,40,40,0,0,0.35,-1,0,0,0,0,0,0,0,200070326,0,0,0,0,0,3,45,-5,5,0,100,100,100,100,100,0,0,60,0,0,254,254,254,254,0,0,0,4,0,0,1,0,0,0,1,0,0,0,1,0,1,0,0,1,0,0,0,100,0,0,0,0,0,-1,1,1,0,0,0,0,0,0,0,0,0,0,0,0,1,0,0,-1,0,-1,0,0,-1,-1,-1,-1,0,0,0,0,-1,0,0,-1,0,1,-1,0,0,0,0,0,0,0,0,0,-1,0,0,0,0,0,0,0,0,0,0,0,[0|0|0|0|0|0|0|0|0|0|0|0]
200070326,Claws of Night - Bullet,2210326,402090,402092,402091,0.1,1,0,3,12,12,40,0,0,40,40,0,0,0.35,-1,0,0,0,0,0,0,0,-1,0,0,0,0,0,1,45,0,0,0,100,100,100,100,100,0,0,0,0,0,254,254,254,254,0,0,0,4,0,0,1,0,0,0,1,0,0,0,1,0,1,0,0,1,0,0,0,100,0,0,0,0,0,-1,1,1,0,0,0,0,0,0,0,0,0,0,0,0,1,0,0,-1,0,-1,0,0,-1,-1,-1,-1,0,0,0,0,-1,0,0,-1,0,1,-1,0,0,0,0,0,0,0,0,0,-1,0,0,0,0,0,0,0,0,0,0,0,[0|0|0|0|0|0|0|0|0|0|0|0]
200070328,Claws of Night - Bullet,2210328,402090,402092,402091,0.1,1,0,3,12,12,40,0,0,40,40,0,0,0.35,-1,0,0,0,0,0,0,0,200070329,0,0,0,0,0,3,30,-5,5,0,100,100,100,100,100,0,0,60,0,0,254,254,254,254,0,0,0,4,0,0,1,0,0,0,1,0,0,0,1,0,1,0,0,1,0,0,0,100,0,0,0,0,0,-1,1,1,0,0,0,0,0,0,0,0,0,0,0,0,1,0,0,-1,0,-1,0,0,-1,-1,-1,-1,0,0,0,0,-1,0,0,-1,0,1,-1,0,0,0,0,0,0,0,0,0,-1,0,0,0,0,0,0,0,0,0,0,0,[0|0|0|0|0|0|0|0|0|0|0|0]
200070329,Claws of Night - Bullet,2210329,402090,402092,402091,0.1,1,0,3,12,12,40,0,0,40,40,0,0,0.35,-1,0,0,0,0,0,0,0,-1,0,0,0,0,0,1,30,0,0,0,100,100,100,100,100,0,0,0,0,0,254,254,254,254,0,0,0,4,0,0,1,0,0,0,1,0,0,0,1,0,1,0,0,1,0,0,0,100,0,0,0,0,0,-1,1,1,0,0,0,0,0,0,0,0,0,0,0,0,1,0,0,-1,0,-1,0,0,-1,-1,-1,-1,0,0,0,0,-1,0,0,-1,0,1,-1,0,0,0,0,0,0,0,0,0,-1,0,0,0,0,0,0,0,0,0,0,0,[0|0|0|0|0|0|0|0|0|0|0|0]
200070360,Claws of Night - Bullet,2210360,402090,402092,402091,0.1,1,0,3,12,12,40,0,0,40,40,0,0,0.35,-1,0,0,0,0,0,0,0,200070361,0,0,0,0,0,3,30,-3,5,0,100,100,100,100,100,0,0,60,0,0,254,254,254,254,0,0,0,4,0,0,1,0,0,0,1,0,0,0,1,0,1,0,0,1,0,0,0,100,0,0,0,0,0,-1,1,1,0,0,0,0,0,0,0,0,0,0,0,0,1,0,0,-1,0,-1,0,0,-1,-1,-1,-1,0,0,0,0,-1,0,0,-1,0,1,-1,0,0,0,0,0,0,0,0,0,-1,0,0,0,0,0,0,0,0,0,0,0,[0|0|0|0|0|0|0|0|0|0|0|0]
200070361,Claws of Night - Bullet,2210361,402090,402092,402091,0.1,1,0,3,12,12,40,0,0,40,40,0,0,0.35,-1,0,0,0,0,0,0,0,-1,0,0,0,0,0,1,30,0,0,0,100,100,100,100,100,0,0,0,0,0,254,254,254,254,0,0,0,4,0,0,1,0,0,0,1,0,0,0,1,0,1,0,0,1,0,0,0,100,0,0,0,0,0,-1,1,1,0,0,0,0,0,0,0,0,0,0,0,0,1,0,0,-1,0,-1,0,0,-1,-1,-1,-1,0,0,0,0,-1,0,0,-1,0,1,-1,0,0,0,0,0,0,0,0,0,-1,0,0,0,0,0,0,0,0,0,0,0,[0|0|0|0|0|0|0|0|0|0|0|0]
200070363,Claws of Night - Bullet,2210363,402090,402092,402091,0.1,1,0,3,12,12,40,0,0,40,40,0,0,0.35,-1,0,0,0,0,0,0,0,200070364,0,0,0,0,0,3,30,-5,5,0,100,100,100,100,100,0,0,60,0,0,254,254,254,254,0,0,0,4,0,0,1,0,0,0,1,0,0,0,1,0,1,0,0,1,0,0,0,100,0,0,0,0,0,-1,1,1,0,0,0,0,0,0,0,0,0,0,0,0,1,0,0,-1,0,-1,0,0,-1,-1,-1,-1,0,0,0,0,-1,0,0,-1,0,1,-1,0,0,0,0,0,0,0,0,0,-1,0,0,0,0,0,0,0,0,0,0,0,[0|0|0|0|0|0|0|0|0|0|0|0]
200070364,Claws of Night - Bullet,2210364,402090,402092,402091,0.1,1,0,3,12,12,40,0,0,40,40,0,0,0.35,-1,0,0,0,0,0,0,0,-1,0,0,0,0,0,1,30,0,0,0,100,100,100,100,100,0,0,0,0,0,254,254,254,254,0,0,0,4,0,0,1,0,0,0,1,0,0,0,1,0,1,0,0,1,0,0,0,100,0,0,0,0,0,-1,1,1,0,0,0,0,0,0,0,0,0,0,0,0,1,0,0,-1,0,-1,0,0,-1,-1,-1,-1,0,0,0,0,-1,0,0,-1,0,1,-1,0,0,0,0,0,0,0,0,0,-1,0,0,0,0,0,0,0,0,0,0,0,[0|0|0|0|0|0|0|0|0|0|0|0]
200070380,Claws of Night - Bullet,2210380,402090,402092,402091,0.1,1,0,3,12,12,40,0,0,40,40,0,0,0.35,-1,0,0,0,0,0,0,0,200070381,0,0,0,0,0,3,30,-5,5,0,100,100,100,100,100,0,0,60,0,0,254,254,254,254,0,0,0,4,0,0,1,0,0,0,1,0,0,0,1,0,1,0,0,1,0,0,0,100,0,0,0,0,0,-1,1,1,0,0,0,0,0,0,0,0,0,0,0,0,1,0,0,-1,0,-1,0,0,-1,-1,-1,-1,0,0,0,0,-1,0,0,-1,0,1,-1,0,0,0,0,0,0,0,0,0,-1,0,0,0,0,0,0,0,0,0,0,0,[0|0|0|0|0|0|0|0|0|0|0|0]
200070381,Claws of Night - Bullet,2210381,402090,402092,402091,0.1,1,0,3,12,12,40,0,0,40,40,0,0,0.35,-1,0,0,0,0,0,0,0,-1,0,0,0,0,0,1,30,0,0,0,100,100,100,100,100,0,0,0,0,0,254,254,254,254,0,0,0,4,0,0,1,0,0,0,1,0,0,0,1,0,1,0,0,1,0,0,0,100,0,0,0,0,0,-1,1,1,0,0,0,0,0,0,0,0,0,0,0,0,1,0,0,-1,0,-1,0,0,-1,-1,-1,-1,0,0,0,0,-1,0,0,-1,0,1,-1,0,0,0,0,0,0,0,0,0,-1,0,0,0,0,0,0,0,0,0,0,0,[0|0|0|0|0|0|0|0|0|0|0|0]
200070383,Claws of Night - Bullet,2210383,402090,402092,402091,0.1,1,0,3,12,12,40,0,0,40,40,0,0,0.35,-1,0,0,0,0,0,0,0,-1,0,0,0,0,0,1,30,0,0,0,100,100,100,100,100,0,0,0,0,0,254,254,254,254,0,0,0,4,0,0,1,0,0,0,1,0,0,0,1,0,1,0,0,1,0,0,0,100,0,0,0,0,0,-1,1,1,0,0,0,0,0,0,0,0,0,0,0,0,1,0,0,-1,0,-1,0,0,-1,-1,-1,-1,0,0,0,0,-1,0,0,-1,0,1,-1,0,0,0,0,0,0,0,0,0,-1,0,0,0,0,0,0,0,0,0,0,0,[0|0|0|0|0|0|0|0|0|0|0|0]
200070384,Claws of Night - Bullet,2210384,402090,402092,402091,0.1,1,0,3,12,12,40,0,0,40,40,0,0,0.35,-1,0,0,0,0,0,0,0,-1,0,0,0,0,0,1,30,0,0,0,100,100,100,100,100,0,0,0,0,0,254,254,254,254,0,0,0,4,0,0,1,0,0,0,1,0,0,0,1,0,1,0,0,1,0,0,0,100,0,0,0,0,0,-1,1,1,0,0,0,0,0,0,0,0,0,0,0,0,1,0,0,-1,0,-1,0,0,-1,-1,-1,-1,0,0,0,0,-1,0,0,-1,0,1,-1,0,0,0,0,0,0,0,0,0,-1,0,0,0,0,0,0,0,0,0,0,0,[0|0|0|0|0|0|0|0|0|0|0|0]
200070632,Claws of Night - Bullet,2210632,402090,402092,402091,0.1,1,0,3,12,12,40,0,0,40,40,0,0,0.35,-1,0,0,0,0,0,0,0,200070633,0,0,0,0,0,3,30,-5,5,0,100,100,100,100,100,0,0,60,0,0,254,254,254,254,0,0,0,4,0,0,1,0,0,0,1,0,0,0,1,0,1,0,0,1,0,0,0,100,0,0,0,0,0,-1,1,1,0,0,0,0,0,0,0,0,0,0,0,0,1,0,0,-1,0,-1,0,0,-1,-1,-1,-1,0,0,0,0,-1,0,0,-1,0,1,-1,0,0,0,0,0,0,0,0,0,-1,0,0,0,0,0,0,0,0,0,0,0,[0|0|0|0|0|0|0|0|0|0|0|0]
200070633,Claws of Night - Bullet,2210633,402090,402092,402091,0.1,1,0,3,12,12,40,0,0,40,40,0,0,0.35,-1,0,0,0,0,0,0,0,-1,0,0,0,0,0,1,30,0,0,0,100,100,100,100,100,0,0,0,0,0,254,254,254,254,0,0,0,4,0,0,1,0,0,0,1,0,0,0,1,0,1,0,0,1,0,0,0,100,0,0,0,0,0,-1,1,1,0,0,0,0,0,0,0,0,0,0,0,0,1,0,0,-1,0,-1,0,0,-1,-1,-1,-1,0,0,0,0,-1,0,0,-1,0,1,-1,0,0,0,0,0,0,0,0,0,-1,0,0,0,0,0,0,0,0,0,0,0,[0|0|0|0|0|0|0|0|0|0|0|0]
200070635,Claws of Night - Bullet,2210635,402090,402092,402091,0.1,1,0,5,30,15,58,0,0,58,58,0,0,0.35,-1,0,0,0,0,0,0,0,200070636,0,0,0,0,0,3,45,-5,5,0,100,100,100,100,100,0,0,60,0,0,254,254,254,254,0,0,0,4,0,0,1,0,0,0,1,0,0,0,1,0,1,0,0,1,0,0,0,100,0,0,0,0,0,-1,1,1,0,0,0,0,0,0,0,0,0,0,0,0,1,0,0,-1,0,-1,0,0,-1,-1,-1,-1,0,0,0,0,-1,0,0,-1,0,1,-1,0,0,0,0,0,0,0,0,0,-1,0,0,0,0,0,0,0,0,0,0,0,[0|0|0|0|0|0|0|0|0|0|0|0]
200070636,Claws of Night - Bullet,2210636,402090,402092,402091,0.1,1,0,5,30,15,58,0,0,58,58,0,0,0.35,-1,0,0,0,0,0,0,0,-1,0,0,0,0,0,1,45,0,0,0,100,100,100,100,100,0,0,0,0,0,254,254,254,254,0,0,0,4,0,0,1,0,0,0,1,0,0,0,1,0,1,0,0,1,0,0,0,100,0,0,0,0,0,-1,1,1,0,0,0,0,0,0,0,0,0,0,0,0,1,0,0,-1,0,-1,0,0,-1,-1,-1,-1,0,0,0,0,-1,0,0,-1,0,1,-1,0,0,0,0,0,0,0,0,0,-1,0,0,0,0,0,0,0,0,0,0,0,[0|0|0|0|0|0|0|0|0|0|0|0]
200080100,Smithscript Cirque - Bullet,6401100,402100,402102,402101,0.4,8,0,3,10,0,5,30,0,20,5,0.1,1,0.3,-1,0,0,0,0,0,0,0,200080101,0,0,0,0,0,1,500,-60,0,0,100,100,100,100,100,0,0,0,0,0,254,254,254,254,1,0,0,4,0,0,1,0,0,0,1,0,0,0,1,0,1,0,0,1,0,0,1,100,0,0,0,0,0,-1,0,0,0,0,0,0,0,1,1,0,0,0,0,0,1,0,0,-1,0,-1,0,0,-1,-1,-1,-1,0,0,0,0,-1,0,0,-1,0,0,16,0,0,0,0,0,0,0,0,0,-1,0,0,0,0,0,0,0,0,0,0,0,[0|0|0|0|0|0|0|0|0|0|0|0]
200080101,Smithscript Cirque - Bullet,6401100,402100,402102,402101,0.3,8,0,3,10,0.5,20,30,0,20,5,0.1,0,0.3,-1,0,0,0,0,0,0,0,-1,0,0,0,0,0,1,0,0,0,0,100,100,100,100,100,0,0,90,0,0,254,254,254,254,1,0,0,0,0,0,1,0,0,0,1,0,0,0,1,0,1,0,0,1,0,0,0,100,0,0,0,0,0,-1,0,0,0,0,0,0,0,0,1,0,0,0,0,0,1,0,0,-1,0,-1,0,0,-1,-1,-1,-1,0,0,0,0,-1,0,0,-1,0,0,16,0,0,0,0,0,0,0,0,0,-1,0,0,0,0,0,0,0,0,0,0,0,[0|0|0|0|0|0|0|0|0|0|0|0]
200080105,Smithscript Cirque - Bullet,6401105,402100,402102,402101,0.4,8,0,5,10,0,5,30,0,20,5,0.1,1,0.3,-1,0,0,0,0,0,0,0,200080106,0,0,0,0,0,1,500,-60,0,0,100,100,100,100,100,0,0,0,0,0,254,254,254,254,1,0,0,4,0,0,1,0,0,0,1,0,0,0,1,0,1,0,0,1,0,0,1,100,0,0,0,0,0,-1,0,0,0,0,0,0,0,1,1,0,0,0,0,0,1,0,0,-1,0,-1,0,0,-1,-1,-1,-1,0,0,0,0,-1,0,0,-1,0,0,16,0,0,0,0,0,0,0,0,0,-1,0,0,0,0,0,0,0,0,0,0,0,[0|0|0|0|0|0|0|0|0|0|0|0]
200080106,Smithscript Cirque - Bullet,6401105,402100,402102,402101,0.3,8,0,3,10,0.5,20,30,0,20,5,0.1,0,0.3,-1,0,0,0,0,0,0,0,-1,0,0,0,0,0,1,0,0,0,0,100,100,100,100,100,0,0,90,0,0,254,254,254,254,1,0,0,0,0,0,1,0,0,0,1,0,0,0,1,0,1,0,0,1,0,0,0,100,0,0,0,0,0,-1,0,0,0,0,0,0,0,0,1,0,0,0,0,0,1,0,0,-1,0,-1,0,0,-1,-1,-1,-1,0,0,0,0,-1,0,0,-1,0,0,16,0,0,0,0,0,0,0,0,0,-1,0,0,0,0,0,0,0,0,0,0,0,[0|0|0|0|0|0|0|0|0|0|0|0]
200080110,Smithscript Cirque - Bullet,6401110,402100,402102,402101,0.4,8,0,3,10,0,5,30,0,20,5,0.1,1,0.3,-1,0,0,0,0,0,0,0,200080111,0,0,0,0,0,1,500,60,0,0,100,100,100,100,100,0,0,0,0,0,254,254,254,254,1,0,0,4,0,0,1,0,0,0,1,0,0,0,1,0,1,0,0,1,0,0,1,100,0,0,0,0,0,-1,0,0,0,0,0,0,0,1,1,0,0,0,0,0,1,0,0,-1,0,-1,0,0,-1,-1,-1,-1,0,0,0,0,-1,0,0,-1,0,0,16,0,0,0,0,0,0,0,0,0,-1,0,0,0,0,0,0,0,0,0,0,0,[0|0|0|0|0|0|0|0|0|0|0|0]
200080111,Smithscript Cirque - Bullet,6401110,402100,402102,402101,0.3,8,0,3,10,0.5,20,30,0,20,5,0.1,0,0.3,-1,0,0,0,0,0,0,0,-1,0,0,0,0,0,1,0,0,0,0,100,100,100,100,100,0,0,90,0,0,254,254,254,254,1,0,0,0,0,0,1,0,0,0,1,0,0,0,1,0,1,0,0,1,0,0,0,100,0,0,0,0,0,-1,0,0,0,0,0,0,0,0,1,0,0,0,0,0,1,0,0,-1,0,-1,0,0,-1,-1,-1,-1,0,0,0,0,-1,0,0,-1,0,0,16,0,0,0,0,0,0,0,0,0,-1,0,0,0,0,0,0,0,0,0,0,0,[0|0|0|0|0|0|0|0|0|0|0|0]
200080115,Smithscript Cirque - Bullet,6401115,402100,402102,402101,0.4,8,0,5,10,0,5,30,0,20,5,0.1,1,0.3,-1,0,0,0,0,0,0,0,200080116,0,0,0,0,0,1,500,60,0,0,100,100,100,100,100,0,0,0,0,0,254,254,254,254,1,0,0,4,0,0,1,0,0,0,1,0,0,0,1,0,1,0,0,1,0,0,1,100,0,0,0,0,0,-1,0,0,0,0,0,0,0,1,1,0,0,0,0,0,1,0,0,-1,0,-1,0,0,-1,-1,-1,-1,0,0,0,0,-1,0,0,-1,0,0,16,0,0,0,0,0,0,0,0,0,-1,0,0,0,0,0,0,0,0,0,0,0,[0|0|0|0|0|0|0|0|0|0|0|0]
200080116,Smithscript Cirque - Bullet,6401115,402100,402102,402101,0.3,8,0,3,10,0.5,20,30,0,20,5,0.1,0,0.3,-1,0,0,0,0,0,0,0,-1,0,0,0,0,0,1,0,0,0,0,100,100,100,100,100,0,0,90,0,0,254,254,254,254,1,0,0,0,0,0,1,0,0,0,1,0,0,0,1,0,1,0,0,1,0,0,0,100,0,0,0,0,0,-1,0,0,0,0,0,0,0,0,1,0,0,0,0,0,1,0,0,-1,0,-1,0,0,-1,-1,-1,-1,0,0,0,0,-1,0,0,-1,0,0,16,0,0,0,0,0,0,0,0,0,-1,0,0,0,0,0,0,0,0,0,0,0,[0|0|0|0|0|0|0|0|0|0|0|0]
200080125,Smithscript Cirque - Bullet,6401125,402100,402102,402101,0.4,8,0,3,10,0,5,30,0,20,5,0.1,0.5,0.3,-1,0,0,0,0,0,0,0,200080126,0,0,0,0,0,1,500,10,0,0,100,100,100,100,100,0,0,70,0,0,254,254,254,254,1,0,0,4,0,0,1,0,0,0,1,0,0,0,1,0,1,0,0,1,0,0,1,100,0,0,0,0,0,-1,0,0,0,0,0,0,0,1,1,0,0,0,0,0,1,0,0,-1,0,-1,0,0,-1,-1,-1,-1,0,0,0,0,-1,0,0,-1,0,0,16,0,0,0,0,0,0,0,0,0,-1,0,0,0,0,0,0,0,0,0,0,0,[0|0|0|0|0|0|0|0|0|0|0|0]
200080126,Smithscript Cirque - Bullet,6401125,402105,402102,402101,0.3,8,0,3,10,0.5,20,30,0,20,5,0.1,0,0.3,-1,0,0,0,0,0,0,0,-1,0,0,0,0,0,1,0,0,0,0,100,100,100,100,100,0,0,60,0,0,254,254,254,254,1,0,0,0,0,0,1,0,0,0,1,0,0,0,1,0,1,0,0,1,0,0,0,100,0,0,0,0,0,-1,0,0,0,0,0,0,0,0,1,0,0,0,0,0,1,0,0,-1,0,-1,0,0,-1,-1,-1,-1,0,0,0,0,-1,0,0,-1,0,0,16,0,0,0,0,0,0,0,0,0,-1,0,0,0,0,0,0,0,0,0,0,0,[0|0|0|0|0|0|0|0|0|0|0|0]
200080160,Smithscript Cirque - Bullet,6401160,402100,402102,402101,0.4,8,0,3,10,0,5,30,0,20,5,0.1,1,0.3,-1,0,0,0,0,0,0,0,200080161,0,0,0,0,0,1,500,0,0,0,100,100,100,100,100,0,0,15,0,0,254,254,254,254,1,0,0,4,0,0,1,0,0,0,1,0,0,0,1,0,1,0,0,1,0,0,1,100,0,0,0,0,0,-1,0,0,0,0,0,0,0,1,1,0,0,0,0,0,1,0,0,-1,0,-1,0,0,-1,-1,-1,-1,0,0,0,0,-1,0,0,-1,0,0,16,0,0,0,0,0,0,0,0,0,-1,0,0,0,0,0,0,0,0,0,0,0,[0|0|0|0|0|0|0|0|0|0|0|0]
200080161,Smithscript Cirque - Bullet,6401160,402105,402102,402101,0.3,8,0,3,10,0.5,20,30,0,20,5,0.1,0,0.3,-1,0,0,0,0,0,0,0,-1,0,0,0,0,0,1,0,0,0,0,100,100,100,100,100,0,0,60,0,0,254,254,254,254,1,0,0,0,0,0,1,0,0,0,1,0,0,0,1,0,1,0,0,1,0,0,0,100,0,0,0,0,0,-1,0,0,0,0,0,0,0,0,1,0,0,0,0,0,1,0,0,-1,0,-1,0,0,-1,-1,-1,-1,0,0,0,0,-1,0,0,-1,0,0,16,0,0,0,0,0,0,0,0,0,-1,0,0,0,0,0,0,0,0,0,0,0,[0|0|0|0|0|0|0|0|0|0|0|0]
200080180,Smithscript Cirque - Bullet,6401180,402100,402102,402101,0.4,8,0,3,10,0,5,30,0,20,5,0.1,1,0.3,-1,0,0,0,0,0,0,0,200080181,0,0,0,0,0,1,500,15,0,0,100,100,100,100,100,0,0,0,0,0,254,254,254,254,1,0,0,4,0,0,1,0,0,0,1,0,0,0,1,0,1,0,0,1,0,0,1,100,0,0,0,0,0,-1,0,0,0,0,0,0,0,1,1,0,0,0,0,0,1,0,0,-1,0,-1,0,0,-1,-1,-1,-1,0,0,0,0,-1,0,0,-1,0,0,16,0,0,0,0,0,0,0,0,0,-1,0,0,0,0,0,0,0,0,0,0,0,[0|0|0|0|0|0|0|0|0|0|0|0]
200080181,Smithscript Cirque - Bullet,6401180,402100,402102,402101,0.3,8,0,3,10,0.5,20,30,0,20,5,0.1,0,0.3,-1,0,0,0,0,0,0,0,-1,0,0,0,0,0,1,0,0,0,0,100,100,100,100,100,0,0,90,0,0,254,254,254,254,1,0,0,0,0,0,1,0,0,0,1,0,0,0,1,0,1,0,0,1,0,0,0,100,0,0,0,0,0,-1,0,0,0,0,0,0,0,0,1,0,0,0,0,0,1,0,0,-1,0,-1,0,0,-1,-1,-1,-1,0,0,0,0,-1,0,0,-1,0,0,16,0,0,0,0,0,0,0,0,0,-1,0,0,0,0,0,0,0,0,0,0,0,[0|0|0|0|0|0|0|0|0|0|0|0]
200080300,Smithscript Cirque - Bullet,6401300,402100,402102,402101,0.4,8,0,3,10,0,5,30,0,20,5,0.1,1,0.3,-1,0,0,0,0,0,0,0,200080301,0,0,0,0,0,1,500,-30,0,0,100,100,100,100,100,0,0,15,0,0,254,254,254,254,1,0,0,4,0,0,1,0,0,0,1,0,0,0,1,0,1,0,0,1,0,0,1,100,0,0,0,0,0,-1,0,0,0,0,0,0,0,1,1,0,0,0,0,0,1,0,0,-1,0,-1,0,0,-1,-1,-1,-1,0,0,0,0,-1,0,0,-1,0,0,16,0,0,0,0,0,0,0,0,0,-1,0,0,0,0,0,0,0,0,0,0,0,[0|0|0|0|0|0|0|0|0|0|0|0]
200080301,Smithscript Cirque - Bullet,6401300,402100,402102,402101,0.3,8,0,3,10,0.5,20,30,0,20,5,0.1,0,0.3,-1,0,0,0,0,0,0,0,-1,0,0,0,0,0,1,0,0,0,0,100,100,100,100,100,0,0,90,0,0,254,254,254,254,1,0,0,0,0,0,1,0,0,0,1,0,0,0,1,0,1,0,0,1,0,0,0,100,0,0,0,0,0,-1,0,0,0,0,0,0,0,0,1,0,0,0,0,0,1,0,0,-1,0,-1,0,0,-1,-1,-1,-1,0,0,0,0,-1,0,0,-1,0,0,16,0,0,0,0,0,0,0,0,0,-1,0,0,0,0,0,0,0,0,0,0,0,[0|0|0|0|0|0|0|0|0|0|0|0]
200080303,Smithscript Cirque - Bullet,6401303,402100,402102,402101,0.4,8,0,3,10,0,5,30,0,20,5,0.1,1,0.3,-1,0,0,0,0,0,0,0,200080304,0,0,0,0,0,1,500,-30,0,0,100,100,100,100,100,0,0,15,0,0,254,254,254,254,1,0,0,4,0,0,1,0,0,0,1,0,0,0,1,0,1,0,0,1,0,0,1,100,0,0,0,0,0,-1,0,0,0,0,0,0,0,1,1,0,0,0,0,0,1,0,0,-1,0,-1,0,0,-1,-1,-1,-1,0,0,0,0,-1,0,0,-1,0,0,16,0,0,0,0,0,0,0,0,0,-1,0,0,0,0,0,0,0,0,0,0,0,[0|0|0|0|0|0|0|0|0|0|0|0]
200080304,Smithscript Cirque - Bullet,6401303,402100,402102,402101,0.3,8,0,3,10,0.5,20,30,0,20,5,0.1,0,0.3,-1,0,0,0,0,0,0,0,-1,0,0,0,0,0,1,0,0,0,0,100,100,100,100,100,0,0,90,0,0,254,254,254,254,1,0,0,0,0,0,1,0,0,0,1,0,0,0,1,0,1,0,0,1,0,0,0,100,0,0,0,0,0,-1,0,0,0,0,0,0,0,0,1,0,0,0,0,0,1,0,0,-1,0,-1,0,0,-1,-1,-1,-1,0,0,0,0,-1,0,0,-1,0,0,16,0,0,0,0,0,0,0,0,0,-1,0,0,0,0,0,0,0,0,0,0,0,[0|0|0|0|0|0|0|0|0|0|0|0]
200080305,Smithscript Cirque - Bullet,6401305,402100,402102,402101,0.4,8,0,5,10,0,5,30,0,20,5,0.1,1,0.3,-1,0,0,0,0,0,0,0,200080306,0,0,0,0,0,1,500,-30,0,0,100,100,100,100,100,0,0,15,0,0,254,254,254,254,1,0,0,4,0,0,1,0,0,0,1,0,0,0,1,0,1,0,0,1,0,0,1,100,0,0,0,0,0,-1,0,0,0,0,0,0,0,1,1,0,0,0,0,0,1,0,0,-1,0,-1,0,0,-1,-1,-1,-1,0,0,0,0,-1,0,0,-1,0,0,16,0,0,0,0,0,0,0,0,0,-1,0,0,0,0,0,0,0,0,0,0,0,[0|0|0|0|0|0|0|0|0|0|0|0]
200080306,Smithscript Cirque - Bullet,6401305,402100,402102,402101,0.3,8,0,3,10,0.5,20,30,0,20,5,0.1,0,0.3,-1,0,0,0,0,0,0,0,-1,0,0,0,0,0,1,0,0,0,0,100,100,100,100,100,0,0,90,0,0,254,254,254,254,1,0,0,0,0,0,1,0,0,0,1,0,0,0,1,0,1,0,0,1,0,0,0,100,0,0,0,0,0,-1,0,0,0,0,0,0,0,0,1,0,0,0,0,0,1,0,0,-1,0,-1,0,0,-1,-1,-1,-1,0,0,0,0,-1,0,0,-1,0,0,16,0,0,0,0,0,0,0,0,0,-1,0,0,0,0,0,0,0,0,0,0,0,[0|0|0|0|0|0|0|0|0|0|0|0]
200080308,Smithscript Cirque - Bullet,6401308,402100,402102,402101,0.4,8,0,5,10,0,5,30,0,20,5,0.1,1,0.3,-1,0,0,0,0,0,0,0,200080309,0,0,0,0,0,1,500,-30,0,0,100,100,100,100,100,0,0,15,0,0,254,254,254,254,1,0,0,4,0,0,1,0,0,0,1,0,0,0,1,0,1,0,0,1,0,0,1,100,0,0,0,0,0,-1,0,0,0,0,0,0,0,1,1,0,0,0,0,0,1,0,0,-1,0,-1,0,0,-1,-1,-1,-1,0,0,0,0,-1,0,0,-1,0,0,16,0,0,0,0,0,0,0,0,0,-1,0,0,0,0,0,0,0,0,0,0,0,[0|0|0|0|0|0|0|0|0|0|0|0]
200080309,Smithscript Cirque - Bullet,6401308,402100,402102,402101,0.3,8,0,3,10,0.5,20,30,0,20,5,0.1,0,0.3,-1,0,0,0,0,0,0,0,-1,0,0,0,0,0,1,0,0,0,0,100,100,100,100,100,0,0,90,0,0,254,254,254,254,1,0,0,0,0,0,1,0,0,0,1,0,0,0,1,0,1,0,0,1,0,0,0,100,0,0,0,0,0,-1,0,0,0,0,0,0,0,0,1,0,0,0,0,0,1,0,0,-1,0,-1,0,0,-1,-1,-1,-1,0,0,0,0,-1,0,0,-1,0,0,16,0,0,0,0,0,0,0,0,0,-1,0,0,0,0,0,0,0,0,0,0,0,[0|0|0|0|0|0|0|0|0|0|0|0]
200080310,Smithscript Cirque - Bullet,6401310,402100,402102,402101,0.4,8,0,3,10,0,5,30,0,20,5,0.1,1,0.3,-1,0,0,0,0,0,0,0,200080311,0,0,0,0,0,1,500,30,0,0,100,100,100,100,100,0,30,15,0,0,254,254,254,254,1,0,0,4,0,0,1,0,0,0,1,0,0,0,1,0,1,0,0,1,0,0,1,100,0,0,0,0,0,-1,0,0,0,0,0,0,0,1,1,0,0,0,0,0,1,0,0,-1,0,-1,0,0,-1,-1,-1,-1,0,0,0,0,-1,0,0,-1,0,0,16,0,0,0,0,0,0,0,0,0,-1,0,0,0,0,0,0,0,0,0,0,0,[0|0|0|0|0|0|0|0|0|0|0|0]
200080311,Smithscript Cirque - Bullet,6401310,402100,402102,402101,0.3,8,0,3,10,0.5,20,30,0,20,5,0.1,0,0.3,-1,0,0,0,0,0,0,0,-1,0,0,0,0,0,1,0,0,0,0,100,100,100,100,100,0,0,90,0,0,254,254,254,254,1,0,0,0,0,0,1,0,0,0,1,0,0,0,1,0,1,0,0,1,0,0,0,100,0,0,0,0,0,-1,0,0,0,0,0,0,0,0,1,0,0,0,0,0,1,0,0,-1,0,-1,0,0,-1,-1,-1,-1,0,0,0,0,-1,0,0,-1,0,0,16,0,0,0,0,0,0,0,0,0,-1,0,0,0,0,0,0,0,0,0,0,0,[0|0|0|0|0|0|0|0|0|0|0|0]
200080313,Smithscript Cirque - Bullet,6401313,402100,402102,402101,0.4,8,0,3,10,0,5,30,0,20,5,0.1,1,0.3,-1,0,0,0,0,0,0,0,200080314,0,0,0,0,0,1,500,30,0,0,100,100,100,100,100,0,30,15,0,0,254,254,254,254,1,0,0,4,0,0,1,0,0,0,1,0,0,0,1,0,1,0,0,1,0,0,1,100,0,0,0,0,0,-1,0,0,0,0,0,0,0,1,1,0,0,0,0,0,1,0,0,-1,0,-1,0,0,-1,-1,-1,-1,0,0,0,0,-1,0,0,-1,0,0,16,0,0,0,0,0,0,0,0,0,-1,0,0,0,0,0,0,0,0,0,0,0,[0|0|0|0|0|0|0|0|0|0|0|0]
200080314,Smithscript Cirque - Bullet,6401313,402100,402102,402101,0.3,8,0,3,10,0.5,20,30,0,20,5,0.1,0,0.3,-1,0,0,0,0,0,0,0,-1,0,0,0,0,0,1,0,0,0,0,100,100,100,100,100,0,0,90,0,0,254,254,254,254,1,0,0,0,0,0,1,0,0,0,1,0,0,0,1,0,1,0,0,1,0,0,0,100,0,0,0,0,0,-1,0,0,0,0,0,0,0,0,1,0,0,0,0,0,1,0,0,-1,0,-1,0,0,-1,-1,-1,-1,0,0,0,0,-1,0,0,-1,0,0,16,0,0,0,0,0,0,0,0,0,-1,0,0,0,0,0,0,0,0,0,0,0,[0|0|0|0|0|0|0|0|0|0|0|0]
200080315,Smithscript Cirque - Bullet,6401315,402100,402102,402101,0.4,8,0,5,10,0,5,30,0,20,5,0.1,0.5,0.3,-1,0,0,0,0,0,0,0,200080316,0,0,0,0,0,1,500,10,0,0,100,100,100,100,100,0,30,70,0,0,254,254,254,254,1,0,0,4,0,0,1,0,0,0,1,0,0,0,1,0,1,0,0,1,0,0,1,100,0,0,0,0,0,-1,0,0,0,0,0,0,0,1,1,0,0,0,0,0,1,0,0,-1,0,-1,0,0,-1,-1,-1,-1,0,0,0,0,-1,0,0,-1,0,0,16,0,0,0,0,0,0,0,0,0,-1,0,0,0,0,0,0,0,0,0,0,0,[0|0|0|0|0|0|0|0|0|0|0|0]
200080316,Smithscript Cirque - Bullet,6401315,402100,402102,402101,0.3,8,0,3,10,0.5,20,30,0,20,5,0.1,0,0.3,-1,0,0,0,0,0,0,0,-1,0,0,0,0,0,1,0,0,0,0,100,100,100,100,100,0,0,90,0,0,254,254,254,254,1,0,0,0,0,0,1,0,0,0,1,0,0,0,1,0,1,0,0,1,0,0,0,100,0,0,0,0,0,-1,0,0,0,0,0,0,0,0,1,0,0,0,0,0,1,0,0,-1,0,-1,0,0,-1,-1,-1,-1,0,0,0,0,-1,0,0,-1,0,0,16,0,0,0,0,0,0,0,0,0,-1,0,0,0,0,0,0,0,0,0,0,0,[0|0|0|0|0|0|0|0|0|0|0|0]
200080318,Smithscript Cirque - Bullet,6401318,402100,402102,402101,0.4,8,0,5,10,0,5,30,0,20,5,0.1,0.5,0.3,-1,0,0,0,0,0,0,0,200080319,0,0,0,0,0,1,500,-10,0,0,100,100,100,100,100,0,30,75,0,0,254,254,254,254,1,0,0,4,0,0,1,0,0,0,1,0,0,0,1,0,1,0,0,1,0,0,1,100,0,0,0,0,0,-1,0,0,0,0,0,0,0,1,1,0,0,0,0,0,1,0,0,-1,0,-1,0,0,-1,-1,-1,-1,0,0,0,0,-1,0,0,-1,0,0,16,0,0,0,0,0,0,0,0,0,-1,0,0,0,0,0,0,0,0,0,0,0,[0|0|0|0|0|0|0|0|0|0|0|0]
200080319,Smithscript Cirque - Bullet,6401318,402100,402102,402101,0.3,8,0,3,10,0.5,20,30,0,20,5,0.1,0,0.3,-1,0,0,0,0,0,0,0,-1,0,0,0,0,0,1,0,0,0,0,100,100,100,100,100,0,0,90,0,0,254,254,254,254,1,0,0,0,0,0,1,0,0,0,1,0,0,0,1,0,1,0,0,1,0,0,0,100,0,0,0,0,0,-1,0,0,0,0,0,0,0,0,1,0,0,0,0,0,1,0,0,-1,0,-1,0,0,-1,-1,-1,-1,0,0,0,0,-1,0,0,-1,0,0,16,0,0,0,0,0,0,0,0,0,-1,0,0,0,0,0,0,0,0,0,0,0,[0|0|0|0|0|0|0|0|0|0|0|0]
200080325,Smithscript Cirque - Bullet,6401325,402100,402102,402101,0.4,8,0,3,10,0,5,30,0,20,5,0.1,1,0.3,-1,0,0,0,0,0,0,0,200080319,0,0,0,0,0,1,500,30,0,0,100,100,100,100,100,0,30,75,0,0,254,254,254,254,1,0,0,4,0,0,1,0,0,0,1,0,0,0,1,0,1,0,0,1,0,0,1,100,0,0,0,0,0,-1,0,0,0,0,0,0,0,1,1,0,0,0,0,0,1,0,0,-1,0,-1,0,0,-1,-1,-1,-1,0,0,0,0,-1,0,0,-1,0,0,16,0,0,0,0,0,0,0,0,0,-1,0,0,0,0,0,0,0,0,0,0,0,[0|0|0|0|0|0|0|0|0|0|0|0]
200080326,Smithscript Cirque - Bullet,6401325,402100,402102,402101,0.3,8,0,3,10,0.5,20,30,0,20,5,0.1,0,0.3,-1,0,0,0,0,0,0,0,-1,0,0,0,0,0,1,0,0,0,0,100,100,100,100,100,0,0,90,0,0,254,254,254,254,1,0,0,0,0,0,1,0,0,0,1,0,0,0,1,0,1,0,0,1,0,0,0,100,0,0,0,0,0,-1,0,0,0,0,0,0,0,0,1,0,0,0,0,0,1,0,0,-1,0,-1,0,0,-1,-1,-1,-1,0,0,0,0,-1,0,0,-1,0,0,16,0,0,0,0,0,0,0,0,0,-1,0,0,0,0,0,0,0,0,0,0,0,[0|0|0|0|0|0|0|0|0|0|0|0]
200080328,Smithscript Cirque - Bullet,6401328,402100,402102,402101,0.4,8,0,3,10,0,5,30,0,20,5,0.1,1,0.3,-1,0,0,0,0,0,0,0,200080319,0,0,0,0,0,1,500,30,0,0,100,100,100,100,100,0,30,0,0,0,254,254,254,254,1,0,0,4,0,0,1,0,0,0,1,0,0,0,1,0,1,0,0,1,0,0,1,100,0,0,0,0,0,-1,0,0,0,0,0,0,0,1,1,0,0,0,0,0,1,0,0,-1,0,-1,0,0,-1,-1,-1,-1,0,0,0,0,-1,0,0,-1,0,0,16,0,0,0,0,0,0,0,0,0,-1,0,0,0,0,0,0,0,0,0,0,0,[0|0|0|0|0|0|0|0|0|0|0|0]
200080329,Smithscript Cirque - Bullet,6401328,402100,402102,402101,0.3,8,0,3,10,0.5,20,30,0,20,5,0.1,0,0.3,-1,0,0,0,0,0,0,0,-1,0,0,0,0,0,1,0,0,0,0,100,100,100,100,100,0,0,90,0,0,254,254,254,254,1,0,0,0,0,0,1,0,0,0,1,0,0,0,1,0,1,0,0,1,0,0,0,100,0,0,0,0,0,-1,0,0,0,0,0,0,0,0,1,0,0,0,0,0,1,0,0,-1,0,-1,0,0,-1,-1,-1,-1,0,0,0,0,-1,0,0,-1,0,0,16,0,0,0,0,0,0,0,0,0,-1,0,0,0,0,0,0,0,0,0,0,0,[0|0|0|0|0|0|0|0|0|0|0|0]
200080360,Smithscript Cirque - Bullet,6401360,402100,402102,402101,0.4,8,0,3,10,0,5,30,0,20,5,0.1,1,0.3,-1,0,0,0,0,0,0,0,200080361,0,0,0,0,0,1,500,60,0,0,100,100,100,100,100,0,30,0,0,0,254,254,254,254,1,0,0,4,0,0,1,0,0,0,1,0,0,0,1,0,1,0,0,1,0,0,1,100,0,0,0,0,0,-1,0,0,0,0,0,0,0,1,1,0,0,0,0,0,1,0,0,-1,0,-1,0,0,-1,-1,-1,-1,0,0,0,0,-1,0,0,-1,0,0,16,0,0,0,0,0,0,0,0,0,-1,0,0,0,0,0,0,0,0,0,0,0,[0|0|0|0|0|0|0|0|0|0|0|0]
200080361,Smithscript Cirque - Bullet,6401360,402100,402102,402101,0.3,8,0,3,10,0.5,20,30,0,20,5,0.1,0,0.3,-1,0,0,0,0,0,0,0,-1,0,0,0,0,0,1,0,0,0,0,100,100,100,100,100,0,0,90,0,0,254,254,254,254,1,0,0,0,0,0,1,0,0,0,1,0,0,0,1,0,1,0,0,1,0,0,0,100,0,0,0,0,0,-1,0,0,0,0,0,0,0,0,1,0,0,0,0,0,1,0,0,-1,0,-1,0,0,-1,-1,-1,-1,0,0,0,0,-1,0,0,-1,0,0,16,0,0,0,0,0,0,0,0,0,-1,0,0,0,0,0,0,0,0,0,0,0,[0|0|0|0|0|0|0|0|0|0|0|0]
200080363,Smithscript Cirque - Bullet,6401363,402100,402102,402101,0.4,8,0,3,10,0,5,30,0,20,5,0.1,1,0.3,-1,0,0,0,0,0,0,0,200080364,0,0,0,0,0,1,500,-60,0,0,100,100,100,100,100,0,30,0,0,0,254,254,254,254,1,0,0,4,0,0,1,0,0,0,1,0,0,0,1,0,1,0,0,1,0,0,1,100,0,0,0,0,0,-1,0,0,0,0,0,0,0,1,1,0,0,0,0,0,1,0,0,-1,0,-1,0,0,-1,-1,-1,-1,0,0,0,0,-1,0,0,-1,0,0,16,0,0,0,0,0,0,0,0,0,-1,0,0,0,0,0,0,0,0,0,0,0,[0|0|0|0|0|0|0|0|0|0|0|0]
200080364,Smithscript Cirque - Bullet,6401363,402100,402102,402101,0.3,8,0,3,10,0.5,20,30,0,20,5,0.1,0,0.3,-1,0,0,0,0,0,0,0,-1,0,0,0,0,0,1,0,0,0,0,100,100,100,100,100,0,0,90,0,0,254,254,254,254,1,0,0,0,0,0,1,0,0,0,1,0,0,0,1,0,1,0,0,1,0,0,0,100,0,0,0,0,0,-1,0,0,0,0,0,0,0,0,1,0,0,0,0,0,1,0,0,-1,0,-1,0,0,-1,-1,-1,-1,0,0,0,0,-1,0,0,-1,0,0,16,0,0,0,0,0,0,0,0,0,-1,0,0,0,0,0,0,0,0,0,0,0,[0|0|0|0|0|0|0|0|0|0|0|0]
200080380,Smithscript Cirque - Bullet,6401380,402100,402102,402101,0.4,8,0,3,10,0,5,30,0,20,5,0.1,1,0.3,-1,0,0,0,0,0,0,0,200080381,0,0,0,0,0,1,500,-60,0,0,100,100,100,100,100,0,30,0,0,0,254,254,254,254,1,0,0,4,0,0,1,0,0,0,1,0,0,0,1,0,1,0,0,1,0,0,1,100,0,0,0,0,0,-1,0,0,0,0,0,0,0,1,1,0,0,0,0,0,1,0,0,-1,0,-1,0,0,-1,-1,-1,-1,0,0,0,0,-1,0,0,-1,0,0,16,0,0,0,0,0,0,0,0,0,-1,0,0,0,0,0,0,0,0,0,0,0,[0|0|0|0|0|0|0|0|0|0|0|0]
200080381,Smithscript Cirque - Bullet,6401381,402100,402102,402101,0.4,8,0,3,10,0,5,30,0,20,5,0.1,1,0.3,-1,0,0,0,0,0,0,0,200080383,0,0,0,0,0,1,500,-60,0,0,100,100,100,100,100,0,30,0,0,0,254,254,254,254,1,0,0,4,0,0,1,0,0,0,1,0,0,0,1,0,1,0,0,1,0,0,1,100,0,0,0,0,0,-1,0,0,0,0,0,0,0,1,1,0,0,0,0,0,1,0,0,-1,0,-1,0,0,-1,-1,-1,-1,0,0,0,0,-1,0,0,-1,0,0,16,0,0,0,0,0,0,0,0,0,-1,0,0,0,0,0,0,0,0,0,0,0,[0|0|0|0|0|0|0|0|0|0|0|0]
200080382,Smithscript Cirque - Bullet,6401380,402100,402102,402101,0.3,8,0,3,10,0.5,20,30,0,20,5,0.1,0,0.3,-1,0,0,0,0,0,0,0,-1,0,0,0,0,0,1,0,0,0,0,100,100,100,100,100,0,0,90,0,0,254,254,254,254,1,0,0,0,0,0,1,0,0,0,1,0,0,0,1,0,1,0,0,1,0,0,0,100,0,0,0,0,0,-1,0,0,0,0,0,0,0,0,1,0,0,0,0,0,1,0,0,-1,0,-1,0,0,-1,-1,-1,-1,0,0,0,0,-1,0,0,-1,0,0,16,0,0,0,0,0,0,0,0,0,-1,0,0,0,0,0,0,0,0,0,0,0,[0|0|0|0|0|0|0|0|0|0|0|0]
200080383,Smithscript Cirque - Bullet,6401380,402100,402102,402101,0.3,8,0,3,10,0.5,20,30,0,20,5,0.1,0,0.3,-1,0,0,0,0,0,0,0,-1,0,0,0,0,0,1,0,0,0,0,100,100,100,100,100,0,0,90,0,0,254,254,254,254,1,0,0,0,0,0,1,0,0,0,1,0,0,0,1,0,1,0,0,1,0,0,0,100,0,0,0,0,0,-1,0,0,0,0,0,0,0,0,1,0,0,0,0,0,1,0,0,-1,0,-1,0,0,-1,-1,-1,-1,0,0,0,0,-1,0,0,-1,0,0,16,0,0,0,0,0,0,0,0,0,-1,0,0,0,0,0,0,0,0,0,0,0,[0|0|0|0|0|0|0|0|0|0|0|0]
200080632,Smithscript Cirque - Bullet,6401632,402100,402102,402101,0.4,8,0,3,10,0,5,30,0,20,5,0.1,1,0.3,-1,0,0,0,0,0,0,0,200080383,0,0,0,0,0,1,500,-60,0,0,100,100,100,100,100,0,30,0,0,0,254,254,254,254,1,0,0,4,0,0,1,0,0,0,1,0,0,0,1,0,1,0,0,1,0,0,1,100,0,0,0,0,0,-1,0,0,0,0,0,0,0,1,1,0,0,0,0,0,1,0,0,-1,0,-1,0,0,-1,-1,-1,-1,0,0,0,0,-1,0,0,-1,0,0,16,0,0,0,0,0,0,0,0,0,-1,0,0,0,0,0,0,0,0,0,0,0,[0|0|0|0|0|0|0|0|0|0|0|0]
200080633,Smithscript Cirque - Bullet,6401632,402100,402102,402101,0.3,8,0,3,10,0.5,20,30,0,20,5,0.1,0,0.3,-1,0,0,0,0,0,0,0,-1,0,0,0,0,0,1,0,0,0,0,100,100,100,100,100,0,0,90,0,0,254,254,254,254,1,0,0,0,0,0,1,0,0,0,1,0,0,0,1,0,1,0,0,1,0,0,0,100,0,0,0,0,0,-1,0,0,0,0,0,0,0,0,1,0,0,0,0,0,1,0,0,-1,0,-1,0,0,-1,-1,-1,-1,0,0,0,0,-1,0,0,-1,0,0,16,0,0,0,0,0,0,0,0,0,-1,0,0,0,0,0,0,0,0,0,0,0,[0|0|0|0|0|0|0|0|0|0|0|0]
200080635,Smithscript Cirque - Bullet,6401635,402100,402102,402101,0.4,8,0,5,10,0,5,30,0,20,5,0.1,1,0.3,-1,0,0,0,0,0,0,0,200080636,0,0,0,0,0,1,500,-60,0,0,100,100,100,100,100,0,30,0,0,0,254,254,254,254,1,0,0,4,0,0,1,0,0,0,1,0,0,0,1,0,1,0,0,1,0,0,1,100,0,0,0,0,0,-1,0,0,0,0,0,0,0,1,1,0,0,0,0,0,1,0,0,-1,0,-1,0,0,-1,-1,-1,-1,0,0,0,0,-1,0,0,-1,0,0,16,0,0,0,0,0,0,0,0,0,-1,0,0,0,0,0,0,0,0,0,0,0,[0|0|0|0|0|0|0|0|0|0|0|0]
200080636,Smithscript Cirque - Bullet,6401632,402100,402102,402101,0.3,8,0,3,10,0.5,20,30,0,20,5,0.1,0,0.3,-1,0,0,0,0,0,0,0,-1,0,0,0,0,0,1,0,0,0,0,100,100,100,100,100,0,0,90,0,0,254,254,254,254,1,0,0,0,0,0,1,0,0,0,1,0,0,0,1,0,1,0,0,1,0,0,0,100,0,0,0,0,0,-1,0,0,0,0,0,0,0,0,1,0,0,0,0,0,1,0,0,-1,0,-1,0,0,-1,-1,-1,-1,0,0,0,0,-1,0,0,-1,0,0,16,0,0,0,0,0,0,0,0,0,-1,0,0,0,0,0,0,0,0,0,0,0,[0|0|0|0|0|0|0|0|0|0|0|0]
210432000,Rellana's twin moons,0,-1,-1,-1,0.3,0,0,0,0,0,0,0,0,0,0,0,0,0.5,-1,0,0,0,0,0,0,0,210432001,0,0,0,0,0,1,0,0,0,0,0,0,0,0,0,0,0,180,0,0,254,254,254,254,1,0,0,0,0,0,0,0,0,0,0,0,0,0,0,0,0,0,0,0,0,0,0,0,0,0,0,0,0,-1,0,0,0,0,0,0,0,0,0,0,0,0,0,0,0,0,0,-1,0,-1,0,5,-1,-1,-1,-1,0,0,0,0,-1,0,0,-1,0,1,0,0,0,0,0,0,0,0,0,0,-1,0,0,0,0,0,0,0,0,0,0,0,[0|0|0|0|0|0|0|0|0|0|0|0]
210432001,Rellana's twin moons,0,550104,550105,-1,1,0,0,100,100,0,15,0.7,0,15,15,0,0,0.5,-1,0.3,0,0,0,0,0,0,210432002,0,0,0,0,0,1,0,0,0,0,0,0,0,0,0,0,-89,180,0,0,254,254,254,254,1,0,0,0,0,0,0,0,0,0,0,0,0,0,0,0,0,0,0,0,0,0,0,0,0,0,0,0,0,-1,0,0,0,0,0,0,0,0,0,0,0,0,0,0,0,0,0,-1,0,-1,0,5,-1,-1,-1,-1,0,0,0,0,-1,0,0,-1,0,1,0,0,0,0,0,0,0,0,0,0,-1,0,0,0,0,0,0,0,0,0,0,0,[0|0|0|0|0|0|0|0|0|0|0|0]
210432002,Rellana's twin moons,210432000,550108,-1,-1,0.5,0,0,0,0,0,0,0,0,0,0,0,0,3,6,0.1,0,0,0,0,0,0,-1,0,0,0,0,0,1,0,0,0,0,0,0,0,0,0,0,0,0,0,0,254,254,254,254,1,1,0,0,0,0,0,0,1,0,0,0,0,0,0,0,1,0,0,0,0,0,0,0,0,0,0,0,0,-1,0,0,0,0,1,0,0,0,0,0,0,0,0,0,0,0,0,-1,0,-1,0,0,-1,-1,-1,-1,0,0,0,0,-1,0,0,-1,0,1,0,0,0,0,0,0,0,0,0,0,-1,0,0,0,0,0,0,0,0,0,0,0,[0|0|0|0|0|0|0|0|0|0|0|0]
210432003,Rellana's twin moons,0,-1,-1,-1,1.7,0,0,0,0,0,0,0,0,0,0,0,0,0.5,-1,0,0,0,0,0,0,0,210432004,0,0,0,0,0,1,0,0,0,0,0,0,0,0,0,0,0,180,0,0,254,254,254,254,1,0,0,0,0,0,0,0,0,0,0,0,0,0,0,0,0,0,0,0,0,0,0,0,0,0,0,0,0,-1,0,0,0,0,0,0,0,0,0,0,0,0,0,0,0,0,0,-1,0,-1,0,5,-1,-1,-1,-1,0,0,0,0,-1,0,0,-1,0,1,0,0,0,0,0,0,0,0,0,0,-1,0,0,0,0,0,0,0,0,0,0,0,[0|0|0|0|0|0|0|0|0|0|0|0]
210432004,Rellana's twin moons,0,550106,550107,-1,1,0,0,100,100,0,15,0.7,0,15,15,0,0,0.5,-1,0.1,0,0,0,0,0,0,210432005,0,0,0,0,0,1,0,0,0,0,0,0,0,0,0,0,-89,180,0,0,254,254,254,254,1,0,0,0,0,0,0,0,0,0,0,0,0,0,0,0,0,0,0,0,0,0,0,0,0,0,0,0,0,-1,0,0,0,0,0,0,0,0,0,0,0,0,0,0,0,0,0,-1,0,-1,0,5,-1,-1,-1,-1,0,0,0,0,-1,0,0,-1,0,1,0,0,0,0,0,0,0,0,0,0,-1,0,0,0,0,0,0,0,0,0,0,0,[0|0|0|0|0|0|0|0|0|0|0|0]
210432005,Rellana's twin moons,210432000,550108,-1,-1,0.5,0,0,0,0,0,0,0,0,0,0,0,0,3,6,0.1,0,0,0,0,0,0,-1,0,0,0,0,0,1,0,0,0,0,0,0,0,0,0,0,0,0,0,0,254,254,254,254,1,1,0,0,0,0,0,0,1,0,0,0,0,0,0,0,1,0,0,0,0,0,0,0,0,0,0,0,0,-1,0,0,0,0,1,0,0,0,0,0,0,0,0,0,0,0,0,-1,0,-1,0,0,-1,-1,-1,-1,0,0,0,0,-1,0,0,-1,0,1,0,0,0,0,0,0,0,0,0,0,-1,0,0,0,0,0,0,0,0,0,0,0,[0|0|0|0|0|0|0|0|0|0|0|0]
210432006,Rellana's twin moons,210432002,-1,-1,-1,0.5,0,0,0,0,0,0,0,0,0,0,0,0,3,7,0.1,0,0,0,0,0,0,-1,0,0,0,0,0,1,0,0,0,0,0,0,0,0,0,0,0,0,0,0,254,254,254,254,1,1,0,0,0,0,0,0,1,0,0,0,0,0,0,0,1,0,0,0,0,0,0,0,0,0,0,0,0,-1,0,0,0,0,1,0,0,0,0,0,0,0,0,0,0,0,0,-1,0,-1,0,0,-1,-1,-1,-1,0,0,0,0,-1,0,0,-1,0,1,0,0,0,0,0,0,0,0,0,0,-1,0,0,0,0,0,0,0,0,0,0,0,[0|0|0|0|0|0|0|0|0|0|0|0]
210471000,Gravitational Missile,1,551012,-1,-1,1.5,2.7,0,0,0,1,10,0,-20,20,1,0,0,0.4,-1,0,0,0,0.5,0,0,0,210471001,0,0,0,0,0,1,0,0,0,0,0,0,0,0,0,0,0,70,0,0,254,254,254,254,1,1,0,0,0,0,0,0,0,0,0,0,0,1,0,0,0,1,0,0,0,0,0,0,0,0,0,0,0,210471004,0.8,0.8,0,0,0,70,0,1,0,0,0,0,0,0,0,0,0,-1,0,-1,0,0,-1,-1,-1,-1,0,0,0,0,-1,0,0,-1,0,1,0,0,0,0,0,0,0,0,0,0,-1,0,0,0,0,0,0,0,0,0,0,0,[0|0|0|0|0|0|0|0|0|0|0|0]
210471001,Gravitational Missile,1,551012,-1,-1,1.5,2.7,0,0,0,1,10,0,-20,20,1,0,0,0.4,-1,0,0,0,0.5,0,0,0,210471002,0,0,0,0,0,1,0,0,0,0,0,0,0,0,0,0,0,70,0,0,254,254,254,254,1,1,0,0,0,0,0,0,0,0,0,0,0,1,0,0,0,1,0,0,0,0,0,0,0,0,0,0,0,210471006,0.8,0.8,0,0.2,0,70,0,1,0,0,0,0,0,0,0,0,0,-1,0,-1,0,0,-1,-1,-1,-1,0,0,0,0,-1,0,0,-1,0,1,0,0,0,0,0,0,0,0,0,0,-1,0,0,0,0,0,0,0,0,0,0,0,[0|0|0|0|0|0|0|0|0|0|0|0]
210471002,Gravitational Missile,1,551012,-1,-1,1.5,2.7,0,0,0,1,10,0,-20,20,1,0,0,0.4,-1,0,0,0,0.5,0,0,0,210471003,0,0,0,0,0,1,0,0,0,0,0,0,0,0,0,0,0,70,0,0,254,254,254,254,1,1,0,0,0,0,0,0,0,0,0,0,0,1,0,0,0,1,0,0,0,0,0,0,0,0,0,0,0,-1,0,0,0,0,0,70,0,1,0,0,0,0,0,0,0,0,0,-1,0,-1,0,0,-1,-1,-1,-1,0,0,0,0,-1,0,0,-1,0,1,0,0,0,0,0,0,0,0,0,0,-1,0,0,0,0,0,0,0,0,0,0,0,[0|0|0|0|0|0|0|0|0|0|0|0]
210471003,Gravitational Missile,210471002,551014,-1,-1,0.1,0,0,0,0,1,0,0,0,0,0,0,0,6,-1,0,0,0,0.5,0,0,0,-1,0,0,0,0,0,1,0,0,0,0,0,0,0,0,0,0,0,0,0,0,254,254,254,254,1,1,0,0,0,0,0,0,1,0,0,0,0,0,0,0,0,0,0,0,0,0,0,0,0,0,0,0,0,-1,0,0,0,0,1,0,0,0,0,0,0,0,0,0,0,0,0,-1,0,-1,0,0,-1,-1,-1,-1,0,0,0,0,-1,0,0,-1,0,1,0,0,0,0,0,0,0,0,0,0,-1,0,0,0,0,0,0,0,0,0,0,0,[0|0|0|0|0|0|0|0|0|0|0|0]
210471004,Gravitational Missile,1,551015,-1,-1,0.5,0,0,0,0,1,0,0,0,0,0,0,0,4,-1,0,0,0,0.5,0,0,0,210471005,0,0,0,0,0,1,0,0,0,0,0,0,0,0,0,0,0,0,0,0,254,254,254,254,1,1,0,0,0,0,0,0,1,0,0,0,0,0,0,0,0,0,0,0,0,0,0,0,0,0,0,0,0,-1,0,0,0,0,1,0,0,0,0,0,0,0,0,0,0,0,0,-1,0,-1,0,0,-1,-1,-1,-1,0,0,0,0,-1,0,0,-1,0,1,0,0,0,0,0,0,0,0,0,0,-1,0,0,0,0,0,0,0,0,0,0,0,[0|0|0|0|0|0|0|0|0|0|0|0]
210471005,Gravitational Missile,210471001,551013,-1,-1,0.1,2.7,0,0,0,1,0,0,0,0,0,0,0,5,-1,0,0,0,0.5,0,0,0,-1,470,0,0,0,0,1,0,0,0,0,0,0,0,0,0,0,0,0,0,0,254,254,254,254,1,1,0,0,0,0,0,0,1,0,0,0,0,0,0,0,0,0,0,0,0,0,0,0,0,0,0,0,0,-1,0,0,0,0,1,0,0,0,0,0,0,0,0,0,0,0,0,-1,0,-1,0,0,-1,-1,-1,-1,0,0,0,0,-1,0,0,-1,0,1,0,0,0,0,0,0,0,0,0,0,-1,0,0,0,0,0,0,0,0,0,0,0,[0|0|0|0|0|0|0|0|0|0|0|0]
210471006,Gravitational Missile,1,551015,-1,-1,0.5,0,0,0,0,1,0,0,0,0,0,0,0,4,-1,0,0,0,0.5,0,0,0,210471007,-1,0,0,0,0,1,0,0,0,0,0,0,0,0,0,0,0,0,0,0,254,254,254,254,1,1,0,0,0,0,0,0,1,0,0,0,0,0,0,0,0,0,0,0,0,0,0,0,0,0,0,0,0,-1,0,0,0,0,1,0,0,0,0,0,0,0,0,0,0,0,0,-1,0,-1,0,0,-1,-1,-1,-1,0,0,0,0,-1,0,0,-1,0,1,0,0,0,0,0,0,0,0,0,0,-1,0,0,0,0,0,0,0,0,0,0,0,[0|0|0|0|0|0|0|0|0|0|0|0]
210471007,Gravitational Missile,210471001,551013,-1,-1,0.1,2.7,0,0,0,1,0,0,0,0,0,0,0,5,-1,0,0,0,0.5,0,0,0,-1,470,0,0,0,0,1,0,0,0,0,0,0,0,0,0,0,0,0,0,0,254,254,254,254,1,1,0,0,0,0,0,0,1,0,0,0,0,0,0,0,0,0,0,0,0,0,0,0,0,0,0,0,0,-1,0,0,0,0,1,0,0,0,0,0,0,0,0,0,0,0,0,-1,0,-1,0,0,-1,-1,-1,-1,0,0,0,0,-1,0,0,-1,0,1,0,0,0,0,0,0,0,0,0,0,-1,0,0,0,0,0,0,0,0,0,0,0,[0|0|0|0|0|0|0|0|0|0|0|0]
210471050,Gravitational Missile,9,551012,-1,-1,1.5,2.7,0,0,0,1,10,0,-20,20,1,0,0,0.4,-1,0,0,0,0.5,0,0,0,210471051,0,0,0,0,0,1,0,0,0,0,0,0,0,0,0,0,0,70,0,0,254,254,254,254,1,1,0,0,0,0,0,0,0,0,0,0,0,1,0,0,0,1,0,0,0,0,0,0,0,0,0,0,0,210471055,0.8,0.8,0,0,0,0,0,1,0,0,0,0,0,0,0,0,0,-1,0,-1,0,0,-1,-1,-1,-1,0,0,0,0,-1,0,0,-1,0,1,0,0,0,0,0,0,0,0,0,0,-1,0,0,0,0,0,0,0,0,0,0,0,[0|0|0|0|0|0|0|0|0|0|0|0]
210471051,Gravitational Missile,1,551012,-1,-1,1.5,2.7,0,0,0,1,10,0,-20,20,1,0,0,0.4,-1,0,0,0,0.5,0,0,0,210471052,0,0,0,0,0,1,0,0,0,0,0,0,0,0,0,0,0,70,0,0,254,254,254,254,1,1,0,0,0,0,0,0,0,0,0,0,0,1,0,0,0,1,0,0,0,0,0,0,0,0,0,0,0,210471057,0.8,0.8,0,0.2,0,0,0,1,0,0,0,0,0,0,0,0,0,-1,0,-1,0,0,-1,-1,-1,-1,0,0,0,0,-1,0,0,-1,0,1,0,0,0,0,0,0,0,0,0,0,-1,0,0,0,0,0,0,0,0,0,0,0,[0|0|0|0|0|0|0|0|0|0|0|0]
210471052,Gravitational Missile,1,551012,-1,-1,1.5,2.7,0,0,0,1,10,0,-20,20,1,0,0,0.4,-1,0,0,0,0.5,0,0,0,210471053,0,0,0,0,0,1,0,0,0,0,0,0,0,0,0,0,0,70,0,0,254,254,254,254,1,1,0,0,0,0,0,0,0,0,0,0,0,1,0,0,0,1,0,0,0,0,0,0,0,0,0,0,0,210471059,0.8,0.8,0,0.2,0,0,0,1,0,0,0,0,0,0,0,0,0,-1,0,-1,0,0,-1,-1,-1,-1,0,0,0,0,-1,0,0,-1,0,1,0,0,0,0,0,0,0,0,0,0,-1,0,0,0,0,0,0,0,0,0,0,0,[0|0|0|0|0|0|0|0|0|0|0|0]
210471053,Gravitational Missile,1,551012,-1,-1,1.5,2.7,0,0,0,1,10,0,-20,20,1,0,0,0.4,-1,0,0,0,0.5,0,0,0,210471054,0,0,0,0,0,1,0,0,0,0,0,0,0,0,0,0,0,70,0,0,254,254,254,254,1,1,0,0,0,0,0,0,0,0,0,0,0,1,0,0,0,1,0,0,0,0,0,0,0,0,0,0,0,-1,0,0,0,0,0,0,0,1,0,0,0,0,0,0,0,0,0,-1,0,-1,0,0,-1,-1,-1,-1,0,0,0,0,-1,0,0,-1,0,1,0,0,0,0,0,0,0,0,0,0,-1,0,0,0,0,0,0,0,0,0,0,0,[0|0|0|0|0|0|0|0|0|0|0|0]
210471054,Gravitational Missile,210471052,551019,-1,-1,0.1,0,0,0,0,1,0,0,0,0,0,0,0,6,-1,0,0,0,0.5,0,0,0,-1,0,0,0,0,0,1,0,0,0,0,0,0,0,0,0,0,0,0,0,0,254,254,254,254,1,1,0,0,0,0,0,0,1,0,0,0,0,0,0,0,0,0,0,0,0,0,0,0,0,0,0,0,0,-1,0,0,0,0,1,0,0,0,0,0,0,0,0,0,0,0,0,-1,0,-1,0,0,-1,-1,-1,-1,0,0,0,0,-1,0,0,-1,0,1,0,0,0,0,0,0,0,0,0,0,-1,0,0,0,0,0,0,0,0,0,0,0,[0|0|0|0|0|0|0|0|0|0|0|0]
210471055,Gravitational Missile,1,551017,-1,-1,0.5,0,0,0,0,1,0,0,0,0,0,0,0,4.5,-1,0,0,0,0.5,0,0,0,210471056,0,0,0,0,0,1,0,0,0,0,0,0,0,0,0,0,0,0,0,0,254,254,254,254,1,1,0,0,0,0,0,0,1,0,0,0,0,0,0,0,0,0,0,0,0,0,0,0,0,0,0,0,0,-1,0,0,0,0,1,0,0,0,0,0,0,0,0,0,0,0,0,-1,0,-1,0,0,-1,-1,-1,-1,0,0,0,0,-1,0,0,-1,0,1,0,0,0,0,0,0,0,0,0,0,-1,0,0,0,0,0,0,0,0,0,0,0,[0|0|0|0|0|0|0|0|0|0|0|0]
210471056,Gravitational Missile,210471051,551018,-1,-1,0.1,2.7,0,0,0,1,0,0,0,0,0,0,0,5.5,-1,0,0,0,0.5,0,0,0,-1,470,0,0,0,0,1,0,0,0,0,0,0,0,0,0,0,0,0,0,0,254,254,254,254,1,1,0,0,0,0,0,0,1,0,0,0,0,0,0,0,0,0,0,0,0,0,0,0,0,0,0,0,0,-1,0,0,0,0,1,0,0,0,0,0,0,0,0,0,0,0,0,-1,0,-1,0,0,-1,-1,-1,-1,0,0,0,0,-1,0,0,-1,0,1,0,0,0,0,0,0,0,0,0,0,-1,0,0,0,0,0,0,0,0,0,0,0,[0|0|0|0|0|0|0|0|0|0|0|0]
210471057,Gravitational Missile,-1,551017,-1,-1,0.5,0,0,0,0,1,0,0,0,0,0,0,0,4.5,-1,0,0,0,0.5,0,0,0,210471058,0,0,0,0,0,1,0,0,0,0,0,0,0,0,0,0,0,0,0,0,254,254,254,254,1,1,0,0,0,0,0,0,1,0,0,0,0,0,0,0,0,0,0,0,0,0,0,0,0,0,0,0,0,-1,0,0,0,0,1,0,0,0,0,0,0,0,0,0,0,0,0,-1,0,-1,0,0,-1,-1,-1,-1,0,0,0,0,-1,0,0,-1,0,1,0,0,0,0,0,0,0,0,0,0,-1,0,0,0,0,0,0,0,0,0,0,0,[0|0|0|0|0|0|0|0|0|0|0|0]
210471058,Gravitational Missile,210471051,551018,-1,-1,0.1,2.7,0,0,0,1,0,0,0,0,0,0,0,5.5,-1,0,0,0,0.5,0,0,0,-1,470,0,0,0,0,1,0,0,0,0,0,0,0,0,0,0,0,0,0,0,254,254,254,254,1,1,0,0,0,0,0,0,1,0,0,0,0,0,0,0,0,0,0,0,0,0,0,0,0,0,0,0,0,-1,0,0,0,0,1,0,0,0,0,0,0,0,0,0,0,0,0,-1,0,-1,0,0,-1,-1,-1,-1,0,0,0,0,-1,0,0,-1,0,1,0,0,0,0,0,0,0,0,0,0,-1,0,0,0,0,0,0,0,0,0,0,0,[0|0|0|0|0|0|0|0|0|0|0|0]
210471059,Gravitational Missile,1,551017,-1,-1,0.5,0,0,0,0,1,0,0,0,0,0,0,0,4.5,-1,0,0,0,0.5,0,0,0,210471060,0,0,0,0,0,1,0,0,0,0,0,0,0,0,0,0,0,0,0,0,254,254,254,254,1,1,0,0,0,0,0,0,1,0,0,0,0,0,0,0,0,0,0,0,0,0,0,0,0,0,0,0,0,-1,0,0,0,0,1,0,0,0,0,0,0,0,0,0,0,0,0,-1,0,-1,0,0,-1,-1,-1,-1,0,0,0,0,-1,0,0,-1,0,1,0,0,0,0,0,0,0,0,0,0,-1,0,0,0,0,0,0,0,0,0,0,0,[0|0|0|0|0|0|0|0|0|0|0|0]
210471060,Gravitational Missile,210471051,551018,-1,-1,0.1,2.7,0,0,0,1,0,0,0,0,0,0,0,5.5,-1,0,0,0,0.5,0,0,0,-1,470,0,0,0,0,1,0,0,0,0,0,0,0,0,0,0,0,0,0,0,254,254,254,254,1,1,0,0,0,0,0,0,1,0,0,0,0,0,0,0,0,0,0,0,0,0,0,0,0,0,0,0,0,-1,0,0,0,0,1,0,0,0,0,0,0,0,0,0,0,0,0,-1,0,-1,0,0,-1,-1,-1,-1,0,0,0,0,-1,0,0,-1,0,1,0,0,0,0,0,0,0,0,0,0,-1,0,0,0,0,0,0,0,0,0,0,0,[0|0|0|0|0|0|0|0|0|0|0|0]
210665000,Thorns,210665000,540102,540103,-1,0.3,0,0.1,0,0,0,30,5,0,30,30,0,0,0.2,-1,0,0,0,1,0,0,0,-1,0,0,0,0,0,5,0,80,-14,-1,0,0,0,0,0,0,6,60,0,0,254,254,254,254,0,0,0,0,0,0,1,0,0,0,1,0,0,0,1,0,1,0,0,0,0,0,0,0,0,0,0,5,2,-1,0,0,0,0,0,0,0,0,0,0,0,0,0,0,0,0,0,-1,0,-1,0,0,-1,-1,-1,-1,0,0,0,0,-1,0,0,-1,0,1,0,0,0,0,0,0,0,0,0,0,-1,0,0,0,0,0,0,0,0,0,0,0,[0|0|0|0|0|0|0|0|0|0|0|0]
210665001,Thorns,210665000,540102,540103,-1,0.3,0,0.1,0,0,0,25,5,0,25,25,0,0,0.2,-1,0,0,0,1,0,0,0,-1,0,0,0,0,0,5,0,0,-14,-1,0,0,0,0,0,0,4,80,0,0,254,254,254,254,0,0,0,0,0,0,1,0,0,0,1,0,0,0,1,0,1,0,0,0,0,0,0,0,0,0,0,5,6,-1,0,0,0,0,0,0,0,0,0,0,0,0,0,0,0,0,0,-1,0,-1,0,0,-1,-1,-1,-1,0,0,0,0,-1,0,0,-1,0,1,0,0,0,0,0,0,0,0,0,0,-1,0,0,0,0,0,0,0,0,0,0,0,[0|0|0|0|0|0|0|0|0|0|0|0]
210665002,Thorns,210665000,540102,540103,-1,0.3,0,0.1,0,0,0,20,5,0,20,20,0,0,0.2,-1,0,0,0,1,0,0,0,-1,0,0,0,0,0,5,0,-90,-14,-1,0,0,0,0,0,0,2,80,0,0,254,254,254,254,0,0,0,0,0,0,1,0,0,0,1,0,0,0,1,0,1,0,0,0,0,0,0,0,0,0,0,5,6,-1,0,0,0,0,0,0,0,0,0,0,0,0,0,0,0,0,0,-1,0,-1,0,0,-1,-1,-1,-1,0,0,0,0,-1,0,0,-1,0,1,0,0,0,0,0,0,0,0,0,0,-1,0,0,0,0,0,0,0,0,0,0,0,[0|0|0|0|0|0|0|0|0|0|0|0]
210665003,Thorns,210665000,540102,540103,-1,0.3,0,0.1,0,0,0,30,5,0,30,30,0,0,0.2,-1,0,0,0,1,0,0,0,-1,0,0,0,0,0,5,0,70,-14,-1,0,0,0,0,0,0,20,60,0,0,254,254,254,254,0,0,0,0,0,0,1,0,0,0,1,0,0,0,1,0,1,0,0,0,0,0,0,0,0,0,0,5,2,-1,0,0,0,0,0,0,0,0,0,0,0,0,0,0,0,0,0,-1,0,-1,0,0,-1,-1,-1,-1,0,0,0,0,-1,0,0,-1,0,1,0,0,0,0,0,0,0,0,0,0,-1,0,0,0,0,0,0,0,0,0,0,0,[0|0|0|0|0|0|0|0|0|0|0|0]
210665004,Thorns,210665000,540102,540103,-1,0.3,0,0.1,0,0,0,25,5,0,25,25,0,0,0.2,-1,0,0,0,1,0,0,0,-1,0,0,0,0,0,5,0,-10,-14,-1,0,0,0,0,0,0,10,80,0,0,254,254,254,254,0,0,0,0,0,0,1,0,0,0,1,0,0,0,1,0,1,0,0,0,0,0,0,0,0,0,0,5,6,-1,0,0,0,0,0,0,0,0,0,0,0,0,0,0,0,0,0,-1,0,-1,0,0,-1,-1,-1,-1,0,0,0,0,-1,0,0,-1,0,1,0,0,0,0,0,0,0,0,0,0,-1,0,0,0,0,0,0,0,0,0,0,0,[0|0|0|0|0|0|0|0|0|0|0|0]
210665005,Thorns,210665000,540102,540103,-1,0.3,0,0.1,0,0,0,15,5,0,15,15,0,0,0.2,-1,0,0,0,1,0,0,0,-1,0,0,0,0,0,5,0,60,-14,-1,0,0,0,0,0,0,30,80,0,0,254,254,254,254,0,0,0,0,0,0,1,0,0,0,1,0,0,0,1,0,1,0,0,0,0,0,0,0,0,0,0,5,6,-1,0,0,0,0,0,0,0,0,0,0,0,0,0,0,0,0,0,-1,0,-1,0,0,-1,-1,-1,-1,0,0,0,0,-1,0,0,-1,0,1,0,0,0,0,0,0,0,0,0,0,-1,0,0,0,0,0,0,0,0,0,0,0,[0|0|0|0|0|0|0|0|0|0|0|0]
210665006,Thorns,210665000,540102,540103,-1,0.3,0,0.1,0,0,0,15,5,0,15,15,0,0,0.2,-1,0,0,0,1,0,0,0,-1,0,0,0,0,0,4,0,-170,-12,-1,0,0,0,0,0,0,30,80,0,0,254,254,254,254,0,0,0,0,0,0,1,0,0,0,1,0,0,0,1,0,1,0,0,0,0,0,0,0,0,0,0,10,15,-1,0,0,0,0,0,0,0,0,0,0,0,0,0,0,0,0,0,-1,0,-1,0,0,-1,-1,-1,-1,0,0,0,0,-1,0,0,-1,0,1,0,0,0,0,0,0,0,0,0,0,-1,0,0,0,0,0,0,0,0,0,0,0,[0|0|0|0|0|0|0|0|0|0|0|0]
210665007,Thorns,210665001,-1,540103,-1,0.2,0,0,0,0,0,0,0,0,0,0,0,0,1.2,-1,0,0,0,1,0,0,0,-1,0,0,0,0,0,1,0,0,0,0,0,0,0,0,0,0,0,0,0,0,254,254,254,254,1,1,0,0,0,0,1,0,1,0,1,0,0,0,0,0,1,0,0,0,0,0,0,0,0,0,0,0,0,-1,0,0,0,0,0,0,0,0,0,0,0,0,0,0,0,0,0,-1,0,-1,0,0,-1,-1,-1,-1,0,0,0,0,-1,0,0,-1,0,1,0,0,0,0,0,0,0,0,0,0,-1,0,0,0,0,0,0,0,0,0,0,0,[0|0|0|0|0|0|0|0|0|0|0|0]
210666000,Bloom,0,-1,-1,-1,0.1,30,0,0,0,0,0,0,0,0,0,0,0,0.1,-1,0,0,0,0.3,0,0,0,210666001,0,0,0,0,0,1,0,0,0,0,0,0,0,0,0,0,0,0,0,0,254,254,254,254,1,1,0,0,0,0,0,0,1,0,1,0,0,0,0,0,0,0,0,0,0,0,0,0,0,0,0,0,0,-1,0,0,0,0,0,0,0,0,0,0,0,0,0,0,0,0,0,-1,0,-1,0,0,-1,-1,-1,-1,0,0,0,0,-1,0,0,-1,0,1,0,0,0,0,0,0,0,0,0,0,-1,0,0,0,0,0,0,0,0,0,0,0,[0|0|0|0|0|0|0|0|0|0|0|0]
210666001,Bloom,1,540004,-1,-1,6,30,0,0,0,0,0,0,0,0,0,0,0,0.1,-1,0,0,0,0.3,0,0,0,-1,0,0,0,0,0,1,0,0,0,0,0,0,0,0,0,0,0,0,0,0,254,254,254,254,1,1,0,0,0,0,0,1,1,0,1,0,0,0,0,0,0,0,0,0,0,0,0,0,0,0,0,0,0,210666002,0.15,0.15,0,2,1,0,0,0,0,0,0,0,0,0,0,0,0,-1,0,-1,0,0,-1,-1,-1,-1,0,0,0,0,-1,0,0,-1,0,1,0,0,0,0,0,0,0,0,0,0,-1,0,0,0,0,0,0,0,0,0,0,0,[0|0|0|0|0|0|0|0|0|0|0|0]
210666002,Bloom,1,-1,-1,-1,0,30,0,0,0,0,10,0,0,10,10,0,0.1,0.4,-1,0.1,0,0,0.3,0,0,0,210666003,0,0,0,0,0,1,0,0,0,0,0,0,0,0,0,0,0,0,0,0,254,254,254,254,1,0,0,0,0,0,0,1,0,0,1,0,0,0,0,0,0,0,0,0,0,0,0,0,0,0,0,360,0,-1,0,0,0,0,1,0,0,0,0,0,0,0,0,0,0,0,0,-1,0.5,-1,0,0,-1,-1,-1,-1,0,0,0,0,-1,0,0,-1,0,1,0,0,0,0,0,0,0,0,0,0,-1,0,0,0,0,0,0,0,0,0,0,0,[0|0|0|0|0|0|0|0|0|0|0|0]
210666003,Bloom,1,-1,-1,-1,0.3,0,0,999,999,0,0,0,0,999,0,0,0,0.1,-1,0,0,0,0.3,0,0,0,210666004,0,0,0,0,0,1,0,0,0,0,0,0,0,0,0,0,0,0,0,0,254,254,254,254,1,1,0,0,0,5,0,1,0,0,1,0,0,0,0,0,0,0,0,0,0,0,0,0,0,0,0,0,0,-1,0,0,0,0,1,0,0,0,0,0,0,0,0,0,0,0,0,-1,0,-1,0,0,-1,-1,-1,-1,0,0,0,0,-1,0,0,-1,0,1,0,0,0,0,0,0,0,0,0,0,-1,0,0,0,0,0,0,0,0,0,0,0,[0|0|0|0|0|0|0|0|0|0|0|0]
210666004,Bloom,210666000,540005,-1,-1,0.2,0,0,0,0,0,0,0,0,0,0,0,0,1.35,-1,0,0,0,0.3,0,0,0,-1,0,0,0,0,0,1,0,0,0,0,0,0,0,0,0,0,0,0,0,0,254,254,254,254,1,1,0,0,0,0,0,1,1,0,1,0,0,0,0,0,1,0,0,0,0,0,0,0,0,0,0,0,0,210666005,0.08,0.08,0,0,1,0,0,0,0,0,0,0,0,0,0,0,0,-1,0,-1,0,0,-1,-1,-1,-1,0,0,0,0,-1,0,0,-1,0,1,0,0,0,0,0,0,0,0,0,0,-1,0,0,0,0,0,0,0,0,0,0,0,[0|0|0|0|0|0|0|0|0|0|0|0]
210666005,Bloom,210666000,-1,-1,-1,0.2,0,0,0,0,0,100,0,0,100,100,0,0,0.65,-1,0,0,0,0.3,0,0,0,-1,0,0,0,0,0,1,0,0,0,0,0,0,0,0,0,0,89,0,0,0,254,254,254,254,1,0,0,0,0,0,0,1,0,0,1,0,0,0,0,0,1,0,0,0,0,0,0,0,0,0,0,0,0,-1,0,0,0,0,0,0,0,0,0,0,0,0,0,0,0,0,0,-1,0,-1,0,0,-1,-1,-1,-1,0,0,0,0,-1,0,0,-1,0,1,0,0,0,0,0,0,0,0,0,0,-1,0,0,0,0,0,0,0,0,0,0,0,[0|0|0|0|0|0|0|0|0|0|0|0]
210666050,Bloom,8,-1,-1,-1,0.1,30,0,0,0,0,0,0,0,0,0,0,0,0.1,-1,0,0,0,0.3,0,0,0,210666051,0,0,0,0,0,1,0,0,0,0,0,0,0,0,0,0,0,0,0,0,254,254,254,254,1,1,0,0,0,0,0,0,1,0,1,0,0,0,0,0,0,0,0,0,0,0,0,0,0,0,0,0,0,-1,0,0,0,0,0,0,0,0,0,0,0,0,0,0,0,0,0,-1,0,-1,0,0,-1,-1,-1,-1,0,0,0,0,-1,0,0,-1,0,1,0,0,0,0,0,0,0,0,0,0,-1,0,0,0,0,0,0,0,0,0,0,0,[0|0|0|0|0|0|0|0|0|0|0|0]
210666051,Bloom,1,540004,-1,-1,6,30,0,0,0,0,0,0,0,0,0,0,0,0.1,-1,0,0,0,0.3,0,0,0,-1,0,0,0,0,0,1,0,0,0,0,0,0,0,0,0,0,0,0,0,0,254,254,254,254,1,1,0,0,0,0,0,1,1,0,1,0,0,0,0,0,0,0,0,0,0,0,0,0,0,0,0,0,0,210666052,0.15,0.15,0,2,1,0,0,0,0,0,0,0,0,0,0,0,0,-1,0,-1,0,0,-1,-1,-1,-1,0,0,0,0,-1,0,0,-1,0,1,0,0,0,0,0,0,0,0,0,0,-1,0,0,0,0,0,0,0,0,0,0,0,[0|0|0|0|0|0|0|0|0|0|0|0]
210666052,Bloom,1,-1,-1,-1,0,30,0,0,0,0,10,0,0,10,10,0,0.1,0.4,-1,0.1,0,0,0.3,0,0,0,210666053,0,0,0,0,0,1,0,0,0,0,0,0,0,0,0,0,0,0,0,0,254,254,254,254,1,0,0,0,0,0,0,1,0,0,1,0,0,0,0,0,0,0,0,0,0,0,0,0,0,0,0,360,0,-1,0,0,0,0,1,0,0,0,0,0,0,0,0,0,0,0,0,-1,0.5,-1,0,0,-1,-1,-1,-1,0,0,0,0,-1,0,0,-1,0,1,0,0,0,0,0,0,0,0,0,0,-1,0,0,0,0,0,0,0,0,0,0,0,[0|0|0|0|0|0|0|0|0|0|0|0]
210666053,Bloom,1,-1,-1,-1,0.3,0,0,999,999,0,0,0,0,999,0,0,0,0.1,-1,0,0,0,0.3,0,0,0,210666054,0,0,0,0,0,1,0,0,0,0,0,0,0,0,0,0,0,0,0,0,254,254,254,254,1,1,0,0,0,5,0,1,0,0,1,0,0,0,0,0,0,0,0,0,0,0,0,0,0,0,0,0,0,-1,0,0,0,0,1,0,0,0,0,0,0,0,0,0,0,0,0,-1,0,-1,0,0,-1,-1,-1,-1,0,0,0,0,-1,0,0,-1,0,1,0,0,0,0,0,0,0,0,0,0,-1,0,0,0,0,0,0,0,0,0,0,0,[0|0|0|0|0|0|0|0|0|0|0|0]
210666054,Bloom,210666050,540005,-1,-1,0.2,0,0,0,0,0,0,0,0,0,0,0,0,1.35,-1,0,0,0,0.3,0,0,0,-1,0,0,0,0,0,1,0,0,0,0,0,0,0,0,0,0,0,0,0,0,254,254,254,254,1,1,0,0,0,0,0,1,1,0,1,0,0,0,0,0,1,0,0,0,0,0,0,0,0,0,0,0,0,210666055,0.08,0.08,0,0,1,0,0,0,0,0,0,0,0,0,0,0,0,-1,0,-1,0,0,-1,-1,-1,-1,0,0,0,0,-1,0,0,-1,0,1,0,0,0,0,0,0,0,0,0,0,-1,0,0,0,0,0,0,0,0,0,0,0,[0|0|0|0|0|0|0|0|0|0|0|0]
210666055,Bloom,210666050,-1,-1,-1,0.2,0,0,0,0,0,100,0,0,100,100,0,0,0.65,-1,0,0,0,0.3,0,0,0,-1,0,0,0,0,0,1,0,0,0,0,0,0,0,0,0,0,89,0,0,0,254,254,254,254,1,0,0,0,0,0,0,1,0,0,1,0,0,0,0,0,1,0,0,0,0,0,0,0,0,0,0,0,0,-1,0,0,0,0,0,0,0,0,0,0,0,0,0,0,0,0,0,-1,0,-1,0,0,-1,-1,-1,-1,0,0,0,0,-1,0,0,-1,0,1,0,0,0,0,0,0,0,0,0,0,-1,0,0,0,0,0,0,0,0,0,0,0,[0|0|0|0|0|0|0|0|0|0|0|0]
210690000,Knight's Lightning Spear,1,-1,-1,-1,0.06,999,0,0,0,0,20,0,0,20,20,0,0,0.1,-1,0,0,0,0.2,0,0,0,210690002,0,0,0,0,0,2,999,90,0,-60,0,0,0,0,0,0,60,30,0,0,254,254,254,254,0,0,0,0,0,0,0,0,0,0,1,0,0,0,0,0,1,0,0,1,0,0,0,0,0,0,0,0,0,-1,0,0,0,0,0,0,0,0,0,0,0,0,0,0,0,0,0,-1,0,-1,0,0,-1,-1,-1,-1,0,0,0,0,-1,0,0,-1,0,1,0,0,0,0,0,0,0,0,0,0,-1,0,0,0,0,0,0,0,0,0,0,0,[0|0|0|0|0|0|0|0|0|0|0|0]
210690001,Knight's Lightning Spear,1,-1,-1,-1,0.06,999,0,0,0,0,20,0,0,20,20,0,0,0.1,-1,0,0,0,0.2,0,0,0,210690002,0,0,0,0,0,2,999,-90,0,-60,0,0,0,0,0,0,60,30,0,0,254,254,254,254,0,0,0,0,0,0,0,0,0,0,1,0,0,0,0,0,1,0,0,1,0,0,0,0,0,0,0,0,0,-1,0,0,0,0,0,0,0,0,0,0,0,0,0,0,0,0,0,-1,0,-1,0,0,-1,-1,-1,-1,0,0,0,0,-1,0,0,-1,0,1,0,0,0,0,0,0,0,0,0,0,-1,0,0,0,0,0,0,0,0,0,0,0,[0|0|0|0|0|0|0|0|0|0|0|0]
210690002,Knight's Lightning Spear,1,541111,-1,-1,0.9,999,0,0,0,0,0.05,0,0,0.05,0.05,0,0,0.1,-1,0,0,0,0.2,0,0,0,210690003,0,0,0,0,0,1,999,0,0,0,0,0,0,0,0,0,0,30,0,0,254,254,254,254,0,0,0,4,0,0,0,0,0,0,1,0,0,0,0,0,1,0,0,1,0,1,0,0,0,0,0,0,0,210690004,0.8,0.8,0,0,0,0,0,0,0,0,0,0,0,0,0,0,0,-1,0,-1,0,0,-1,-1,-1,-1,0,0,0,0,-1,0,0,-1,0,1,0,0,0,0,0,0,0,0,0,0,-1,0,0,0,0,0,0,0,0,0,0,0,[0|0|0|0|0|0|0|0|0|0|0|0]
210690003,Knight's Lightning Spear,1,541112,-1,-1,0.1,999,0,0,0,0,0.05,0,0,0.05,0.05,0,0,0.1,-1,0,0,0,0.2,0,0,0,-1,0,0,0,0,0,1,999,0,0,0,0,0,0,0,0,0,0,30,0,0,254,254,254,254,0,0,0,0,0,0,0,0,0,0,1,0,0,0,0,0,1,0,0,1,0,1,0,0,0,0,0,0,0,-1,0,0,0,0,0,0,0,0,0,0,0,0,0,0,0,0,0,-1,0,-1,0,0,-1,-1,-1,-1,0,0,0,0,-1,0,0,-1,0,1,0,0,0,0,0,0,0,0,0,0,-1,0,0,0,0,0,0,0,0,0,0,0,[0|0|0|0|0|0|0|0|0|0|0|0]
210690004,Knight's Lightning Spear,210690000,-1,525503,-1,0.1,999,0,0,0,0,0.05,0,0,0.05,0.05,0,0,0.1,-1,0,0,0,0.2,0,0,0,210690005,0,0,0,0,0,1,999,0,0,0,0,0,0,0,0,0,0,30,0,0,254,254,254,254,0,0,0,4,0,0,0,0,0,0,1,0,0,0,0,0,1,0,0,1,0,1,0,0,0,0,0,0,0,-1,0,0,0,0,0,0,0,0,0,0,0,0,0,0,0,0,0,-1,0,-1,0,0,-1,-1,-1,-1,0,0,0,0,-1,0,0,-1,0,1,0,0,0,0,0,0,0,0,0,0,-1,0,0,0,0,0,0,0,0,0,0,0,[0|0|0|0|0|0|0|0|0|0|0|0]
210690005,Knight's Lightning Spear,210690002,525502,525503,-1,0.77,30,0,0,0,0.4,30,40,40,30,30,0.32,0,0.1,-1,0,0,0,0.2,0,0,0,-1,0,0,0,0,0,1,42,0,0,0,0,0,0,0,0,0,0,30,0,0,254,254,254,254,0,0,0,0,0,0,0,0,0,0,1,0,0,1,0,0,1,1,0,1,0,1,0,0,0,0,0,0,0,-1,0,0,0,0,0,0,0,0,0,0,0,0,0,0,0,0,0,-1,0,-1,0,0,-1,-1,-1,-1,0,0,0,0,-1,0,0,-1,0,1,0,0,0,0,0,0,0,0,0,0,-1,0,0,0,0,0,0,0,0,0,0,0,[0|0|0|0|0|0|0|0|0|0|0|0]
210690006,Knight's Lightning Spear,210690000,525502,525503,-1,0.77,30,0,0,0,0.4,30,40,40,30,30,0.32,0,0.1,-1,0,0,0,0.2,0,0,0,210690007,0,0,0,0,0,1,42,0,0,0,0,0,0,0,0,0,0,30,0,0,254,254,254,254,0,0,0,0,0,0,0,0,0,0,1,0,0,1,0,0,1,1,0,1,0,1,0,0,0,0,0,0,0,-1,0,0,0,0,0,0,0,0,0,0,0,0,0,0,0,0,0,-1,0,-1,0,0,-1,-1,-1,-1,0,0,0,0,-1,0,0,-1,0,1,0,0,0,0,0,0,0,0,0,0,-1,0,0,0,0,0,0,0,0,0,0,0,[0|0|0|0|0|0|0|0|0|0|0|0]
210690007,Knight's Lightning Spear,1,-1,-1,-1,0.1,0,0,0,0,0,0,0,0,0,0,0,0,1,-1,0,0,0,1,0,0,0,210690008,0,0,0,0,0,1,0,0,0,0,0,0,0,0,0,0,0,0,0,0,254,254,254,254,1,1,0,2,0,0,0,0,0,0,1,0,0,0,0,0,0,0,0,0,0,0,0,0,0,0,0,0,0,-1,0,0,0,0,0,0,0,0,0,0,0,0,0,0,0,0,0,-1,0,-1,0,0,-1,-1,-1,-1,0,0,0,0,-1,0,0,-1,0,1,0,0,0,0,0,0,0,0,0,0,-1,0,0,0,0,0,0,0,0,0,0,0,[0|0|0|0|0|0|0|0|0|0|0|0]
210690008,Knight's Lightning Spear,210690001,-1,300173,-1,0.2,0.2,0,50,150,0,15,0,0,15,0,0,0,0.5,-1,0,0,0,1,0,0,0,210690009,0,0,0,0,0,16,0,0,22,0,0,0,0,0,0,0,0,0,0,0,254,254,254,254,1,1,0,2,0,2,0,0,0,0,1,0,0,0,0,0,0,0,0,0,0,0,0,0,0,0,0,0,0,-1,0,0,0,0,1,0,0,0,0,0,0,0,0,0,0,0,0,-1,0,-1,0,0,-1,-1,-1,-1,0,0,0,0,-1,0,0,-1,0,1,0,0,0,0,0,0,0,0,0,0,-1,0,0,0,0,0,0,0,0,0,0,0,[0|0|0|0|0|0|0|0|0|0|0|0]
210690009,Knight's Lightning Spear,210690001,-1,300173,-1,0.2,0.2,0,50,150,0,15,0,0,15,0,0,0,0.5,-1,0,0,0,1,0,0,0,210690010,0,0,0,0,0,1,0,0,0,0,0,0,0,0,0,0,0,0,0,0,254,254,254,254,1,1,0,2,0,2,0,0,0,0,1,0,0,0,0,0,0,0,0,0,0,0,0,0,0,0,0,0,0,-1,0,0,0,0,1,0,0,0,0,0,0,0,0,0,0,0,0,-1,0,-1,0,0,-1,-1,-1,-1,0,0,0,0,-1,0,0,-1,0,1,0,0,0,0,0,0,0,0,0,0,-1,0,0,0,0,0,0,0,0,0,0,0,[0|0|0|0|0|0|0|0|0|0|0|0]
210690010,Knight's Lightning Spear,210690001,-1,300173,-1,0.2,0.2,0,50,150,0,15,0,0,15,0,0,0,0.5,-1,0,0,0,1,0,0,0,-1,0,0,0,0,0,1,0,0,0,0,0,0,0,0,0,0,0,0,0,0,254,254,254,254,1,1,0,2,0,2,0,0,0,0,1,0,0,0,0,0,0,0,0,0,0,0,0,0,0,0,0,0,0,-1,0,0,0,0,1,0,0,0,0,0,0,0,0,0,0,0,0,-1,0,-1,0,0,-1,-1,-1,-1,0,0,0,0,-1,0,0,-1,0,1,0,0,0,0,0,0,0,0,0,0,-1,0,0,0,0,0,0,0,0,0,0,0,[0|0|0|0|0|0|0|0|0|0|0|0]
210690050,Knight's Lightning Spear,1,-1,-1,-1,0.06,999,0,0,0,0,20,0,0,20,20,0,0,0.1,-1,0,0,0,0.2,0,0,0,210690052,0,0,0,0,0,3,999,90,0,-45,0,0,0,0,0,0,60,30,0,0,254,254,254,254,0,0,0,0,0,0,0,0,0,0,1,0,0,0,0,0,1,0,0,1,0,0,0,0,0,0,0,0,0,-1,0,0,0,0,0,0,0,0,0,0,0,0,0,0,0,0,0,-1,0,-1,0,0,-1,-1,-1,-1,0,0,0,0,-1,0,0,-1,0,1,0,0,0,0,0,0,0,0,0,0,-1,0,0,0,0,0,0,0,0,0,0,0,[0|0|0|0|0|0|0|0|0|0|0|0]
210690051,Knight's Lightning Spear,1,-1,-1,-1,0.06,999,0,0,0,0,20,0,0,20,20,0,0,0.1,-1,0,0,0,0.2,0,0,0,210690052,0,0,0,0,0,3,999,-90,0,-45,0,0,0,0,0,0,60,30,0,0,254,254,254,254,0,0,0,0,0,0,0,0,0,0,1,0,0,0,0,0,1,0,0,1,0,0,0,0,0,0,0,0,0,-1,0,0,0,0,0,0,0,0,0,0,0,0,0,0,0,0,0,-1,0,-1,0,0,-1,-1,-1,-1,0,0,0,0,-1,0,0,-1,0,1,0,0,0,0,0,0,0,0,0,0,-1,0,0,0,0,0,0,0,0,0,0,0,[0|0|0|0|0|0|0|0|0|0|0|0]
210690052,Knight's Lightning Spear,1,541116,-1,-1,1.4,999,0,0,0,0,0.05,0,0,0.05,0.05,0,0,0.1,-1,0,0,0,0.2,0,0,0,210690053,0,0,0,0,0,1,999,0,0,0,0,0,0,0,0,0,0,30,0,0,254,254,254,254,0,0,0,4,0,0,0,0,0,0,1,0,0,0,0,0,1,0,0,1,0,1,0,0,0,0,0,0,0,210690054,1.3,1.3,0,0,0,0,0,0,0,0,0,0,0,0,0,0,0,-1,0,-1,0,0,-1,-1,-1,-1,0,0,0,0,-1,0,0,-1,0,1,0,0,0,0,0,0,0,0,0,0,-1,0,0,0,0,0,0,0,0,0,0,0,[0|0|0|0|0|0|0|0|0|0|0|0]
210690053,Knight's Lightning Spear,1,541117,-1,-1,0.1,999,0,0,0,0,0.05,0,0,0.05,0.05,0,0,0.1,-1,0,0,0,0.2,0,0,0,-1,0,0,0,0,0,1,999,0,0,0,0,0,0,0,0,0,0,30,0,0,254,254,254,254,0,0,0,0,0,0,0,0,0,0,1,0,0,0,0,0,1,0,0,1,0,1,0,0,0,0,0,0,0,-1,0,0,0,0,0,0,0,0,0,0,0,0,0,0,0,0,0,-1,0,-1,0,0,-1,-1,-1,-1,0,0,0,0,-1,0,0,-1,0,1,0,0,0,0,0,0,0,0,0,0,-1,0,0,0,0,0,0,0,0,0,0,0,[0|0|0|0|0|0|0|0|0|0|0|0]
210690054,Knight's Lightning Spear,210690050,-1,525508,-1,0.1,999,0,0,0,0,0.05,0,0,0.05,0.05,0,0,0.1,-1,0,0,0,0.2,0,0,0,210690055,0,0,0,0,0,1,999,0,0,0,0,0,0,0,0,0,0,30,0,0,254,254,254,254,0,0,0,4,0,0,0,0,0,0,1,0,0,0,0,0,1,0,0,1,0,1,0,0,0,0,0,0,0,-1,0,0,0,0,0,0,0,0,0,0,0,0,0,0,0,0,0,-1,0,-1,0,0,-1,-1,-1,-1,0,0,0,0,-1,0,0,-1,0,1,0,0,0,0,0,0,0,0,0,0,-1,0,0,0,0,0,0,0,0,0,0,0,[0|0|0|0|0|0|0|0|0|0|0|0]
210690055,Knight's Lightning Spear,210690052,525507,525508,-1,0.77,30,0,0,0,0.4,30,40,40,30,30,0.32,0,0.1,-1,0,0,0,0.2,0,0,0,210690057,0,0,0,0,0,1,42,0,0,0,0,0,0,0,0,0,0,30,0,0,254,254,254,254,0,0,0,0,0,0,0,0,0,0,1,0,0,1,0,0,1,1,0,1,0,1,0,0,0,0,0,0,0,-1,0,0,0,0,0,0,0,0,0,0,0,0,0,0,0,0,0,-1,0,-1,0,0,-1,-1,-1,-1,0,0,0,0,-1,0,0,-1,0,1,0,0,0,0,0,0,0,0,0,0,-1,0,0,0,0,0,0,0,0,0,0,0,[0|0|0|0|0|0|0|0|0|0|0|0]
210690056,Knight's Lightning Spear,210690050,525507,525508,-1,0.77,30,0,0,0,0.4,30,40,40,30,30,0.32,0,0.1,-1,0,0,0,0.2,0,0,0,210690057,0,0,0,0,0,1,42,0,0,0,0,0,0,0,0,0,0,30,0,0,254,254,254,254,0,0,0,0,0,0,0,0,0,0,1,0,0,1,0,0,1,1,0,1,0,1,0,0,0,0,0,0,0,-1,0,0,0,0,0,0,0,0,0,0,0,0,0,0,0,0,0,-1,0,-1,0,0,-1,-1,-1,-1,0,0,0,0,-1,0,0,-1,0,1,0,0,0,0,0,0,0,0,0,0,-1,0,0,0,0,0,0,0,0,0,0,0,[0|0|0|0|0|0|0|0|0|0|0|0]
210690057,Knight's Lightning Spear,0,525509,-1,-1,0.08,10,0,0,0,0,0,0,0,0,0,0,0,1.3,-1,0,0,0,0.2,0,0,0,210690058,0,0,0,0,0,1,0,0,0,0,0,0,0,0,0,0,0,30,0,0,254,254,254,254,1,1,0,5,0,0,0,0,1,0,1,0,0,0,0,0,1,0,0,0,0,0,0,0,0,0,0,0,0,-1,0,0,0,0,1,0,0,0,0,0,0,0,0,0,0,0,0,-1,0,-1,0,0,-1,-1,-1,-1,0,0,0,0,-1,0,0,-1,0,1,0,0,0,0,0,0,0,0,0,0,-1,0,0,0,0,0,0,0,0,0,0,0,[0|0|0|0|0|0|0|0|0|0|0|0]
210690058,Knight's Lightning Spear,0,-1,-1,-1,0.1,10,0,0,0,0,150,0,0,150,150,0,0,0.5,-1,0,0,0,0.2,0,0,0,-1,0,0,0,0,0,1,0,0,0,0,0,0,0,0,0,0,89,0,0,0,254,254,254,254,0,0,0,0,0,2,0,0,0,0,1,0,0,0,0,0,1,0,0,1,0,0,0,0,0,0,0,0,0,210690059,0.06,0.06,0,0,0,0,0,0,0,0,0,0,0,0,0,0,0,-1,0,-1,0,0,-1,-1,-1,-1,0,0,0,0,-1,0,0,-1,0,1,0,0,0,0,0,0,0,0,0,0,-1,0,0,0,0,0,0,0,0,0,0,0,[0|0|0|0|0|0|0|0|0|0|0|0]
210690059,Knight's Lightning Spear,1,-1,-1,-1,0.1,10,0,999,999,0,10,0,0,999,999,0,0,0.1,-1,0,0,0,1,0,0,0,210690060,0,0,0,0,0,1,0,0,0,0,0,0,0,0,0,0,0,0,0,0,254,254,254,254,1,1,0,2,0,0,0,0,0,0,1,0,0,0,0,0,1,0,0,0,0,0,0,0,0,0,0,0,0,-1,0,0,0,0,0,0,0,0,0,0,0,0,0,0,0,0,0,-1,0,-1,0,0,-1,-1,-1,-1,0,0,0,0,-1,0,0,-1,0,1,0,0,0,0,0,0,0,0,0,0,-1,0,0,0,0,0,0,0,0,0,0,0,[0|0|0|0|0|0|0|0|0|0|0|0]
210690060,Knight's Lightning Spear,1,-1,-1,-1,0.1,0,0,0,0,0,0,0,0,0,0,0,0,1,-1,0,0,0,1,0,0,0,210690061,0,0,0,0,0,1,0,0,0,0,0,0,0,0,0,0,0,0,0,0,254,254,254,254,1,1,0,2,0,0,0,0,0,0,1,0,0,0,0,0,0,0,0,0,0,0,0,0,0,0,0,0,0,-1,0,0,0,0,0,0,0,0,0,0,0,0,0,0,0,0,0,-1,0,-1,0,0,-1,-1,-1,-1,0,0,0,0,-1,0,0,-1,0,1,0,0,0,0,0,0,0,0,0,0,-1,0,0,0,0,0,0,0,0,0,0,0,[0|0|0|0|0|0|0|0|0|0|0|0]
210690061,Knight's Lightning Spear,210690051,-1,300173,-1,0.2,0.2,0,80,150,0,15,0,0,15,0,0,0,0.5,-1,0,0,0,1,0,0,0,210690062,0,0,0,0,0,16,0,0,22,0,0,0,0,0,0,0,0,0,0,0,254,254,254,254,1,1,0,2,0,2,0,0,0,0,1,0,0,0,0,0,0,0,0,0,0,0,0,0,0,0,0,0,0,-1,0,0,0,0,1,0,0,0,0,0,0,0,0,0,0,0,0,-1,0,-1,0,0,-1,-1,-1,-1,0,0,0,0,-1,0,0,-1,0,1,0,0,0,0,0,0,0,0,0,0,-1,0,0,0,0,0,0,0,0,0,0,0,[0|0|0|0|0|0|0|0|0|0|0|0]
210690062,Knight's Lightning Spear,210690051,-1,300173,-1,0.2,0.2,0,80,150,0,15,0,0,15,0,0,0,0.5,-1,0,0,0,1,0,0,0,210690063,0,0,0,0,0,1,0,0,0,0,0,0,0,0,0,0,0,0,0,0,254,254,254,254,1,1,0,2,0,2,0,0,0,0,1,0,0,0,0,0,0,0,0,0,0,0,0,0,0,0,0,0,0,-1,0,0,0,0,1,0,0,0,0,0,0,0,0,0,0,0,0,-1,0,-1,0,0,-1,-1,-1,-1,0,0,0,0,-1,0,0,-1,0,1,0,0,0,0,0,0,0,0,0,0,-1,0,0,0,0,0,0,0,0,0,0,0,[0|0|0|0|0|0|0|0|0|0|0|0]
210690063,Knight's Lightning Spear,210690051,-1,300173,-1,0.2,0.2,0,80,150,0,15,0,0,15,0,0,0,0.5,-1,0,0,0,1,0,0,0,210690064,0,0,0,0,0,1,0,0,0,0,0,0,0,0,0,0,0,0,0,0,254,254,254,254,1,1,0,2,0,2,0,0,0,0,1,0,0,0,0,0,0,0,0,0,0,0,0,0,0,0,0,0,0,-1,0,0,0,0,1,0,0,0,0,0,0,0,0,0,0,0,0,-1,0,-1,0,0,-1,-1,-1,-1,0,0,0,0,-1,0,0,-1,0,1,0,0,0,0,0,0,0,0,0,0,-1,0,0,0,0,0,0,0,0,0,0,0,[0|0|0|0|0|0|0|0|0|0|0|0]
210690064,Knight's Lightning Spear,210690051,-1,300173,-1,0.2,0.2,0,80,150,0,15,0,0,15,0,0,0,0.5,-1,0,0,0,1,0,0,0,210690065,0,0,0,0,0,1,0,0,0,0,0,0,0,0,0,0,0,0,0,0,254,254,254,254,1,1,0,2,0,2,0,0,0,0,1,0,0,0,0,0,0,0,0,0,0,0,0,0,0,0,0,0,0,-1,0,0,0,0,1,0,0,0,0,0,0,0,0,0,0,0,0,-1,0,-1,0,0,-1,-1,-1,-1,0,0,0,0,-1,0,0,-1,0,1,0,0,0,0,0,0,0,0,0,0,-1,0,0,0,0,0,0,0,0,0,0,0,[0|0|0|0|0|0|0|0|0|0|0|0]
210690065,Knight's Lightning Spear,210690051,-1,300173,-1,0.2,0.2,0,80,150,0,15,0,0,15,0,0,0,0.5,-1,0,0,0,1,0,0,0,-1,0,0,0,0,0,1,0,0,0,0,0,0,0,0,0,0,0,0,0,0,254,254,254,254,1,1,0,2,0,2,0,0,0,0,1,0,0,0,0,0,0,0,0,0,0,0,0,0,0,0,0,0,0,-1,0,0,0,0,1,0,0,0,0,0,0,0,0,0,0,0,0,-1,0,-1,0,0,-1,-1,-1,-1,0,0,0,0,-1,0,0,-1,0,1,0,0,0,0,0,0,0,0,0,0,-1,0,0,0,0,0,0,0,0,0,0,0,[0|0|0|0|0|0|0|0|0|0|0|0]
210721000,Pest-Thread SPears,210721000,541012,541013,-1,2.5,15,0,0,0,0.8,5,10,10,35,0.5,1,0.1,0.3,0.3,0,0,0,0.3,0,0,0,-1,0,0,0,0,0,1,200,140,0,0,0,0,0,0,0,0,40,0,0,0,254,254,254,254,1,0,0,0,0,0,1,0,0,0,1,0,0,0,0,0,1,1,0,1,0,0,0,0,0,0,0,0,0,-1,0,0,0,0,0,0,0,0,0,0,0,0,0,0,0,0,0,-1,0,-1,0,0,-1,-1,-1,-1,0,0,0,0,-1,0,0,-1,0,1,-1,0,0,0,0,0,0,0,0,0,-1,0,0,0,0,0,0,0,0,0,0,0,[0|0|0|0|0|0|0|0|0|0|0|0]
210721001,Pest-Thread SPears,210721000,541012,541013,-1,2.5,15,0,0,0,0.8,5,10,10,35,0.5,1,0.1,0.3,0.3,0,0,0,0.3,0,0,0,-1,0,0,0,0,0,1,200,-140,0,0,0,0,0,0,0,0,40,0,0,0,254,254,254,254,1,0,0,0,0,0,1,0,0,0,1,0,0,0,0,0,1,1,0,1,0,0,0,0,0,0,0,0,0,-1,0,0,0,0,0,0,0,0,0,0,0,0,0,0,0,0,0,-1,0,-1,0,0,-1,-1,-1,-1,0,0,0,0,-1,0,0,-1,0,1,-1,0,0,0,0,0,0,0,0,0,-1,0,0,0,0,0,0,0,0,0,0,0,[0|0|0|0|0|0|0|0|0|0|0|0]
210721050,Pest-Thread SPears,210721050,541017,541018,-1,2.5,15,0,0,0,0.8,5,10,10,35,0.5,1,0.1,0.4,0.4,0,0,0,0.3,0,0,0,-1,0,0,0,0,0,1,200,140,0,0,0,0,0,0,0,0,40,0,0,0,254,254,254,254,1,0,0,0,0,0,1,0,0,0,1,0,0,0,0,0,1,1,0,1,0,0,0,0,0,0,0,0,0,-1,0,0,0,0,0,0,0,0,0,0,0,0,0,0,0,0,0,-1,0,-1,0,0,-1,-1,-1,-1,0,0,0,0,-1,0,0,-1,0,1,-1,0,0,0,0,0,0,0,0,0,-1,0,0,0,0,0,0,0,0,0,0,0,[0|0|0|0|0|0|0|0|0|0|0|0]
210721051,Pest-Thread SPears,210721050,541017,541018,-1,2.5,15,0,0,0,0.8,5,10,10,35,0.5,1,0.1,0.4,0.4,0,0,0,0.3,0,0,0,-1,0,0,0,0,0,1,200,-140,0,0,0,0,0,0,0,0,40,0,0,0,254,254,254,254,1,0,0,0,0,0,1,0,0,0,1,0,0,0,0,0,1,1,0,1,0,0,0,0,0,0,0,0,0,-1,0,0,0,0,0,0,0,0,0,0,0,0,0,0,0,0,0,-1,0,-1,0,0,-1,-1,-1,-1,0,0,0,0,-1,0,0,-1,0,1,-1,0,0,0,0,0,0,0,0,0,-1,0,0,0,0,0,0,0,0,0,0,0,[0|0|0|0|0|0|0|0|0|0|0|0]
300003000,Twin Princes,2310736,652521,-1,-1,2,999,0.01,0,0,0,2,5,-30,2,2,0,4,0.05,-1,0,0,0,0,0,0,0,300003001,0,0,0,0,0,6,360,0,0,0,0,0,0,0,-128,-65,90,180,0,0,254,254,254,254,0,0,0,0,0,0,0,0,0,0,0,0,0,0,0,0,1,0,0,0,0,0,0,0,0,0,0,90,90,-1,0,0,0,0,0,0,0,0,0,0,0,0,0,0,0,0,0,-1,0,-1,0,0,-1,-1,-1,-1,0,0,0,0,-1,0,0,-1,0,0,1,0,0,0,0,0,0,0,0,0,-1,0,0,0,0,0,0,0,0,0,0,0,[0|0|0|0|0|0|0|0|0|0|0|0]
300003001,Twin Princes_1,2310736,652522,652523,-1,2,0,0,0,0,0,2,25,25,45,2,0,0,0.1,-1,0,0,0,0,0,0,0,-1,0,0,0,0,0,1,60,0,0,0,0,0,0,0,-128,-65,0,180,0,0,254,254,254,254,0,0,0,0,0,0,0,0,0,0,0,0,0,1,0,0,1,1,0,0,0,0,0,0,0,0,0,0,0,-1,0,0,0,0,0,0,0,0,0,0,1,0,0,0,0,0,0,-1,0,-1,0,0,-1,-1,-1,-1,0,0,0,0,-1,0,0,-1,0,1,0,0,0,0,0,0,0,0,0,0,-1,0,0,0,0,0,0,0,0,0,0,0,[0|0|0|0|0|0|0|0|0|0|0|0]
