ID,Name,disableParam_NT,disableParamReserve1,disableParamReserve2,behaviorVariationId,sortId,wanderingEquipId,weight,weaponWeightRate,fixPrice,reinforcePrice,sellValue,correctStrength,correctAgility,correctMagic,correctFaith,physGuardCutRate,magGuardCutRate,fireGuardCutRate,thunGuardCutRate,spEffectBehaviorId0,spEffectBehaviorId1,spEffectBehaviorId2,residentSpEffectId,residentSpEffectId1,residentSpEffectId2,materialSetId,originEquipWep,originEquipWep1,originEquipWep2,originEquipWep3,originEquipWep4,originEquipWep5,originEquipWep6,originEquipWep7,originEquipWep8,originEquipWep9,originEquipWep10,originEquipWep11,originEquipWep12,originEquipWep13,originEquipWep14,originEquipWep15,weakA_DamageRate,weakB_DamageRate,weakC_DamageRate,weakD_DamageRate,sleepGuardResist_MaxCorrect,madnessGuardResist_MaxCorrect,saWeaponDamage,equipModelId,iconId,durability,ultCharge,ultCharge2,unknown_ult,attackThrowEscape,parryDamageLife,attackBasePhysics,attackBaseMagic,attackBaseFire,attackBaseThunder,attackBaseStamina,guardAngle,saDurability,staminaGuardDef,reinforceTypeId,trophySGradeId,trophySeqId,throwAtkRate,bowDistRate,equipModelCategory,equipModelGender,weaponCategory,wepmotionCategory,guardmotionCategory,atkMaterial,defSeMaterial1,correctType_Physics,spAttribute,spAtkcategory,wepmotionOneHandId,wepmotionBothHandId,properStrength,properAgility,properMagic,properFaith,overStrength,attackBaseParry,defenseBaseParry,guardBaseRepel,attackBaseRepel,guardCutCancelRate,guardLevel,slashGuardCutRate,blowGuardCutRate,thrustGuardCutRate,poisonGuardResist,diseaseGuardResist,bloodGuardResist,curseGuardResist,atkAttribute,rightHandEquipable,leftHandEquipable,bothHandEquipable,arrowSlotEquipable,boltSlotEquipable,enableGuard,enableParry,enableMagic,enableSorcery,enableMiracle,enableVowMagic,isNormalAttackType,isBlowAttackType,isSlashAttackType,isThrustAttackType,isEnhance,isHeroPointCorrect,isCustom,disableBaseChangeReset,disableRepair,isDarkHand,simpleModelForDlc,lanternWep,isVersusGhostWep,baseChangeCategory,isDragonSlayer,isDeposit,disableMultiDropShare,isDiscard,isDrop,affectedByCharacterScale,enableThrow,showDialogCondType,enableSparringGrounds,defSfxMaterial1,wepCollidableType0,wepCollidableType1,postureControlId_Right,postureControlId_Left,traceSfxId0,traceDmyIdHead0,traceDmyIdTail0,traceSfxId1,traceDmyIdHead1,traceDmyIdTail1,traceSfxId2,traceDmyIdHead2,traceDmyIdTail2,traceSfxId3,traceDmyIdHead3,traceDmyIdTail3,traceSfxId4,traceDmyIdHead4,traceDmyIdTail4,traceSfxId5,traceDmyIdHead5,traceDmyIdTail5,traceSfxId6,traceDmyIdHead6,traceDmyIdTail6,traceSfxId7,traceDmyIdHead7,traceDmyIdTail7,defSfxMaterial2,defSeMaterial2,absorpParamId,toughnessCorrectRate,isValidTough_ProtSADmg,isDualBlade,isAutoEquip,isEnableEmergencyStep,invisibleOnRemo,unk1a,unk1b,unk1c,correctType_Magic,correctType_Fire,correctType_Thunder,weakE_DamageRate,weakF_DamageRate,darkGuardCutRate,attackBaseDark,correctType_Dark,correctType_Poison,sortGroupId,atkAttribute2,sleepGuardResist,madnessGuardResist,correctType_Blood,properLuck,freezeGuardResist,autoReplenishType,swordArtsParamId,correctLuck,arrowBoltEquipId,DerivationLevelType,enchantSfxSize,wepType,physGuardCutRate_MaxCorrect,magGuardCutRate_MaxCorrect,fireGuardCutRate_MaxCorrect,thunGuardCutRate_MaxCorrect,darkGuardCutRate_MaxCorrect,poisonGuardResist_MaxCorrect,diseaseGuardResist_MaxCorrect,bloodGuardResist_MaxCorrect,curseGuardResist_MaxCorrect,freezeGuardResist_MaxCorrect,staminaGuardDef_MaxCorrect,residentSfxId_1,residentSfxId_2,residentSfxId_3,residentSfxId_4,residentSfx_DmyId_1,residentSfx_DmyId_2,residentSfx_DmyId_3,residentSfx_DmyId_4,staminaConsumptionRate,vsPlayerDmgCorrectRate_Physics,vsPlayerDmgCorrectRate_Magic,vsPlayerDmgCorrectRate_Fire,vsPlayerDmgCorrectRate_Thunder,vsPlayerDmgCorrectRate_Dark,vsPlayerDmgCorrectRate_Poison,vsPlayerDmgCorrectRate_Blood,vsPlayerDmgCorrectRate_Freeze,attainmentWepStatusStr,attainmentWepStatusDex,attainmentWepStatusMag,attainmentWepStatusFai,attainmentWepStatusLuc,attackElementCorrectId,saleValue,reinforceShopCategory,maxArrowQuantity,residentSfx_1_IsVisibleForHang,residentSfx_2_IsVisibleForHang,residentSfx_3_IsVisibleForHang,residentSfx_4_IsVisibleForHang,isSoulParamIdChange_model0,isSoulParamIdChange_model1,isSoulParamIdChange_model2,isSoulParamIdChange_model3,wepSeIdOffset,baseChangePrice,levelSyncCorrectId,correctType_Sleep,correctType_Madness,rarity,gemMountType,wepRegainHp,spEffectMsgId0,spEffectMsgId1,spEffectMsgId2,originEquipWep16,originEquipWep17,originEquipWep18,originEquipWep19,originEquipWep20,originEquipWep21,originEquipWep22,originEquipWep23,originEquipWep24,originEquipWep25,equippedSpell_R1,equippedSpell_R2,unknown_3,unknown_4,spAttributeVariationValue,unknown_5,swordArtsTableId,sparringGroundsEventFlagId,heroMovesetOverrideID,heroID,spAttributeMixcraft,heroBehaviorVariationID,criticalAtkRate,attachEffectId,reviveDamage,unknown_11,
2120000,[Rare] Ringed Knight Straight Sword,1,0,[0|0|0],200,1117000,0,1,0,500,180,1000,45,45,20,20,100,22,22,22,-1,-1,-1,-1,-1,-1,200,2110000,2110000,2110000,2110000,2110000,2110000,2110000,2110000,2110000,2110000,2110000,-1,-1,-1,-1,-1,1,1,1,1,15,15,5,925,1283,0,80,1,32,1,10,80,0,30,0,45,60,0,35,300,-1,-1,7,-1,7,0,1,23,2,0,100,0,11,0,0,10,0,0,0,0,99,0,0,10,99,0,1,0,0,0,13,13,13,13,3,1,1,1,0,0,0,0,0,0,0,0,1,0,0,1,1,0,1,0,0,0,0,0,0,0,0,1,0,0,1,0,1,0,1,106,1,1,5,5,401000,300,301,-1,-1,-1,-1,-1,-1,-1,-1,-1,-1,-1,-1,-1,-1,-1,-1,-1,-1,-1,-1,-1,139,139,23,0.015,1,0,0,1,1,0,0,0,0,4,0,1,1,58,0,0,6,20,2,13,13,6,0,13,0,132,0,0,0,0,3,15,15,15,15,15,15,15,15,15,15,0,-1,-1,-1,-1,-1,-1,-1,-1,1,0,0,0,0,0,0,0,0,-1,-1,-1,-1,-1,10000,0,1,1,0,0,0,0,1,0,0,0,0,1800,310,6,6,2,0,40,-1,-1,-1,-1,-1,-1,-1,-1,-1,-1,-1,-1,-1,-1,-1,0,0,0,0,-1,0,0,0,0,-1,1,-1,14,-1
2130000,[Common] Broken Straight Sword,1,0,[0|0|0],200,1103000,0,1,0,750,200,100,38,32,0,0,100,29,29,29,-1,-1,-1,-1,-1,-1,0,2050000,2050000,2050000,2050000,2050000,2050000,2050000,2050000,2050000,2050000,2050000,2050000,2050000,2050000,2050000,2050000,1,1,1,1,15,15,5,2011,1015,0,80,1,32,1,10,70,0,0,0,44,60,0,35,0,-1,-1,1,-1,7,0,1,23,2,0,100,0,0,0,0,10,0,0,0,0,99,0,0,10,60,0,1,0,0,0,14,14,14,14,3,1,1,1,0,0,0,0,0,0,0,0,1,0,0,1,1,0,1,0,0,0,0,0,0,0,0,1,0,0,1,0,1,0,1,106,1,1,5,5,401000,300,-1,-1,-1,-1,-1,-1,-1,-1,-1,-1,-1,-1,-1,-1,-1,-1,-1,-1,-1,-1,-1,-1,139,139,23,0.015,1,0,0,1,1,0,0,1,0,0,0,1,1,29,0,0,6,20,2,14,14,6,0,14,0,115,0,0,0,0,3,15,15,15,15,15,15,15,15,15,15,0,-1,-1,-1,-1,-1,-1,-1,-1,1,0,0,0,0,0,0,0,0,-1,-1,-1,-1,-1,10000,0,1,1,0,0,0,0,1,0,0,0,0,2000,310,6,6,0,0,40,-1,-1,-1,2050000,2050000,2050000,2050000,2050000,2050000,2050000,2050000,2050000,2050000,-1,-1,0,0,0,0,20000010,0,0,0,0,-1,1,-1,14,-1
2160000,[Rare] Lothric's Holy Sword,1,0,[0|0|0],200,1117000,0,1,0,500,180,1000,43,43,0,30,100,22,22,22,-1,-1,-1,-1,-1,-1,200,2110000,2110000,2110000,2110000,2110000,2110000,2110000,2110000,2110000,2110000,2110000,-1,-1,-1,-1,-1,1,1,1,1,15,15,5,2019,12265,0,80,1,32,1,10,70,0,0,0,45,60,0,35,300,-1,-1,7,-1,7,0,1,23,2,0,100,0,0,0,0,10,0,0,0,0,99,0,0,10,99,0,1,0,0,0,13,13,13,13,3,1,1,1,0,0,0,0,0,0,0,0,1,0,0,1,1,0,1,0,0,0,0,0,0,0,0,1,0,0,1,0,1,0,1,106,1,1,5,5,401000,300,301,-1,-1,-1,-1,-1,-1,-1,-1,-1,-1,-1,-1,-1,-1,-1,-1,-1,-1,-1,-1,-1,139,139,23,0.015,1,0,0,1,1,0,0,0,0,4,0,1,1,58,45,4,6,20,2,13,13,6,0,13,0,140,0,0,0,0,3,15,15,15,15,15,15,15,15,15,15,0,-1,-1,-1,-1,-1,-1,-1,-1,1,0,0,0,0,0,0,0,0,-1,-1,-1,-1,-1,10000,0,1,1,0,0,0,0,1,0,0,0,0,1800,310,6,6,2,0,40,-1,-1,-1,-1,-1,-1,-1,-1,-1,-1,-1,-1,-1,-1,-1,0,0,0,0,-1,0,0,0,0,-1,1,-1,14,-1
2530000,[Rare] Carian Sorcery Sword,1,0,[0|0|0],500,1407000,0,1,0,500,180,100,1,39,47,0,100,30,30,30,-1,-1,-1,-1,-1,-1,200,5020000,5020000,5020000,5020000,5020000,5020000,5020000,5020000,5020000,5020000,5020000,5020000,5020000,5020000,5020000,5020000,1,1,1,1,15,15,4,270,12213,0,80,1,32,1,10,30,60,0,0,29,60,0,33,300,-1,-1,7,-1,7,0,3,27,2,0,100,0,10,293,0,10,0,0,0,0,99,0,0,10,40,0,1,0,0,0,10,10,10,10,3,1,1,1,0,0,0,0,1,0,0,0,1,0,0,1,1,0,1,0,0,0,0,0,0,0,0,1,0,0,1,0,1,0,0,106,1,1,5,5,401000,300,-1,-1,-1,-1,-1,-1,-1,-1,-1,-1,-1,-1,-1,-1,-1,-1,-1,-1,-1,-1,-1,-1,139,139,27,0.014,1,1,0,1,1,0,0,1,0,0,0,1,1,30,0,0,6,50,2,10,10,6,0,10,0,101,0,0,0,0,15,15,15,15,15,15,15,15,15,15,15,0,-1,-1,-1,-1,-1,-1,-1,-1,1,0,0,0,0,0,0,0,0,-1,-1,-1,-1,-1,10000,0,1,1,0,0,0,0,1,0,0,0,0,1800,310,6,6,2,0,40,-1,-1,-1,5020000,5020000,5020000,5020000,5020000,5020000,5020000,5020000,5020000,5020000,-1,-1,0,0,0,0,-1,0,0,0,0,0,1,-1,14,-1
2540000,[Rare] Carian Sorcery Sword sparring,1,0,[0|0|0],500,1407000,0,1,0,500,180,100,1,39,47,0,100,30,30,30,-1,-1,-1,-1,-1,-1,200,5020000,5020000,5020000,5020000,5020000,5020000,5020000,5020000,5020000,5020000,5020000,5020000,5020000,5020000,5020000,5020000,1,1,1,1,15,15,4,270,12213,0,80,1,32,1,10,30,60,0,0,29,60,0,33,300,-1,-1,7,-1,7,0,3,27,2,0,100,0,10,293,0,10,0,0,0,0,99,0,0,10,40,0,1,0,0,0,10,10,10,10,3,1,1,1,0,0,0,0,1,0,0,0,1,0,0,1,1,0,1,0,0,0,0,0,0,0,0,1,0,0,1,0,1,0,1,106,1,1,5,5,401000,300,-1,-1,-1,-1,-1,-1,-1,-1,-1,-1,-1,-1,-1,-1,-1,-1,-1,-1,-1,-1,-1,-1,139,139,27,0.014,1,1,0,1,1,0,0,1,0,0,0,1,1,30,0,0,6,50,2,10,10,6,0,10,0,101,0,0,0,0,15,15,15,15,15,15,15,15,15,15,15,0,-1,-1,-1,-1,-1,-1,-1,-1,1,0,0,0,0,0,0,0,0,-1,-1,-1,-1,-1,10000,0,1,1,0,0,0,0,1,0,0,0,0,1800,310,6,6,2,0,40,-1,-1,-1,5020000,5020000,5020000,5020000,5020000,5020000,5020000,5020000,5020000,5020000,5111,5111,0,0,0,0,-1,0,0,0,0,0,1,-1,14,-1
2550000,[Rare] Sword of Light,1,0,[0|0|0],200,1113000,0,1,0,700,250,100,30,20,0,23,100,30,30,30,-1,-1,-1,-1,-1,-1,200,2550000,2550000,2550000,2550000,2550000,2550000,2550000,2550000,2550000,2550000,2550000,2550000,2550000,2550000,2550000,2550000,1,1,1,1,15,15,5,273,12205,0,80,1,32,1,10,60,0,0,0,47,60,0,35,300,-1,-1,7,-1,7,0,1,23,2,0,100,0,0,0,0,10,0,0,0,0,99,0,0,10,60,0,1,0,0,0,15,15,15,15,3,1,1,1,0,0,0,0,0,0,0,0,1,0,0,1,1,0,1,0,0,0,0,0,0,0,0,1,0,0,1,0,1,0,1,106,1,1,5,5,401000,300,301,-1,-1,-1,-1,-1,-1,-1,-1,-1,-1,-1,-1,-1,-1,-1,-1,-1,-1,-1,-1,-1,139,139,23,0.015,1,0,0,1,1,0,0,1,0,0,0,1,1,30,70,4,6,20,2,15,15,6,0,15,0,5020,0,0,0,0,3,15,15,15,15,15,15,15,15,15,15,0,-1,-1,-1,-1,-1,-1,-1,-1,1,0,0,0,0,0,0,0,0,-1,-1,-1,-1,-1,10000,0,1,1,0,0,0,0,1,0,0,0,0,2500,310,6,6,2,0,40,-1,-1,-1,2040000,2040000,2040000,2040000,2040000,2040000,2040000,2040000,2040000,2040000,-1,-1,0,0,0,0,-1,0,0,0,0,-1,1.1,-1,14,-1
2560000,[Rare] Sword of Darkness,1,0,[0|0|0],200,1113000,0,1,0,700,250,100,30,20,0,23,100,30,30,30,-1,-1,-1,-1,-1,-1,200,2550000,2550000,2550000,2550000,2550000,2550000,2550000,2550000,2550000,2550000,2550000,2550000,2550000,2550000,2550000,2550000,1,1,1,1,15,15,5,274,12206,0,80,1,32,1,10,60,0,0,0,47,60,0,35,300,-1,-1,7,-1,7,0,1,23,2,0,100,0,0,0,0,10,0,0,0,0,99,0,0,10,60,0,1,0,0,0,15,15,15,15,3,1,1,1,0,0,0,0,0,0,0,0,1,0,0,1,1,0,1,0,0,0,0,0,0,0,0,1,0,0,1,0,1,0,1,106,1,1,5,5,401000,300,301,-1,-1,-1,-1,-1,-1,-1,-1,-1,-1,-1,-1,-1,-1,-1,-1,-1,-1,-1,-1,-1,139,139,23,0.015,1,0,0,1,1,0,0,1,0,0,0,1,1,30,70,4,6,20,2,15,15,6,0,15,0,5030,0,0,0,0,3,15,15,15,15,15,15,15,15,15,15,0,-1,-1,-1,-1,-1,-1,-1,-1,1,0,0,0,0,0,0,0,0,-1,-1,-1,-1,-1,10000,0,1,1,0,0,0,0,1,0,0,0,0,2500,310,6,6,2,0,40,-1,-1,-1,2040000,2040000,2040000,2040000,2040000,2040000,2040000,2040000,2040000,2040000,-1,-1,0,0,0,0,-1,0,0,0,0,-1,1.1,-1,14,-1
2570000,[Uncommon] Gotthard Twinswords,1,0,[0|0|0],200,1111001,0,1,0,700,250,100,45,45,0,0,100,30,30,30,-1,-1,-1,100064,-1,-1,100,2040000,2040000,2040000,2040000,2040000,2040000,2040000,2040000,2040000,2040000,2040000,2040000,2040000,2040000,2040000,2040000,1,1,1,1,15,15,5,1607,1170,0,80,1,32,1,10,95,0,0,0,45,60,0,35,200,-1,-1,3,-1,7,0,1,23,2,0,100,0,0,640,0,0,0,0,0,0,99,0,0,10,60,0,1,0,0,0,15,15,15,15,3,1,1,1,0,0,0,0,0,0,0,0,1,0,0,1,1,0,1,0,0,0,0,0,0,0,0,1,0,0,1,0,1,0,1,106,1,1,0,0,401000,300,301,-1,-1,-1,-1,-1,-1,-1,-1,-1,-1,-1,-1,-1,-1,-1,-1,-1,-1,-1,-1,-1,139,139,1023,0.015,1,1,0,1,1,0,0,1,0,0,0,1,1,30,0,0,6,20,2,15,15,6,0,15,0,137,0,0,0,0,3,15,15,15,15,15,15,15,15,15,15,0,-1,-1,-1,-1,-1,-1,-1,-1,1,0,0,0,0,0,0,0,0,-1,-1,-1,-1,-1,10000,0,1,1,0,0,0,0,1,0,0,0,0,2500,310,6,6,1,0,40,-1,-1,-1,2040000,2040000,2040000,2040000,2040000,2040000,2040000,2040000,2040000,2040000,-1,-1,0,0,0,0,20000010,0,0,0,0,-1,1.1,-1,14,-1
2570500,[Uncommon] Fire Gotthard Twinswords,1,0,[0|0|0],200,1111001,0,1,0,700,250,100,45,45,0,0,100,30,30,30,-1,-1,-1,100064,-1,-1,100,2040000,2040000,2040000,2040000,2040000,2040000,2040000,2040000,2040000,2040000,2040000,2040000,2040000,2040000,2040000,2040000,1,1,1,1,15,15,5,1607,1170,0,80,1,32,1,10,47,0,47,0,45,60,0,35,200,-1,-1,3,-1,7,0,1,23,2,0,100,0,11,640,0,0,0,0,0,0,99,0,0,10,60,0,1,0,0,0,15,15,15,15,3,1,1,1,0,0,0,0,0,0,0,0,1,0,0,1,1,0,1,0,0,0,0,0,0,0,0,1,0,0,1,0,1,0,0,106,1,1,0,0,401000,300,301,-1,-1,-1,-1,-1,-1,-1,-1,-1,-1,-1,-1,-1,-1,-1,-1,-1,-1,-1,-1,-1,139,139,1023,0.015,1,1,0,1,1,0,0,1,0,4,0,1,1,30,0,0,6,20,2,15,15,6,0,15,0,137,0,0,0,0,3,15,15,15,15,15,15,15,15,15,15,0,-1,-1,-1,-1,-1,-1,-1,-1,1,0,0,0,0,0,0,0,0,-1,-1,-1,-1,-1,10000,0,1,1,0,0,0,0,1,0,0,0,0,2500,310,6,6,1,0,40,-1,-1,-1,2040000,2040000,2040000,2040000,2040000,2040000,2040000,2040000,2040000,2040000,-1,-1,0,0,0,0,20000010,0,0,0,0,-1,1.1,-1,14,-1
2570600,[Uncommon] Lightning Gotthard Twinswords,1,0,[0|0|0],200,1111001,0,1,0,700,250,100,45,45,0,0,100,30,30,30,-1,-1,-1,100064,-1,-1,100,2040000,2040000,2040000,2040000,2040000,2040000,2040000,2040000,2040000,2040000,2040000,2040000,2040000,2040000,2040000,2040000,1,1,1,1,15,15,5,1607,1170,0,80,1,32,1,10,47,0,0,47,45,60,0,35,200,-1,-1,3,-1,7,0,1,23,2,0,100,0,12,640,0,0,0,0,0,0,99,0,0,10,60,0,1,0,0,0,15,15,15,15,3,1,1,1,0,0,0,0,0,0,0,0,1,0,0,1,1,0,1,0,0,0,0,0,0,0,0,1,0,0,1,0,1,0,0,106,1,1,0,0,401000,300,301,-1,-1,-1,-1,-1,-1,-1,-1,-1,-1,-1,-1,-1,-1,-1,-1,-1,-1,-1,-1,-1,139,139,1023,0.015,1,1,0,1,1,0,0,1,0,0,4,1,1,30,0,0,6,20,2,15,15,6,0,15,0,137,0,0,0,0,3,15,15,15,15,15,15,15,15,15,15,0,-1,-1,-1,-1,-1,-1,-1,-1,1,0,0,0,0,0,0,0,0,-1,-1,-1,-1,-1,10000,0,1,1,0,0,0,0,1,0,0,0,0,2500,310,6,6,1,0,40,-1,-1,-1,2040000,2040000,2040000,2040000,2040000,2040000,2040000,2040000,2040000,2040000,-1,-1,0,0,0,0,20000010,0,0,0,0,-1,1.1,-1,14,-1
2570700,[Uncommon] Sacred Gotthard Twinswords,1,0,[0|0|0],200,1111001,0,1,0,700,250,100,38,38,0,30,100,30,30,30,-1,-1,-1,100064,-1,-1,100,2040000,2040000,2040000,2040000,2040000,2040000,2040000,2040000,2040000,2040000,2040000,2040000,2040000,2040000,2040000,2040000,1,1,1,1,15,15,5,1607,1170,0,80,1,32,1,10,47,0,0,0,45,60,0,35,200,-1,-1,3,-1,7,0,1,23,2,0,100,0,13,640,0,0,0,0,0,0,99,0,0,10,60,0,1,0,0,0,15,15,15,15,3,1,1,1,0,0,0,0,0,0,0,0,1,0,0,1,1,0,1,0,0,0,0,0,0,0,0,1,0,0,1,0,1,0,0,106,1,1,0,0,401000,300,301,-1,-1,-1,-1,-1,-1,-1,-1,-1,-1,-1,-1,-1,-1,-1,-1,-1,-1,-1,-1,-1,139,139,1023,0.015,1,1,0,1,1,0,0,1,0,0,0,1,1,30,47,4,6,20,2,15,15,6,0,15,0,137,0,0,0,0,3,15,15,15,15,15,15,15,15,15,15,0,-1,-1,-1,-1,-1,-1,-1,-1,1,0,0,0,0,0,0,0,0,-1,-1,-1,-1,-1,10000,0,1,1,0,0,0,0,1,0,0,0,0,2500,310,6,6,1,0,40,-1,-1,-1,2040000,2040000,2040000,2040000,2040000,2040000,2040000,2040000,2040000,2040000,-1,-1,0,0,0,0,20000010,0,0,0,0,-1,1.1,-1,14,-1
2570800,[Uncommon] Magic Gotthard Twinswords,1,0,[0|0|0],200,1111001,0,1,0,700,250,100,38,38,30,0,100,30,30,30,-1,-1,-1,100064,-1,-1,100,2040000,2040000,2040000,2040000,2040000,2040000,2040000,2040000,2040000,2040000,2040000,2040000,2040000,2040000,2040000,2040000,1,1,1,1,15,15,5,1607,1170,0,80,1,32,1,10,47,47,0,0,45,60,0,35,200,-1,-1,3,-1,7,0,1,23,2,0,100,0,10,640,0,0,0,0,0,0,99,0,0,10,60,0,1,0,0,0,15,15,15,15,3,1,1,1,0,0,0,0,0,0,0,0,1,0,0,1,1,0,1,0,0,0,0,0,0,0,0,1,0,0,1,0,1,0,0,106,1,1,0,0,401000,300,301,-1,-1,-1,-1,-1,-1,-1,-1,-1,-1,-1,-1,-1,-1,-1,-1,-1,-1,-1,-1,-1,139,139,1023,0.015,1,1,0,1,1,0,0,1,4,0,0,1,1,30,0,0,6,20,2,15,15,6,0,15,0,137,0,0,0,0,3,15,15,15,15,15,15,15,15,15,15,0,-1,-1,-1,-1,-1,-1,-1,-1,1,0,0,0,0,0,0,0,0,-1,-1,-1,-1,-1,10000,0,1,1,0,0,0,0,1,0,0,0,0,2500,310,6,6,1,0,40,-1,-1,-1,2040000,2040000,2040000,2040000,2040000,2040000,2040000,2040000,2040000,2040000,-1,-1,0,0,0,0,20000010,0,0,0,0,-1,1.1,-1,14,-1
2570900,[Uncommon] Cold Gotthard Twinswords,1,0,[0|0|0],200,1111001,0,1,0,700,250,100,38,38,30,0,100,30,30,30,-1,107510,-1,100064,-1,-1,100,2040000,2040000,2040000,2040000,2040000,2040000,2040000,2040000,2040000,2040000,2040000,2040000,2040000,2040000,2040000,2040000,1,1,1,1,15,15,5,1607,1170,0,80,1,32,1,10,38,38,0,0,45,60,0,35,200,-1,-1,3,-1,7,0,1,23,2,0,100,0,10,640,0,0,0,0,0,0,99,0,0,10,60,0,1,0,0,0,15,15,15,15,3,1,1,1,0,0,0,0,0,0,0,0,1,0,0,1,1,0,1,0,0,0,0,0,0,0,0,1,0,0,1,0,1,0,0,106,1,1,0,0,401000,300,301,-1,-1,-1,-1,-1,-1,-1,-1,-1,-1,-1,-1,-1,-1,-1,-1,-1,-1,-1,-1,-1,139,139,1023,0.015,1,1,0,1,1,0,0,1,4,0,0,1,1,30,0,0,6,20,2,15,15,6,0,15,0,137,0,0,0,0,3,15,15,15,15,15,15,15,15,15,15,0,-1,-1,-1,-1,-1,-1,-1,-1,1,0,0,0,0,0,0,0,0,-1,-1,-1,-1,-1,10000,0,1,1,0,0,0,0,1,0,0,0,0,2500,310,6,6,1,0,40,-1,-1,-1,2040000,2040000,2040000,2040000,2040000,2040000,2040000,2040000,2040000,2040000,-1,-1,0,0,0,0,20000010,0,0,0,0,-1,1.1,-1,14,-1
2571000,[Uncommon] Poison Gotthard Twinswords,1,0,[0|0|0],200,1111001,0,1,0,700,250,100,38,38,0,0,100,30,30,30,-1,106010,-1,100064,-1,-1,100,2040000,2040000,2040000,2040000,2040000,2040000,2040000,2040000,2040000,2040000,2040000,2040000,2040000,2040000,2040000,2040000,1,1,1,1,15,15,5,1607,1170,0,80,1,32,1,10,76,0,0,0,45,60,0,35,200,-1,-1,3,-1,7,0,1,23,2,0,100,0,0,640,0,0,0,0,0,0,99,0,0,10,60,0,1,0,0,0,15,15,15,15,3,1,1,1,0,0,0,0,0,0,0,0,1,0,0,1,1,0,1,0,0,0,0,0,0,0,0,1,0,0,1,0,1,0,0,106,1,1,0,0,401000,300,301,-1,-1,-1,-1,-1,-1,-1,-1,-1,-1,-1,-1,-1,-1,-1,-1,-1,-1,-1,-1,-1,139,139,1023,0.015,1,1,0,1,1,0,0,1,0,0,0,1,1,30,0,0,6,20,2,15,15,6,0,15,0,137,45,0,0,0,3,15,15,15,15,15,15,15,15,15,15,0,-1,-1,-1,-1,-1,-1,-1,-1,1,0,0,0,0,0,0,0,0,-1,-1,-1,-1,-1,10000,0,1,1,0,0,0,0,1,0,0,0,0,2500,310,6,6,1,0,40,-1,-1,-1,2040000,2040000,2040000,2040000,2040000,2040000,2040000,2040000,2040000,2040000,-1,-1,0,0,0,0,20000010,0,0,0,0,-1,1.1,-1,14,-1
2571100,[Uncommon] Blood Gotthard Twinswords,1,0,[0|0|0],200,1111001,0,1,0,700,250,100,38,38,0,0,100,30,30,30,105010,-1,-1,100064,-1,-1,100,2040000,2040000,2040000,2040000,2040000,2040000,2040000,2040000,2040000,2040000,2040000,2040000,2040000,2040000,2040000,2040000,1,1,1,1,15,15,5,1607,1170,0,80,1,32,1,10,76,0,0,0,45,60,0,35,200,-1,-1,3,-1,7,0,1,23,2,0,100,0,0,640,0,0,0,0,0,0,99,0,0,10,60,0,1,0,0,0,15,15,15,15,3,1,1,1,0,0,0,0,0,0,0,0,1,0,0,1,1,0,1,0,0,0,0,0,0,0,0,1,0,0,1,0,1,0,0,106,1,1,0,0,401000,300,301,-1,-1,-1,-1,-1,-1,-1,-1,-1,-1,-1,-1,-1,-1,-1,-1,-1,-1,-1,-1,-1,139,139,1023,0.015,1,1,0,1,1,0,0,1,0,0,0,1,1,30,0,0,6,20,2,15,15,6,0,15,0,137,45,0,0,0,3,15,15,15,15,15,15,15,15,15,15,0,-1,-1,-1,-1,-1,-1,-1,-1,1,0,0,0,0,0,0,0,0,-1,-1,-1,-1,-1,10000,0,1,1,0,0,0,0,1,0,0,0,0,2500,310,6,6,1,0,40,-1,-1,-1,2040000,2040000,2040000,2040000,2040000,2040000,2040000,2040000,2040000,2040000,-1,-1,0,0,0,0,20000010,0,0,0,0,-1,1.1,-1,14,-1
3510000,[Legendary] Greatsword of Damnation,1,0,[0|0|0],318,1219500,0,1,0,900,690,100,28,21,0,25,100,39,39,39,-1,-1,-1,-1,-1,-1,-1,3020000,3020000,3020000,3020000,3020000,3020000,3020000,3020000,3020000,3020000,3020000,3020000,3020000,3020000,3020000,3020000,1,1,1,1,15,15,5.5,637,7067,0,160,1,32,1,10,123,0,0,0,62,60,0,46,0,-1,-1,10,-1,7,0,1,25,2,0,100,0,13,125,2,12,0,0,0,0,99,0,0,10,70,0,1,0,0,0,22,22,22,22,3,1,1,1,0,0,0,0,0,0,0,0,1,0,0,1,1,0,1,0,0,0,0,0,0,0,0,1,0,0,1,0,1,0,0,106,2,1,7,7,401000,300,-1,-1,-1,-1,-1,-1,-1,-1,-1,-1,-1,-1,-1,-1,-1,-1,-1,-1,-1,-1,-1,-1,139,139,25,0.059,1,0,0,1,1,0,0,1,0,0,0,1,1,39,79,0,6,30,2,22,22,6,0,22,0,5220,0,0,0,0,5,15,15,15,15,15,15,15,15,15,15,0,-1,-1,-1,-1,-1,-1,-1,-1,1,0,0,0,0,0,0,0,0,-1,-1,-1,-1,-1,10000,0,1,1,0,0,0,0,1,0,0,0,0,6900,310,6,6,3,0,60,-1,-1,-1,3020000,3020000,3020000,3020000,3020000,3020000,3020000,3020000,3020000,3020000,-1,-1,0,0,0,0,-1,0,270,1,0,350,1,-1,20,-1
3520000,[Legendary] Gael's Greatsword,1,0,[0|0|0],300,1220000,0,1,0,900,690,100,54,44,0,0,100,39,39,39,-1,-1,-1,-1,-1,-1,-1,3020000,3020000,3020000,3020000,3020000,3020000,3020000,3020000,3020000,3020000,3020000,3020000,3020000,3020000,3020000,3020000,1,1,1,1,15,15,5.5,234,1284,0,160,1,32,1,10,115,0,0,0,63,60,0,46,0,-1,-1,10,-1,7,0,1,25,2,0,100,0,0,125,2,12,0,0,0,0,99,0,0,10,70,0,1,0,0,0,22,22,22,22,3,1,1,1,0,0,0,0,0,0,0,0,1,0,0,1,1,0,1,0,0,0,0,0,0,0,0,1,0,0,1,0,1,0,1,106,2,1,7,7,401000,300,-1,-1,-1,-1,-1,-1,-1,-1,-1,-1,-1,-1,-1,-1,-1,-1,-1,-1,-1,-1,-1,-1,139,139,25,0.059,1,0,0,1,1,0,0,1,0,0,0,1,1,39,0,0,6,30,2,22,22,6,0,22,0,128,0,0,0,0,5,15,15,15,15,15,15,15,15,15,15,0,-1,-1,-1,-1,-1,-1,-1,-1,1,0,0,0,0,0,0,0,0,-1,-1,-1,-1,-1,10000,0,1,1,0,0,0,0,1,0,0,0,0,6900,310,6,6,3,0,60,-1,-1,-1,3020000,3020000,3020000,3020000,3020000,3020000,3020000,3020000,3020000,3020000,-1,-1,0,0,0,0,-1,0,270,1,0,350,1,9041300,20,-1
3550000,[Rare] Greatsword of Solitude,1,0,[0|0|0],300,1213000,0,1,0,700,570,100,95,15,0,0,100,40,40,40,-1,-1,-1,-1,-1,-1,200,3010000,3010000,3010000,3010000,3010000,3010000,3010000,3010000,3010000,3010000,3010000,3010000,3010000,3010000,3010000,3010000,1,1,1,1,15,15,5.5,639,12209,0,160,1,32,1,10,120,0,0,0,84,60,0,46,300,-1,-1,7,-1,7,0,1,25,2,0,100,0,0,0,2,12,0,0,0,0,99,0,0,10,70,0,1,0,0,0,19,19,19,19,3,1,1,1,0,0,0,0,0,0,0,0,1,0,0,1,1,0,1,0,0,0,0,0,0,0,0,1,0,0,1,0,1,0,1,106,2,1,7,7,401000,300,-1,-1,-1,-1,-1,-1,-1,-1,-1,-1,-1,-1,-1,-1,-1,-1,-1,-1,-1,-1,-1,-1,139,139,25,0.059,1,0,0,1,1,0,0,1,0,0,0,1,1,33,0,0,6,30,2,19,19,6,0,19,0,5430,0,0,0,0,5,15,15,15,15,15,15,15,15,15,15,0,-1,-1,-1,-1,-1,-1,-1,-1,1,0,0,0,0,0,0,0,0,-1,-1,-1,-1,-1,10000,0,1,1,0,0,0,0,1,0,0,0,0,5700,310,6,6,2,0,60,-1,-1,-1,3010000,3010000,3010000,3010000,3010000,3010000,3010000,3010000,3010000,3010000,-1,-1,0,0,0,0,-1,0,270,1,0,350,1,-1,20,-1
3560000,[Legendary] Twin Princes' Greatsword,1,0,[0|0|0],300,1220000,0,1,0,700,570,100,46,38,15,15,100,40,40,40,-1,-1,-1,1092460,-1,-1,-1,3010000,3010000,3010000,3010000,3010000,3010000,3010000,3010000,3010000,3010000,3010000,3010000,3010000,3010000,3010000,3010000,1,1,1,1,15,15,5.5,2018,12264,0,160,1,32,1,10,80,0,20,0,60,60,0,46,400,-1,-1,10,-1,7,0,1,25,2,0,100,0,11,0,2,12,0,0,0,0,99,0,0,10,70,0,1,0,0,0,19,19,19,19,3,1,1,1,0,0,0,0,0,0,0,0,1,0,0,1,1,0,1,0,0,0,0,0,0,0,0,1,0,0,1,0,1,0,1,106,2,1,7,7,401000,300,-1,-1,-1,-1,-1,-1,-1,-1,-1,-1,-1,-1,-1,-1,-1,-1,-1,-1,-1,-1,-1,-1,139,139,25,0.059,1,0,0,1,1,0,0,0,0,4,0,1,1,33,20,4,6,30,2,19,19,6,0,19,0,139,0,0,0,0,5,15,15,15,15,15,15,15,15,15,15,0,-1,-1,-1,-1,-1,-1,-1,-1,1,0,0,0,0,0,0,0,0,-1,-1,-1,-1,-1,10000,0,1,1,0,0,0,0,1,0,0,0,0,5700,310,6,6,3,0,60,-1,-1,-1,3010000,3010000,3010000,3010000,3010000,3010000,3010000,3010000,3010000,3010000,-1,-1,0,0,0,0,-1,0,270,1,0,350,1,9040603,20,-1
4090000,[Rare] Fume Ultra Greatsword,1,0,[0|0|0],400,1307000,0,1,0,1050,1180,1000,106,20,0,0,100,40,40,40,-1,-1,-1,100061,-1,-1,200,4070000,4070000,4070000,4070000,4070000,4070000,4070000,4070000,4070000,4070000,4070000,-1,-1,-1,-1,-1,1,1,1,1,15,15,6,2000,1201,0,200,1,32,1,10,130,0,0,0,75,60,0,48,300,-1,-1,7,-1,7,0,1,26,2,0,151,0,0,633,2,12,0,0,0,0,99,0,0,30,80,0,2,0,0,0,22,22,22,22,3,1,1,1,0,0,0,0,0,0,0,0,1,0,0,1,1,0,1,0,0,0,0,0,0,0,0,1,0,0,1,0,1,0,1,106,2,1,7,7,401000,300,-1,-1,-1,-1,-1,-1,-1,-1,-1,-1,-1,-1,-1,-1,-1,-1,-1,-1,-1,-1,-1,-1,139,139,26,0.09,1,0,0,1,1,0,0,0,0,0,0,1,1,38,0,0,6,40,2,22,22,6,0,22,0,144,0,0,0,0,7,15,15,15,15,15,15,15,15,15,15,0,-1,-1,-1,-1,-1,-1,-1,-1,1,0,0,0,0,0,0,0,0,-1,-1,-1,-1,-1,10000,0,1,1,0,0,0,0,1,0,0,0,0,11800,330,6,6,2,0,70,-1,-1,-1,-1,-1,-1,-1,-1,-1,-1,-1,-1,-1,-1,-1,0,0,0,0,-1,0,0,0,0,-1,1,-1,25,-1
4120000,[Rare] Lorian's Greatsword,1,0,[0|0|0],404,1306000,0,1,0,1050,1180,1000,40,30,25,25,100,38,49,38,-1,-1,-1,-1,-1,-1,200,4070000,4070000,4070000,4070000,4070000,4070000,4070000,4070000,4070000,4070000,4070000,-1,-1,-1,-1,-1,1,1,1,1,15,15,6,2017,12263,0,200,1,32,1,10,120,0,55,0,76,60,0,48,300,-1,-1,7,-1,7,0,1,26,2,0,100,0,11,135,2,12,0,0,0,0,99,0,0,30,80,0,2,0,0,0,22,22,22,22,3,1,1,1,0,0,0,0,0,0,0,0,1,0,0,1,1,0,1,0,0,0,0,0,0,0,0,1,0,0,1,0,1,0,1,106,2,1,7,7,401000,300,-1,-1,-1,-1,-1,-1,-1,-1,-1,-1,-1,-1,-1,-1,-1,-1,-1,-1,-1,-1,-1,-1,139,139,26,0.09,1,0,0,1,1,0,0,0,0,4,0,1,1,38,0,0,6,40,2,22,22,6,0,22,0,138,23,0,0,0,7,15,15,15,15,15,15,15,15,15,15,0,-1,-1,-1,-1,-1,-1,-1,-1,1,0,0,0,0,0,0,0,0,-1,-1,-1,-1,-1,10000,0,1,1,0,0,0,0,1,0,0,0,0,11800,330,6,6,2,0,70,-1,-1,-1,-1,-1,-1,-1,-1,-1,-1,-1,-1,-1,-1,-1,0,0,0,0,-1,0,0,0,0,-1,1,-1,25,-1
4500000,[Legendary] Ancient Meteoric Ore Greatsword,1,0,[0|0|0],402,1307500,0,1,0,1650,1320,1000,50,0,0,0,100,56,50,50,-1,-1,-1,-1,-1,-1,-1,4500000,4500000,4500000,4500000,4500000,4500000,4500000,4500000,4500000,4500000,4500000,-1,-1,-1,-1,-1,1,1,1,1,15,15,6,635,12210,0,200,1,32,1,10,140,40,0,0,82,60,0,48,400,4,-1,10,-1,7,0,1,26,2,4,155,0,10,925,2,12,0,0,0,0,99,0,0,30,80,0,2,0,0,0,28,28,28,28,3,1,1,1,0,0,0,0,0,0,0,0,1,0,0,1,1,0,1,0,0,0,0,0,0,0,0,1,0,0,1,0,1,0,1,117,2,1,7,7,401000,300,-1,-1,-1,-1,-1,-1,-1,-1,-1,-1,-1,-1,-1,-1,-1,-1,-1,-1,-1,-1,-1,-1,139,139,26,0.09,0,0,0,1,1,0,0,0,0,0,0,1,1,50,0,0,6,40,2,28,28,6,0,28,0,5240,26,0,0,2,7,15,15,15,15,15,15,15,15,15,15,0,-1,-1,-1,-1,-1,-1,-1,-1,1,0,0,0,0,0,0,0,0,-1,-1,-1,-1,-1,10000,0,1,1,0,0,0,0,1,0,0,0,3,13200,330,6,6,3,0,70,-1,-1,-1,-1,-1,-1,-1,-1,-1,-1,-1,-1,-1,-1,-1,0,0,4,0,-1,0,0,0,0,-1,1,9040700,25,-1
4600000,[Legendary] Farron Greatsword,1,0,[0|0|0],400,1307000,0,1,0,900,1190,200,41,73,0,0,100,48,48,48,-1,-1,-1,8981916,-1,-1,-1,4100000,4100000,4100000,4100000,4100000,4100000,4100000,4100000,4100000,4100000,4100000,-1,-1,-1,-1,-1,1,1,1,1,15,15,6,2006,1065,0,200,1,32,1,10,115,0,0,0,75,60,0,48,400,5,-1,10,-1,7,0,1,26,2,0,151,0,0,635,2,2,0,0,0,0,99,0,0,30,80,0,2,0,0,0,26,26,26,26,3,1,1,1,0,0,0,0,0,0,0,0,1,0,0,1,1,0,1,0,0,0,0,0,0,0,0,1,0,0,1,0,1,0,1,106,2,1,0,0,401000,300,-1,-1,-1,-1,-1,-1,-1,-1,-1,-1,-1,-1,-1,-1,-1,-1,-1,-1,-1,-1,-1,-1,139,139,161,0.09,0,1,0,1,1,0,0,0,0,0,0,1,1,48,0,0,6,40,2,26,26,6,0,26,0,134,34,0,0,2,7,15,15,15,15,15,15,15,15,15,15,0,-1,-1,-1,-1,-1,-1,-1,-1,1,0,0,0,0,0,0,0,0,-1,-1,-1,-1,-1,10000,0,1,1,0,0,0,0,1,0,0,0,0,11900,330,6,6,3,0,70,-1,-1,-1,-1,-1,-1,-1,-1,-1,-1,-1,-1,-1,-1,-1,0,0,0,0,-1,0,0,0,0,-1,1,8989010,25,-1
5070000,[Rare] Crow Quills,1,0,[0|0|0],500,1407000,0,1,0,500,180,100,8,76,0,0,100,30,30,30,105010,-1,-1,5025300,20018694,-1,200,5020000,5020000,5020000,5020000,5020000,5020000,5020000,5020000,5020000,5020000,5020000,5020000,5020000,5020000,5020000,5020000,1,1,1,1,15,15,4,1615,1277,0,80,1,32,1,10,98,0,0,0,30,60,0,33,300,-1,-1,7,-1,7,0,2,27,2,0,100,0,0,627,0,0,0,0,0,0,99,0,0,10,40,0,1,0,0,0,10,10,10,10,3,1,1,1,0,0,0,0,0,0,0,0,1,0,0,1,1,0,1,0,0,0,0,0,0,0,0,1,0,0,1,0,1,0,1,106,1,1,0,0,401000,300,-1,-1,-1,-1,-1,-1,-1,-1,-1,-1,-1,-1,-1,-1,-1,-1,-1,-1,-1,-1,-1,-1,139,139,237,0.014,1,1,0,1,1,0,0,1,0,0,0,1,1,30,0,0,6,50,2,10,10,6,0,10,0,127,24,0,0,0,15,15,15,15,15,15,15,15,15,15,15,0,-1,-1,-1,-1,-1,-1,-1,-1,1,0,0,0,0,0,0,0,0,-1,-1,-1,-1,-1,10000,0,1,1,0,0,0,0,1,0,0,0,0,1800,310,6,6,2,0,40,-1,-1,-1,5020000,5020000,5020000,5020000,5020000,5020000,5020000,5020000,5020000,5020000,-1,-1,0,0,0,0,-1,0,279,9,0,550,1.3,-1,14,-1
6250000,[Uncommon] Dueling Shield,1,0,[0|0|0],6100,1500000,0,1,0,750,390,100,35,50,0,0,100,44,39,55,-1,-1,-1,-1,-1,-1,100,6250000,6250000,6250000,6250000,6250000,6250000,6250000,6250000,6250000,6250000,6250000,6250000,6250000,6250000,6250000,6250000,1,1,1,1,15,15,4,1600,12267,0,90,1,32,1,10,125,0,0,0,70,60,0,58,200,-1,-1,3,-1,7,0,1,57,0,0,100,0,0,0,3,13,0,0,0,0,99,0,0,50,70,0,1,0,0,0,25,25,25,25,3,1,1,1,0,0,1,1,0,0,0,0,1,0,0,1,1,0,1,0,0,0,0,0,0,0,0,1,0,0,1,0,1,0,1,106,1,1,13,13,401000,300,301,401000,310,-1,-1,-1,-1,-1,-1,-1,-1,-1,-1,-1,-1,-1,-1,-1,-1,-1,-1,-1,139,139,57,0.059,0,0,0,1,1,0,0,0,0,0,0,1,1,53,0,0,6,26,2,25,25,6,0,25,0,8000,0,0,0,0,67,15,15,15,15,15,15,15,15,15,15,0,-1,-1,-1,-1,-1,-1,-1,-1,1,0,0,0,0,0,0,0,0,-1,-1,-1,-1,-1,10000,0,1,1,0,0,0,0,1,0,0,0,0,3900,310,6,6,1,0,55,-1,-1,-1,-1,-1,-1,-1,-1,-1,-1,-1,-1,-1,-1,-1,0,0,3,0,-1,0,0,0,0,-1,1,-1,20,-1
6260000,[Uncommon] Carian Thrusting Shield,1,0,[0|0|0],6100,1500010,0,1,0,750,390,100,30,30,30,0,100,64,36,34,-1,-1,-1,-1,-1,-1,100,6260000,6260000,6260000,6260000,6260000,6260000,6260000,6260000,6260000,6260000,6260000,6260000,6260000,6260000,6260000,6260000,1,1,1,1,15,15,4,1601,12268,0,90,1,32,1,10,120,36,0,0,75,60,0,64,200,-1,-1,3,-1,7,0,1,57,0,0,100,0,0,0,3,13,0,0,0,0,99,0,0,50,70,0,1,0,0,0,25,25,25,25,3,1,1,1,0,0,1,1,0,0,0,0,1,0,0,1,1,0,1,0,0,0,0,0,0,0,0,1,0,0,1,0,1,0,1,106,1,1,13,13,401000,300,301,401000,310,-1,-1,-1,-1,-1,-1,-1,-1,-1,-1,-1,-1,-1,-1,-1,-1,-1,-1,-1,139,139,57,0.059,0,0,0,1,1,0,0,0,0,0,0,1,1,53,0,0,6,26,2,25,25,6,0,25,0,8000,0,0,0,0,67,15,15,15,15,15,15,15,15,15,15,0,-1,-1,-1,-1,-1,-1,-1,-1,1,0,0,0,0,0,0,0,0,-1,-1,-1,-1,-1,10000,0,1,1,0,0,0,0,1,0,0,0,0,3900,310,6,6,1,0,55,-1,-1,-1,-1,-1,-1,-1,-1,-1,-1,-1,-1,-1,-1,-1,0,0,3,0,-1,0,0,0,0,-1,1,-1,20,-1
6450000,[Uncommon] Backhand Blade,1,0,[0|0|0],6400,1500000,0,1,0,750,390,100,45,55,0,0,100,31,31,31,-1,-1,-1,-1,-1,-1,100,6750000,6750000,6750000,6750000,6750000,6750000,6750000,6750000,6750000,6750000,6750000,6750000,6750000,6750000,6750000,6750000,1,1,1,1,15,15,5,1571,12271,0,160,1,32,1,10,80,0,0,0,45,60,0,36,200,-1,-1,3,-1,7,0,3,58,2,0,100,0,0,0,0,0,0,0,0,0,99,0,0,10,60,0,1,0,0,0,15,15,15,15,0,1,1,1,0,0,0,0,0,0,0,0,0,0,1,1,1,0,1,0,0,0,0,0,0,0,0,1,0,0,1,0,1,0,1,106,1,1,5,5,401000,300,-1,-1,-1,-1,-1,-1,-1,-1,-1,-1,-1,-1,-1,-1,-1,-1,-1,-1,-1,-1,-1,-1,139,139,58,0.059,1,1,0,1,1,0,0,1,0,0,0,1,1,36,0,0,6,85,2,15,15,6,0,15,0,4090,0,0,0,0,85,15,15,15,15,15,15,15,15,15,15,0,-1,-1,-1,-1,-1,-1,-1,-1,1,0,0,0,0,0,0,0,0,-1,-1,-1,-1,-1,10000,0,1,1,0,0,0,0,1,0,0,0,0,3900,310,6,6,1,0,55,-1,-1,-1,6020000,6020000,6020000,6020000,6020000,6020000,6020000,6020000,6020000,6020000,-1,-1,0,0,0,0,-1,0,0,0,0,-1,1,-1,20,-1
6450500,[Uncommon] Fire Backhand Blade,1,0,[0|0|0],6400,1500000,0,1,0,750,390,100,45,55,0,0,100,31,31,31,-1,-1,-1,-1,-1,-1,100,6750000,6750000,6750000,6750000,6750000,6750000,6750000,6750000,6750000,6750000,6750000,6750000,6750000,6750000,6750000,6750000,1,1,1,1,15,15,5,1571,12271,0,160,1,32,1,10,40,0,40,0,45,60,0,36,200,-1,-1,3,-1,7,0,3,58,2,0,100,0,11,0,0,0,0,0,0,0,99,0,0,10,60,0,1,0,0,0,15,15,15,15,0,1,1,1,0,0,0,0,0,0,0,0,0,0,1,1,1,0,1,0,0,0,0,0,0,0,0,1,0,0,1,0,1,0,0,106,1,1,5,5,401000,300,-1,-1,-1,-1,-1,-1,-1,-1,-1,-1,-1,-1,-1,-1,-1,-1,-1,-1,-1,-1,-1,-1,139,139,58,0.059,1,1,0,1,1,0,0,1,0,4,0,1,1,36,0,0,6,85,2,15,15,6,0,15,0,4090,0,0,0,0,85,15,15,15,15,15,15,15,15,15,15,0,-1,-1,-1,-1,-1,-1,-1,-1,1,0,0,0,0,0,0,0,0,-1,-1,-1,-1,-1,10000,0,1,1,0,0,0,0,1,0,0,0,0,3900,310,6,6,1,0,55,-1,-1,-1,6020000,6020000,6020000,6020000,6020000,6020000,6020000,6020000,6020000,6020000,-1,-1,0,0,0,0,-1,0,0,0,0,-1,1,-1,20,-1
6450600,[Uncommon] Lightning Backhand Blade,1,0,[0|0|0],6400,1500000,0,1,0,750,390,100,45,55,0,0,100,31,31,31,-1,-1,-1,-1,-1,-1,100,6750000,6750000,6750000,6750000,6750000,6750000,6750000,6750000,6750000,6750000,6750000,6750000,6750000,6750000,6750000,6750000,1,1,1,1,15,15,5,1571,12271,0,160,1,32,1,10,40,0,0,40,45,60,0,36,200,-1,-1,3,-1,7,0,3,58,2,0,100,0,12,0,0,0,0,0,0,0,99,0,0,10,60,0,1,0,0,0,15,15,15,15,0,1,1,1,0,0,0,0,0,0,0,0,0,0,1,1,1,0,1,0,0,0,0,0,0,0,0,1,0,0,1,0,1,0,0,106,1,1,5,5,401000,300,-1,-1,-1,-1,-1,-1,-1,-1,-1,-1,-1,-1,-1,-1,-1,-1,-1,-1,-1,-1,-1,-1,139,139,58,0.059,1,1,0,1,1,0,0,1,0,0,4,1,1,36,0,0,6,85,2,15,15,6,0,15,0,4090,0,0,0,0,85,15,15,15,15,15,15,15,15,15,15,0,-1,-1,-1,-1,-1,-1,-1,-1,1,0,0,0,0,0,0,0,0,-1,-1,-1,-1,-1,10000,0,1,1,0,0,0,0,1,0,0,0,0,3900,310,6,6,1,0,55,-1,-1,-1,6020000,6020000,6020000,6020000,6020000,6020000,6020000,6020000,6020000,6020000,-1,-1,0,0,0,0,-1,0,0,0,0,-1,1,-1,20,-1
6450700,[Uncommon] Sacred Backhand Blade,1,0,[0|0|0],6400,1500000,0,1,0,750,390,100,42,50,0,29,100,31,31,31,-1,-1,-1,-1,-1,-1,100,6750000,6750000,6750000,6750000,6750000,6750000,6750000,6750000,6750000,6750000,6750000,6750000,6750000,6750000,6750000,6750000,1,1,1,1,15,15,5,1571,12271,0,160,1,32,1,10,40,0,0,0,45,60,0,36,200,-1,-1,3,-1,7,0,3,58,2,0,100,0,13,0,0,0,0,0,0,0,99,0,0,10,60,0,1,0,0,0,15,15,15,15,0,1,1,1,0,0,0,0,0,0,0,0,0,0,1,1,1,0,1,0,0,0,0,0,0,0,0,1,0,0,1,0,1,0,0,106,1,1,5,5,401000,300,-1,-1,-1,-1,-1,-1,-1,-1,-1,-1,-1,-1,-1,-1,-1,-1,-1,-1,-1,-1,-1,-1,139,139,58,0.059,1,1,0,1,1,0,0,1,0,0,0,1,1,36,40,4,6,85,2,15,15,6,0,15,0,4090,0,0,0,0,85,15,15,15,15,15,15,15,15,15,15,0,-1,-1,-1,-1,-1,-1,-1,-1,1,0,0,0,0,0,0,0,0,-1,-1,-1,-1,-1,10000,0,1,1,0,0,0,0,1,0,0,0,0,3900,310,6,6,1,0,55,-1,-1,-1,6020000,6020000,6020000,6020000,6020000,6020000,6020000,6020000,6020000,6020000,-1,-1,0,0,0,0,-1,0,0,0,0,-1,1,-1,20,-1
6450800,[Uncommon] Magic Backhand Blade,1,0,[0|0|0],6400,1500000,0,1,0,750,390,100,42,50,29,0,100,31,31,31,-1,-1,-1,-1,-1,-1,100,6750000,6750000,6750000,6750000,6750000,6750000,6750000,6750000,6750000,6750000,6750000,6750000,6750000,6750000,6750000,6750000,1,1,1,1,15,15,5,1571,12271,0,160,1,32,1,10,40,40,0,0,45,60,0,36,200,-1,-1,3,-1,7,0,3,58,2,0,100,0,10,0,0,0,0,0,0,0,99,0,0,10,60,0,1,0,0,0,15,15,15,15,0,1,1,1,0,0,0,0,0,0,0,0,0,0,1,1,1,0,1,0,0,0,0,0,0,0,0,1,0,0,1,0,1,0,0,106,1,1,5,5,401000,300,-1,-1,-1,-1,-1,-1,-1,-1,-1,-1,-1,-1,-1,-1,-1,-1,-1,-1,-1,-1,-1,-1,139,139,58,0.059,1,1,0,1,1,0,0,1,4,0,0,1,1,36,0,0,6,85,2,15,15,6,0,15,0,4090,0,0,0,0,85,15,15,15,15,15,15,15,15,15,15,0,-1,-1,-1,-1,-1,-1,-1,-1,1,0,0,0,0,0,0,0,0,-1,-1,-1,-1,-1,10000,0,1,1,0,0,0,0,1,0,0,0,0,3900,310,6,6,1,0,55,-1,-1,-1,6020000,6020000,6020000,6020000,6020000,6020000,6020000,6020000,6020000,6020000,-1,-1,0,0,0,0,-1,0,0,0,0,-1,1,-1,20,-1
6450900,[Uncommon] Cold Backhand Blade,1,0,[0|0|0],6400,1500000,0,1,0,750,390,100,42,50,29,0,100,31,31,31,-1,107610,-1,-1,-1,-1,100,6750000,6750000,6750000,6750000,6750000,6750000,6750000,6750000,6750000,6750000,6750000,6750000,6750000,6750000,6750000,6750000,1,1,1,1,15,15,5,1571,12271,0,160,1,32,1,10,32,32,0,0,45,60,0,36,200,-1,-1,3,-1,7,0,3,58,2,0,100,0,10,0,0,0,0,0,0,0,99,0,0,10,60,0,1,0,0,0,15,15,15,15,0,1,1,1,0,0,0,0,0,0,0,0,0,0,1,1,1,0,1,0,0,0,0,0,0,0,0,1,0,0,1,0,1,0,0,106,1,1,5,5,401000,300,-1,-1,-1,-1,-1,-1,-1,-1,-1,-1,-1,-1,-1,-1,-1,-1,-1,-1,-1,-1,-1,-1,139,139,58,0.059,1,1,0,1,1,0,0,1,4,0,0,1,1,36,0,0,6,85,2,15,15,6,0,15,0,4090,0,0,0,0,85,15,15,15,15,15,15,15,15,15,15,0,-1,-1,-1,-1,-1,-1,-1,-1,1,0,0,0,0,0,0,0,0,-1,-1,-1,-1,-1,10000,0,1,1,0,0,0,0,1,0,0,0,0,3900,310,6,6,1,0,55,-1,-1,-1,6020000,6020000,6020000,6020000,6020000,6020000,6020000,6020000,6020000,6020000,-1,-1,0,0,0,0,-1,0,0,0,0,-1,1,-1,20,-1
6451000,[Uncommon] Poison Backhand Blade,1,0,[0|0|0],6400,1500000,0,1,0,750,390,100,42,50,0,0,100,31,31,31,106110,-1,-1,-1,-1,-1,100,6750000,6750000,6750000,6750000,6750000,6750000,6750000,6750000,6750000,6750000,6750000,6750000,6750000,6750000,6750000,6750000,1,1,1,1,15,15,5,1571,12271,0,160,1,32,1,10,64,0,0,0,45,60,0,36,200,-1,-1,3,-1,7,0,3,58,2,0,100,0,0,0,0,0,0,0,0,0,99,0,0,10,60,0,1,0,0,0,15,15,15,15,0,1,1,1,0,0,0,0,0,0,0,0,0,0,1,1,1,0,1,0,0,0,0,0,0,0,0,1,0,0,1,0,1,0,0,106,1,1,5,5,401000,300,-1,-1,-1,-1,-1,-1,-1,-1,-1,-1,-1,-1,-1,-1,-1,-1,-1,-1,-1,-1,-1,-1,139,139,58,0.059,1,1,0,1,1,0,0,1,4,0,0,1,1,36,0,0,6,85,2,15,15,6,0,15,0,4090,29,0,0,0,85,15,15,15,15,15,15,15,15,15,15,0,-1,-1,-1,-1,-1,-1,-1,-1,1,0,0,0,0,0,0,0,0,-1,-1,-1,-1,-1,10000,0,1,1,0,0,0,0,1,0,0,0,0,3900,310,6,6,1,0,55,-1,-1,-1,6020000,6020000,6020000,6020000,6020000,6020000,6020000,6020000,6020000,6020000,-1,-1,0,0,0,0,-1,0,0,0,0,-1,1,-1,20,-1
6451100,[Uncommon] Blood Backhand Blade,1,0,[0|0|0],6400,1500000,0,1,0,750,390,100,42,50,0,0,100,31,31,31,105110,-1,-1,-1,-1,-1,100,6750000,6750000,6750000,6750000,6750000,6750000,6750000,6750000,6750000,6750000,6750000,6750000,6750000,6750000,6750000,6750000,1,1,1,1,15,15,5,1571,12271,0,160,1,32,1,10,64,0,0,0,45,60,0,36,200,-1,-1,3,-1,7,0,3,58,2,0,100,0,0,0,0,0,0,0,0,0,99,0,0,10,60,0,1,0,0,0,15,15,15,15,0,1,1,1,0,0,0,0,0,0,0,0,0,0,1,1,1,0,1,0,0,0,0,0,0,0,0,1,0,0,1,0,1,0,0,106,1,1,5,5,401000,300,-1,-1,-1,-1,-1,-1,-1,-1,-1,-1,-1,-1,-1,-1,-1,-1,-1,-1,-1,-1,-1,-1,139,139,58,0.059,1,1,0,1,1,0,0,1,4,0,0,1,1,36,0,0,6,85,2,15,15,6,0,15,0,4090,29,0,0,0,85,15,15,15,15,15,15,15,15,15,15,0,-1,-1,-1,-1,-1,-1,-1,-1,1,0,0,0,0,0,0,0,0,-1,-1,-1,-1,-1,10000,0,1,1,0,0,0,0,1,0,0,0,0,3900,310,6,6,1,0,55,-1,-1,-1,6020000,6020000,6020000,6020000,6020000,6020000,6020000,6020000,6020000,6020000,-1,-1,0,0,0,0,-1,0,0,0,0,-1,1,-1,20,-1
6460000,[Uncommon] Smithscript Cirque,1,0,[0|0|0],6401,1500010,0,1,0,750,390,100,35,50,10,10,100,31,31,31,-1,-1,-1,-1,-1,-1,100,6750000,6750000,6750000,6750000,6750000,6750000,6750000,6750000,6750000,6750000,6750000,6750000,6750000,6750000,6750000,6750000,1,1,1,1,15,15,5,1572,12272,0,160,1,32,1,10,90,0,0,0,45,60,0,36,200,-1,-1,3,-1,7,0,3,58,2,0,100,0,0,251,0,0,0,0,0,0,99,0,0,10,60,0,1,0,0,0,15,15,15,15,0,1,1,1,0,0,0,0,0,0,0,0,0,0,1,1,1,0,1,0,0,0,0,0,0,0,0,1,0,0,1,0,1,0,1,106,1,1,5,5,401000,300,-1,-1,-1,-1,-1,-1,-1,-1,-1,-1,-1,-1,-1,-1,-1,-1,-1,-1,-1,-1,-1,-1,139,139,58,0.059,1,1,0,1,1,0,0,1,0,0,0,1,1,36,0,0,6,85,2,15,15,6,0,15,0,4090,0,0,0,0,85,15,15,15,15,15,15,15,15,15,15,0,-1,-1,-1,-1,-1,-1,-1,-1,1,0,0,0,0,0,0,0,0,-1,-1,-1,-1,-1,10000,0,1,1,0,0,0,0,1,0,0,0,0,3900,310,6,6,1,0,55,-1,-1,-1,6020000,6020000,6020000,6020000,6020000,6020000,6020000,6020000,6020000,6020000,-1,-1,0,0,0,0,-1,0,0,0,0,-1,1,-1,20,-1
6470000,[Rare] Curseblade's Cirque,1,0,[0|0|0],6402,1500020,0,1,0,750,390,100,20,75,0,0,100,31,31,31,-1,-1,-1,-1,-1,-1,200,6470000,6470000,6470000,6470000,6470000,6470000,6470000,6470000,6470000,6470000,6470000,6750000,6750000,6750000,6750000,6750000,1,1,1,1,15,15,5,1570,12273,0,160,1,32,1,10,100,0,0,0,58,60,0,36,200,-1,-1,7,-1,7,0,3,58,2,0,100,0,0,265,0,0,0,0,0,0,99,0,0,10,60,0,1,0,0,0,15,15,15,15,0,1,1,1,0,0,0,0,0,0,0,0,0,0,1,1,1,0,1,0,0,0,0,0,0,0,0,1,0,0,1,0,1,0,1,106,1,1,5,5,401000,300,-1,-1,-1,-1,-1,-1,-1,-1,-1,-1,-1,-1,-1,-1,-1,-1,-1,-1,-1,-1,-1,-1,139,139,58,0.059,1,1,0,1,1,0,0,1,0,0,0,1,1,36,0,0,6,85,0,15,15,6,0,15,0,5350,0,0,0,0,85,15,15,15,15,15,15,15,15,15,15,0,-1,-1,-1,-1,-1,-1,-1,-1,1,0,0,0,0,0,0,0,0,-1,-1,-1,-1,-1,10000,0,1,1,0,0,0,0,1,0,0,0,0,3900,310,6,6,2,0,55,-1,-1,-1,6020000,6020000,6020000,6020000,6020000,6020000,6020000,6020000,6020000,6020000,-1,-1,0,0,0,0,-1,0,0,0,0,-1,1,-1,20,-1
6650000,[Uncommon] Great Katana,1,0,[0|0|0],6600,1500000,0,1,0,750,390,100,38,58,0,0,100,31,31,31,6400,-1,-1,-1,-1,-1,100,6650000,6650000,6650000,6650000,6650000,6650000,6650000,6650000,6650000,6650000,6650000,6650000,6650000,6650000,6650000,6650000,1,1,1,1,15,15,5.5,1671,12274,0,160,1,32,1,10,120,0,0,0,52,60,0,36,200,-1,-1,3,-1,7,0,1,61,2,0,100,0,0,0,2,12,0,0,0,0,99,0,0,10,60,0,1,0,0,0,15,15,15,15,0,1,1,1,0,0,0,0,0,0,0,0,1,0,1,0,1,0,1,0,0,0,0,0,0,0,0,1,0,0,1,0,1,0,1,106,1,1,7,7,401000,300,-1,-1,-1,-1,-1,-1,-1,-1,-1,-1,-1,-1,-1,-1,-1,-1,-1,-1,-1,-1,-1,-1,139,139,25,0.059,1,0,0,1,1,0,0,1,0,0,0,1,1,36,0,0,6,95,2,15,15,6,0,15,0,4110,0,0,0,0,83,15,15,15,15,15,15,15,15,15,15,0,-1,-1,-1,-1,-1,-1,-1,-1,1,0,0,0,0,0,0,0,0,-1,-1,-1,-1,-1,10000,0,1,1,0,0,0,0,1,0,0,0,0,3900,310,6,6,1,0,55,-1,-1,-1,6020000,6020000,6020000,6020000,6020000,6020000,6020000,6020000,6020000,6020000,-1,-1,0,0,0,0,-1,0,0,0,0,-1,1,-1,20,-1
6650500,[Uncommon] Fire Great Katana,1,0,[0|0|0],6600,1500000,0,1,0,750,390,100,38,58,0,0,100,31,31,31,6400,-1,-1,-1,-1,-1,100,6650000,6650000,6650000,6650000,6650000,6650000,6650000,6650000,6650000,6650000,6650000,6650000,6650000,6650000,6650000,6650000,1,1,1,1,15,15,5.5,1671,12274,0,160,1,32,1,10,60,0,60,0,52,60,0,36,200,-1,-1,3,-1,7,0,1,61,2,0,100,0,11,0,2,12,0,0,0,0,99,0,0,10,60,0,1,0,0,0,15,15,15,15,0,1,1,1,0,0,0,0,0,0,0,0,1,0,1,0,1,0,1,0,0,0,0,0,0,0,0,1,0,0,1,0,1,0,0,106,1,1,7,7,401000,300,-1,-1,-1,-1,-1,-1,-1,-1,-1,-1,-1,-1,-1,-1,-1,-1,-1,-1,-1,-1,-1,-1,139,139,25,0.059,1,0,0,1,1,0,0,1,0,4,0,1,1,36,0,0,6,95,2,15,15,6,0,15,0,4110,0,0,0,0,83,15,15,15,15,15,15,15,15,15,15,0,-1,-1,-1,-1,-1,-1,-1,-1,1,0,0,0,0,0,0,0,0,-1,-1,-1,-1,-1,10000,0,1,1,0,0,0,0,1,0,0,0,0,3900,310,6,6,1,0,55,-1,-1,-1,6020000,6020000,6020000,6020000,6020000,6020000,6020000,6020000,6020000,6020000,-1,-1,0,0,0,0,-1,0,0,0,0,-1,1,-1,20,-1
6650600,[Uncommon] Lightning Great Katana,1,0,[0|0|0],6600,1500000,0,1,0,750,390,100,38,58,0,0,100,31,31,31,6400,-1,-1,-1,-1,-1,100,6650000,6650000,6650000,6650000,6650000,6650000,6650000,6650000,6650000,6650000,6650000,6650000,6650000,6650000,6650000,6650000,1,1,1,1,15,15,5.5,1671,12274,0,160,1,32,1,10,60,0,0,60,52,60,0,36,200,-1,-1,3,-1,7,0,1,61,2,0,100,0,12,0,2,12,0,0,0,0,99,0,0,10,60,0,1,0,0,0,15,15,15,15,0,1,1,1,0,0,0,0,0,0,0,0,1,0,1,0,1,0,1,0,0,0,0,0,0,0,0,1,0,0,1,0,1,0,0,106,1,1,7,7,401000,300,-1,-1,-1,-1,-1,-1,-1,-1,-1,-1,-1,-1,-1,-1,-1,-1,-1,-1,-1,-1,-1,-1,139,139,25,0.059,1,0,0,1,1,0,0,1,0,0,4,1,1,36,0,0,6,95,2,15,15,6,0,15,0,4110,0,0,0,0,83,15,15,15,15,15,15,15,15,15,15,0,-1,-1,-1,-1,-1,-1,-1,-1,1,0,0,0,0,0,0,0,0,-1,-1,-1,-1,-1,10000,0,1,1,0,0,0,0,1,0,0,0,0,3900,310,6,6,1,0,55,-1,-1,-1,6020000,6020000,6020000,6020000,6020000,6020000,6020000,6020000,6020000,6020000,-1,-1,0,0,0,0,-1,0,0,0,0,-1,1,-1,20,-1
6650700,[Uncommon] Sacred Great Katana,1,0,[0|0|0],6600,1500000,0,1,0,750,390,100,33,50,0,29,100,31,31,31,6400,-1,-1,-1,-1,-1,100,6650000,6650000,6650000,6650000,6650000,6650000,6650000,6650000,6650000,6650000,6650000,6650000,6650000,6650000,6650000,6650000,1,1,1,1,15,15,5.5,1671,12274,0,160,1,32,1,10,60,0,0,0,52,60,0,36,200,-1,-1,3,-1,7,0,1,61,2,0,100,0,13,0,2,12,0,0,0,0,99,0,0,10,60,0,1,0,0,0,15,15,15,15,0,1,1,1,0,0,0,0,0,0,0,0,1,0,1,0,1,0,1,0,0,0,0,0,0,0,0,1,0,0,1,0,1,0,0,106,1,1,7,7,401000,300,-1,-1,-1,-1,-1,-1,-1,-1,-1,-1,-1,-1,-1,-1,-1,-1,-1,-1,-1,-1,-1,-1,139,139,25,0.059,1,0,0,1,1,0,0,1,0,0,0,1,1,36,60,4,6,95,2,15,15,6,0,15,0,4110,0,0,0,0,83,15,15,15,15,15,15,15,15,15,15,0,-1,-1,-1,-1,-1,-1,-1,-1,1,0,0,0,0,0,0,0,0,-1,-1,-1,-1,-1,10000,0,1,1,0,0,0,0,1,0,0,0,0,3900,310,6,6,1,0,55,-1,-1,-1,6020000,6020000,6020000,6020000,6020000,6020000,6020000,6020000,6020000,6020000,-1,-1,0,0,0,0,-1,0,0,0,0,-1,1,-1,20,-1
6650800,[Uncommon] Magic Great Katana,1,0,[0|0|0],6600,1500000,0,1,0,750,390,100,33,50,29,0,100,31,31,31,6400,-1,-1,-1,-1,-1,100,6650000,6650000,6650000,6650000,6650000,6650000,6650000,6650000,6650000,6650000,6650000,6650000,6650000,6650000,6650000,6650000,1,1,1,1,15,15,5.5,1671,12274,0,160,1,32,1,10,60,60,0,0,52,60,0,36,200,-1,-1,3,-1,7,0,1,61,2,0,100,0,10,0,2,12,0,0,0,0,99,0,0,10,60,0,1,0,0,0,15,15,15,15,0,1,1,1,0,0,0,0,0,0,0,0,1,0,1,0,1,0,1,0,0,0,0,0,0,0,0,1,0,0,1,0,1,0,0,106,1,1,7,7,401000,300,-1,-1,-1,-1,-1,-1,-1,-1,-1,-1,-1,-1,-1,-1,-1,-1,-1,-1,-1,-1,-1,-1,139,139,25,0.059,1,0,0,1,1,0,0,1,4,0,0,1,1,36,0,0,6,95,2,15,15,6,0,15,0,4110,0,0,0,0,83,15,15,15,15,15,15,15,15,15,15,0,-1,-1,-1,-1,-1,-1,-1,-1,1,0,0,0,0,0,0,0,0,-1,-1,-1,-1,-1,10000,0,1,1,0,0,0,0,1,0,0,0,0,3900,310,6,6,1,0,55,-1,-1,-1,6020000,6020000,6020000,6020000,6020000,6020000,6020000,6020000,6020000,6020000,-1,-1,0,0,0,0,-1,0,0,0,0,-1,1,-1,20,-1
6650900,[Uncommon] Cold Great Katana,1,0,[0|0|0],6600,1500000,0,1,0,750,390,100,33,50,29,0,100,31,31,31,6400,107610,-1,-1,-1,-1,100,6650000,6650000,6650000,6650000,6650000,6650000,6650000,6650000,6650000,6650000,6650000,6650000,6650000,6650000,6650000,6650000,1,1,1,1,15,15,5.5,1671,12274,0,160,1,32,1,10,48,48,0,0,52,60,0,36,200,-1,-1,3,-1,7,0,1,61,2,0,100,0,10,0,2,12,0,0,0,0,99,0,0,10,60,0,1,0,0,0,15,15,15,15,0,1,1,1,0,0,0,0,0,0,0,0,1,0,1,0,1,0,1,0,0,0,0,0,0,0,0,1,0,0,1,0,1,0,0,106,1,1,7,7,401000,300,-1,-1,-1,-1,-1,-1,-1,-1,-1,-1,-1,-1,-1,-1,-1,-1,-1,-1,-1,-1,-1,-1,139,139,25,0.059,1,0,0,1,1,0,0,1,4,0,0,1,1,36,0,0,6,95,2,15,15,6,0,15,0,4110,0,0,0,0,83,15,15,15,15,15,15,15,15,15,15,0,-1,-1,-1,-1,-1,-1,-1,-1,1,0,0,0,0,0,0,0,0,-1,-1,-1,-1,-1,10000,0,1,1,0,0,0,0,1,0,0,0,0,3900,310,6,6,1,0,55,-1,-1,-1,6020000,6020000,6020000,6020000,6020000,6020000,6020000,6020000,6020000,6020000,-1,-1,0,0,0,0,-1,0,0,0,0,-1,1,-1,20,-1
6651000,[Uncommon] Poison Great Katana,1,0,[0|0|0],6600,1500000,0,1,0,750,390,100,33,50,0,0,100,31,31,31,6400,106110,-1,-1,-1,-1,100,6650000,6650000,6650000,6650000,6650000,6650000,6650000,6650000,6650000,6650000,6650000,6650000,6650000,6650000,6650000,6650000,1,1,1,1,15,15,5.5,1671,12274,0,160,1,32,1,10,96,0,0,0,52,60,0,36,200,-1,-1,3,-1,7,0,1,61,2,0,100,0,0,0,2,12,0,0,0,0,99,0,0,10,60,0,1,0,0,0,15,15,15,15,0,1,1,1,0,0,0,0,0,0,0,0,1,0,1,0,1,0,1,0,0,0,0,0,0,0,0,1,0,0,1,0,1,0,0,106,1,1,7,7,401000,300,-1,-1,-1,-1,-1,-1,-1,-1,-1,-1,-1,-1,-1,-1,-1,-1,-1,-1,-1,-1,-1,-1,139,139,25,0.059,1,0,0,1,1,0,0,1,0,0,0,1,1,36,0,0,6,95,2,15,15,6,0,15,0,4110,29,0,0,0,83,15,15,15,15,15,15,15,15,15,15,0,-1,-1,-1,-1,-1,-1,-1,-1,1,0,0,0,0,0,0,0,0,-1,-1,-1,-1,-1,10000,0,1,1,0,0,0,0,1,0,0,0,0,3900,310,6,6,1,0,55,-1,-1,-1,6020000,6020000,6020000,6020000,6020000,6020000,6020000,6020000,6020000,6020000,-1,-1,0,0,0,0,-1,0,0,0,0,-1,1,-1,20,-1
6651100,[Uncommon] Blood Great Katana,1,0,[0|0|0],6600,1500000,0,1,0,750,390,100,33,50,0,0,100,31,31,31,105120,-1,-1,-1,-1,-1,100,6650000,6650000,6650000,6650000,6650000,6650000,6650000,6650000,6650000,6650000,6650000,6650000,6650000,6650000,6650000,6650000,1,1,1,1,15,15,5.5,1671,12274,0,160,1,32,1,10,96,0,0,0,52,60,0,36,200,-1,-1,3,-1,7,0,1,61,2,0,100,0,0,0,2,12,0,0,0,0,99,0,0,10,60,0,1,0,0,0,15,15,15,15,0,1,1,1,0,0,0,0,0,0,0,0,1,0,1,0,1,0,1,0,0,0,0,0,0,0,0,1,0,0,1,0,1,0,0,106,1,1,7,7,401000,300,-1,-1,-1,-1,-1,-1,-1,-1,-1,-1,-1,-1,-1,-1,-1,-1,-1,-1,-1,-1,-1,-1,139,139,25,0.059,1,0,0,1,1,0,0,1,0,0,0,1,1,36,0,0,6,95,2,15,15,6,0,15,0,4110,29,0,0,0,83,15,15,15,15,15,15,15,15,15,15,0,-1,-1,-1,-1,-1,-1,-1,-1,1,0,0,0,0,0,0,0,0,-1,-1,-1,-1,-1,10000,0,1,1,0,0,0,0,1,0,0,0,0,3900,310,6,6,1,0,55,-1,-1,-1,6020000,6020000,6020000,6020000,6020000,6020000,6020000,6020000,6020000,6020000,-1,-1,0,0,0,0,-1,0,0,0,0,-1,1,-1,20,-1
6660000,[Rare] Dragon-Hunter's Great Katana,1,0,[0|0|0],6600,1500010,0,1,0,750,390,100,39,39,0,0,100,31,31,31,6400,-1,-1,-1,-1,-1,200,6651000,6651000,6651000,6651000,6651000,6651000,6651000,6651000,6651000,6651000,6651000,6651000,6651000,6651000,6651000,6651000,1,1,1.15,1.3,15,15,5.5,1670,12275,0,160,1,32,1,10,125,0,0,0,52,60,0,36,300,-1,-1,7,-1,7,0,1,61,2,0,100,0,0,0,2,12,0,0,0,0,99,0,0,10,60,0,1,0,0,0,15,15,15,15,0,1,1,1,0,0,0,0,0,0,0,0,1,0,1,0,1,0,1,0,0,0,0,0,0,0,0,1,0,0,1,0,1,0,1,106,1,1,7,7,401000,300,-1,-1,-1,-1,-1,-1,-1,-1,-1,-1,-1,-1,-1,-1,-1,-1,-1,-1,-1,-1,-1,-1,139,139,25,0.059,1,0,0,1,1,0,0,1,0,0,0,1.15,1,36,0,0,6,95,2,15,15,6,0,15,0,5000,0,0,0,0,83,15,15,15,15,15,15,15,15,15,15,0,-1,-1,-1,-1,-1,-1,-1,-1,1,0,0,0,0,0,0,0,0,-1,-1,-1,-1,-1,10000,0,1,1,0,0,0,0,1,0,0,0,0,3900,310,6,6,2,0,55,-1,-1,-1,6020000,6020000,6020000,6020000,6020000,6020000,6020000,6020000,6020000,6020000,-1,-1,0,0,0,0,-1,0,0,0,0,-1,1,-1,20,-1
6670000,[Rare] Rakshasa's Great katana,1,0,[0|0|0],6600,1500020,0,1,0,750,390,100,38,58,0,0,100,31,31,31,6400,-1,-1,-1,-1,-1,200,6651000,6651000,6651000,6651000,6651000,6651000,6651000,6651000,6651000,6651000,6651000,6651000,6651000,6651000,6651000,6651000,1,1,1.15,1.3,15,15,5.5,1672,12276,0,160,1,32,1,10,130,0,0,0,52,60,0,36,300,-1,-1,7,-1,7,0,1,61,2,0,100,0,0,953,2,12,0,0,0,0,99,0,0,10,60,0,1,0,0,0,15,15,15,15,0,1,1,1,0,0,0,0,0,0,0,0,1,0,1,0,1,0,1,0,0,0,0,0,0,0,0,1,0,0,1,0,1,0,1,106,1,1,7,7,401000,300,-1,-1,-1,-1,-1,-1,-1,-1,-1,-1,-1,-1,-1,-1,-1,-1,-1,-1,-1,-1,-1,-1,139,139,25,0.059,1,0,0,1,1,0,0,1,0,0,0,1,1,36,0,0,6,95,2,15,15,6,0,15,0,5450,0,0,0,0,83,15,15,15,15,15,15,15,15,15,15,0,-1,-1,-1,-1,-1,-1,-1,-1,1,0,0,0,0,0,0,0,0,-1,-1,-1,-1,-1,10000,0,1,1,0,0,0,0,1,0,0,0,0,3900,310,6,6,2,0,55,-1,-1,-1,6020000,6020000,6020000,6020000,6020000,6020000,6020000,6020000,6020000,6020000,-1,-1,0,0,0,0,-1,0,0,0,0,-1,1,-1,20,-1
6750000,[Uncommon] Milady,1,0,[0|0|0],6700,1500000,0,1,0,750,390,100,40,60,0,0,100,31,31,31,-1,-1,-1,-1,-1,-1,100,6752000,6752000,6752000,6752000,6752000,6752000,6750000,6750000,6750000,6750000,6750000,6750000,6750000,6750000,6750000,6750000,1,1,1,1,15,15,5.5,1680,12277,0,160,1,32,1,10,95,0,0,0,53,60,0,36,200,-1,-1,3,-1,7,0,1,60,2,0,100,0,0,0,3,10,0,0,0,0,99,0,0,10,60,0,1,0,0,0,15,15,15,15,3,1,1,1,0,0,0,0,0,0,0,0,1,0,0,1,1,0,1,0,0,0,0,0,0,0,0,1,0,0,1,0,1,0,1,106,1,1,3,10,401000,300,-1,-1,-1,-1,-1,-1,-1,-1,-1,-1,-1,-1,-1,-1,-1,-1,-1,-1,-1,-1,-1,-1,139,139,25,0.059,1,0,0,1,1,0,0,1,0,0,0,1,1,36,0,0,6,25,2,15,15,6,0,15,0,4120,0,0,0,0,81,15,15,15,15,15,15,15,15,15,15,0,-1,-1,-1,-1,-1,-1,-1,-1,1,0,0,0,0,0,0,0,0,-1,-1,-1,-1,-1,10000,0,1,1,0,0,0,0,1,0,0,0,0,3900,310,6,6,1,0,55,-1,-1,-1,6020000,6020000,6020000,6020000,6020000,6020000,6020000,6020000,6020000,6020000,-1,-1,0,0,0,0,-1,0,0,0,0,-1,1,-1,20,-1
6750500,[Uncommon] Fire Milady,1,0,[0|0|0],6700,1500000,0,1,0,750,390,100,40,60,0,0,100,31,31,31,-1,-1,-1,-1,-1,-1,100,6752000,6752000,6752000,6752000,6752000,6752000,6750000,6750000,6750000,6750000,6750000,6750000,6750000,6750000,6750000,6750000,1,1,1,1,15,15,5.5,1680,12277,0,160,1,32,1,10,47,0,47,0,53,60,0,36,200,-1,-1,3,-1,7,0,1,60,2,0,100,0,11,0,3,10,0,0,0,0,99,0,0,10,60,0,1,0,0,0,15,15,15,15,3,1,1,1,0,0,0,0,0,0,0,0,1,0,0,1,1,0,1,0,0,0,0,0,0,0,0,1,0,0,1,0,1,0,0,106,1,1,3,10,401000,300,-1,-1,-1,-1,-1,-1,-1,-1,-1,-1,-1,-1,-1,-1,-1,-1,-1,-1,-1,-1,-1,-1,139,139,25,0.059,1,0,0,1,1,0,0,1,0,4,0,1,1,36,0,0,6,25,2,15,15,6,0,15,0,4120,0,0,0,0,81,15,15,15,15,15,15,15,15,15,15,0,-1,-1,-1,-1,-1,-1,-1,-1,1,0,0,0,0,0,0,0,0,-1,-1,-1,-1,-1,10000,0,1,1,0,0,0,0,1,0,0,0,0,3900,310,6,6,1,0,55,-1,-1,-1,6020000,6020000,6020000,6020000,6020000,6020000,6020000,6020000,6020000,6020000,-1,-1,0,0,0,0,-1,0,0,0,0,-1,1,-1,20,-1
6750600,[Uncommon] Lightning Milady,1,0,[0|0|0],6700,1500000,0,1,0,750,390,100,40,60,0,0,100,31,31,31,-1,-1,-1,-1,-1,-1,100,6752000,6752000,6752000,6752000,6752000,6752000,6750000,6750000,6750000,6750000,6750000,6750000,6750000,6750000,6750000,6750000,1,1,1,1,15,15,5.5,1680,12277,0,160,1,32,1,10,47,0,0,47,53,60,0,36,200,-1,-1,3,-1,7,0,1,60,2,0,100,0,12,0,3,10,0,0,0,0,99,0,0,10,60,0,1,0,0,0,15,15,15,15,3,1,1,1,0,0,0,0,0,0,0,0,1,0,0,1,1,0,1,0,0,0,0,0,0,0,0,1,0,0,1,0,1,0,0,106,1,1,3,10,401000,300,-1,-1,-1,-1,-1,-1,-1,-1,-1,-1,-1,-1,-1,-1,-1,-1,-1,-1,-1,-1,-1,-1,139,139,25,0.059,1,0,0,1,1,0,0,1,0,0,4,1,1,36,0,0,6,25,2,15,15,6,0,15,0,4120,0,0,0,0,81,15,15,15,15,15,15,15,15,15,15,0,-1,-1,-1,-1,-1,-1,-1,-1,1,0,0,0,0,0,0,0,0,-1,-1,-1,-1,-1,10000,0,1,1,0,0,0,0,1,0,0,0,0,3900,310,6,6,1,0,55,-1,-1,-1,6020000,6020000,6020000,6020000,6020000,6020000,6020000,6020000,6020000,6020000,-1,-1,0,0,0,0,-1,0,0,0,0,-1,1,-1,20,-1
6750700,[Uncommon] Sacred Milady,1,0,[0|0|0],6700,1500000,0,1,0,750,390,100,35,52,0,29,100,31,31,31,-1,-1,-1,-1,-1,-1,100,6752000,6752000,6752000,6752000,6752000,6752000,6750000,6750000,6750000,6750000,6750000,6750000,6750000,6750000,6750000,6750000,1,1,1,1,15,15,5.5,1680,12277,0,160,1,32,1,10,47,0,0,0,53,60,0,36,200,-1,-1,3,-1,7,0,1,60,2,0,100,0,13,0,3,10,0,0,0,0,99,0,0,10,60,0,1,0,0,0,15,15,15,15,3,1,1,1,0,0,0,0,0,0,0,0,1,0,0,1,1,0,1,0,0,0,0,0,0,0,0,1,0,0,1,0,1,0,0,106,1,1,3,10,401000,300,-1,-1,-1,-1,-1,-1,-1,-1,-1,-1,-1,-1,-1,-1,-1,-1,-1,-1,-1,-1,-1,-1,139,139,25,0.059,1,0,0,1,1,0,0,1,0,0,0,1,1,36,47,4,6,25,2,15,15,6,0,15,0,4120,0,0,0,0,81,15,15,15,15,15,15,15,15,15,15,0,-1,-1,-1,-1,-1,-1,-1,-1,1,0,0,0,0,0,0,0,0,-1,-1,-1,-1,-1,10000,0,1,1,0,0,0,0,1,0,0,0,0,3900,310,6,6,1,0,55,-1,-1,-1,6020000,6020000,6020000,6020000,6020000,6020000,6020000,6020000,6020000,6020000,-1,-1,0,0,0,0,-1,0,0,0,0,-1,1,-1,20,-1
6750800,[Uncommon] Magic Milady,1,0,[0|0|0],6700,1500000,0,1,0,750,390,100,35,52,29,0,100,31,31,31,-1,-1,-1,-1,-1,-1,100,6752000,6752000,6752000,6752000,6752000,6752000,6750000,6750000,6750000,6750000,6750000,6750000,6750000,6750000,6750000,6750000,1,1,1,1,15,15,5.5,1680,12277,0,160,1,32,1,10,47,47,0,0,53,60,0,36,200,-1,-1,3,-1,7,0,1,60,2,0,100,0,10,0,3,10,0,0,0,0,99,0,0,10,60,0,1,0,0,0,15,15,15,15,3,1,1,1,0,0,0,0,0,0,0,0,1,0,0,1,1,0,1,0,0,0,0,0,0,0,0,1,0,0,1,0,1,0,0,106,1,1,3,10,401000,300,-1,-1,-1,-1,-1,-1,-1,-1,-1,-1,-1,-1,-1,-1,-1,-1,-1,-1,-1,-1,-1,-1,139,139,25,0.059,1,0,0,1,1,0,0,1,4,0,0,1,1,36,0,0,6,25,2,15,15,6,0,15,0,4120,0,0,0,0,81,15,15,15,15,15,15,15,15,15,15,0,-1,-1,-1,-1,-1,-1,-1,-1,1,0,0,0,0,0,0,0,0,-1,-1,-1,-1,-1,10000,0,1,1,0,0,0,0,1,0,0,0,0,3900,310,6,6,1,0,55,-1,-1,-1,6020000,6020000,6020000,6020000,6020000,6020000,6020000,6020000,6020000,6020000,-1,-1,0,0,0,0,-1,0,0,0,0,-1,1,-1,20,-1
6750900,[Uncommon] Cold Milady,1,0,[0|0|0],6700,1500000,0,1,0,750,390,100,35,52,29,0,100,31,31,31,-1,107610,-1,-1,-1,-1,100,6752000,6752000,6752000,6752000,6752000,6752000,6750000,6750000,6750000,6750000,6750000,6750000,6750000,6750000,6750000,6750000,1,1,1,1,15,15,5.5,1680,12277,0,160,1,32,1,10,38,38,0,0,53,60,0,36,200,-1,-1,3,-1,7,0,1,60,2,0,100,0,10,0,3,10,0,0,0,0,99,0,0,10,60,0,1,0,0,0,15,15,15,15,3,1,1,1,0,0,0,0,0,0,0,0,1,0,0,1,1,0,1,0,0,0,0,0,0,0,0,1,0,0,1,0,1,0,0,106,1,1,3,10,401000,300,-1,-1,-1,-1,-1,-1,-1,-1,-1,-1,-1,-1,-1,-1,-1,-1,-1,-1,-1,-1,-1,-1,139,139,25,0.059,1,0,0,1,1,0,0,1,0,0,0,1,1,36,0,0,6,25,2,15,15,6,0,15,0,4120,-1,0,0,0,81,15,15,15,15,15,15,15,15,15,15,0,-1,-1,-1,-1,-1,-1,-1,-1,1,0,0,0,0,0,0,0,0,-1,-1,-1,-1,-1,10000,0,1,1,0,0,0,0,1,0,0,0,0,3900,310,6,6,1,0,55,-1,-1,-1,6020000,6020000,6020000,6020000,6020000,6020000,6020000,6020000,6020000,6020000,-1,-1,0,0,0,0,-1,0,0,0,0,-1,1,-1,20,-1
6751000,[Uncommon] Poison Milady,1,0,[0|0|0],6700,1500000,0,1,0,750,390,100,35,52,0,0,100,31,31,31,106110,-1,-1,-1,-1,-1,100,6752000,6752000,6752000,6752000,6752000,6752000,6750000,6750000,6750000,6750000,6750000,6750000,6750000,6750000,6750000,6750000,1,1,1,1,15,15,5.5,1680,12277,0,160,1,32,1,10,76,0,0,0,53,60,0,36,200,-1,-1,3,-1,7,0,1,60,2,0,100,0,0,0,3,10,0,0,0,0,99,0,0,10,60,0,1,0,0,0,15,15,15,15,3,1,1,1,0,0,0,0,0,0,0,0,1,0,0,1,1,0,1,0,0,0,0,0,0,0,0,1,0,0,1,0,1,0,0,106,1,1,3,10,401000,300,-1,-1,-1,-1,-1,-1,-1,-1,-1,-1,-1,-1,-1,-1,-1,-1,-1,-1,-1,-1,-1,-1,139,139,25,0.059,1,0,0,1,1,0,0,1,0,0,0,1,1,36,0,0,6,25,2,15,15,6,0,15,0,4120,29,0,0,0,81,15,15,15,15,15,15,15,15,15,15,0,-1,-1,-1,-1,-1,-1,-1,-1,1,0,0,0,0,0,0,0,0,-1,-1,-1,-1,-1,10000,0,1,1,0,0,0,0,1,0,0,0,0,3900,310,6,6,1,0,55,-1,-1,-1,6020000,6020000,6020000,6020000,6020000,6020000,6020000,6020000,6020000,6020000,-1,-1,0,0,0,0,-1,0,0,0,0,-1,1,-1,20,-1
6751100,[Uncommon] Blood Milady,1,0,[0|0|0],6700,1500000,0,1,0,750,390,100,35,52,0,0,100,31,31,31,105110,-1,-1,-1,-1,-1,100,6752000,6752000,6752000,6752000,6752000,6752000,6750000,6750000,6750000,6750000,6750000,6750000,6750000,6750000,6750000,6750000,1,1,1,1,15,15,5.5,1680,12277,0,160,1,32,1,10,76,0,0,0,53,60,0,36,200,-1,-1,3,-1,7,0,1,60,2,0,100,0,0,0,3,10,0,0,0,0,99,0,0,10,60,0,1,0,0,0,15,15,15,15,3,1,1,1,0,0,0,0,0,0,0,0,1,0,0,1,1,0,1,0,0,0,0,0,0,0,0,1,0,0,1,0,1,0,0,106,1,1,3,10,401000,300,-1,-1,-1,-1,-1,-1,-1,-1,-1,-1,-1,-1,-1,-1,-1,-1,-1,-1,-1,-1,-1,-1,139,139,25,0.059,1,0,0,1,1,0,0,1,0,0,0,1,1,36,0,0,6,25,2,15,15,6,0,15,0,4120,29,0,0,0,81,15,15,15,15,15,15,15,15,15,15,0,-1,-1,-1,-1,-1,-1,-1,-1,1,0,0,0,0,0,0,0,0,-1,-1,-1,-1,-1,10000,0,1,1,0,0,0,0,1,0,0,0,0,3900,310,6,6,1,0,55,-1,-1,-1,6020000,6020000,6020000,6020000,6020000,6020000,6020000,6020000,6020000,6020000,-1,-1,0,0,0,0,-1,0,0,0,0,-1,1,-1,20,-1
6760000,[Rare] Leda's Sword,1,0,[0|0|0],6700,1500010,0,1,0,750,390,100,10,55,0,30,100,31,31,31,-1,-1,-1,-1,-1,-1,200,6760000,6760000,6760000,6760000,6760000,6760000,6760000,6760000,6760000,6760000,6760000,6760000,6760000,6760000,6760000,6760000,1,1,1,1,15,15,5.5,255,12278,0,160,1,32,1,10,80,0,0,0,53,60,0,36,300,-1,-1,7,-1,7,0,1,60,2,0,100,0,0,0,3,10,0,0,0,0,99,0,0,10,60,0,1,0,0,0,15,15,15,15,3,1,1,1,0,0,0,0,0,0,0,0,1,0,0,1,1,0,1,0,0,0,0,0,0,0,0,1,0,0,1,0,1,0,1,106,1,1,3,10,401000,300,-1,-1,-1,-1,-1,-1,-1,-1,-1,-1,-1,-1,-1,-1,-1,-1,-1,-1,-1,-1,-1,-1,139,139,25,0.059,1,0,0,1,1,0,0,0,0,0,0,1,1,36,50,0,6,25,2,15,15,6,0,15,0,5010,0,0,0,0,81,15,15,15,15,15,15,15,15,15,15,0,-1,-1,-1,-1,-1,-1,-1,-1,1,0,0,0,0,0,0,0,0,-1,-1,-1,-1,-1,10000,0,1,1,0,0,0,0,1,0,0,0,0,3900,310,6,6,2,0,55,-1,-1,-1,6020000,6020000,6020000,6020000,6020000,6020000,6020000,6020000,6020000,6020000,-1,-1,0,0,0,0,-1,0,0,0,0,-1,1,-1,20,-1
6770000,[Legendary] Rellana's twin blades,1,0,[0|0|0],6701,1500020,0,1,0,750,390,100,20,20,30,30,100,31,31,31,-1,-1,-1,-1,-1,-1,-1,6770000,6770000,6770000,6770000,6770000,6770000,6770000,6770000,6770000,6770000,6770000,6770000,6770000,6770000,6770000,6770000,1,1,1,1,15,15,5.5,638,12279,0,160,1,32,1,10,70,30,30,0,57,60,0,36,400,-1,-1,10,-1,7,0,1,60,2,0,100,0,10,249,3,3,0,0,0,0,99,0,0,10,60,0,1,0,0,0,15,15,15,15,3,1,1,1,0,0,0,0,0,0,0,0,1,0,0,1,1,0,1,0,0,0,0,0,0,0,0,1,0,0,1,0,1,0,1,106,1,1,3,10,401000,300,301,-1,-1,-1,-1,-1,-1,-1,-1,-1,-1,-1,-1,-1,-1,-1,-1,-1,-1,-1,-1,-1,139,139,261,0.059,0,1,0,1,1,0,0,0,4,4,0,1,1,36,0,0,6,25,2,15,15,6,0,15,0,5170,0,0,0,0,81,15,15,15,15,15,15,15,15,15,15,0,-1,-1,-1,-1,-1,-1,-1,-1,1,0,0,0,0,0,0,0,0,-1,-1,-1,-1,-1,10000,0,1,1,0,0,0,0,1,0,0,0,0,3900,310,6,6,3,0,55,-1,-1,-1,-1,-1,-1,-1,-1,-1,-1,-1,-1,-1,-1,-1,0,0,0,0,-1,0,0,0,0,-1,1,9040600,20,-1
6850000,[Uncommon] Beast Claw,1,0,[0|0|0],6800,1501520,0,1,0,750,390,100,55,30,0,0,100,31,31,31,6400,-1,-1,20001900,-1,-1,-1,6850000,6850000,6850000,6850000,6850000,6850000,6850000,6850000,6850000,6850000,6850000,6850000,6850000,6850000,6850000,6850000,1,1,1,1,15,15,4,1631,7067,0,160,1,32,1,10,0,0,0,0,36,60,0,36,200,-1,-1,3,-1,7,0,9,62,0,0,100,0,0,0,0,0,0,0,0,0,99,0,0,10,60,0,1,0,0,0,15,15,15,15,3,1,1,1,0,0,0,0,0,0,0,0,1,0,0,1,1,0,1,0,0,0,0,0,0,0,0,1,0,0,1,0,1,0,0,106,1,1,6,6,401000,10300,-1,401000,10310,-1,401000,10320,-1,-1,-1,-1,-1,-1,-1,-1,-1,-1,-1,-1,-1,-1,-1,-1,139,139,42,0.059,0,1,0,1,1,0,0,0,0,0,0,1,1,36,0,0,6,240,2,15,15,6,0,15,0,100,0,0,0,0,35,15,15,15,15,15,15,15,15,15,15,0,-1,-1,-1,-1,-1,-1,-1,-1,1,0,0,0,0,0,0,0,0,-1,-1,-1,-1,-1,10000,0,1,1,0,0,0,0,1,0,0,0,0,3900,310,6,6,1,0,55,-1,-1,-1,-1,-1,-1,-1,-1,-1,-1,-1,-1,-1,-1,-1,0,0,3,0,-1,0,0,0,0,-1,1,-1,20,-1
6851000,[Rare] Red Bear's Claw,1,0,[0|0|0],6701,1501520,0,1,0,750,390,100,37,37,50,50,100,31,31,31,-1,-1,-1,-1,-1,-1,-1,6752000,6752000,6752000,6752000,6752000,6752000,6752000,6752000,6752000,6752000,6752000,6752000,6752000,6752000,6752000,6752000,1,1,1,1,15,15,5.5,1630,7067,0,160,1,32,1,10,103,66,66,0,57,60,0,36,400,-1,-1,7,-1,7,0,1,60,2,0,100,0,10,249,3,3,0,0,0,0,99,0,0,10,60,0,1,0,0,0,15,15,15,15,3,1,1,1,0,0,0,0,0,0,0,0,1,0,0,1,1,0,1,0,0,0,0,0,0,0,0,1,0,0,1,0,1,0,0,106,1,1,3,10,401000,300,-1,-1,-1,-1,-1,-1,-1,-1,-1,-1,-1,-1,-1,-1,-1,-1,-1,-1,-1,-1,-1,-1,139,139,261,0.059,0,1,0,1,1,0,0,0,0,0,0,1,1,36,0,0,6,94,2,15,15,6,0,15,0,5170,0,0,0,0,81,15,15,15,15,15,15,15,15,15,15,0,-1,-1,-1,-1,-1,-1,-1,-1,1,0,0,0,0,0,0,0,0,-1,-1,-1,-1,-1,10000,0,1,1,0,0,0,0,1,0,0,0,0,3900,310,6,6,2,0,55,-1,-1,-1,-1,-1,-1,-1,-1,-1,-1,-1,-1,-1,-1,-1,0,0,3,0,-1,0,0,0,0,-1,1,9040600,20,-1
7090000,[Uncommon] Sellsword Twinblades,1,0,[0|0|0],700,1608000,0,1,0,700,270,100,28,64,0,0,100,33,33,33,-1,-1,-1,100064,-1,-1,100,7010000,7010000,7010000,7010000,7010000,7010000,7010000,7010000,7010000,7010000,7010000,7010000,7010000,7010000,7010000,7010000,1,1,1,1,15,15,5,2012,1163,0,80,1,32,1,10,85,0,0,0,40,60,0,34,200,-1,-1,3,-1,7,0,3,28,2,0,100,0,0,637,0,0,0,0,0,0,99,0,0,10,60,0,1,0,0,0,11,11,11,11,0,1,1,1,0,0,0,0,0,0,0,0,0,0,1,0,1,0,1,0,0,0,0,0,0,0,0,1,0,0,1,0,1,0,1,106,1,1,0,0,401000,300,-1,-1,-1,-1,-1,-1,-1,-1,-1,-1,-1,-1,-1,-1,-1,-1,-1,-1,-1,-1,-1,-1,139,139,1028,0.015,1,1,0,1,1,0,0,1,0,0,0,1,1,33,0,0,6,70,0,11,11,6,0,11,0,103,0,0,0,6,9,15,15,15,15,15,15,15,15,15,15,0,-1,-1,-1,-1,-1,-1,-1,-1,1,0,0,0,0,0,0,0,0,-1,-1,-1,-1,-1,10000,0,1,1,0,0,0,0,1,0,0,0,0,2700,310,6,6,1,0,40,-1,-1,-1,7010000,7010000,7010000,7010000,7010000,7010000,7010000,7010000,7010000,7010000,-1,-1,0,0,0,0,70000010,0,0,0,0,-1,1,-1,14,-1
7090500,[Uncommon] Fire Sellsword Twinblades,1,0,[0|0|0],700,1608000,0,1,0,700,270,100,28,64,0,0,100,33,33,33,-1,-1,-1,100064,-1,-1,100,7010000,7010000,7010000,7010000,7010000,7010000,7010000,7010000,7010000,7010000,7010000,7010000,7010000,7010000,7010000,7010000,1,1,1,1,15,15,5,2012,1163,0,80,1,32,1,10,42,0,42,0,40,60,0,34,200,-1,-1,3,-1,7,0,3,28,2,0,100,0,11,637,0,0,0,0,0,0,99,0,0,10,60,0,1,0,0,0,11,11,11,11,0,1,1,1,0,0,0,0,0,0,0,0,0,0,1,0,1,0,1,0,0,0,0,0,0,0,0,1,0,0,1,0,1,0,0,106,1,1,0,0,401000,300,-1,-1,-1,-1,-1,-1,-1,-1,-1,-1,-1,-1,-1,-1,-1,-1,-1,-1,-1,-1,-1,-1,139,139,1028,0.015,1,1,0,1,1,0,0,1,0,4,0,1,1,33,0,0,6,70,0,11,11,6,0,11,0,103,0,0,0,6,9,15,15,15,15,15,15,15,15,15,15,0,-1,-1,-1,-1,-1,-1,-1,-1,1,0,0,0,0,0,0,0,0,-1,-1,-1,-1,-1,10000,0,1,1,0,0,0,0,1,0,0,0,0,2700,310,6,6,1,0,40,-1,-1,-1,7010000,7010000,7010000,7010000,7010000,7010000,7010000,7010000,7010000,7010000,-1,-1,0,0,0,0,70000010,0,0,0,0,-1,1,-1,14,-1
7090600,[Uncommon] Lightning Sellsword Twinblades,1,0,[0|0|0],700,1608000,0,1,0,700,270,100,28,64,0,0,100,33,33,33,-1,-1,-1,100064,-1,-1,100,7010000,7010000,7010000,7010000,7010000,7010000,7010000,7010000,7010000,7010000,7010000,7010000,7010000,7010000,7010000,7010000,1,1,1,1,15,15,5,2012,1163,0,80,1,32,1,10,42,0,0,42,40,60,0,34,200,-1,-1,3,-1,7,0,3,28,2,0,100,0,12,637,0,0,0,0,0,0,99,0,0,10,60,0,1,0,0,0,11,11,11,11,0,1,1,1,0,0,0,0,0,0,0,0,0,0,1,0,1,0,1,0,0,0,0,0,0,0,0,1,0,0,1,0,1,0,0,106,1,1,0,0,401000,300,-1,-1,-1,-1,-1,-1,-1,-1,-1,-1,-1,-1,-1,-1,-1,-1,-1,-1,-1,-1,-1,-1,139,139,1028,0.015,1,1,0,1,1,0,0,1,0,0,4,1,1,33,0,0,6,70,0,11,11,6,0,11,0,103,0,0,0,6,9,15,15,15,15,15,15,15,15,15,15,0,-1,-1,-1,-1,-1,-1,-1,-1,1,0,0,0,0,0,0,0,0,-1,-1,-1,-1,-1,10000,0,1,1,0,0,0,0,1,0,0,0,0,2700,310,6,6,1,0,40,-1,-1,-1,7010000,7010000,7010000,7010000,7010000,7010000,7010000,7010000,7010000,7010000,-1,-1,0,0,0,0,70000010,0,0,0,0,-1,1,-1,14,-1
7090700,[Uncommon] Holy Sellsword Twinblades,1,0,[0|0|0],700,1608000,0,1,0,700,270,100,24,55,0,28,100,33,33,33,-1,-1,-1,100064,-1,-1,100,7010000,7010000,7010000,7010000,7010000,7010000,7010000,7010000,7010000,7010000,7010000,7010000,7010000,7010000,7010000,7010000,1,1,1,1,15,15,5,2012,1163,0,80,1,32,1,10,42,0,0,0,40,60,0,34,200,-1,-1,3,-1,7,0,3,28,2,0,100,0,13,637,0,0,0,0,0,0,99,0,0,10,60,0,1,0,0,0,11,11,11,11,0,1,1,1,0,0,0,0,0,0,0,0,0,0,1,0,1,0,1,0,0,0,0,0,0,0,0,1,0,0,1,0,1,0,0,106,1,1,0,0,401000,300,-1,-1,-1,-1,-1,-1,-1,-1,-1,-1,-1,-1,-1,-1,-1,-1,-1,-1,-1,-1,-1,-1,139,139,1028,0.015,1,1,0,1,1,0,0,1,0,0,0,1,1,33,42,4,6,70,0,11,11,6,0,11,0,103,0,0,0,6,9,15,15,15,15,15,15,15,15,15,15,0,-1,-1,-1,-1,-1,-1,-1,-1,1,0,0,0,0,0,0,0,0,-1,-1,-1,-1,-1,10000,0,1,1,0,0,0,0,1,0,0,0,0,2700,310,6,6,1,0,40,-1,-1,-1,7010000,7010000,7010000,7010000,7010000,7010000,7010000,7010000,7010000,7010000,-1,-1,0,0,0,0,70000010,0,0,0,0,-1,1,-1,14,-1
7090800,[Uncommon] Magic Sellsword Twinblades,1,0,[0|0|0],700,1608000,0,1,0,700,270,100,24,55,28,0,100,33,33,33,-1,-1,-1,100064,-1,-1,100,7010000,7010000,7010000,7010000,7010000,7010000,7010000,7010000,7010000,7010000,7010000,7010000,7010000,7010000,7010000,7010000,1,1,1,1,15,15,5,2012,1163,0,80,1,32,1,10,42,42,0,0,40,60,0,34,200,-1,-1,3,-1,7,0,3,28,2,0,100,0,10,637,0,0,0,0,0,0,99,0,0,10,60,0,1,0,0,0,11,11,11,11,0,1,1,1,0,0,0,0,0,0,0,0,0,0,1,0,1,0,1,0,0,0,0,0,0,0,0,1,0,0,1,0,1,0,0,106,1,1,0,0,401000,300,-1,-1,-1,-1,-1,-1,-1,-1,-1,-1,-1,-1,-1,-1,-1,-1,-1,-1,-1,-1,-1,-1,139,139,1028,0.015,1,1,0,1,1,0,0,1,4,0,0,1,1,33,0,0,6,70,0,11,11,6,0,11,0,103,0,0,0,6,9,15,15,15,15,15,15,15,15,15,15,0,-1,-1,-1,-1,-1,-1,-1,-1,1,0,0,0,0,0,0,0,0,-1,-1,-1,-1,-1,10000,0,1,1,0,0,0,0,1,0,0,0,0,2700,310,6,6,1,0,40,-1,-1,-1,7010000,7010000,7010000,7010000,7010000,7010000,7010000,7010000,7010000,7010000,-1,-1,0,0,0,0,70000010,0,0,0,0,-1,1,-1,14,-1
7090900,[Uncommon] Frost Sellsword Twinblades,1,0,[0|0|0],700,1608000,0,1,0,700,270,100,24,55,28,0,100,33,33,33,-1,107510,-1,100064,-1,-1,100,7010000,7010000,7010000,7010000,7010000,7010000,7010000,7010000,7010000,7010000,7010000,7010000,7010000,7010000,7010000,7010000,1,1,1,1,15,15,5,2012,1163,0,80,1,32,1,10,34,34,0,0,40,60,0,34,200,-1,-1,3,-1,7,0,3,28,2,0,100,0,10,637,0,0,0,0,0,0,99,0,0,10,60,0,1,0,0,0,11,11,11,11,0,1,1,1,0,0,0,0,0,0,0,0,0,0,1,0,1,0,1,0,0,0,0,0,0,0,0,1,0,0,1,0,1,0,0,106,1,1,0,0,401000,300,-1,-1,-1,-1,-1,-1,-1,-1,-1,-1,-1,-1,-1,-1,-1,-1,-1,-1,-1,-1,-1,-1,139,139,1028,0.015,1,1,0,1,1,0,0,1,4,0,0,1,1,33,0,0,6,70,0,11,11,6,0,11,0,103,0,0,0,6,9,15,15,15,15,15,15,15,15,15,15,0,-1,-1,-1,-1,-1,-1,-1,-1,1,0,0,0,0,0,0,0,0,-1,-1,-1,-1,-1,10000,0,1,1,0,0,0,0,1,0,0,0,0,2700,310,6,6,1,0,40,-1,-1,-1,7010000,7010000,7010000,7010000,7010000,7010000,7010000,7010000,7010000,7010000,-1,-1,0,0,0,0,70000010,0,0,0,0,-1,1,-1,14,-1
7091000,[Uncommon] Poison Sellsword Twinblades,1,0,[0|0|0],700,1608000,0,1,0,700,270,100,24,55,0,0,100,33,33,33,-1,106010,-1,100064,-1,-1,100,7010000,7010000,7010000,7010000,7010000,7010000,7010000,7010000,7010000,7010000,7010000,7010000,7010000,7010000,7010000,7010000,1,1,1,1,15,15,5,2012,1163,0,80,1,32,1,10,68,0,0,0,40,60,0,34,200,-1,-1,3,-1,7,0,3,28,2,0,100,0,0,637,0,0,0,0,0,0,99,0,0,10,60,0,1,0,0,0,11,11,11,11,0,1,1,1,0,0,0,0,0,0,0,0,0,0,1,0,1,0,1,0,0,0,0,0,0,0,0,1,0,0,1,0,1,0,0,106,1,1,0,0,401000,300,-1,-1,-1,-1,-1,-1,-1,-1,-1,-1,-1,-1,-1,-1,-1,-1,-1,-1,-1,-1,-1,-1,139,139,1028,0.015,1,1,0,1,1,0,0,1,0,0,0,1,1,33,0,0,6,70,0,11,11,6,0,11,0,103,42,0,0,6,9,15,15,15,15,15,15,15,15,15,15,0,-1,-1,-1,-1,-1,-1,-1,-1,1,0,0,0,0,0,0,0,0,-1,-1,-1,-1,-1,10000,0,1,1,0,0,0,0,1,0,0,0,0,2700,310,6,6,1,0,40,-1,-1,-1,7010000,7010000,7010000,7010000,7010000,7010000,7010000,7010000,7010000,7010000,-1,-1,0,0,0,0,70000010,0,0,0,0,-1,1,-1,14,-1
7091100,[Uncommon] Blood Sellsword Twinblades,1,0,[0|0|0],700,1608000,0,1,0,700,270,100,24,55,0,0,100,33,33,33,105010,-1,-1,100064,-1,-1,100,7010000,7010000,7010000,7010000,7010000,7010000,7010000,7010000,7010000,7010000,7010000,7010000,7010000,7010000,7010000,7010000,1,1,1,1,15,15,5,2012,1163,0,80,1,32,1,10,68,0,0,0,40,60,0,34,200,-1,-1,3,-1,7,0,3,28,2,0,100,0,0,637,0,0,0,0,0,0,99,0,0,10,60,0,1,0,0,0,11,11,11,11,0,1,1,1,0,0,0,0,0,0,0,0,0,0,1,0,1,0,1,0,0,0,0,0,0,0,0,1,0,0,1,0,1,0,0,106,1,1,0,0,401000,300,-1,-1,-1,-1,-1,-1,-1,-1,-1,-1,-1,-1,-1,-1,-1,-1,-1,-1,-1,-1,-1,-1,139,139,1028,0.015,1,1,0,1,1,0,0,1,0,0,0,1,1,33,0,0,6,70,0,11,11,6,0,11,0,103,42,0,0,6,9,15,15,15,15,15,15,15,15,15,15,0,-1,-1,-1,-1,-1,-1,-1,-1,1,0,0,0,0,0,0,0,0,-1,-1,-1,-1,-1,10000,0,1,1,0,0,0,0,1,0,0,0,0,2700,310,6,6,1,0,40,-1,-1,-1,7010000,7010000,7010000,7010000,7010000,7010000,7010000,7010000,7010000,7010000,-1,-1,0,0,0,0,70000010,0,0,0,0,-1,1,-1,14,-1
7130000,[Rare] Demon's Scar,1,0,[0|0|0],703,1611000,0,1,0,700,270,200,10,10,35,50,100,30,44,30,-1,-1,-1,-1,-1,-1,200,7050000,7050000,7050000,7050000,7050000,7050000,7050000,7050000,7050000,7050000,7050000,-1,-1,-1,-1,-1,1,1,1,1,15,15,5,415,1285,0,80,1,32,1,10,10,0,80,0,30,60,0,34,300,-1,-1,7,-1,7,0,3,28,2,4,153,0,11,293,0,10,0,0,0,0,99,0,0,10,60,0,1,0,0,0,11,11,11,11,0,1,1,1,0,0,0,0,0,1,1,0,0,0,1,0,0,0,1,0,0,0,0,0,0,0,0,1,0,0,1,0,1,0,0,117,1,1,5,5,401000,300,-1,-1,-1,-1,-1,-1,-1,-1,-1,-1,-1,-1,-1,-1,-1,-1,-1,-1,-1,-1,-1,-1,139,139,28,0.015,1,0,0,1,1,0,0,0,0,0,0,1,1,30,0,0,6,70,0,11,11,6,0,11,0,1172,0,0,0,0,9,15,15,15,15,15,15,15,15,15,15,0,990800,-1,-1,-1,120,-1,-1,-1,1,0,0,0,0,0,0,0,0,-1,-1,-1,-1,-1,10000,0,1,1,1,0,0,0,1,0,0,0,0,2700,310,6,6,2,0,40,-1,-1,-1,-1,-1,-1,-1,-1,-1,-1,-1,-1,-1,-1,-1,0,0,0,0,-1,0,0,0,0,-1,1,-1,14,-1
7160000,[Rare] Demon's Scar sparring,1,0,[0|0|0],703,1611000,0,1,0,700,270,200,10,10,45,50,100,30,44,30,-1,-1,-1,-1,-1,-1,200,7050000,7050000,7050000,7050000,7050000,7050000,7050000,7050000,7050000,7050000,7050000,-1,-1,-1,-1,-1,1,1,1,1,15,15,5,415,1285,0,80,1,32,1,10,20,0,85,0,30,60,0,34,300,-1,-1,7,-1,7,0,3,28,2,4,153,0,11,293,0,10,0,0,0,0,99,0,0,10,60,0,1,0,0,0,11,11,11,11,0,1,1,1,0,0,0,0,0,1,1,0,0,0,1,0,0,0,1,0,0,0,0,0,0,0,0,1,0,0,1,0,1,0,1,117,1,1,5,5,401000,300,-1,-1,-1,-1,-1,-1,-1,-1,-1,-1,-1,-1,-1,-1,-1,-1,-1,-1,-1,-1,-1,-1,139,139,28,0.015,1,0,0,1,1,0,0,0,0,0,0,1,1,30,0,0,6,70,0,11,11,6,0,11,0,1172,0,0,0,0,9,15,15,15,15,15,15,15,15,15,15,0,990800,-1,-1,-1,120,-1,-1,-1,1,0,0,0,0,0,0,0,0,-1,-1,-1,-1,-1,10000,0,1,1,1,0,0,0,1,0,0,0,0,2700,310,6,6,2,0,40,-1,-1,-1,-1,-1,-1,-1,-1,-1,-1,-1,-1,-1,6000,6000,0,0,0,0,-1,0,0,0,0,-1,1,-1,14,-1
7500000,[Rare] Spirit Sword,1,0,[0|0|0],700,1611500,0,1,0,750,390,100,10,40,40,0,100,31,31,31,-1,-1,-1,-1,-1,-1,200,7500000,7500000,7500000,7500000,7500000,7500000,7500000,7500000,7500000,7500000,7500000,7500000,7500000,7500000,7500000,7500000,1,1,1,1,15,15,5.5,426,7067,0,160,1,32,1,10,92,59,0,0,45,60,0,36,300,-1,-1,7,-1,7,0,3,28,2,0,100,0,10,0,0,10,0,0,0,0,99,0,0,10,60,0,1,0,0,0,15,15,15,15,0,1,1,1,0,0,0,0,0,0,0,0,0,0,1,0,1,0,1,0,0,0,0,0,0,0,0,1,0,0,1,0,1,0,0,106,1,1,5,5,401000,300,-1,-1,-1,-1,-1,-1,-1,-1,-1,-1,-1,-1,-1,-1,-1,-1,-1,-1,-1,-1,-1,-1,139,139,28,0.059,0,1,0,1,1,0,0,0,4,0,0,1,1,36,0,0,6,70,0,15,15,6,0,15,0,5250,0,0,0,0,9,15,15,15,15,15,15,15,15,15,15,0,-1,-1,-1,-1,-1,-1,-1,-1,1,0,0,0,0,0,0,0,0,-1,-1,-1,-1,-1,10000,0,1,1,0,0,0,0,1,0,0,0,0,3900,310,6,6,2,0,55,-1,-1,-1,-1,-1,-1,-1,-1,-1,-1,-1,-1,-1,-1,-1,0,0,2,0,-1,0,0,0,0,-1,1,-1,20,-1
8090000,[Rare] Harald Curved Greatsword,1,0,[0|0|0],803,1706000,0,1,0,850,540,500,50,50,0,0,100,33,33,33,-1,-1,-1,-1,-1,-1,200,8050000,8050000,8050000,8050000,8050000,8050000,8050000,8050000,8050000,8050000,8050000,-1,-1,-1,-1,-1,1,1,1,1,15,15,5.5,2090,1299,0,160,1,32,1,10,110,0,0,0,61,60,0,46,300,-1,-1,7,-1,7,0,3,40,2,0,100,0,0,0,2,12,0,0,0,0,99,0,0,10,70,0,1,0,0,0,19,19,19,19,0,1,1,1,0,0,0,0,0,0,0,0,0,0,1,0,1,0,1,0,0,0,0,0,0,0,0,1,0,0,1,0,1,0,1,106,2,1,7,7,401000,300,-1,-1,-1,-1,-1,-1,-1,-1,-1,-1,-1,-1,-1,-1,-1,-1,-1,-1,-1,-1,-1,-1,139,139,40,0.059,1,0,0,1,1,0,0,0,0,0,0,1,1,33,0,0,6,80,0,19,19,6,0,19,0,142,0,0,0,1,11,15,15,15,15,15,15,15,15,15,15,0,-1,-1,-1,-1,-1,-1,-1,-1,1,0,0,0,0,0,0,0,0,-1,-1,-1,-1,-1,10000,0,1,1,0,0,0,0,1,0,0,0,0,5400,310,6,6,2,0,60,6601,-1,-1,-1,-1,-1,-1,-1,-1,-1,-1,-1,-1,-1,-1,0,0,0,0,-1,0,0,0,0,-1,1,-1,20,-1
8090500,[Rare] Fire Harald Curved Greatsword,1,0,[0|0|0],803,1706000,0,1,0,850,540,500,50,50,0,0,100,33,33,33,-1,-1,-1,-1,-1,-1,200,8050000,8050000,8050000,8050000,8050000,8050000,8050000,8050000,8050000,8050000,8050000,-1,-1,-1,-1,-1,1,1,1,1,15,15,5.5,2090,1299,0,160,1,32,1,10,55,0,55,0,61,60,0,46,300,-1,-1,7,-1,7,0,3,40,2,0,100,0,11,0,2,12,0,0,0,0,99,0,0,10,70,0,1,0,0,0,19,19,19,19,0,1,1,1,0,0,0,0,0,0,0,0,0,0,1,0,1,0,1,0,0,0,0,0,0,0,0,1,0,0,1,0,1,0,0,106,2,1,7,7,401000,300,-1,-1,-1,-1,-1,-1,-1,-1,-1,-1,-1,-1,-1,-1,-1,-1,-1,-1,-1,-1,-1,-1,139,139,40,0.059,1,0,0,1,1,0,0,0,0,4,0,1,1,33,0,0,6,80,0,19,19,6,0,19,0,142,0,0,0,1,11,15,15,15,15,15,15,15,15,15,15,0,-1,-1,-1,-1,-1,-1,-1,-1,1,0,0,0,0,0,0,0,0,-1,-1,-1,-1,-1,10000,0,1,1,0,0,0,0,1,0,0,0,0,5400,310,6,6,2,0,60,6601,-1,-1,-1,-1,-1,-1,-1,-1,-1,-1,-1,-1,-1,-1,0,0,0,0,-1,0,0,0,0,-1,1,-1,20,-1
8090600,[Rare] Lightning Harald Curved Greatsword,1,0,[0|0|0],803,1706000,0,1,0,850,540,500,50,50,0,0,100,33,33,33,-1,-1,-1,-1,-1,-1,200,8050000,8050000,8050000,8050000,8050000,8050000,8050000,8050000,8050000,8050000,8050000,-1,-1,-1,-1,-1,1,1,1,1,15,15,5.5,2090,1299,0,160,1,32,1,10,55,0,0,55,61,60,0,46,300,-1,-1,7,-1,7,0,3,40,2,0,100,0,12,0,2,12,0,0,0,0,99,0,0,10,70,0,1,0,0,0,19,19,19,19,0,1,1,1,0,0,0,0,0,0,0,0,0,0,1,0,1,0,1,0,0,0,0,0,0,0,0,1,0,0,1,0,1,0,0,106,2,1,7,7,401000,300,-1,-1,-1,-1,-1,-1,-1,-1,-1,-1,-1,-1,-1,-1,-1,-1,-1,-1,-1,-1,-1,-1,139,139,40,0.059,1,0,0,1,1,0,0,0,0,0,4,1,1,33,0,0,6,80,0,19,19,6,0,19,0,142,0,0,0,1,11,15,15,15,15,15,15,15,15,15,15,0,-1,-1,-1,-1,-1,-1,-1,-1,1,0,0,0,0,0,0,0,0,-1,-1,-1,-1,-1,10000,0,1,1,0,0,0,0,1,0,0,0,0,5400,310,6,6,2,0,60,6601,-1,-1,-1,-1,-1,-1,-1,-1,-1,-1,-1,-1,-1,-1,0,0,0,0,-1,0,0,0,0,-1,1,-1,20,-1
8090700,[Rare] Holy Harald Curved Greatsword,1,0,[0|0|0],803,1706000,0,1,0,850,540,500,43,43,0,30,100,33,33,33,-1,-1,-1,-1,-1,-1,200,8050000,8050000,8050000,8050000,8050000,8050000,8050000,8050000,8050000,8050000,8050000,-1,-1,-1,-1,-1,1,1,1,1,15,15,5.5,2090,1299,0,160,1,32,1,10,55,0,0,0,61,60,0,46,300,-1,-1,7,-1,7,0,3,40,2,0,100,0,0,0,2,12,0,0,0,0,99,0,0,10,70,0,1,0,0,0,19,19,19,19,0,1,1,1,0,0,0,0,0,0,0,0,0,0,1,0,1,0,1,0,0,0,0,0,0,0,0,1,0,0,1,0,1,0,0,106,2,1,7,7,401000,300,-1,-1,-1,-1,-1,-1,-1,-1,-1,-1,-1,-1,-1,-1,-1,-1,-1,-1,-1,-1,-1,-1,139,139,40,0.059,1,0,0,1,1,0,0,0,0,0,0,1,1,33,55,4,6,80,0,19,19,6,0,19,0,142,0,0,0,1,11,15,15,15,15,15,15,15,15,15,15,0,-1,-1,-1,-1,-1,-1,-1,-1,1,0,0,0,0,0,0,0,0,-1,-1,-1,-1,-1,10000,0,1,1,0,0,0,0,1,0,0,0,0,5400,310,6,6,2,0,60,6601,-1,-1,-1,-1,-1,-1,-1,-1,-1,-1,-1,-1,-1,-1,0,0,0,0,-1,0,0,0,0,-1,1,-1,20,-1
8090800,[Rare] Magic Harald Curved Greatsword,1,0,[0|0|0],803,1706000,0,1,0,850,540,500,43,43,30,0,100,33,33,33,-1,-1,-1,-1,-1,-1,200,8050000,8050000,8050000,8050000,8050000,8050000,8050000,8050000,8050000,8050000,8050000,-1,-1,-1,-1,-1,1,1,1,1,15,15,5.5,2090,1299,0,160,1,32,1,10,55,55,0,0,61,60,0,46,300,-1,-1,7,-1,7,0,3,40,2,0,100,0,0,0,2,12,0,0,0,0,99,0,0,10,70,0,1,0,0,0,19,19,19,19,0,1,1,1,0,0,0,0,0,0,0,0,0,0,1,0,1,0,1,0,0,0,0,0,0,0,0,1,0,0,1,0,1,0,0,106,2,1,7,7,401000,300,-1,-1,-1,-1,-1,-1,-1,-1,-1,-1,-1,-1,-1,-1,-1,-1,-1,-1,-1,-1,-1,-1,139,139,40,0.059,1,0,0,1,1,0,0,0,4,0,0,1,1,33,0,0,6,80,0,19,19,6,0,19,0,142,0,0,0,1,11,15,15,15,15,15,15,15,15,15,15,0,-1,-1,-1,-1,-1,-1,-1,-1,1,0,0,0,0,0,0,0,0,-1,-1,-1,-1,-1,10000,0,1,1,0,0,0,0,1,0,0,0,0,5400,310,6,6,2,0,60,6601,-1,-1,-1,-1,-1,-1,-1,-1,-1,-1,-1,-1,-1,-1,0,0,0,0,-1,0,0,0,0,-1,1,-1,20,-1
8090900,[Rare] Cold Harald Curved Greatsword,1,0,[0|0|0],803,1706000,0,1,0,850,540,500,43,43,30,0,100,33,33,33,-1,107510,-1,-1,-1,-1,200,8050000,8050000,8050000,8050000,8050000,8050000,8050000,8050000,8050000,8050000,8050000,-1,-1,-1,-1,-1,1,1,1,1,15,15,5.5,2090,1299,0,160,1,32,1,10,44,44,0,0,61,60,0,46,300,-1,-1,7,-1,7,0,3,40,2,0,100,0,0,0,2,12,0,0,0,0,99,0,0,10,70,0,1,0,0,0,19,19,19,19,0,1,1,1,0,0,0,0,0,0,0,0,0,0,1,0,1,0,1,0,0,0,0,0,0,0,0,1,0,0,1,0,1,0,0,106,2,1,7,7,401000,300,-1,-1,-1,-1,-1,-1,-1,-1,-1,-1,-1,-1,-1,-1,-1,-1,-1,-1,-1,-1,-1,-1,139,139,40,0.059,1,0,0,1,1,0,0,0,0,0,0,1,1,33,0,0,6,80,0,19,19,6,0,19,0,142,0,0,0,1,11,15,15,15,15,15,15,15,15,15,15,0,-1,-1,-1,-1,-1,-1,-1,-1,1,0,0,0,0,0,0,0,0,-1,-1,-1,-1,-1,10000,0,1,1,0,0,0,0,1,0,0,0,0,5400,310,6,6,2,0,60,6601,-1,-1,-1,-1,-1,-1,-1,-1,-1,-1,-1,-1,-1,-1,0,0,0,0,-1,0,0,0,0,-1,1,-1,20,-1
8091000,[Rare] Poison Harald Curved Greatsword,1,0,[0|0|0],803,1706000,0,1,0,850,540,500,43,43,0,0,100,33,33,33,-1,106010,-1,-1,-1,-1,200,8050000,8050000,8050000,8050000,8050000,8050000,8050000,8050000,8050000,8050000,8050000,-1,-1,-1,-1,-1,1,1,1,1,15,15,5.5,2090,1299,0,160,1,32,1,10,88,0,0,0,61,60,0,46,300,-1,-1,7,-1,7,0,3,40,2,0,100,0,0,0,2,12,0,0,0,0,99,0,0,10,70,0,1,0,0,0,19,19,19,19,0,1,1,1,0,0,0,0,0,0,0,0,0,0,1,0,1,0,1,0,0,0,0,0,0,0,0,1,0,0,1,0,1,0,0,106,2,1,7,7,401000,300,-1,-1,-1,-1,-1,-1,-1,-1,-1,-1,-1,-1,-1,-1,-1,-1,-1,-1,-1,-1,-1,-1,139,139,40,0.059,1,0,0,1,1,0,0,0,0,0,0,1,1,33,0,0,6,80,0,19,19,6,0,19,0,142,45,0,0,1,11,15,15,15,15,15,15,15,15,15,15,0,-1,-1,-1,-1,-1,-1,-1,-1,1,0,0,0,0,0,0,0,0,-1,-1,-1,-1,-1,10000,0,1,1,0,0,0,0,1,0,0,0,0,5400,310,6,6,2,0,60,6601,-1,-1,-1,-1,-1,-1,-1,-1,-1,-1,-1,-1,-1,-1,0,0,0,0,-1,0,0,0,0,-1,1,-1,20,-1
8091100,[Rare] Blood Harald Curved Greatsword,1,0,[0|0|0],803,1706000,0,1,0,850,540,500,50,50,0,0,100,33,33,33,105010,-1,-1,-1,-1,-1,200,8050000,8050000,8050000,8050000,8050000,8050000,8050000,8050000,8050000,8050000,8050000,-1,-1,-1,-1,-1,1,1,1,1,15,15,5.5,2090,1299,0,160,1,32,1,10,88,0,0,0,61,60,0,46,300,-1,-1,7,-1,7,0,3,40,2,0,100,0,0,0,2,12,0,0,0,0,99,0,0,10,70,0,1,0,0,0,19,19,19,19,0,1,1,1,0,0,0,0,0,0,0,0,0,0,1,0,1,0,1,0,0,0,0,0,0,0,0,1,0,0,1,0,1,0,0,106,2,1,7,7,401000,300,-1,-1,-1,-1,-1,-1,-1,-1,-1,-1,-1,-1,-1,-1,-1,-1,-1,-1,-1,-1,-1,-1,139,139,40,0.059,1,0,0,1,1,0,0,0,0,0,0,1,1,33,0,0,6,80,0,19,19,6,0,19,0,142,45,0,0,1,11,15,15,15,15,15,15,15,15,15,15,0,-1,-1,-1,-1,-1,-1,-1,-1,1,0,0,0,0,0,0,0,0,-1,-1,-1,-1,-1,10000,0,1,1,0,0,0,0,1,0,0,0,0,5400,310,6,6,2,0,60,6601,-1,-1,-1,-1,-1,-1,-1,-1,-1,-1,-1,-1,-1,-1,0,0,0,0,-1,0,0,0,0,-1,1,-1,20,-1
9110000,[Rare] Star-Lined Sword,1,0,[0|0|0],905,1804000,0,1,0,300,360,500,12,63,26,0,100,57,26,26,105000,-1,-1,-1,-1,-1,200,9060000,9060000,9060000,9060000,9060000,9060000,9060000,9060000,9060000,9060000,9060000,-1,-1,-1,-1,-1,1,1,1,1,15,15,5,272,12203,0,80,1,32,1,10,60,42,0,0,45,60,0,35,300,-1,-1,7,-1,7,0,3,29,2,0,100,0,10,0,0,10,0,0,0,0,99,0,0,10,40,0,1,0,0,0,15,15,15,15,0,1,1,1,0,0,0,0,0,0,0,0,0,0,1,1,1,0,1,0,0,0,0,0,0,0,0,1,0,0,1,0,1,0,1,106,1,1,5,5,401000,300,-1,-1,-1,-1,-1,-1,-1,-1,-1,-1,-1,-1,-1,-1,-1,-1,-1,-1,-1,-1,-1,-1,139,139,29,0.015,1,0,0,1,1,0,0,0,4,0,0,1,1,26,0,0,6,90,2,15,15,6,0,15,0,5040,0,0,0,0,13,15,15,15,15,15,15,15,15,15,15,0,-1,-1,-1,-1,-1,-1,-1,-1,1,0,0,0,0,0,0,0,0,-1,-1,-1,-1,-1,10000,0,1,1,0,0,0,0,1,0,0,0,0,3600,310,6,6,2,0,40,6501,-1,-1,-1,-1,-1,-1,-1,-1,-1,-1,-1,-1,-1,-1,0,0,0,0,-1,0,277,8,0,950,1,-1,14,-1
9090000,[Legendary] Frayed Blade,1,0,[0|0|0],900,1807000,0,1,0,300,360,500,10,70,0,0,100,33,33,33,105000,-1,-1,-1,-1,-1,-1,9060000,9060000,9060000,9060000,9060000,9060000,9060000,9060000,9060000,9060000,9060000,-1,-1,-1,-1,-1,1,1,1,1,15,15,5,506,1286,0,80,1,32,1,10,90,0,0,0,45,60,0,35,400,-1,-1,10,-1,7,0,3,29,2,0,100,0,13,0,0,10,0,0,0,0,99,0,0,10,40,0,1,0,0,0,15,15,15,15,0,1,1,1,0,0,0,0,0,0,0,0,0,0,1,1,1,0,1,0,0,0,0,0,0,0,0,1,0,0,1,0,1,0,1,106,1,1,5,5,401000,300,-1,-1,-1,-1,-1,-1,-1,-1,-1,-1,-1,-1,-1,-1,-1,-1,-1,-1,-1,-1,-1,-1,139,139,29,0.015,0,0,0,1,1,0,0,0,0,0,0,1,1,56,20,4,6,90,2,15,15,6,0,15,0,126,20,0,0,0,13,15,15,15,15,15,15,15,15,15,15,0,-1,-1,-1,-1,-1,-1,-1,-1,1,0,0,0,0,0,0,0,0,-1,-1,-1,-1,-1,10000,0,1,1,0,0,0,0,1,0,0,0,0,3600,310,6,6,3,0,40,-1,-1,-1,-1,-1,-1,-1,-1,-1,-1,-1,-1,-1,-1,-1,0,0,0,0,-1,0,277,8,0,950,1,9040604,14,-1
9100000,[Rare] Sword of Night,1,0,[0|0|0],901,1806001,0,1,0,300,360,500,20,57,0,0,100,57,26,26,6400,-1,-1,-1,-1,-1,200,9060000,9060000,9060000,9060000,9060000,9060000,9060000,9060000,9060000,9060000,9060000,-1,-1,-1,-1,-1,1,1,1,1,15,15,5,559,12223,0,80,1,32,1,10,80,33,0,0,45,60,0,35,300,-1,-1,7,-1,7,0,3,29,2,0,100,0,10,165,0,10,0,0,0,0,99,0,0,10,40,0,1,0,0,0,15,15,15,15,0,1,1,1,0,0,0,0,0,0,0,0,0,0,1,1,1,0,1,0,0,0,0,0,0,0,0,1,0,0,1,0,1,0,1,106,1,1,5,5,401000,300,-1,-1,-1,-1,-1,-1,-1,-1,-1,-1,-1,-1,-1,-1,-1,-1,-1,-1,-1,-1,-1,-1,139,139,29,0.015,1,0,0,1,1,0,0,0,4,0,0,1,1,26,0,0,6,90,2,15,15,6,0,15,0,5260,0,0,0,0,13,15,15,15,15,15,15,15,15,15,15,0,490040,-1,-1,-1,120,-1,-1,-1,1.075,0,0,0,0,0,0,0,0,-1,-1,-1,-1,-1,10000,0,1,1,0,0,0,0,1,0,0,0,0,3600,310,6,6,2,0,40,6501,-1,-1,-1,-1,-1,-1,-1,-1,-1,-1,-1,-1,-1,-1,0,0,0,0,-1,0,277,8,0,950,1,-1,14,-1
10180000,[Legendary] Friede's Great Scythe,1,0,[0|0|0],1900,2904000,0,1,0,700,550,100,19,58,27,0,100,33,33,33,107514,-1,-1,8981910,-1,-1,-1,19500000,19500000,19500000,19500000,19500000,19500000,19500000,19500000,19500000,19500000,19500000,19500000,19500000,19500000,19500000,19500000,1,1,1,1,15,15,5,1018,12262,0,80,1,32,1,10,70,44,0,0,55,60,0,42,401,-1,-1,10,-1,7,0,7,50,2,0,102,0,0,0,0,13,0,0,0,0,99,0,0,10,40,-40,1,0,0,0,16,16,16,16,0,1,1,1,0,0,0,0,0,0,0,0,0,0,1,0,0,0,1,0,0,0,0,0,0,0,0,1,0,0,1,0,1,0,1,128,2,2,0,0,401000,300,302,-1,-1,-1,-1,-1,-1,-1,-1,-1,-1,-1,-1,-1,-1,-1,-1,-1,-1,-1,-1,-1,139,139,232,0.015,1,0,0,1,1,0,0,1,0,0,0,1,1,33,0,0,6,200,0,16,16,6,0,16,0,129,0,0,0,1,31,15,15,15,15,15,15,15,15,15,15,0,903151,903151,903151,903151,300,300,302,303,1,0,0,0,0,0,0,0,0,-1,-1,-1,-1,-1,10000,0,1,1,0,0,0,0,1,0,0,0,12,5500,310,6,6,3,0,60,-1,-1,-1,19010000,19010000,19010000,19010000,19010000,19010000,19010000,19010000,19010000,19010000,-1,-1,0,0,0,0,-1,0,0,0,0,-1,1,9040602,14,-1
10500000,[Legendary] Euporia,1,0,[0|0|0],1010,1905000,0,1,0,900,690,500,25,25,0,50,100,32,32,32,-1,-1,-1,19870,19871,-1,-1,10080000,10080000,10080000,10080000,10080000,10080000,10080000,10080000,10080000,10080000,10080000,10080000,10080000,10080000,10080000,10080000,1,1,1,1,15,15,5,1111,12224,0,80,1,32,1,10,70,0,0,0,48,60,0,42,400,-1,-1,10,-1,7,0,1,24,2,0,100,0,0,0,3,13,0,0,0,0,99,0,0,10,40,0,1,0,0,0,16,16,16,16,3,1,1,1,0,0,0,0,0,0,0,0,1,0,0,1,1,0,1,0,0,0,0,0,0,0,0,1,0,0,1,0,1,0,1,106,2,2,9,9,401000,300,302,401000,310,312,-1,-1,-1,-1,-1,-1,-1,-1,-1,-1,-1,-1,-1,-1,-1,-1,-1,-1,139,139,24,0.015,1,0,0,1,1,0,0,1,0,0,0,1,1,32,50,4,6,100,2,16,16,6,0,16,0,5270,0,0,0,0,14,15,15,15,15,15,15,15,15,15,15,0,-1,-1,-1,-1,-1,-1,-1,-1,1,0,0,0,0,0,0,0,0,-1,-1,-1,-1,-1,10000,0,1,1,0,0,0,0,1,0,0,0,0,6900,310,6,6,3,0,40,-1,-1,-1,10080000,10080000,10080000,10080000,10080000,10080000,10080000,10080000,10080000,10080000,-1,-1,0,0,0,0,-1,0,0,0,0,-1,1,9040601,14,-1
11400000,[Rare] Aquamarine Dagger,1,0,[0|0|0],100,1010000,0,1,0,500,130,100,8,40,60,0,100,20,20,20,-1,-1,-1,-1,-1,-1,200,1000000,1000000,1000000,1000000,1000000,1000000,1000000,1000000,1000000,1000000,1000000,1000000,1000000,1000000,1000000,1000000,1,1,1,1,15,15,3,114,1281,0,32,1,32,1,10,45,45,0,0,30,60,0,16,300,-1,-1,7,-1,7,0,0,20,2,0,149,0,0,638,0,10,0,0,0,0,99,0,0,10,40,0,1,0,0,0,10,10,10,10,0,1,1,1,0,0,0,0,0,0,0,0,0,0,1,1,1,0,1,0,0,0,0,0,0,0,0,1,0,0,1,0,1,0,1,106,1,1,0,0,401000,300,-1,-1,-1,-1,-1,-1,-1,-1,-1,-1,-1,-1,-1,-1,-1,-1,-1,-1,-1,-1,-1,-1,139,139,20,0.011,1,0,0,1,1,0,0,1,4,0,0,1,1,20,0,0,6,10,2,10,10,6,0,10,0,135,0,0,0,0,1,15,15,15,15,15,15,15,15,15,15,0,-1,-1,-1,-1,-1,-1,-1,-1,1,0,0,0,0,0,0,0,0,-1,-1,-1,-1,-1,10000,0,1,1,0,0,0,0,1,0,0,0,0,1300,320,6,6,2,0,35,-1,-1,-1,1000000,1000000,1000000,1000000,1000000,1000000,1000000,1000000,1000000,1000000,-1,-1,0,0,0,0,-1,0,273,4,0,150,1,-1,10,-1
12400000,[Rare] Quakestone Hammer,1,0,[0|0|0],1200,2412000,0,1,0,1400,590,500,76,8,0,0,100,33,33,33,-1,-1,-1,100061,-1,-1,200,12150000,12150000,12150000,12150000,12150000,12150000,12150000,12150000,12150000,12150000,12150000,-1,-1,-1,-1,-1,1,1,1,1,15,15,6.5,831,1271,0,160,1,32,1,10,140,0,0,0,100,60,0,48,300,-1,-1,7,-1,7,0,5,35,2,0,150,0,0,644,2,12,0,0,0,0,99,0,0,30,80,0,2,0,0,0,20,20,20,20,1,1,1,1,0,0,0,0,0,0,0,0,0,1,0,0,1,0,1,0,0,0,0,0,0,0,0,1,0,0,1,0,1,0,1,106,2,2,7,7,401000,300,-1,-1,-1,-1,-1,-1,-1,-1,-1,-1,-1,-1,-1,-1,-1,-1,-1,-1,-1,-1,-1,-1,139,139,35,0.077,1,0,0,1,1,0,0,0,0,0,0,1,1,45,0,0,6,150,1,20,20,6,0,20,0,143,0,0,0,4,23,15,15,15,15,15,15,15,15,15,15,0,-1,-1,-1,-1,-1,-1,-1,-1,1,0,0,0,0,0,0,0,0,-1,-1,-1,-1,-1,10000,0,1,1,0,0,0,0,1,0,0,0,2,5900,310,6,6,2,0,60,-1,-1,-1,-1,-1,-1,-1,-1,-1,-1,-1,-1,-1,-1,-1,0,0,0,0,-1,0,274,5,0,1250,1,-1,20,-1
12300000,[Legendary] Vordt's Great Hammer,1,0,[0|0|0],1200,2413000,0,1,0,900,690,1000,76,8,0,0,100,33,45,33,107500,-1,-1,100061,-1,-1,-1,12200000,12200000,12200000,12200000,12200000,12200000,12200000,12200000,12200000,12200000,12200000,-1,-1,-1,-1,-1,1,1,1,1,15,15,6.5,4000,1101,0,160,1,32,1,10,150,0,0,0,91,60,0,48,400,-1,-1,10,-1,7,0,5,35,2,0,151,0,0,644,2,12,0,0,0,0,99,0,0,30,80,0,2,0,0,0,20,20,20,20,1,1,1,1,0,0,0,0,0,0,0,0,0,1,0,0,1,0,1,0,0,0,0,0,0,0,0,1,0,0,1,0,1,0,1,106,2,2,0,0,401000,300,-1,-1,-1,-1,-1,-1,-1,-1,-1,-1,-1,-1,-1,-1,-1,-1,-1,-1,-1,-1,-1,-1,139,139,35,0.077,0,0,0,1,1,0,0,0,0,0,0,1,1,33,0,0,6,150,1,20,20,6,0,20,0,141,0,0,0,4,23,15,15,15,15,15,15,15,15,15,15,0,941020,-1,-1,-1,100,-1,-1,-1,1.025,0,0,0,0,0,0,0,0,-1,-1,-1,-1,-1,10000,0,1,1,0,0,0,0,1,0,0,0,6,6900,310,6,6,3,0,60,-1,-1,-1,-1,-1,-1,-1,-1,-1,-1,-1,-1,-1,-1,-1,0,0,4,0,-1,0,274,5,0,1250,1,9040605,20,-1
12220000,[Rare] Ledo's great hammer,1,0,[0|0|0],1203,2412000,0,1,0,1400,590,500,93,7,0,0,100,33,33,33,-1,-1,-1,100061,-1,-1,200,12150000,12150000,12150000,12150000,12150000,12150000,12150000,12150000,12150000,12150000,12150000,-1,-1,-1,-1,-1,1,1,1,1,15,15,6.5,358,1287,0,160,1,32,1,10,130,0,0,0,91,60,0,48,300,-1,-1,7,-1,7,0,5,35,2,0,150,0,0,634,2,12,0,0,0,0,99,0,0,30,80,0,2,0,0,0,20,20,20,20,1,1,1,1,0,0,0,0,0,0,0,0,0,1,0,0,1,0,1,0,0,0,0,0,0,0,0,1,0,0,1,0,1,0,1,106,2,2,7,7,401000,340,-1,-1,-1,-1,-1,-1,-1,-1,-1,-1,-1,-1,-1,-1,-1,-1,-1,-1,-1,-1,-1,-1,139,139,35,0.077,1,0,0,1,1,0,0,0,0,0,0,1,1,45,0,0,6,150,1,20,20,6,0,20,0,133,0,0,0,4,23,15,15,15,15,15,15,15,15,15,15,0,-1,-1,-1,-1,-1,-1,-1,-1,1,0,0,0,0,0,0,0,0,-1,-1,-1,-1,-1,10000,0,1,1,0,0,0,0,1,0,0,0,6,5900,310,6,6,2,0,60,-1,-1,-1,-1,-1,-1,-1,-1,-1,-1,-1,-1,-1,-1,-1,0,0,0,0,-1,0,274,5,0,1250,1,-1,20,-1
14200000,[Uncommon] Dragonslayer Axe,1,0,[0|0|0],1400,2006000,0,1,0,750,300,100,54,44,0,0,100,31,31,31,-1,-1,-1,-1,-1,-1,100,14100000,14100000,14100000,14100000,14100000,14100000,14100000,14100000,14100000,14100000,14100000,14100000,14100000,14100000,14100000,14100000,1,1,1.5,1.1,15,15,5,2004,1079,0,80,1,32,1,10,68,0,0,51,60,60,0,36,200,-1,-1,3,-1,7,0,4,30,2,0,102,0,12,0,0,10,0,0,0,0,99,0,0,10,60,0,1,0,0,0,15,15,15,15,3,1,1,1,0,0,0,0,0,0,0,0,1,0,0,0,1,0,1,0,0,0,0,0,0,0,0,1,0,0,1,0,1,0,1,128,1,1,0,0,401000,300,-1,-1,-1,-1,-1,-1,-1,-1,-1,-1,-1,-1,-1,-1,-1,-1,-1,-1,-1,-1,-1,-1,139,139,30,0.015,1,0,0,1,1,0,0,1,0,0,4,1,1,31,0,0,6,110,3,15,15,6,0,15,0,651,0,0,0,6,17,15,15,15,15,15,15,15,15,15,15,0,-1,-1,-1,-1,-1,-1,-1,-1,1,0,0,0,0,0,0,0,0,-1,-1,-1,-1,-1,10000,0,1,1,0,0,0,0,1,0,0,0,0,3000,310,6,6,1,0,50,-1,-1,-1,14100000,14100000,14100000,14100000,14100000,14100000,14100000,14100000,14100000,14100000,-1,-1,0,0,0,0,140000010,0,0,0,0,-1,1.1,-1,14,-1
14200500,[Uncommon] Fire Dragonslayer Axe,1,0,[0|0|0],1400,2006000,0,1,0,750,300,100,54,44,0,0,100,31,31,31,-1,-1,-1,-1,-1,-1,100,14100000,14100000,14100000,14100000,14100000,14100000,14100000,14100000,14100000,14100000,14100000,14100000,14100000,14100000,14100000,14100000,1,1,1.5,1.1,15,15,5,2004,1079,0,80,1,32,1,10,34,0,34,26,60,60,0,36,200,-1,-1,3,-1,7,0,4,30,2,0,102,0,12,0,0,10,0,0,0,0,99,0,0,10,60,0,1,0,0,0,15,15,15,15,3,1,1,1,0,0,0,0,0,0,0,0,1,0,0,0,1,0,1,0,0,0,0,0,0,0,0,1,0,0,1,0,1,0,0,128,1,1,0,0,401000,300,-1,-1,-1,-1,-1,-1,-1,-1,-1,-1,-1,-1,-1,-1,-1,-1,-1,-1,-1,-1,-1,-1,139,139,30,0.015,1,0,0,1,1,0,0,1,0,4,4,1,1,31,0,0,6,110,3,15,15,6,0,15,0,651,0,0,0,6,17,15,15,15,15,15,15,15,15,15,15,0,-1,-1,-1,-1,-1,-1,-1,-1,1,0,0,0,0,0,0,0,0,-1,-1,-1,-1,-1,10000,0,1,1,0,0,0,0,1,0,0,0,0,3000,310,6,6,1,0,50,-1,-1,-1,14100000,14100000,14100000,14100000,14100000,14100000,14100000,14100000,14100000,14100000,-1,-1,0,0,0,0,140000010,0,0,0,0,-1,1.1,-1,14,-1
14200600,[Uncommon] Lightning Dragonslayer Axe,1,0,[0|0|0],1400,2006000,0,1,0,750,300,100,54,44,0,0,100,31,31,31,-1,-1,-1,-1,-1,-1,100,14100000,14100000,14100000,14100000,14100000,14100000,14100000,14100000,14100000,14100000,14100000,14100000,14100000,14100000,14100000,14100000,1,1,1.5,1.1,15,15,5,2004,1079,0,80,1,32,1,10,34,0,0,90,60,60,0,36,200,-1,-1,3,-1,7,0,4,30,2,0,102,0,12,0,0,10,0,0,0,0,99,0,0,10,60,0,1,0,0,0,15,15,15,15,3,1,1,1,0,0,0,0,0,0,0,0,1,0,0,0,1,0,1,0,0,0,0,0,0,0,0,1,0,0,1,0,1,0,0,128,1,1,0,0,401000,300,-1,-1,-1,-1,-1,-1,-1,-1,-1,-1,-1,-1,-1,-1,-1,-1,-1,-1,-1,-1,-1,-1,139,139,30,0.015,1,0,0,1,1,0,0,1,0,0,4,1,1,31,0,0,6,110,3,15,15,6,0,15,0,651,0,0,0,6,17,15,15,15,15,15,15,15,15,15,15,0,-1,-1,-1,-1,-1,-1,-1,-1,1,0,0,0,0,0,0,0,0,-1,-1,-1,-1,-1,10000,0,1,1,0,0,0,0,1,0,0,0,0,3000,310,6,6,1,0,50,-1,-1,-1,14100000,14100000,14100000,14100000,14100000,14100000,14100000,14100000,14100000,14100000,-1,-1,0,0,0,0,140000010,0,0,0,0,-1,1.1,-1,14,-1
14200700,[Uncommon] Sacred Dragonslayer Axe,1,0,[0|0|0],1400,2006000,0,1,0,750,300,100,46,38,0,30,100,31,31,31,-1,-1,-1,-1,-1,-1,100,14100000,14100000,14100000,14100000,14100000,14100000,14100000,14100000,14100000,14100000,14100000,14100000,14100000,14100000,14100000,14100000,1,1,1.5,1.1,15,15,5,2004,1079,0,80,1,32,1,10,34,0,0,26,60,60,0,36,200,-1,-1,3,-1,7,0,4,30,2,0,102,0,12,0,0,10,0,0,0,0,99,0,0,10,60,0,1,0,0,0,15,15,15,15,3,1,1,1,0,0,0,0,0,0,0,0,1,0,0,0,1,0,1,0,0,0,0,0,0,0,0,1,0,0,1,0,1,0,0,128,1,1,0,0,401000,300,-1,-1,-1,-1,-1,-1,-1,-1,-1,-1,-1,-1,-1,-1,-1,-1,-1,-1,-1,-1,-1,-1,139,139,30,0.015,1,0,0,1,1,0,0,1,0,0,4,1,1,31,34,4,6,110,3,15,15,6,0,15,0,651,0,0,0,6,17,15,15,15,15,15,15,15,15,15,15,0,-1,-1,-1,-1,-1,-1,-1,-1,1,0,0,0,0,0,0,0,0,-1,-1,-1,-1,-1,10000,0,1,1,0,0,0,0,1,0,0,0,0,3000,310,6,6,1,0,50,-1,-1,-1,14100000,14100000,14100000,14100000,14100000,14100000,14100000,14100000,14100000,14100000,-1,-1,0,0,0,0,140000010,0,0,0,0,-1,1.1,-1,14,-1
14200800,[Uncommon] Magic Dragonslayer Axe,1,0,[0|0|0],1400,2006000,0,1,0,750,300,100,46,38,30,0,100,31,31,31,-1,-1,-1,-1,-1,-1,100,14100000,14100000,14100000,14100000,14100000,14100000,14100000,14100000,14100000,14100000,14100000,14100000,14100000,14100000,14100000,14100000,1,1,1.5,1.1,15,15,5,2004,1079,0,80,1,32,1,10,34,34,0,26,60,60,0,36,200,-1,-1,3,-1,7,0,4,30,2,0,102,0,12,0,0,10,0,0,0,0,99,0,0,10,60,0,1,0,0,0,15,15,15,15,3,1,1,1,0,0,0,0,0,0,0,0,1,0,0,0,1,0,1,0,0,0,0,0,0,0,0,1,0,0,1,0,1,0,0,128,1,1,0,0,401000,300,-1,-1,-1,-1,-1,-1,-1,-1,-1,-1,-1,-1,-1,-1,-1,-1,-1,-1,-1,-1,-1,-1,139,139,30,0.015,1,0,0,1,1,0,0,1,4,0,4,1,1,31,0,0,6,110,3,15,15,6,0,15,0,651,0,0,0,6,17,15,15,15,15,15,15,15,15,15,15,0,-1,-1,-1,-1,-1,-1,-1,-1,1,0,0,0,0,0,0,0,0,-1,-1,-1,-1,-1,10000,0,1,1,0,0,0,0,1,0,0,0,0,3000,310,6,6,1,0,50,-1,-1,-1,14100000,14100000,14100000,14100000,14100000,14100000,14100000,14100000,14100000,14100000,-1,-1,0,0,0,0,140000010,0,0,0,0,-1,1.1,-1,14,-1
14200900,[Uncommon] Cold Dragonslayer Axe,1,0,[0|0|0],1400,2006000,0,1,0,750,300,100,46,38,30,0,100,31,31,31,-1,107510,-1,-1,-1,-1,100,14100000,14100000,14100000,14100000,14100000,14100000,14100000,14100000,14100000,14100000,14100000,14100000,14100000,14100000,14100000,14100000,1,1,1.5,1.1,15,15,5,2004,1079,0,80,1,32,1,10,28,28,0,21,60,60,0,36,200,-1,-1,3,-1,7,0,4,30,2,0,102,0,12,0,0,10,0,0,0,0,99,0,0,10,60,0,1,0,0,0,15,15,15,15,3,1,1,1,0,0,0,0,0,0,0,0,1,0,0,0,1,0,1,0,0,0,0,0,0,0,0,1,0,0,1,0,1,0,0,128,1,1,0,0,401000,300,-1,-1,-1,-1,-1,-1,-1,-1,-1,-1,-1,-1,-1,-1,-1,-1,-1,-1,-1,-1,-1,-1,139,139,30,0.015,1,0,0,1,1,0,0,1,4,0,4,1,1,31,0,0,6,110,3,15,15,6,0,15,0,651,0,0,0,6,17,15,15,15,15,15,15,15,15,15,15,0,-1,-1,-1,-1,-1,-1,-1,-1,1,0,0,0,0,0,0,0,0,-1,-1,-1,-1,-1,10000,0,1,1,0,0,0,0,1,0,0,0,0,3000,310,6,6,1,0,50,-1,-1,-1,14100000,14100000,14100000,14100000,14100000,14100000,14100000,14100000,14100000,14100000,-1,-1,0,0,0,0,140000010,0,0,0,0,-1,1.1,-1,14,-1
14201000,[Uncommon] Poison Dragonslayer Axe,1,0,[0|0|0],1400,2006000,0,1,0,750,300,100,46,38,0,0,100,31,31,31,-1,106010,-1,-1,-1,-1,100,14100000,14100000,14100000,14100000,14100000,14100000,14100000,14100000,14100000,14100000,14100000,14100000,14100000,14100000,14100000,14100000,1,1,1.5,1.1,15,15,5,2004,1079,0,80,1,32,1,10,55,0,0,41,60,60,0,36,200,-1,-1,3,-1,7,0,4,30,2,0,102,0,12,0,0,10,0,0,0,0,99,0,0,10,60,0,1,0,0,0,15,15,15,15,3,1,1,1,0,0,0,0,0,0,0,0,1,0,0,0,1,0,1,0,0,0,0,0,0,0,0,1,0,0,1,0,1,0,0,128,1,1,0,0,401000,300,-1,-1,-1,-1,-1,-1,-1,-1,-1,-1,-1,-1,-1,-1,-1,-1,-1,-1,-1,-1,-1,-1,139,139,30,0.015,1,0,0,1,1,0,0,1,0,0,4,1,1,31,0,0,6,110,3,15,15,6,0,15,0,651,30,0,0,6,17,15,15,15,15,15,15,15,15,15,15,0,-1,-1,-1,-1,-1,-1,-1,-1,1,0,0,0,0,0,0,0,0,-1,-1,-1,-1,-1,10000,0,1,1,0,0,0,0,1,0,0,0,0,3000,310,6,6,1,0,50,-1,-1,-1,14100000,14100000,14100000,14100000,14100000,14100000,14100000,14100000,14100000,14100000,-1,-1,0,0,0,0,140000010,0,0,0,0,-1,1.1,-1,14,-1
15150000,[Rare] Black Knight Greataxe,1,0,[0|0|0],1500,2107000,0,1,0,1100,540,200,73,13,0,0,100,27,27,27,-1,-1,-1,100061,-1,-1,200,15140000,15140000,15140000,15140000,15140000,15140000,15140000,15140000,15140000,15140000,15140000,-1,-1,-1,-1,-1,1,1,1,1,15,15,5.5,2015,1124,0,160,1,32,1,10,150,0,0,0,75,60,0,48,300,-1,-1,7,-1,7,0,4,32,2,0,150,0,0,178,2,12,0,0,0,0,99,0,0,30,70,0,2,0,0,0,18,18,18,18,3,1,1,1,0,0,0,0,0,0,0,0,1,0,0,0,1,0,1,0,0,0,0,0,0,0,0,1,0,0,1,0,1,0,1,106,2,2,7,7,401000,300,-1,-1,-1,-1,-1,-1,-1,-1,-1,-1,-1,-1,-1,-1,-1,-1,-1,-1,-1,-1,-1,-1,139,139,32,0.059,1,0,0,1,1,0,0,1,0,0,0,1,1,54,0,0,6,120,3,18,18,6,0,18,0,651,0,0,0,6,19,15,15,15,15,15,15,15,15,15,15,0,-1,-1,-1,-1,-1,-1,-1,-1,1,0,0,0,0,0,0,0,0,-1,-1,-1,-1,-1,10000,0,1,1,0,0,0,0,1,0,0,0,0,5400,310,6,6,2,0,60,-1,-1,-1,-1,-1,-1,-1,-1,-1,-1,-1,-1,-1,-1,-1,0,0,0,0,151400010,0,274,5,0,1550,1,-1,20,-1
15150500,[Rare] Fire Black Knight Greataxe,1,0,[0|0|0],1500,2107000,0,1,0,1100,540,200,73,13,0,0,100,27,27,27,-1,-1,-1,100061,-1,-1,200,15140000,15140000,15140000,15140000,15140000,15140000,15140000,15140000,15140000,15140000,15140000,-1,-1,-1,-1,-1,1,1,1,1,15,15,5.5,2015,1124,0,160,1,32,1,10,75,0,75,0,75,60,0,48,300,-1,-1,7,-1,7,0,4,32,2,0,150,0,11,178,2,12,0,0,0,0,99,0,0,30,70,0,2,0,0,0,18,18,18,18,3,1,1,1,0,0,0,0,0,0,0,0,1,0,0,0,1,0,1,0,0,0,0,0,0,0,0,1,0,0,1,0,1,0,0,106,2,2,7,7,401000,300,-1,-1,-1,-1,-1,-1,-1,-1,-1,-1,-1,-1,-1,-1,-1,-1,-1,-1,-1,-1,-1,-1,139,139,32,0.059,1,0,0,1,1,0,0,1,0,4,0,1,1,54,0,0,6,120,3,18,18,6,0,18,0,651,0,0,0,6,19,15,15,15,15,15,15,15,15,15,15,0,-1,-1,-1,-1,-1,-1,-1,-1,1,0,0,0,0,0,0,0,0,-1,-1,-1,-1,-1,10000,0,1,1,0,0,0,0,1,0,0,0,0,5400,310,6,6,2,0,60,-1,-1,-1,-1,-1,-1,-1,-1,-1,-1,-1,-1,-1,-1,-1,0,0,0,0,151400010,0,274,5,0,1550,1,-1,20,-1
15150600,[Rare] Lightning Black Knight Greataxe,1,0,[0|0|0],1500,2107000,0,1,0,1100,540,200,73,13,0,0,100,27,27,27,-1,-1,-1,100061,-1,-1,200,15140000,15140000,15140000,15140000,15140000,15140000,15140000,15140000,15140000,15140000,15140000,-1,-1,-1,-1,-1,1,1,1,1,15,15,5.5,2015,1124,0,160,1,32,1,10,75,0,0,75,75,60,0,48,300,-1,-1,7,-1,7,0,4,32,2,0,150,0,12,178,2,12,0,0,0,0,99,0,0,30,70,0,2,0,0,0,18,18,18,18,3,1,1,1,0,0,0,0,0,0,0,0,1,0,0,0,1,0,1,0,0,0,0,0,0,0,0,1,0,0,1,0,1,0,0,106,2,2,7,7,401000,300,-1,-1,-1,-1,-1,-1,-1,-1,-1,-1,-1,-1,-1,-1,-1,-1,-1,-1,-1,-1,-1,-1,139,139,32,0.059,1,0,0,1,1,0,0,1,0,0,4,1,1,54,0,0,6,120,3,18,18,6,0,18,0,651,0,0,0,6,19,15,15,15,15,15,15,15,15,15,15,0,-1,-1,-1,-1,-1,-1,-1,-1,1,0,0,0,0,0,0,0,0,-1,-1,-1,-1,-1,10000,0,1,1,0,0,0,0,1,0,0,0,0,5400,310,6,6,2,0,60,-1,-1,-1,-1,-1,-1,-1,-1,-1,-1,-1,-1,-1,-1,-1,0,0,0,0,151400010,0,274,5,0,1550,1,-1,20,-1
15150700,[Rare] Sacred Black Knight Greataxe,1,0,[0|0|0],1500,2107000,0,1,0,1100,540,200,63,12,0,26,100,27,27,27,-1,-1,-1,100061,-1,-1,200,15140000,15140000,15140000,15140000,15140000,15140000,15140000,15140000,15140000,15140000,15140000,-1,-1,-1,-1,-1,1,1,1,1,15,15,5.5,2015,1124,0,160,1,32,1,10,75,0,0,0,75,60,0,48,300,-1,-1,7,-1,7,0,4,32,2,0,150,0,13,178,2,12,0,0,0,0,99,0,0,30,70,0,2,0,0,0,18,18,18,18,3,1,1,1,0,0,0,0,0,0,0,0,1,0,0,0,1,0,1,0,0,0,0,0,0,0,0,1,0,0,1,0,1,0,0,106,2,2,7,7,401000,300,-1,-1,-1,-1,-1,-1,-1,-1,-1,-1,-1,-1,-1,-1,-1,-1,-1,-1,-1,-1,-1,-1,139,139,32,0.059,1,0,0,1,1,0,0,1,0,0,0,1,1,54,75,4,6,120,3,18,18,6,0,18,0,651,0,0,0,6,19,15,15,15,15,15,15,15,15,15,15,0,-1,-1,-1,-1,-1,-1,-1,-1,1,0,0,0,0,0,0,0,0,-1,-1,-1,-1,-1,10000,0,1,1,0,0,0,0,1,0,0,0,0,5400,310,6,6,2,0,60,-1,-1,-1,-1,-1,-1,-1,-1,-1,-1,-1,-1,-1,-1,-1,0,0,0,0,151400010,0,274,5,0,1550,1,-1,20,-1
15150800,[Rare] Magic Black Knight Greataxe,1,0,[0|0|0],1500,2107000,0,1,0,1100,540,200,63,12,26,0,100,27,27,27,-1,-1,-1,100061,-1,-1,200,15140000,15140000,15140000,15140000,15140000,15140000,15140000,15140000,15140000,15140000,15140000,-1,-1,-1,-1,-1,1,1,1,1,15,15,5.5,2015,1124,0,160,1,32,1,10,75,75,0,0,75,60,0,48,300,-1,-1,7,-1,7,0,4,32,2,0,150,0,10,178,2,12,0,0,0,0,99,0,0,30,70,0,2,0,0,0,18,18,18,18,3,1,1,1,0,0,0,0,0,0,0,0,1,0,0,0,1,0,1,0,0,0,0,0,0,0,0,1,0,0,1,0,1,0,0,106,2,2,7,7,401000,300,-1,-1,-1,-1,-1,-1,-1,-1,-1,-1,-1,-1,-1,-1,-1,-1,-1,-1,-1,-1,-1,-1,139,139,32,0.059,1,0,0,1,1,0,0,1,4,0,0,1,1,54,0,0,6,120,3,18,18,6,0,18,0,651,0,0,0,6,19,15,15,15,15,15,15,15,15,15,15,0,-1,-1,-1,-1,-1,-1,-1,-1,1,0,0,0,0,0,0,0,0,-1,-1,-1,-1,-1,10000,0,1,1,0,0,0,0,1,0,0,0,0,5400,310,6,6,2,0,60,-1,-1,-1,-1,-1,-1,-1,-1,-1,-1,-1,-1,-1,-1,-1,0,0,0,0,151400010,0,274,5,0,1550,1,-1,20,-1
15150900,[Rare] Cold Black Knight Greataxe,1,0,[0|0|0],1500,2107000,0,1,0,1100,540,200,63,12,26,0,100,27,27,27,-1,107610,-1,100061,-1,-1,200,15140000,15140000,15140000,15140000,15140000,15140000,15140000,15140000,15140000,15140000,15140000,-1,-1,-1,-1,-1,1,1,1,1,15,15,5.5,2015,1124,0,160,1,32,1,10,60,60,0,0,75,60,0,48,300,-1,-1,7,-1,7,0,4,32,2,0,150,0,10,178,2,12,0,0,0,0,99,0,0,30,70,0,2,0,0,0,18,18,18,18,3,1,1,1,0,0,0,0,0,0,0,0,1,0,0,0,1,0,1,0,0,0,0,0,0,0,0,1,0,0,1,0,1,0,0,106,2,2,7,7,401000,300,-1,-1,-1,-1,-1,-1,-1,-1,-1,-1,-1,-1,-1,-1,-1,-1,-1,-1,-1,-1,-1,-1,139,139,32,0.059,1,0,0,1,1,0,0,1,4,0,0,1,1,54,0,0,6,120,3,18,18,6,0,18,0,651,0,0,0,6,19,15,15,15,15,15,15,15,15,15,15,0,-1,-1,-1,-1,-1,-1,-1,-1,1,0,0,0,0,0,0,0,0,-1,-1,-1,-1,-1,10000,0,1,1,0,0,0,0,1,0,0,0,0,5400,310,6,6,2,0,60,-1,-1,-1,-1,-1,-1,-1,-1,-1,-1,-1,-1,-1,-1,-1,0,0,0,0,151400010,0,274,5,0,1550,1,-1,20,-1
15151000,[Rare] Poison Black Knight Greataxe,1,0,[0|0|0],1500,2107000,0,1,0,1100,540,200,63,12,0,0,100,27,27,27,-1,106110,-1,100061,-1,-1,200,15140000,15140000,15140000,15140000,15140000,15140000,15140000,15140000,15140000,15140000,15140000,-1,-1,-1,-1,-1,1,1,1,1,15,15,5.5,2015,1124,0,160,1,32,1,10,120,0,0,0,75,60,0,48,300,-1,-1,7,-1,7,0,4,32,2,0,150,0,0,178,2,12,0,0,0,0,99,0,0,30,70,0,2,0,0,0,18,18,18,18,3,1,1,1,0,0,0,0,0,0,0,0,1,0,0,0,1,0,1,0,0,0,0,0,0,0,0,1,0,0,1,0,1,0,0,106,2,2,7,7,401000,300,-1,-1,-1,-1,-1,-1,-1,-1,-1,-1,-1,-1,-1,-1,-1,-1,-1,-1,-1,-1,-1,-1,139,139,32,0.059,1,0,0,1,1,0,0,1,0,0,0,1,1,54,0,0,6,120,3,18,18,6,0,18,0,651,39,0,0,6,19,15,15,15,15,15,15,15,15,15,15,0,-1,-1,-1,-1,-1,-1,-1,-1,1,0,0,0,0,0,0,0,0,-1,-1,-1,-1,-1,10000,0,1,1,0,0,0,0,1,0,0,0,0,5400,310,6,6,2,0,60,-1,-1,-1,-1,-1,-1,-1,-1,-1,-1,-1,-1,-1,-1,-1,0,0,0,0,151400010,0,274,5,0,1550,1,-1,20,-1
16130500,[Rare] Inquisitor's Fire Girandole,1,0,[0|0|0],1600,2612006,0,1,0,550,430,100,38,46,0,30,100,28,43,28,105000,-1,-1,-1,-1,-1,200,16130000,16130000,16130000,16130000,16130000,16130000,16130000,16130000,16130000,16130000,16130000,-1,-1,-1,-1,-1,1,1,1,1,15,15,5,934,10613,0,80,1,32,1,10,40,0,60,0,40,60,0,39,300,-1,-1,7,-1,7,0,6,36,2,0,100,0,11,634,3,13,0,0,0,0,99,0,0,10,40,0,1,0,0,0,18,18,18,18,3,1,1,1,0,0,0,0,0,0,0,0,0,0,0,1,1,0,1,0,0,0,0,0,0,0,0,1,0,0,1,0,1,0,0,106,2,2,0,0,401000,300,-1,401000,310,-1,401000,320,-1,-1,-1,-1,-1,-1,-1,-1,-1,-1,-1,-1,-1,-1,-1,-1,139,139,36,0.015,1,0,0,1,1,0,0,1,0,4,0,1,1,28,0,0,6,170,2,18,18,6,0,18,0,105,0,0,0,6,25,15,15,15,15,15,15,15,15,15,15,0,402050,-1,-1,-1,100,-1,-1,-1,1,0,0,0,0,0,0,0,0,-1,-1,-1,-1,-1,10000,0,1,1,0,0,0,0,1,0,0,0,0,4300,310,6,6,2,0,40,6501,-1,-1,-1,-1,-1,-1,-1,-1,-1,-1,-1,-1,-1,-1,0,0,0,0,160800510,0,0,0,0,-1,1,-1,14,-1
16200000,[Rare] Ringed Knight Spear,1,0,[0|0|0],1600,2614000,0,1,0,500,380,500,48,27,11,11,100,42,27,27,-1,-1,-1,-1,-1,-1,200,16120000,16120000,16120000,16120000,16120000,16120000,16120000,16120000,16120000,16120000,16120000,-1,-1,-1,-1,-1,1,1,1,1,15,15,5,924,1280,0,80,1,32,1,10,70,0,20,0,40,60,0,39,300,-1,-1,7,-1,7,0,6,36,2,0,100,0,11,631,3,13,0,0,0,0,99,0,0,10,40,0,1,0,0,0,18,18,18,18,3,1,1,1,0,0,0,0,0,0,0,0,0,0,0,1,1,0,1,0,0,0,0,0,0,0,0,1,0,0,1,0,1,0,1,106,2,2,0,0,401000,300,301,-1,-1,-1,-1,-1,-1,-1,-1,-1,-1,-1,-1,-1,-1,-1,-1,-1,-1,-1,-1,-1,139,139,36,0.015,1,0,0,1,1,0,0,0,0,4,0,1,1,27,0,0,6,170,2,18,18,6,0,18,0,131,23,0,0,0,25,15,15,15,15,15,15,15,15,15,15,0,-1,-1,-1,-1,-1,-1,-1,-1,1,0,0,0,0,0,0,0,0,-1,-1,-1,-1,-1,10000,0,1,1,0,0,0,0,1,0,0,0,0,3800,310,6,6,2,0,40,-1,-1,-1,-1,-1,-1,-1,-1,-1,-1,-1,-1,-1,-1,-1,0,0,0,0,-1,0,0,0,0,-1,1,-1,14,-1
16300000,[Rare] Ringed Knight Paired Greatsword,1,0,[0|0|0],400,1306000,0,1,0,1050,1180,1000,52,29,15,15,100,38,49,38,-1,-1,-1,-1,-1,-1,200,4070000,4070000,4070000,4070000,4070000,4070000,4070000,4070000,4070000,4070000,4070000,-1,-1,-1,-1,-1,1,1,1,1,15,15,6,1616,1297,0,200,1,32,1,10,108,0,56,0,75,60,0,48,300,-1,-1,7,-1,7,0,1,26,2,0,100,0,11,639,2,2,0,0,0,0,99,0,0,30,80,0,2,0,0,0,22,22,22,22,3,1,1,1,0,0,0,0,0,0,0,0,1,0,0,1,1,0,1,0,0,0,0,0,0,0,0,1,0,0,1,0,1,0,1,106,2,1,0,0,401000,300,-1,-1,-1,-1,-1,-1,-1,-1,-1,-1,-1,-1,-1,-1,-1,-1,-1,-1,-1,-1,-1,-1,139,139,1026,0.09,1,1,0,1,1,0,0,0,0,4,0,1,1,38,0,0,6,40,2,22,22,6,0,22,0,136,0,0,0,0,7,15,15,15,15,15,15,15,15,15,15,0,-1,-1,-1,-1,-1,-1,-1,-1,1,0,0,0,0,0,0,0,0,-1,-1,-1,-1,-1,10000,0,1,1,0,0,0,0,1,0,0,0,0,11800,330,6,6,2,0,70,-1,-1,-1,-1,-1,-1,-1,-1,-1,-1,-1,-1,-1,-1,-1,0,0,0,0,-1,0,0,0,0,-1,1,-1,25,-1
17040000,[Legendary] Spear of the Imapler,1,0,[0|0|0],1720,2705000,0,1,0,800,580,1000,5,60,0,40,100,36,49,36,-1,-1,-1,-1,-1,-1,-1,17010000,17010000,17010000,17010000,17010000,17010000,17010000,17010000,17010000,17010000,17010000,-1,-1,-1,-1,-1,1,1,1,1,15,15,5.5,940,12242,0,160,1,32,1,10,80,0,90,0,61,60,0,46,400,-1,-1,10,-1,7,0,6,37,2,0,100,0,11,266,3,13,0,0,0,0,99,0,0,10,70,0,1,0,0,0,22,22,22,22,3,1,1,1,0,0,0,0,0,0,0,0,0,0,0,1,1,0,1,0,0,0,0,0,0,0,0,1,0,0,1,0,1,0,1,106,2,2,0,0,401000,300,-1,-1,-1,-1,-1,-1,-1,-1,-1,-1,-1,-1,-1,-1,-1,-1,-1,-1,-1,-1,-1,-1,139,139,37,0.059,0,0,0,1,1,0,0,0,0,4,0,1,1,36,0,0,6,180,2,22,22,6,0,22,0,5190,44,0,0,0,28,15,15,15,15,15,15,15,15,15,15,0,-1,-1,-1,-1,-1,-1,-1,-1,1.105,0,0,0,0,0,0,0,0,-1,-1,-1,-1,-1,10100,0,1,1,0,0,0,0,1,0,0,0,12,5800,310,6,6,3,0,60,6501,-1,-1,-1,-1,-1,-1,-1,-1,-1,-1,-1,-1,-1,-1,0,0,0,0,-1,0,0,0,0,-1,1,9040606,20,-1
18180000,[Rare] Gundyr's Halberd,1,0,[0|0|0],1800,2816001,0,1,0,900,620,200,54,44,0,0,100,37,37,50,-1,-1,-1,-1,-1,-1,-1,18140000,18140000,18140000,18140000,18140000,18140000,18140000,18140000,18140000,18140000,18140000,-1,-1,-1,-1,-1,1,1,1.05,1.1,15,15,5,1010,10694,0,160,1,32,1,10,123,0,0,0,61,60,0,45,400,-1,-1,10,-1,7,0,7,38,2,0,100,0,0,0,3,13,0,0,0,0,99,0,0,10,60,0,1,0,0,0,16,16,16,16,3,1,1,1,0,0,0,0,0,0,0,0,1,0,0,0,1,0,1,0,0,0,0,0,0,0,0,1,0,0,1,0,1,0,0,106,2,2,0,0,401000,300,-1,-1,-1,-1,-1,-1,-1,-1,-1,-1,-1,-1,-1,-1,-1,-1,-1,-1,-1,-1,-1,-1,139,139,38,0.052,1,0,0,1,1,0,0,0,0,0,4,1,1,37,0,0,6,190,2,16,16,6,0,16,0,1166,0,0,0,0,29,15,15,15,15,15,15,15,15,15,15,0,-1,-1,-1,-1,-1,-1,-1,-1,1,0,0,0,0,0,0,0,0,-1,-1,-1,-1,-1,10000,0,1,1,0,0,0,0,1,0,0,0,12,6200,310,6,6,3,0,60,-1,-1,-1,-1,-1,-1,-1,-1,-1,-1,-1,-1,-1,-1,-1,0,0,0,0,-1,0,271,2,0,1850,1,9040608,20,-1
18170000,[Rare] Crucifix of the Mad King,1,0,[0|0|0],1805,2816000,0,1,0,750,480,100,54,44,0,0,100,35,35,35,-1,-1,-1,-1,-1,-1,200,18000000,18000000,18000000,18000000,18000000,18000000,18000000,18000000,18000000,18000000,18000000,18000000,18000000,18000000,18000000,18000000,1,1,1,1,15,15,5,927,1290,0,160,1,32,1,10,68,0,0,0,61,60,0,45,300,-1,-1,7,-1,7,0,7,38,2,0,102,0,10,630,3,13,0,0,0,0,99,0,0,10,60,0,1,0,0,0,15,15,15,15,0,1,1,1,0,0,0,0,0,0,0,0,1,0,0,1,1,0,1,0,0,0,0,0,0,0,0,1,0,0,1,0,1,0,1,128,2,2,0,0,401000,300,-1,-1,-1,-1,-1,-1,-1,-1,-1,-1,-1,-1,-1,-1,-1,-1,-1,-1,-1,-1,-1,-1,139,139,38,0.211,1,0,0,1,1,0,0,1,0,0,0,1,1,35,56,4,6,190,254,15,15,6,0,15,0,130,0,0,0,0,29,15,15,15,15,15,15,15,15,15,15,0,-1,-1,-1,-1,-1,-1,-1,-1,1,0,0,0,0,0,0,0,0,-1,-1,-1,-1,-1,10000,0,1,1,0,0,0,0,1,0,0,0,0,4800,310,6,6,2,0,60,-1,-1,-1,18000000,18000000,18000000,18000000,18000000,18000000,18000000,18000000,18000000,18000000,-1,-1,0,0,2,0,-1,0,271,2,0,1850,1,-1,20,-1
19500000,[Legendary] Obsidian Lamina,1,0,[0|0|0],1901,2904000,0,1,0,700,550,100,22,68,0,0,100,33,33,33,105110,-1,-1,8981906,-1,-1,-1,19500000,19500000,19500000,19500000,19500000,19500000,19500000,19500000,19500000,19500000,19500000,19500000,19500000,19500000,19500000,19500000,1,1,1,1,15,15,5,1059,12247,0,80,1,32,1,10,110,0,0,0,52,60,0,42,400,-1,-1,10,-1,7,0,7,50,2,0,102,0,0,225,3,13,0,0,0,0,99,0,0,10,40,-40,1,0,0,0,16,16,16,16,0,1,1,1,0,0,0,0,0,0,0,0,0,0,1,0,1,0,1,0,0,0,0,0,0,0,0,1,0,0,1,0,1,0,1,128,2,2,1,1,401000,300,302,-1,-1,-1,-1,-1,-1,-1,-1,-1,-1,-1,-1,-1,-1,-1,-1,-1,-1,-1,-1,-1,139,139,50,0.015,1,0,0,1,1,0,0,1,0,0,0,1,1,33,0,0,6,200,0,16,16,6,0,16,0,5120,25,0,0,1,31,15,15,15,15,15,15,15,15,15,15,0,-1,-1,-1,-1,-1,-1,-1,-1,1,0,0,0,0,0,0,0,0,-1,-1,-1,-1,-1,10000,0,1,1,0,0,0,0,1,0,0,0,12,5500,310,6,6,3,0,60,6501,-1,-1,19010000,19010000,19010000,19010000,19010000,19010000,19010000,19010000,19010000,19010000,-1,-1,0,0,0,0,-1,0,0,0,0,-1,1,9040900,14,-1
21090000,[Rare] Demon's Fist,1,0,[0|0|0],2100,3105000,0,1,0,700,200,100,45,0,20,20,100,22,22,22,-1,-1,-1,-1,-1,-1,200,21070000,21070000,21070000,21070000,21070000,21070000,21070000,21070000,21070000,21070000,21070000,21070000,21070000,21070000,21070000,21070000,1,1,1,1,15,15,5,1103,7067,0,32,1,32,1,10,101,0,70,0,66,60,0,23,300,-1,-1,7,-1,7,0,9,42,2,0,149,0,0,0,0,0,0,0,0,0,99,0,0,10,70,0,1,0,0,0,11,11,11,11,1,1,1,1,0,0,0,0,0,0,0,0,0,1,0,0,1,0,1,0,0,0,0,0,0,0,0,1,0,0,1,0,1,0,0,106,1,1,0,0,401000,10300,-1,-1,-1,-1,-1,-1,-1,-1,-1,-1,-1,-1,-1,-1,-1,-1,-1,-1,-1,-1,-1,-1,139,139,181,0.015,1,1,0,1,1,0,0,1,0,0,0,1,1,22,0,0,6,220,1,11,11,6,0,11,0,128,9,0,0,7,35,15,15,15,15,15,15,15,15,15,15,0,440125,-1,-1,-1,110,-1,-1,-1,1,0,0,0,0,0,0,0,0,-1,-1,-1,-1,-1,10000,0,1,1,0,0,0,0,1,1,0,0,6,2000,310,6,6,2,0,40,-1,-1,-1,21070000,21070000,21070000,21070000,21070000,21070000,21070000,21070000,21070000,21070000,-1,-1,0,0,0,0,-1,0,0,0,0,-1,1,-1,10,-1
21800000,[Uncommon] Dryleaf Arts,1,0,[0|0|0],6300,3105000,0,1,0,700,220,100,50,50,0,0,100,23,23,23,-1,-1,-1,-1,-1,-1,100,21080000,21080000,21080000,21080000,21080000,21080000,21080000,21080000,21080000,21080000,21080000,21080000,21080000,21080000,21080000,21080000,1,1,1,1,15,15,5,1370,12260,0,32,1,32,1,10,75,0,0,0,50,60,0,23,200,-1,-1,3,-1,7,0,9,55,2,0,149,0,0,0,0,0,0,0,0,0,99,0,0,10,70,0,1,0,0,0,11,11,11,11,1,1,1,1,0,0,0,0,0,0,0,0,0,1,0,0,1,0,1,0,0,0,0,0,0,0,0,1,0,0,1,0,1,0,1,106,1,1,6,6,401000,10300,-1,-1,-1,-1,-1,-1,-1,-1,-1,-1,-1,-1,-1,-1,-1,-1,-1,-1,-1,-1,-1,-1,139,139,55,0.015,1,1,0,1,1,0,0,1,0,0,0,1,1,23,0,0,6,220,1,11,11,6,0,11,0,4010,0,0,0,7,35,15,15,15,15,15,15,15,15,15,15,0,-1,-1,-1,-1,-1,-1,-1,-1,1,0,0,0,0,0,0,0,0,-1,-1,-1,-1,-1,10000,0,1,1,0,0,0,0,1,1,0,0,1,2200,310,6,6,1,0,40,6501,-1,-1,21080000,21080000,21080000,21080000,21080000,21080000,21080000,21080000,21080000,21080000,-1,-1,0,0,0,0,210000010,0,0,0,0,-1,1,-1,10,-1
21900000,[Rare] Dane's Footwork,1,0,[0|0|0],6301,3108000,0,1,0,700,220,100,50,50,0,0,100,23,23,23,-1,-1,-1,-1,-1,-1,200,21080000,21080000,21080000,21080000,21080000,21080000,21080000,21080000,21080000,21080000,21080000,21080000,21080000,21080000,21080000,21080000,1,1,1,1,15,15,5,1370,12261,0,32,1,32,1,10,88,0,0,0,50,60,0,23,200,-1,-1,7,-1,7,0,9,55,2,0,149,0,0,246,0,0,0,0,0,0,99,0,0,10,70,0,1,0,0,0,11,11,11,11,1,1,1,1,0,0,0,0,0,0,0,0,0,1,0,0,1,0,1,0,0,0,0,0,0,0,0,1,0,0,1,0,1,0,1,106,1,1,6,6,401000,10300,-1,-1,-1,-1,-1,-1,-1,-1,-1,-1,-1,-1,-1,-1,-1,-1,-1,-1,-1,-1,-1,-1,139,139,55,0.015,1,1,0,1,1,0,0,1,0,0,0,1,1,23,0,0,6,220,1,11,11,6,0,11,0,2000,0,0,0,7,35,15,15,15,15,15,15,15,15,15,15,0,-1,-1,-1,-1,-1,-1,-1,-1,1,0,0,0,0,0,0,0,0,-1,-1,-1,-1,-1,10000,0,1,1,0,0,0,0,1,1,0,0,1,2200,310,6,6,2,0,40,6501,-1,-1,21080000,21080000,21080000,21080000,21080000,21080000,21080000,21080000,21080000,21080000,-1,-1,0,0,0,0,210000010,0,0,0,0,-1,1,-1,10,-1
22500000,[Rare] Claws of Night,1,0,[0|0|0],2210,3204000,0,1,0,500,150,100,0,71,0,0,100,20,20,20,105000,-1,-1,-1,-1,-1,200,22000000,22000000,22000000,22000000,22000000,22000000,22000000,22000000,22000000,22000000,22000000,22000000,22000000,22000000,22000000,22000000,1,1,1,1,15,15,4,1170,12255,0,32,1,32,1,10,79,51,0,0,34,60,0,22,300,-1,-1,7,-1,7,0,9,22,0,0,149,0,0,254,0,0,0,0,0,0,99,0,0,10,40,0,1,0,0,0,10,10,10,10,0,1,1,1,0,0,0,0,0,0,0,0,0,0,1,1,1,0,1,0,0,0,0,0,0,0,0,1,0,0,1,0,1,0,1,106,1,1,6,6,401000,10300,-1,401000,10310,-1,401000,10320,-1,-1,-1,-1,-1,-1,-1,-1,-1,-1,-1,-1,-1,-1,-1,-1,139,139,22,0.011,1,1,0,1,1,0,0,1,0,0,0,1,1,20,0,0,6,230,2,10,10,6,0,10,0,5510,0,0,0,0,37,15,15,15,15,15,15,15,15,15,15,0,-1,-1,-1,-1,-1,-1,-1,-1,1,0,0,0,0,0,0,0,0,-1,-1,-1,-1,-1,10000,0,1,1,0,0,0,0,1,1,0,0,0,1500,310,6,6,2,0,40,6501,-1,-1,22000000,22000000,22000000,22000000,22000000,22000000,22000000,22000000,22000000,22000000,-1,-1,0,0,0,0,-1,0,0,0,0,-1,1.1,-1,10,-1
23500000,[Rare] Devonia's Hammer,1,0,[0|0|0],2300,2510000,0,1,0,1250,1130,200,68,0,0,24,100,47,47,47,-1,-1,-1,-1,-1,-1,200,23150000,23150000,23150000,23150000,23150000,23150000,23150000,23150000,23150000,23150000,23150000,23150000,23150000,23150000,23150000,23150000,1,1,1,1,15,15,7.5,877,12256,0,200,1,32,1,10,100,0,0,0,102,60,0,51,300,-1,-1,7,-1,7,0,5,31,2,0,150,0,13,0,2,12,0,0,0,0,99,0,0,30,80,0,2,0,0,0,26,26,26,26,1,1,1,1,0,0,0,0,0,0,0,0,0,1,0,0,1,0,1,0,0,0,0,0,0,0,0,1,0,0,1,0,1,0,1,106,2,2,7,7,401000,300,-1,-1,-1,-1,-1,-1,-1,-1,-1,-1,-1,-1,-1,-1,-1,-1,-1,-1,-1,-1,-1,-1,139,139,35,0.099,1,0,0,1,1,0,0,1,0,0,0,1,1,47,67,4,6,160,1,26,26,6,0,26,0,5180,0,0,0,1,41,15,15,15,15,15,15,15,15,15,15,0,-1,-1,-1,-1,-1,-1,-1,-1,1.015,0,0,0,0,0,0,0,0,-1,-1,-1,-1,-1,10000,0,1,1,0,0,0,0,1,0,0,0,6,11300,330,6,6,2,0,70,6451,-1,-1,23150000,23150000,23150000,23150000,23150000,23150000,23150000,23150000,23150000,23150000,-1,-1,0,0,0,0,-1,0,274,5,0,2350,1,-1,25,-1
23510000,[Legendary] Shadow Sunflower Blossom,1,0,[0|0|0],2300,2514000,0,1,0,1250,1130,200,68,0,0,24,100,47,47,47,-1,-1,-1,-1,-1,-1,-1,23150000,23150000,23150000,23150000,23150000,23150000,23150000,23150000,23150000,23150000,23150000,23150000,23150000,23150000,23150000,23150000,1,1,1,1,15,15,7.5,882,12257,0,200,1,32,1,10,105,0,0,0,92,60,0,46,400,-1,-1,7,-1,7,0,5,31,2,0,150,0,13,195,2,12,0,0,0,0,99,0,0,30,80,0,2,0,0,0,26,26,26,26,1,1,1,1,0,0,0,0,0,0,0,0,0,1,0,0,1,0,1,0,0,0,0,0,0,0,0,1,0,0,1,0,1,0,1,106,2,2,7,7,401000,300,-1,-1,-1,-1,-1,-1,-1,-1,-1,-1,-1,-1,-1,-1,-1,-1,-1,-1,-1,-1,-1,-1,139,139,35,0.099,1,0,0,1,1,0,0,1,0,0,0,1,1,47,65,4,6,160,1,26,26,6,0,26,0,5160,0,0,0,1,41,15,15,15,15,15,15,15,15,15,15,0,-1,-1,-1,-1,-1,-1,-1,-1,0.955,0,0,0,0,0,0,0,0,-1,-1,-1,-1,-1,10000,0,1,1,0,0,0,0,1,0,0,0,6,11300,330,6,6,3,0,70,6451,-1,-1,23150000,23150000,23150000,23150000,23150000,23150000,23150000,23150000,23150000,23150000,-1,-1,0,0,0,0,-1,0,274,5,0,2350,1,9040607,25,-1
41080000,[Rare] Ansbach's Longbow,1,0,[0|0|0],4100,5108001,0,1,0,400,240,200,8,76,0,0,0,0,0,0,-1,-1,-1,-1,1940,-1,200,41080000,41080000,41080000,41080000,41080000,41080000,41080000,41080000,41080000,41080000,41080000,-1,-1,-1,-1,-1,1,1,1,1,15,15,2,1423,12296,0,64,1,32,1,10,73,0,0,0,30,60,0,0,300,-1,-1,7,0,7,0,10,44,2,2,102,0,0,0,0,14,0,0,0,0,99,0,0,10,20,0,1,0,0,0,0,0,0,0,3,1,1,1,1,0,0,0,0,0,0,0,0,0,0,1,1,0,1,0,0,0,0,0,0,0,0,1,0,0,1,1,1,0,1,128,2,2,0,0,-1,-1,-1,-1,-1,-1,-1,-1,-1,-1,-1,-1,-1,-1,-1,-1,-1,-1,-1,-1,-1,-1,-1,-1,139,139,44,0.011,1,0,0,1,1,0,0,1,0,0,0,1,1,0,0,0,6,20,3,0,0,6,0,0,0,5360,0,47000000,0,0,51,15,15,15,15,15,15,15,15,15,15,0,-1,-1,-1,-1,-1,-1,-1,-1,1,0,0,0,0,0,0,0,0,-1,-1,-1,-1,-1,10000,0,1,1,0,0,0,0,1,0,0,0,1,2400,340,6,6,2,0,40,-1,-1,-1,-1,-1,-1,-1,-1,-1,-1,-1,-1,-1,-1,-1,0,0,0,0,-1,0,272,3,0,-1,1,-1,12,-1
43090000,[Rare] Repeating crossbow,0,0,[0|0|0],4300,5306000,0,1,0,400,240,100,10,10,0,0,0,0,0,0,-1,-1,-1,-1,-1,-1,200,43050000,43050000,43050000,43050000,43050000,43050000,43050000,43050000,43050000,43050000,43050000,-1,-1,-1,-1,-1,1,1,1,1,15,15,2,1515,12298,0,64,1,32,1,10,106,0,0,0,35,60,0,0,300,-1,-1,7,0,7,0,11,46,2,2,102,0,0,935,0,16,0,0,0,0,99,0,0,10,20,0,1,0,0,0,0,0,0,0,0,1,1,1,0,1,0,0,0,0,0,0,0,0,0,1,1,0,1,0,0,0,0,0,0,0,0,1,0,0,1,1,0,0,1,128,2,2,0,0,401000,300,-1,-1,-1,-1,-1,-1,-1,-1,-1,-1,-1,-1,-1,-1,-1,-1,-1,-1,-1,-1,-1,-1,139,139,46,0.011,1,0,0,1,1,0,0,0,0,0,0,1,1,0,0,0,6,40,0,0,0,6,0,0,0,5340,0,47010000,0,0,55,15,15,15,15,15,15,15,15,15,15,0,-1,-1,-1,-1,-1,-1,-1,-1,1,0,0,0,0,0,0,0,0,-1,-1,-1,-1,-1,10000,0,1,1,0,0,0,0,1,0,0,0,1,2400,342,6,6,2,0,0,-1,-1,-1,-1,-1,-1,-1,-1,-1,-1,-1,-1,-1,-1,-1,0,0,0,0,-1,0,0,0,0,-1,1,-1,12,-1
43100000,[Uncommon] Spread crossbow,0,0,[0|0|0],4300,5304000,0,1,0,400,240,100,20,20,0,0,0,0,0,0,-1,-1,-1,-1,-1,-1,100,43050000,43050000,43050000,43050000,43050000,43050000,43050000,43050000,43050000,43050000,43050000,-1,-1,-1,-1,-1,1,1,1,1,15,15,2,1516,12299,0,64,1,32,1,10,106,0,0,0,28,60,0,0,200,-1,-1,7,0,7,0,11,46,2,2,102,0,0,237,0,16,0,0,0,0,99,0,0,10,20,0,1,0,0,0,0,0,0,0,0,1,1,1,0,1,0,0,0,0,0,0,0,0,0,1,1,0,1,0,0,0,0,0,0,0,0,1,0,0,1,1,0,0,1,128,2,2,0,0,401000,300,-1,-1,-1,-1,-1,-1,-1,-1,-1,-1,-1,-1,-1,-1,-1,-1,-1,-1,-1,-1,-1,-1,139,139,46,0.011,1,0,0,1,1,0,0,0,0,0,0,1,1,0,0,0,6,40,0,0,0,6,0,0,0,503,0,47010000,0,0,55,15,15,15,15,15,15,15,15,15,15,0,-1,-1,-1,-1,-1,-1,-1,-1,1,0,0,0,0,0,0,0,0,-1,-1,-1,-1,-1,10000,0,1,1,0,0,0,0,1,0,0,0,1,2400,342,6,6,1,0,0,-1,-1,-1,-1,-1,-1,-1,-1,-1,-1,-1,-1,-1,-1,-1,0,0,0,0,-1,0,0,0,0,-1,1,-1,12,-1
63500000,[Uncommon] Smithscript dagger,1,0,[0|0|0],6200,1003000,0,1,0,500,130,100,20,65,10,10,100,20,20,20,-1,-1,-1,-1,-1,-1,100,63500000,63500000,63500000,63500000,63500000,63500000,63500000,63500000,63500000,63500000,63500000,1000000,1000000,1000000,1000000,1000000,1,1,1,1,15,15,2,1550,12269,0,32,1,32,1,10,62,0,0,0,30,60,0,16,200,-1,-1,3,-1,7,0,0,53,2,0,149,0,0,0,0,0,0,0,0,0,99,0,0,10,40,0,1,0,0,0,10,10,10,10,0,1,1,1,0,0,0,0,0,0,0,0,0,0,0,1,1,0,1,0,0,0,0,0,0,0,0,1,0,0,1,0,1,0,1,106,1,1,5,5,401000,300,301,-1,-1,-1,-1,-1,-1,-1,-1,-1,-1,-1,-1,-1,-1,-1,-1,-1,-1,-1,-1,-1,139,139,53,0.011,1,1,0,1,1,0,0,1,0,0,0,1,1,20,0,0,6,10,2,10,10,6,0,10,0,4020,0,0,0,0,91,15,15,15,15,15,15,15,15,15,15,0,-1,-1,-1,-1,-1,-1,-1,-1,1,0,0,0,0,0,0,0,0,-1,-1,-1,-1,-1,10000,0,1,1,0,0,0,0,1,0,0,0,0,1300,320,6,6,1,0,35,-1,-1,-1,1000000,1000000,1000000,1000000,1000000,1000000,1000000,1000000,1000000,1000000,-1,-1,0,0,0,0,-1,0,0,0,0,0,1.3,-1,10,-1
