ID,Name,iconId,conditionHp,effectEndurance,motionInterval,maxHpRate,maxMpRate,maxStaminaRate,slashDamageCutRate,blowDamageCutRate,thrustDamageCutRate,neutralDamageCutRate,magicDamageCutRate,fireDamageCutRate,thunderDamageCutRate,physicsAttackRate,magicAttackRate,fireAttackRate,thunderAttackRate,physicsAttackPowerRate,magicAttackPowerRate,fireAttackPowerRate,thunderAttackPowerRate,physicsAttackPower,magicAttackPower,fireAttackPower,thunderAttackPower,physicsDiffenceRate,magicDiffenceRate,fireDiffenceRate,thunderDiffenceRate,physicsDiffence,magicDiffence,fireDiffence,thunderDiffence,NoGuardDamageRate,vitalSpotChangeRate,poisonInflictRate,lookAtTargetPosOffset,behaviorId,changeHpRate,changeHpPoint,changeMpRate,changeMpPoint,mpRecoverChangeSpeed,changeStaminaRate,changeStaminaPoint,staminaRecoverChangeSpeed,magicEffectTimeChange,diseaseInflictRate,frostInflictRate,staminaAttackRate,poizonAttackPower,diseaseAttackPower,bloodAttackPower,curseAttackPower,fallDamageRate,soulRate,sleepInflictRate,madnessInflictRate,soul,animIdOffset,haveSoulRate,targetPriority,sightSearchEnemyRate,hearingSearchEnemyRate,applyIdOnKillSp,registPoizonChangeRate,registDiseaseChangeRate,registBloodChangeRate,registCurseChangeRate,secondaryIconId,lifeReductionRate,hpRecoverRate,replaceSpEffectId,cycleOccurrenceSpEffectId,atkOccurrenceSpEffectId,guardDefFlickPowerRate,guardStaminaCutRate,rayCastPassedTime,magicSubCategoryChange1,magicSubCategoryChange2,bowDistRate,spCategory,categoryPriority,saveCategory,changeMagicSlot,changeMiracleSlot,heroPointDamage,defFlickPower,flickDamageCutRate,bloodDamageRate,dmgLv_None,dmgLv_S,dmgLv_M,dmgLv_L,dmgLv_BlowM,dmgLv_Push,dmgLv_Strike,dmgLv_BlowS,dmgLv_Min,dmgLv_Uppercut,dmgLv_BlowLL,dmgLv_Breath,atkAttribute,spAttribute,stateInfo,wepParamChange,moveType,lifeReductionType,throwCondition,addBehaviorJudgeId_condition,freezeDamageRate,effectTargetSelf,effectTargetFriend,effectTargetEnemy,effectTargetPlayer,effectTargetAI,effectTargetLive,effectTargetGhost,disableSleep,disableMadness,effectTargetAttacker,dispIconNonactive,regainGaugeDamage,bAdjustMagicAblity,bAdjustFaithAblity,bGameClearBonus,magParamChange,miracleParamChange,clearSoul,requestSOS,requestBlackSOS,requestForceJoinBlackSOS,requestKickSession,requestLeaveSession,requestNpcInveda,noDead,bCurrHPIndependeMaxHP,corrosionIgnore,sightSearchCutIgnore,hearingSearchCutIgnore,antiMagicIgnore,fakeTargetIgnore,fakeTargetIgnoreUndead,fakeTargetIgnoreAnimal,grabityIgnore,disablePoison,disableDisease,disableBlood,disableCurse,enableCharm,enableLifeTime,bAdjustStrengthAblity,bAdjustAgilityAblity,eraseOnBonfireRecover,throwAttackParamChange,requestLeaveColiseumSession,isExtendSpEffectLife,hasTarget,replanningOnFire,vowType0,vowType1,vowType2,vowType3,vowType4,vowType5,vowType6,vowType7,vowType8,vowType9,vowType10,vowType11,vowType12,vowType13,vowType14,vowType15,repAtkDmgLv,sightSearchRate,effectTargetOpposeTarget,effectTargetFriendlyTarget,effectTargetSelfTarget,effectTargetPcHorse,effectTargetPcDeceased,isContractSpEffectLife,isWaitModeDelete,isIgnoreNoDamage,changeTeamType,dmypolyId,vfxId,accumuOverFireId,accumuOverVal,accumuUnderFireId,accumuUnderVal,accumuVal,eye_angX,eye_angY,addDeceasedLv,vfxId1,vfxId2,vfxId3,vfxId4,vfxId5,vfxId6,vfxId7,freezeAttackPower,AppearAiSoundId,addFootEffectSfxId,dexterityCancelSystemOnlyAddDexterity,teamOffenseEffectivity,toughnessDamageCutRate,weakDmgRateA,weakDmgRateB,weakDmgRateC,weakDmgRateD,weakDmgRateE,weakDmgRateF,darkDamageCutRate,darkDiffenceRate,quaternaryIconId,darkAttackRate,darkAttackPowerRate,darkAttackPower,bloodInflictRate,curseInflictRate,conditionHpRate,consumeStaminaRate,itemDropRate,changePoisonResistPoint,changeDiseaseResistPoint,changeBloodResistPoint,changeCurseResistPoint,changeFreezeResistPoint,slashAttackRate,blowAttackRate,thrustAttackRate,neutralAttackRate,slashAttackPowerRate,blowAttackPowerRate,thrustAttackPowerRate,neutralAttackPowerRate,slashAttackPower,blowAttackPower,thrustAttackPower,neutralAttackPower,subSa,subSaBonusMax,subSaBonusRate_Magic,subSaBonusRate_Fire,subSaBonusRate_Lightning,subSaBonusRate_Holy,tertiaryIconId,madnessDamageRate,isUseStatusAilmentAtkPowerCorrect,isUseAtkParamAtkPowerCorrect,dontDeleteOnDead,disableFreeze,isDisableNetSync,shamanParamChange,isStopSearchedNotify,isCheckAboveShadowTest,addBehaviorJudgeId_add,saReceiveDamageRate,changeGuardAngle,wepTypeTrigger,wepTypeTriggerCount,startingItemAmount,enemyStateInfoTrigger,startGoodsId,heroStatusId,startSwordArtsId,defEnemyDmgCorrectRate_Physics,defEnemyDmgCorrectRate_Magic,defEnemyDmgCorrectRate_Fire,defEnemyDmgCorrectRate_Thunder,defEnemyDmgCorrectRate_Dark,defObjDmgCorrectRate,subSaBonusRate_Poison,subSaBonusRate_ScarletRot,subSaBonusRate_Bleed,subSaBonusRate_Blight,subSaBonusRate_Frostbite,subSaBonusRate_Sleep,subSaBonusRate_Madness,spEffectTextId_2,spEffectTextId_3,spEffectTextId_4,registFreezeChangeRate,invocationConditionsStateChange1,invocationConditionsStateChange2,invocationConditionsStateChange3,hearingAiSoundLevel,chrProxyHeightRate,addAwarePointCorrectValue_forMe,addAwarePointCorrectValue_forTarget,sightSearchEnemyAdd,sightSearchAdd,hearingSearchAdd,hearingSearchRate,hearingSearchEnemyAdd,value_Magnification,artsConsumptionRate,magicConsumptionRate,shamanConsumptionRate,miracleConsumptionRate,changeHpEstusFlaskRate,changeHpEstusFlaskPoint,changeMpEstusFlaskRate,changeMpEstusFlaskPoint,changeHpEstusFlaskCorrectRate,changeMpEstusFlaskCorrectRate,applyIdOnGetSoul,extendLifeRate,contractLifeRate,defObjectAttackPowerRate,effectEndDeleteDecalGroupId,addLifeForceStatus,addWillpowerStatus,addEndureStatus,addVitalityStatus,addStrengthStatus,addDexterityStatus,addMagicStatus,addFaithStatus,addLuckStatus,deleteCriteriaDamage,magicSubCategoryChange3,spAttributeVariationValue,atkFlickPower,wetConditionDepth,changeSaRecoveryVelocity,regainRate,saAttackPowerRate,sleepAttackPower,madnessAttackPower,registSleepChangeRate,registMadnessChangeRate,changeSleepResistPoint,changeMadnessResistPoint,sleepDamageRate,applyPartsGroup,clearTarget,fakeTargetIgnoreAjin,fakeTargetIgnoreMirageArts,requestForceJoinBlackSOS_B,isDestinedDeathHpMult,isHpBurnEffect,unknown_0x352_6,isPeriodicEffect,unknown_239a,unknown_239b,unknown_239c,displayIconForPermamentEffect,unknown_239e,unknown_239f,unknown_239g,unknown_239h,changeSuperArmorPoint,changeSaPoint,hugeEnemyPickupHeightOverwrite,poisonDefDamageRate,diseaseDefDamageRate,bloodDefDamageRate,curseDefDamageRate,freezeDefDamageRate,sleepDefDamageRate,madnessDefDamageRate,overwrite_maxBackhomeDist,overwrite_backhomeDist,overwrite_backhomeBattleDist,overwrite_BackHome_LookTargetDist,goodsConsumptionRate,guardStaminaMult,ultimateArtGaugeRate,characterSkillCooldownReduction,ultimateArtGauge,ultimateArtGaugeRecovery,arrowBehaviorOffset,playerHandValue,spEffectTextId_1,currentHealthAttackRate,triggerOnWepType,triggerAttachedWeapon,additionalCharacterSkillUse,triggerEffectOnKnockback_unk,weakPointValue,runeDiscountValue,modifyPlayerLevel,ultimateArtDuration,restageAttackRate,unknown_240,revenantFamily_spEffectId_1,revenantFamily_spEffectId_2,revenantFamily_spEffectId_3,unknown_241a,unknown_241b_1,isSubSaUseMultiplayCorrect,unknown_241b_3,unknown_241b_4,unknown_241b_5,unknown_241b_6,dispDartDebuffStacks,unknown_241b_8,randomChanceValue,unknown_241d,unk_00,necromancyActivationSpEffectId,ultimateArtGaugeChargeRate,conditionStamina,unk_04,poisonDamageRate,diseaseDamageRate,unk_05,rainDamageCorrection,weaponTypeDiscovery,heroStatusModifier,analyzeAcquire_effectId,analyzeSelfLevel1_effectId,analyzeSelfLevel2_effectId,analyzeSelfLevel3_effectId,startMagicId,
20000890,Flame Skewer buff Right,-1,-1,0,0,1,1,1,1,1,1,1,1,1,1,1,1,1,1,1,1,1,1,0,0,0,0,1,1,1,1,1,1,1,1,1,1,1,0,-1,0,0,0,0,0,0,0,0,0,1,1,1,0,0,0,0,0,1,1,1,0,-1,1,0,1,1,-1,1,1,1,1,-1,0,0,-1,20000891,-1,1,1,-1,0,0,0,20,0,-1,0,0,0,0,0,100,0,0,0,0,0,0,0,0,0,0,0,0,254,254,0,0,0,0,0,-1,100,1,1,1,1,1,1,1,0,0,0,0,0,0,0,0,0,0,0,0,0,0,0,0,0,0,0,0,0,0,0,0,0,0,0,0,0,0,0,0,0,0,0,0,0,0,0,0,0,1,1,1,1,1,1,1,1,1,1,1,1,1,1,1,1,0,1,1,1,1,0,0,0,1,0,-1,-1,-1,-1,-1,-1,-1,0,0,0,0,-1,-1,-1,-1,-1,-1,-1,0,0,-1,0,-1,1,1,1,1,1,1,1,1,1,-1,1,1,0,1,1,-1,1,0,0,0,0,0,0,1,1,1,1,1,1,1,1,0,0,0,0,-1,-1,1,1,1,1,-1,100,0,0,0,0,0,0,0,0,0,1,-1,1,0,0,0,-1,-1,-1,1,1,1,1,1,1,1,1,1,1,1,1,1,-1,-1,-1,1,323,0,0,-1,1,0,0,0,0,0,1,0,1,1,1,1,1,0,0,0,0,1,1,0,1,1,1,-1,0,0,0,0,0,0,0,0,0,0,0,0,0,0,1,1,1,0,0,1,1,0,0,100,0,0,0,0,0,0,0,1,0,0,0,0,0,0,0,0,0,0,0,0,1,1,1,1,1,1,1,0,0,0,0,1,1,1,1,0,0,0,3,-1,0,0,0,0,-1,0,0,0,0,-1,-1,-1,-1,-1,0,1,1,0,0,1,0,0,0,0,0,0,-1,1,-1,-1,100,100,0,1,-1,-1,-1,-1,-1,-1,-1
20000891,Flame Skewer buff Right,-1,-1,15,0.05,1,1,1,1,1,1,1,1,1,1,1,1,1,1,1,1,1,1,0,0,40,0,1,1,1,1,1,1,1,1,1,1,1,0,-1,0,0,0,0,0,0,0,0,0,1,1,1,0,0,0,0,0,1,1,1,0,-1,1,0,1,1,-1,1,1,1,1,-1,0,0,-1,-1,-1,1,1,-1,0,0,0,162,0,-1,0,0,0,0,0,100,0,0,0,0,0,0,0,0,0,0,0,0,254,11,62,1,0,0,0,-1,100,1,1,1,1,1,1,1,0,0,0,0,0,0,0,0,0,0,0,0,0,0,0,0,0,0,0,0,0,0,0,0,0,0,0,0,0,0,0,0,0,0,0,0,0,0,0,0,0,1,1,1,1,1,1,1,1,1,1,1,1,1,1,1,1,0,1,1,1,1,0,0,0,1,0,-1,-1,21140000,-1,-1,-1,-1,0,0,0,0,-1,-1,-1,-1,-1,-1,-1,0,0,-1,0,-1,1,1,1,1,1,1,1,1,1,-1,1,1,0,1,1,-1,1,0,0,0,0,0,0,1,1,1,1,1,1,1,1,0,0,0,0,-1,-1,1,1,1,1,-1,100,0,1,0,0,0,0,0,0,0,1,-1,1,0,0,0,-1,-1,-1,1,1,1,1,1,1,1,1,1,1,1,1,1,-1,-1,-1,1,0,0,0,-1,1,0,0,0,0,0,1,0,1,1,1,1,1,0,0,0,0,1,1,0,1,1,1,-1,0,0,0,0,0,0,0,0,0,0,0,0,0,0,1,1,1,0,0,1,1,0,0,100,0,0,0,0,0,0,0,1,0,0,0,0,0,0,0,0,0,0,0,0,1,1,1,1,1,1,1,0,0,0,0,1,1,1,1,0,0,0,3,-1,0,0,0,0,-1,0,0,0,0,-1,-1,-1,-1,-1,0,1,1,0,0,1,0,0,0,0,0,0,-1,1,-1,-1,100,100,0,1,-1,-1,-1,-1,-1,-1,-1
20000895,Flame Skewer buff Left,-1,-1,0,0,1,1,1,1,1,1,1,1,1,1,1,1,1,1,1,1,1,1,0,0,0,0,1,1,1,1,1,1,1,1,1,1,1,0,-1,0,0,0,0,0,0,0,0,0,1,1,1,0,0,0,0,0,1,1,1,0,-1,1,0,1,1,-1,1,1,1,1,-1,0,0,-1,20000896,-1,1,1,-1,0,0,0,20,0,-1,0,0,0,0,0,100,0,0,0,0,0,0,0,0,0,0,0,0,254,254,0,0,0,0,0,-1,100,1,1,1,1,1,1,1,0,0,0,0,0,0,0,0,0,0,0,0,0,0,0,0,0,0,0,0,0,0,0,0,0,0,0,0,0,0,0,0,0,0,0,0,0,0,0,0,0,1,1,1,1,1,1,1,1,1,1,1,1,1,1,1,1,0,1,1,1,1,0,0,0,1,0,-1,-1,-1,-1,-1,-1,-1,0,0,0,0,-1,-1,-1,-1,-1,-1,-1,0,0,-1,0,-1,1,1,1,1,1,1,1,1,1,-1,1,1,0,1,1,-1,1,0,0,0,0,0,0,1,1,1,1,1,1,1,1,0,0,0,0,-1,-1,1,1,1,1,-1,100,0,0,0,0,0,0,0,0,0,1,-1,1,0,0,0,-1,-1,-1,1,1,1,1,1,1,1,1,1,1,1,1,1,-1,-1,-1,1,322,0,0,-1,1,0,0,0,0,0,1,0,1,1,1,1,1,0,0,0,0,1,1,0,1,1,1,-1,0,0,0,0,0,0,0,0,0,0,0,0,0,0,1,1,1,0,0,1,1,0,0,100,0,0,0,0,0,0,0,1,0,0,0,0,0,0,0,0,0,0,0,0,1,1,1,1,1,1,1,0,0,0,0,1,1,1,1,0,0,0,3,-1,0,0,0,0,-1,0,0,0,0,-1,-1,-1,-1,-1,0,1,1,0,0,1,0,0,0,0,0,0,-1,1,-1,-1,100,100,0,1,-1,-1,-1,-1,-1,-1,-1
20000896,Flame Skewer buff Left,-1,-1,15,0.05,1,1,1,1,1,1,1,1,1,1,1,1,1,1,1,1,1,1,0,0,40,0,1,1,1,1,1,1,1,1,1,1,1,0,-1,0,0,0,0,0,0,0,0,0,1,1,1,0,0,0,0,0,1,1,1,0,-1,1,0,1,1,-1,1,1,1,1,-1,0,0,-1,-1,-1,1,1,-1,0,0,0,163,0,-1,0,0,0,0,0,100,0,0,0,0,0,0,0,0,0,0,0,0,254,11,62,2,0,0,0,-1,100,1,1,1,1,1,1,1,0,0,0,0,0,0,0,0,0,0,0,0,0,0,0,0,0,0,0,0,0,0,0,0,0,0,0,0,0,0,0,0,0,0,0,0,0,0,0,0,0,1,1,1,1,1,1,1,1,1,1,1,1,1,1,1,1,0,1,1,1,1,0,0,0,1,0,-1,-1,21140001,-1,-1,-1,-1,0,0,0,0,-1,-1,-1,-1,-1,-1,-1,0,0,-1,0,-1,1,1,1,1,1,1,1,1,1,-1,1,1,0,1,1,-1,1,0,0,0,0,0,0,1,1,1,1,1,1,1,1,0,0,0,0,-1,-1,1,1,1,1,-1,100,0,1,0,0,0,0,0,0,0,1,-1,1,0,0,0,-1,-1,-1,1,1,1,1,1,1,1,1,1,1,1,1,1,-1,-1,-1,1,0,0,0,-1,1,0,0,0,0,0,1,0,1,1,1,1,1,0,0,0,0,1,1,0,1,1,1,-1,0,0,0,0,0,0,0,0,0,0,0,0,0,0,1,1,1,0,0,1,1,0,0,100,0,0,0,0,0,0,0,1,0,0,0,0,0,0,0,0,0,0,0,0,1,1,1,1,1,1,1,0,0,0,0,1,1,1,1,0,0,0,3,-1,0,0,0,0,-1,0,0,0,0,-1,-1,-1,-1,-1,0,1,1,0,0,1,0,0,0,0,0,0,-1,1,-1,-1,100,100,0,1,-1,-1,-1,-1,-1,-1,-1
20000960,Flame Spear buff Right,-1,-1,0,0,1,1,1,1,1,1,1,1,1,1,1,1,1,1,1,1,1,1,0,0,0,0,1,1,1,1,1,1,1,1,1,1,1,0,-1,0,0,0,0,0,0,0,0,0,1,1,1,0,0,0,0,0,1,1,1,0,-1,1,0,1,1,-1,1,1,1,1,-1,0,0,-1,20000961,-1,1,1,-1,0,0,0,20,0,-1,0,0,0,0,0,100,0,0,0,0,0,0,0,0,0,0,0,0,254,254,0,0,0,0,0,-1,100,1,1,1,1,1,1,1,0,0,0,0,0,0,0,0,0,0,0,0,0,0,0,0,0,0,0,0,0,0,0,0,0,0,0,0,0,0,0,0,0,0,0,0,0,0,0,0,0,1,1,1,1,1,1,1,1,1,1,1,1,1,1,1,1,0,1,1,1,1,0,0,0,1,0,-1,-1,-1,-1,-1,-1,-1,0,0,0,0,-1,-1,-1,-1,-1,-1,-1,0,0,-1,0,-1,1,1,1,1,1,1,1,1,1,-1,1,1,0,1,1,-1,1,0,0,0,0,0,0,1,1,1,1,1,1,1,1,0,0,0,0,-1,-1,1,1,1,1,-1,100,0,0,0,0,0,0,0,0,0,1,-1,1,0,0,0,-1,-1,-1,1,1,1,1,1,1,1,1,1,1,1,1,1,-1,-1,-1,1,323,0,0,-1,1,0,0,0,0,0,1,0,1,1,1,1,1,0,0,0,0,1,1,0,1,1,1,-1,0,0,0,0,0,0,0,0,0,0,0,0,0,0,1,1,1,0,0,1,1,0,0,100,0,0,0,0,0,0,0,1,0,0,0,0,0,0,0,0,0,0,0,0,1,1,1,1,1,1,1,0,0,0,0,1,1,1,1,0,0,0,3,-1,0,0,0,0,-1,0,0,0,0,-1,-1,-1,-1,-1,0,1,1,0,0,1,0,0,0,0,0,0,-1,1,-1,-1,100,100,0,1,-1,-1,-1,-1,-1,-1,-1
20000961,Flame Spear buff Right_1,-1,-1,40,0.05,1,1,1,1,1,1,1,1,1,1,1,1,1,1,1,1,1,1,0,0,40,0,1,1,1,1,1,1,1,1,1,1,1,0,-1,0,0,0,0,0,0,0,0,0,1,1,1,0,0,0,0,0,1,1,1,0,-1,1,0,1,1,-1,1,1,1,1,-1,0,0,-1,-1,-1,1,1,-1,0,0,0,162,0,-1,0,0,0,0,0,100,0,0,0,0,0,0,0,0,0,0,0,0,254,11,62,1,0,0,0,-1,100,1,1,1,1,1,1,1,0,0,0,0,0,0,0,0,0,0,0,0,0,0,0,0,0,0,0,0,0,0,0,0,0,0,0,0,0,0,0,0,0,0,0,0,0,0,0,0,0,1,1,1,1,1,1,1,1,1,1,1,1,1,1,1,1,0,1,1,1,1,0,0,0,1,0,-1,-1,21140000,-1,-1,-1,-1,0,0,0,0,-1,-1,-1,-1,-1,-1,-1,0,0,-1,0,-1,1,1,1,1,1,1,1,1,1,-1,1,1,0,1,1,-1,1,0,0,0,0,0,0,1,1,1,1,1,1,1,1,0,0,0,0,-1,-1,1,1,1,1,-1,100,0,1,0,0,0,0,0,0,0,1,-1,1,0,0,0,-1,-1,-1,1,1,1,1,1,1,1,1,1,1,1,1,1,-1,-1,-1,1,0,0,0,-1,1,0,0,0,0,0,1,0,1,1,1,1,1,0,0,0,0,1,1,0,1,1,1,-1,0,0,0,0,0,0,0,0,0,0,0,0,0,0,1,1,1,0,0,1,1,0,0,100,0,0,0,0,0,0,0,1,0,0,0,0,0,0,0,0,0,0,0,0,1,1,1,1,1,1,1,0,0,0,0,1,1,1,1,0,0,0,3,-1,0,0,0,0,-1,0,0,0,0,-1,-1,-1,-1,-1,0,1,1,0,0,1,0,0,0,0,0,0,-1,1,-1,-1,100,100,0,1,-1,-1,-1,-1,-1,-1,-1
20000965,Flame Spear buff Right_1,-1,-1,0,0,1,1,1,1,1,1,1,1,1,1,1,1,1,1,1,1,1,1,0,0,0,0,1,1,1,1,1,1,1,1,1,1,1,0,-1,0,0,0,0,0,0,0,0,0,1,1,1,0,0,0,0,0,1,1,1,0,-1,1,0,1,1,-1,1,1,1,1,-1,0,0,-1,20000966,-1,1,1,-1,0,0,0,20,0,-1,0,0,0,0,0,100,0,0,0,0,0,0,0,0,0,0,0,0,254,254,0,0,0,0,0,-1,100,1,1,1,1,1,1,1,0,0,0,0,0,0,0,0,0,0,0,0,0,0,0,0,0,0,0,0,0,0,0,0,0,0,0,0,0,0,0,0,0,0,0,0,0,0,0,0,0,1,1,1,1,1,1,1,1,1,1,1,1,1,1,1,1,0,1,1,1,1,0,0,0,1,0,-1,-1,-1,-1,-1,-1,-1,0,0,0,0,-1,-1,-1,-1,-1,-1,-1,0,0,-1,0,-1,1,1,1,1,1,1,1,1,1,-1,1,1,0,1,1,-1,1,0,0,0,0,0,0,1,1,1,1,1,1,1,1,0,0,0,0,-1,-1,1,1,1,1,-1,100,0,0,0,0,0,0,0,0,0,1,-1,1,0,0,0,-1,-1,-1,1,1,1,1,1,1,1,1,1,1,1,1,1,-1,-1,-1,1,322,0,0,-1,1,0,0,0,0,0,1,0,1,1,1,1,1,0,0,0,0,1,1,0,1,1,1,-1,0,0,0,0,0,0,0,0,0,0,0,0,0,0,1,1,1,0,0,1,1,0,0,100,0,0,0,0,0,0,0,1,0,0,0,0,0,0,0,0,0,0,0,0,1,1,1,1,1,1,1,0,0,0,0,1,1,1,1,0,0,0,3,-1,0,0,0,0,-1,0,0,0,0,-1,-1,-1,-1,-1,0,1,1,0,0,1,0,0,0,0,0,0,-1,1,-1,-1,100,100,0,1,-1,-1,-1,-1,-1,-1,-1
20000966,Flame Spear buff Right_1_1,-1,-1,40,0.05,1,1,1,1,1,1,1,1,1,1,1,1,1,1,1,1,1,1,0,0,40,0,1,1,1,1,1,1,1,1,1,1,1,0,-1,0,0,0,0,0,0,0,0,0,1,1,1,0,0,0,0,0,1,1,1,0,-1,1,0,1,1,-1,1,1,1,1,-1,0,0,-1,-1,-1,1,1,-1,0,0,0,163,0,-1,0,0,0,0,0,100,0,0,0,0,0,0,0,0,0,0,0,0,254,11,62,2,0,0,0,-1,100,1,1,1,1,1,1,1,0,0,0,0,0,0,0,0,0,0,0,0,0,0,0,0,0,0,0,0,0,0,0,0,0,0,0,0,0,0,0,0,0,0,0,0,0,0,0,0,0,1,1,1,1,1,1,1,1,1,1,1,1,1,1,1,1,0,1,1,1,1,0,0,0,1,0,-1,-1,21140001,-1,-1,-1,-1,0,0,0,0,-1,-1,-1,-1,-1,-1,-1,0,0,-1,0,-1,1,1,1,1,1,1,1,1,1,-1,1,1,0,1,1,-1,1,0,0,0,0,0,0,1,1,1,1,1,1,1,1,0,0,0,0,-1,-1,1,1,1,1,-1,100,0,1,0,0,0,0,0,0,0,1,-1,1,0,0,0,-1,-1,-1,1,1,1,1,1,1,1,1,1,1,1,1,1,-1,-1,-1,1,0,0,0,-1,1,0,0,0,0,0,1,0,1,1,1,1,1,0,0,0,0,1,1,0,1,1,1,-1,0,0,0,0,0,0,0,0,0,0,0,0,0,0,1,1,1,0,0,1,1,0,0,100,0,0,0,0,0,0,0,1,0,0,0,0,0,0,0,0,0,0,0,0,1,1,1,1,1,1,1,0,0,0,0,1,1,1,1,0,0,0,3,-1,0,0,0,0,-1,0,0,0,0,-1,-1,-1,-1,-1,0,1,1,0,0,1,0,0,0,0,0,0,-1,1,-1,-1,100,100,0,1,-1,-1,-1,-1,-1,-1,-1
504,Frostbite - Spawn Proximity Bullet_1,-1,-1,900,999,1,1,1,1,1,1,1,1,1,1,1,1,1,1,1,1,1,1,0,0,0,0,1,1,1,1,1,1,1,1,1,1,1,0,2101,0,0,0,0,0,0,0,0,0,1,1,1,0,0,0,0,1,1,1,1,0,-1,1,0,1,1,-1,1,1,1,1,-1,1,1,-1,-1,-1,1,1,-1,0,0,0,0,0,-1,0,0,0,0,0,100,0,0,0,0,0,0,0,0,0,0,0,0,254,254,467,0,0,0,0,-1,100,1,1,0,1,1,1,1,0,0,0,0,0,0,0,0,0,0,0,0,0,0,0,0,0,0,1,0,0,0,0,0,0,0,0,0,0,0,0,0,0,0,0,0,0,0,0,0,0,1,1,1,1,1,1,1,1,1,1,1,1,1,1,1,1,0,1,0,0,1,0,0,0,1,0,-1,220,-1,-1,-1,-1,-1,0,0,0,0,-1,-1,-1,-1,-1,-1,-1,0,0,-1,0,-1,1,1,1,1,1,1,1,1,1,-1,1,1,0,1,1,-1,1,0,0,0,0,0,0,1,1,1,1,1,1,1,1,0,0,0,0,-1,-1,1,1,1,1,-1,100,0,0,0,0,0,0,0,0,0,1,-1,1,0,0,0,-1,-1,-1,1,1,1,1,1,1,1,1,1,1,1,1,1,-1,-1,-1,1,260,0,0,-1,1,0,0,0,0,0,1,0,1,1,1,1,1,0,0,0,0,1,1,0,1,1,1,-1,0,0,0,0,0,0,0,0,0,0,0,0,0,0,1,1,1,0,0,1,1,0,0,100,0,0,0,0,0,0,0,1,0,0,0,0,0,0,0,0,1,0,0,0,1,1,1,1,1,1,1,0,0,0,0,1,1,1,1,0,0,0,3,-1,0,0,0,0,-1,0,0,0,0,-1,-1,-1,-1,-1,0,1,1,0,0,1,0,0,0,0,0,0,-1,1,-1,-1,100,100,0,1,-1,-1,-1,-1,-1,-1,-1
515,Frostbite - Apply State Info_1,-1,-1,0,0,1,1,1,1,1,1,1,1,1,1,1,1,1,1,1,1,1,1,0,0,0,0,1,1,1,1,1,1,1,1,1,1,1,0,-1,0,0,0,0,0,0,0,0,0,1,1,1,0,0,0,0,1,1,1,1,0,-1,1,0,1,1,-1,1,1,1,1,-1,1,1,-1,-1,-1,1,1,-1,0,0,0,0,0,-1,0,0,0,0,0,100,0,0,0,0,0,0,0,0,0,0,0,0,254,254,2280,0,0,0,0,-1,100,1,1,0,1,1,1,1,0,0,0,0,0,0,0,0,0,0,0,0,0,0,0,0,0,0,1,0,0,0,0,0,0,0,0,0,0,0,0,0,0,0,0,0,0,0,0,0,0,1,1,1,1,1,1,1,1,1,1,1,1,1,1,1,1,0,1,1,0,1,0,0,0,0,0,-1,-1,-1,-1,-1,-1,-1,0,0,0,0,-1,-1,-1,-1,-1,-1,-1,0,0,-1,0,-1,1,1,1,1,1,1,1,1,1,-1,1,1,0,1,1,-1,1,0,0,0,0,0,0,1,1,1,1,1,1,1,1,0,0,0,0,-1,-1,1,1,1,1,-1,100,0,0,0,0,0,0,0,0,0,1,-1,1,0,0,0,-1,-1,-1,1,1,1,1,1,1,1,1,1,1,1,1,1,-1,-1,-1,1,0,0,0,-1,1,0,0,0,0,0,1,0,1,1,1,1,1,0,0,0,0,1,1,0,1,1,1,-1,0,0,0,0,0,0,0,0,0,0,0,0,0,0,1,1,1,0,0,1,1,0,0,100,0,0,0,0,0,0,0,1,0,0,0,0,0,0,0,0,1,0,0,0,1,1,1,1,1,1,1,0,0,0,0,1,1,1,1,0,0,0,3,-1,0,0,0,0,-1,0,0,0,0,-1,-1,-1,-1,-1,0,1,1,0,0,1,0,0,0,0,0,0,-1,1,-1,-1,100,100,0,1,-1,-1,-1,-1,-1,-1,-1
1657,Vordt's ,20408,-1,8,0,1,1,1,0.55,0.55,0.55,0.55,0.55,0.55,0.55,1,1,1,1,1,1,1,1,0,0,0,0,1,1,1,1,1,1,1,1,1,1,1,0,-1,0,0,0,0,0,0,0,0,0,1,1,1,0,0,0,0,1,1,1,1,0,-1,1,0,1,1,-1,1,1,1,1,-1,1,1,-1,1658,-1,1,1,-1,0,0,0,1001,0,-1,0,0,0,35,0,100,0,1,1,1,1,1,1,1,1,1,1,1,254,254,0,0,0,0,0,-1,100,1,1,1,1,1,1,1,0,0,0,0,0,0,0,0,0,0,0,0,0,0,0,0,0,0,0,0,0,0,0,0,0,0,0,0,0,0,0,0,0,0,0,0,0,0,0,0,0,1,1,1,1,1,1,1,1,1,1,1,1,1,1,1,1,0,1,1,1,1,0,0,1,0,0,-1,-1,8570,-1,-1,-1,-1,0,0,0,0,-1,-1,-1,-1,-1,-1,-1,0,0,-1,0,-1,1,1,1,1,1,1,1,0.55,1,-1,1,1,0,1,1,-1,1,0,0,0,0,0,0,1,1,1,1,1,1,1,1,0,0,0,0,-1,-1,1,1,1,1,-1,100,0,0,0,0,0,0,0,0,0,1,-1,1,0,0,0,-1,-1,-1,1,1,1,1,1,1,1,1,1,1,1,1,1,-1,-1,-1,1,0,0,0,-1,1,0,0,0,0,0,1,0,1,1,1,1,1,0,0,0,0,1,1,0,1,1,1,-1,0,0,0,0,0,0,0,0,0,0,0,0,0,0,1,1,1,0,0,1,1,0,0,100,0,0,0,0,0,0,0,1,0,0,0,0,1,0,0,0,0,0,0,0,1,1,1,1,1,1,1,0,0,0,0,1,1,1,1,0,0,0,3,120811,0,0,0,0,-1,0,0,0,0,-1,-1,-1,-1,-1,0,1,1,0,0,1,0,0,0,0,0,0,-1,1,-1,-1,100,100,0,1,-1,-1,-1,-1,-1,-1,-1
1658,Vordt's _1,-1,-1,-1,1,1,1,1,1,1,1,1,1,1,1,1,1,1,1,1,1,1,1,0,0,0,0,1,1,1,1,1,1,1,1,1,1,1,0,-1,0,0,0,0,0,0,0,0,0,1,1,1,0,0,0,0,1,1,1,1,0,-1,1,0,1,1,-1,1,1,1,1,-1,1,1,-1,1659,-1,1,1,-1,0,0,0,0,0,-1,0,0,0,0,0,100,0,0,0,0,0,0,0,0,0,0,0,0,254,254,2060,0,0,0,0,-1,100,1,1,0,1,1,1,1,0,0,0,0,0,0,0,0,0,0,0,0,0,0,0,0,0,0,1,0,0,0,0,0,0,0,0,0,0,0,0,0,0,0,0,0,0,0,0,0,0,1,1,1,1,1,1,1,1,1,1,1,1,1,1,1,1,0,1,0,0,1,0,0,0,0,0,-1,-1,-1,-1,-1,-1,-1,0,0,0,0,-1,-1,-1,-1,-1,-1,-1,0,0,-1,0,-1,1,1,1,1,1,1,1,1,1,-1,1,1,0,1,1,-1,1,0,0,0,0,0,0,1,1,1,1,1,1,1,1,0,0,0,0,-1,-1,1,1,1,1,-1,100,0,0,0,0,0,0,0,0,0,1,-1,1,0,0,0,-1,-1,-1,1,1,1,1,1,1,1,1,1,1,1,1,1,-1,-1,-1,1,0,0,0,-1,1,0,0,0,0,0,1,0,1,1,1,1,1,0,0,0,0,1,1,0,1,1,1,-1,0,0,0,0,0,0,0,0,0,0,0,0,0,0,1,1,1,0,0,1,1,0,0,100,0,0,0,0,0,0,0,1,0,0,0,0,0,0,0,0,0,0,0,0,1,1,1,1,1,1,1,0,0,0,0,1,1,1,1,0,0,0,3,-1,0,0,0,0,-1,0,0,0,0,-1,-1,-1,-1,-1,0,1,1,0,0,1,0,0,0,0,0,0,-1,1,-1,-1,100,100,0,1,-1,-1,-1,-1,-1,-1,-1
1659,Vordt's _1_1,-1,-1,-1,0,1,1,1,1,1,1,1,1,1,1,1,1,1,1,1,1,1,1,0,0,0,0,1,1,1,1,1,1,1,1,1,1,1,0,-1,0,0,0,0,0,0,0,0,0,1,1,1,0,0,0,0,1,1,1,1,0,-1,1,0,1,1,-1,1,1,1,1,-1,1,1,1663,-1,-1,1,1,-1,0,0,0,0,0,-1,0,0,0,0,0,100,0,0,0,0,0,0,0,0,0,0,0,0,254,254,0,0,0,0,0,-1,100,1,1,0,1,1,1,1,0,0,0,0,0,0,0,0,0,0,0,0,0,0,0,0,0,0,1,0,0,0,0,0,0,0,0,0,0,0,0,0,0,0,0,0,0,0,0,0,0,1,1,1,1,1,1,1,1,1,1,1,1,1,1,1,1,0,1,0,0,1,0,0,0,0,0,-1,-1,-1,-1,-1,-1,-1,0,0,0,0,-1,-1,-1,-1,-1,-1,-1,0,0,-1,0,-1,1,1,1,1,1,1,1,1,1,-1,1,1,0,1,1,-1,1,0,0,0,0,0,0,1,1,1,1,1,1,1,1,0,0,0,0,-1,-1,1,1,1,1,-1,100,0,0,0,0,0,0,0,0,0,1,-1,1,0,0,0,-1,-1,-1,1,1,1,1,1,1,1,1,1,1,1,1,1,-1,-1,-1,1,2060,0,0,-1,1,0,0,0,0,0,1,0,1,1,1,1,1,0,0,0,0,1,1,0,1,1,1,-1,0,0,0,0,0,0,0,0,0,1,0,0,0,0,1,1,1,0,0,1,1,0,0,100,0,0,0,0,0,0,0,1,0,0,0,0,0,0,0,0,0,0,0,0,1,1,1,1,1,1,1,0,0,0,0,1,1,1,1,0,0,0,3,-1,0,0,0,0,-1,0,0,0,0,-1,-1,-1,-1,-1,0,1,1,0,0,1,0,0,0,0,0,0,-1,1,-1,-1,100,100,0,1,-1,-1,-1,-1,-1,-1,-1
1663,Vordt's _1_1_1,-1,-1,0,0,1,1,1,1,1,1,1,1,1,1,1,1,1,1,1,1,1,1,0,0,0,0,1,1,1,1,1,1,1,1,1,1,1,0,-1,0,0,0,0,0,0,0,0,0,1,1,1,0,0,0,0,1,1,1,1,0,-1,1,0,1,1,-1,1,1,1,1,-1,1,1,-1,1664,-1,1,1,-1,0,0,0,0,0,-1,0,0,0,0,0,100,0,0,0,0,0,0,0,0,0,0,0,0,254,254,0,0,0,0,0,-1,100,1,1,0,1,1,1,1,0,0,0,0,0,0,0,0,0,0,0,0,0,0,0,0,0,0,1,0,0,0,0,0,0,0,0,0,0,0,0,0,0,0,0,0,0,0,0,0,0,1,1,1,1,1,1,1,1,1,1,1,1,1,1,1,1,0,1,0,0,1,0,0,0,1,0,-1,-1,-1,-1,-1,-1,-1,0,0,0,0,-1,-1,-1,-1,-1,-1,-1,0,0,-1,0,-1,1,1,1,1,1,1,1,1,1,-1,1,1,0,1,1,-1,1,0,0,0,0,0,0,1,1,1,1,1,1,1,1,0,0,0,0,-1,-1,1,1,1,1,-1,100,0,0,0,0,0,0,0,0,0,1,-1,1,0,0,0,-1,-1,-1,1,1,1,1,1,1,1,1,1,1,1,1,1,-1,-1,-1,1,0,0,0,-1,1,0,0,0,0,0,1,0,1,1,1,1,1,0,0,0,0,1,1,0,1,1,1,-1,0,0,0,0,0,0,0,0,0,0,0,0,0,0,1,1,1,0,0,1,1,0,0,100,0,0,0,0,0,0,0,1,0,0,0,0,0,0,0,0,0,0,0,0,1,1,1,1,1,1,1,0,0,0,0,1,1,1,1,0,0,0,3,-1,0,0,0,0,-1,0,0,0,0,-1,-1,-1,-1,-1,0,1,1,0,0,1,0,0,0,0,0,0,-1,1,-1,-1,100,100,0,1,-1,-1,-1,-1,-1,-1,-1
1664,Vordt's _1_1_1_1,20406,-1,10,0,1,1,1,1,1,1,1,1,1,1,1.06,1.06,1.06,1.06,1,1,1,1,0,0,0,0,1,1,1,1,1,1,1,1,1,1,1,0,-1,0,0,0,0,0,0,0,0,0,1,1,1,0,0,0,0,1,1,1,1,0,-1,1,0,1,1,-1,1,1,1,1,-1,1,1,-1,-1,-1,1,1,-1,0,0,0,162,0,-1,0,0,0,0,0,100,0,0,0,0,0,0,0,0,0,0,0,0,254,254,0,0,0,0,0,-1,100,1,1,1,1,1,1,1,0,0,0,0,0,0,0,0,0,0,0,0,0,0,0,0,0,0,0,0,0,0,0,0,0,0,0,0,0,0,0,0,0,0,0,0,0,0,0,0,0,1,1,1,1,1,1,1,1,1,1,1,1,1,1,1,1,0,1,1,1,1,0,0,1,0,0,-1,-1,320400,-1,-1,-1,-1,0,0,0,0,-1,-1,-1,-1,-1,-1,-1,0,0,-1,0,-1,1,1,1,1,1,1,1,1,1,-1,1.06,1,0,1,1,-1,1,0,0,0,0,0,0,1,1,1,1,1,1,1,1,0,0,0,0,-1,-1,1,1,1,1,-1,100,0,0,0,0,0,0,0,0,0,1,-1,1,0,0,0,-1,-1,-1,1,1,1,1,1,1,1,1,1,1,1,1,1,-1,-1,-1,1,0,0,0,-1,1,0,0,0,0,0,1,0,1,1,1,1,1,0,0,0,0,1,1,0,1,1,1,-1,0,0,0,0,0,0,0,0,0,0,0,0,0,0,1,1,1,0,0,1,1,0,0,100,0,0,0,0,0,0,0,1,0,0,0,0,0,0,0,1,0,0,0,0,1,1,1,1,1,1,1,0,0,0,0,1,1,1,1,0,0,0,3,121167,0,0,0,0,-1,0,0,0,0,-1,-1,-1,-1,-1,0,1,1,0,0,1,0,0,0,0,0,0,-1,1,-1,-1,100,100,0,1,-1,-1,-1,-1,-1,-1,-1
19870,Euporia,-1,-1,-1,1,1,1,1,1,1,1,1,1,1,1,1,1,1,1,1,1,1,1,0,0,0,0,1,1,1,1,1,1,1,1,1,1,1,0,-1,0,0,0,0,0,0,0,0,0,1,1,1,0,0,0,0,1,1,1,1,0,-1,1,0,1,1,-1,1,1,1,1,-1,1,1,-1,-1,-1,1,1,-1,0,0,0,20,0,-1,0,0,0,0,0,100,0,0,0,0,0,0,0,0,0,0,0,0,254,254,311,0,0,0,0,-1,100,1,1,0,1,1,1,0,0,0,0,0,0,0,0,0,0,0,0,0,0,0,0,0,0,0,0,0,0,0,0,0,0,0,0,0,0,0,0,0,0,0,0,0,0,0,0,0,0,1,1,1,1,1,1,1,1,1,1,1,1,1,1,1,1,0,1,0,0,1,0,0,0,0,0,-1,-1,-1,19874,50,-1,-1,-1,0,0,0,-1,-1,-1,-1,-1,-1,-1,0,0,-1,0,-1,1,1,1,1,1,1,1,1,1,-1,1,1,0,1,1,-1,1,0,0,0,0,0,0,1,1,1,1,1,1,1,1,0,0,0,0,-1,-1,1,1,1,1,-1,100,0,0,0,0,0,0,0,0,0,1,-1,-1,0,0,0,-1,-1,-1,1,1,1,1,1,1,1,1,1,1,1,1,1,-1,-1,-1,1,0,0,0,-1,1,0,0,0,0,0,1,0,1,1,1,1,1,0,0,0,0,1,1,0,1,1,1,-1,0,0,0,0,0,0,0,0,0,0,0,0,0,0,1,1,1,0,0,1,1,0,0,100,0,0,0,0,0,0,0,1,0,0,0,0,0,0,1,0,0,0,0,0,1,1,1,1,1,1,1,0,0,0,0,1,1,1,1,0,0,0,3,-1,0,0,0,0,-1,0,0,0,0,-1,-1,-1,-1,-1,0,1,1,0,0,1,0,0,0,0,0,0,-1,1,-1,-1,100,100,0,1,-1,-1,-1,-1,-1,-1,-1
19871,Euporia_1,-1,-1,-1,0.5,1,1,1,1,1,1,1,1,1,1,1,1,1,1,1,1,1,1,0,0,0,0,1,1,1,1,1,1,1,1,1,1,1,0,-1,0,0,0,0,0,0,0,0,0,1,1,1,0,0,0,0,1,1,1,1,0,-1,1,0,1,1,-1,1,1,1,1,-1,1,1,-1,-1,-1,1,1,-1,0,0,0,20,0,-1,0,0,0,0,0,100,0,0,0,0,0,0,0,0,0,0,0,0,254,254,311,0,0,0,0,-1,100,1,1,0,1,1,1,1,0,0,0,0,0,0,0,0,0,0,0,0,0,0,0,0,0,0,0,0,0,0,0,0,0,0,0,0,0,0,0,0,0,0,0,0,0,0,0,0,0,1,1,1,1,1,1,1,1,1,1,1,1,1,1,1,1,0,1,0,0,1,0,0,0,0,0,-1,-1,-1,19875,100,-1,-1,-1,0,0,0,-1,-1,-1,-1,-1,-1,-1,0,0,-1,0,-1,1,1,1,1,1,1,1,1,1,-1,1,1,0,1,1,-1,1,0,0,0,0,0,0,1,1,1,1,1,1,1,1,0,0,0,0,-1,-1,1,1,1,1,-1,100,0,0,0,0,0,0,0,0,0,1,-1,-1,0,0,0,-1,-1,-1,1,1,1,1,1,1,1,1,1,1,1,1,1,-1,-1,-1,1,0,0,0,-1,1,0,0,0,0,0,1,0,1,1,1,1,1,0,0,0,0,1,1,0,1,1,1,-1,0,0,0,0,0,0,0,0,0,0,0,0,0,0,1,1,1,0,0,1,1,0,0,100,0,0,0,0,0,0,0,0,0,0,0,0,0,0,1,0,0,0,0,0,1,1,1,1,1,1,1,0,0,0,0,1,1,1,1,0,0,0,3,-1,0,0,0,0,-1,0,0,0,0,-1,-1,-1,-1,-1,0,1,1,0,0,1,0,0,0,0,0,0,-1,1,-1,-1,100,100,0,1,-1,-1,-1,-1,-1,-1,-1
19874,Euporia_1_1,-1,-1,30,1,1,1,1,1,1,1,1,1,1,1,1,1,1,1,1,1,1,1,0,0,0,0,1,1,1,1,1,1,1,1,1,1,1,0,-1,0,0,0,0,0,0,0,0,0,1,1,1,0,0,0,0,1,1,1,1,0,-1,1,0,1,1,-1,1,1,1,1,-1,1,1,-1,-1,-1,1,1,-1,0,0,0,201,22,-1,0,0,0,0,0,100,0,0,0,0,0,0,0,0,0,0,0,0,254,254,0,0,0,0,0,-1,100,1,1,0,1,1,1,1,0,0,0,0,0,0,0,0,0,0,0,0,0,0,0,0,0,0,0,0,0,0,0,0,0,0,0,0,0,0,0,0,0,0,0,0,0,0,0,0,0,1,1,1,1,1,1,1,1,1,1,1,1,1,1,1,1,0,1,0,0,1,0,0,0,0,0,-1,-1,-1,-1,-1,-1,-1,0,0,0,0,-1,-1,-1,-1,-1,-1,-1,0,0,-1,0,-1,1,1,1,1,1,1,1,1,1,-1,1,1,0,1,1,-1,1,0,0,0,0,0,0,1,1,1,1,1,1,1,1,0,0,0,0,-1,-1,1,1,1,1,-1,100,0,0,0,0,0,0,0,0,0,1,-1,-1,0,0,0,-1,-1,-1,1,1,1,1,1,1,1,1,1,1,1,1,1,-1,-1,-1,1,0,0,0,-1,1,0,0,0,0,0,1,0,1,1,1,1,1,0,0,0,0,1,1,0,1,1,1,-1,0,0,0,0,0,0,0,0,0,0,0,0,0,0,1,1,1,0,0,1,1,0,0,100,0,0,0,0,0,0,0,0,0,0,0,0,0,0,0,0,0,0,0,0,1,1,1,1,1,1,1,0,0,0,0,1,1,1,1,0,0,0,3,-1,0,0,0,0,-1,0,0,0,0,-1,-1,-1,-1,-1,0,1,1,0,0,1,0,0,0,0,0,0,-1,1,-1,-1,100,100,0,1,-1,-1,-1,-1,-1,-1,-1
19875,Euporia_1_1_1,-1,-1,30,0.7,1,1,1,1,1,1,1,1,1,1,1,1,1,1,1,1,1,1,0,0,0,0,1,1,1,1,1,1,1,1,1,1,1,0,-1,0,0,0,0,0,0,0,0,0,1,1,1,0,0,0,0,1,1,1,1,0,-1,1,0,1,1,-1,1,1,1,1,-1,1,1,-1,-1,-1,1,1,-1,0,0,0,201,23,-1,0,0,0,0,0,100,0,0,0,0,0,0,0,0,0,0,0,0,254,254,0,0,0,0,0,-1,100,1,1,0,1,1,1,1,0,0,0,0,0,0,0,0,0,0,0,0,0,0,0,0,0,0,0,0,0,0,0,0,0,0,0,0,0,0,0,0,0,0,0,0,0,0,0,0,0,1,1,1,1,1,1,1,1,1,1,1,1,1,1,1,1,0,1,0,0,1,0,0,0,0,0,-1,-1,-1,-1,-1,-1,-1,0,0,0,0,-1,-1,-1,-1,-1,-1,-1,0,0,-1,0,-1,1,1,1,1,1,1,1,1,1,-1,1,1,0,1,1,-1,1,0,0,0,0,0,0,1,1,1,1,1,1,1,1,0,0,0,0,-1,-1,1,1,1,1,-1,100,0,0,0,0,0,0,0,0,0,1,-1,-1,0,0,0,-1,-1,-1,1,1,1,1,1,1,1,1,1,1,1,1,1,-1,-1,-1,1,0,0,0,-1,1,0,0,0,0,0,1,0,1,1,1,1,1,0,0,0,0,1,1,0,1,1,1,-1,0,0,0,0,0,0,0,0,0,0,0,0,0,0,1,1,1,0,0,1,1,0,0,100,0,0,0,0,0,0,0,0,0,0,0,0,0,0,0,0,0,0,0,0,1,1,1,1,1,1,1,0,0,0,0,1,1,1,1,0,0,0,3,-1,0,0,0,0,-1,0,0,0,0,-1,-1,-1,-1,-1,0,1,1,0,0,1,0,0,0,0,0,0,-1,1,-1,-1,100,100,0,1,-1,-1,-1,-1,-1,-1,-1
19876,Euporia_1_1_1_1,-1,-1,0.1,0,1,1,1,1,1,1,1,1,1,1,1,1,1,1,1,1,1,1,0,0,0,0,1,1,1,1,1,1,1,1,1,1,1,0,-1,0,0,0,0,0,0,0,0,0,1,1,1,0,0,0,0,1,1,1,1,0,-1,1,0,1,1,-1,1,1,1,1,-1,1,1,-1,-1,-1,1,1,-1,0,0,0,201,22,-1,0,0,0,0,0,100,0,0,0,0,0,0,0,0,0,0,0,0,254,254,0,0,0,0,0,-1,100,1,1,1,1,1,1,1,0,0,0,0,0,0,0,0,0,0,0,0,0,0,0,0,0,0,0,0,0,0,0,0,0,0,0,0,0,0,0,0,0,0,0,0,0,0,0,0,0,1,1,1,1,1,1,1,1,1,1,1,1,1,1,1,1,0,1,1,1,1,0,0,0,0,0,-1,-1,-1,-1,-1,-1,-1,0,0,0,0,-1,-1,-1,-1,-1,-1,-1,0,0,-1,0,-1,1,1,1,1,1,1,1,1,1,-1,1,1,0,1,1,-1,1,0,0,0,0,0,0,1,1,1,1,1,1,1,1,0,0,0,0,-1,-1,1,1,1,1,-1,100,0,0,0,0,0,0,0,0,0,1,-1,-1,0,0,0,-1,-1,-1,1,1,1,1,1,1,1,1,1,1,1,1,1,-1,-1,-1,1,0,0,0,-1,1,0,0,0,0,0,1,0,1,1,1,1,1,0,0,0,0,1,1,0,1,1,1,-1,0,0,0,0,0,0,0,0,0,0,0,0,0,0,1,1,1,0,0,1,1,0,0,100,0,0,0,0,0,0,0,0,0,0,0,0,0,0,0,0,0,0,0,0,1,1,1,1,1,1,1,0,0,0,0,1,1,1,1,0,0,0,3,-1,0,0,0,0,-1,0,0,0,0,-1,-1,-1,-1,-1,0,1,1,0,0,1,0,0,0,0,0,0,-1,1,-1,-1,100,100,0,1,-1,-1,-1,-1,-1,-1,-1
19877,Euporia_1_1_1_1_1,-1,-1,0.1,0,1,1,1,1,1,1,1,1,1,1,1,1,1,1,1,1,1,1,0,0,0,0,1,1,1,1,1,1,1,1,1,1,1,0,-1,0,0,0,0,0,0,0,0,0,1,1,1,0,0,0,0,1,1,1,1,0,-1,1,0,1,1,-1,1,1,1,1,-1,1,1,-1,-1,-1,1,1,-1,0,0,0,201,23,-1,0,0,0,0,0,100,0,0,0,0,0,0,0,0,0,0,0,0,254,254,0,0,0,0,0,-1,100,1,1,1,1,1,1,1,0,0,0,0,0,0,0,0,0,0,0,0,0,0,0,0,0,0,0,0,0,0,0,0,0,0,0,0,0,0,0,0,0,0,0,0,0,0,0,0,0,1,1,1,1,1,1,1,1,1,1,1,1,1,1,1,1,0,1,1,1,1,0,0,0,0,0,-1,-1,-1,-1,-1,-1,-1,0,0,0,0,-1,-1,-1,-1,-1,-1,-1,0,0,-1,0,-1,1,1,1,1,1,1,1,1,1,-1,1,1,0,1,1,-1,1,0,0,0,0,0,0,1,1,1,1,1,1,1,1,0,0,0,0,-1,-1,1,1,1,1,-1,100,0,0,0,0,0,0,0,0,0,1,-1,-1,0,0,0,-1,-1,-1,1,1,1,1,1,1,1,1,1,1,1,1,1,-1,-1,-1,1,0,0,0,-1,1,0,0,0,0,0,1,0,1,1,1,1,1,0,0,0,0,1,1,0,1,1,1,-1,0,0,0,0,0,0,0,0,0,0,0,0,0,0,1,1,1,0,0,1,1,0,0,100,0,0,0,0,0,0,0,0,0,0,0,0,0,0,0,0,0,0,0,0,1,1,1,1,1,1,1,0,0,0,0,1,1,1,1,0,0,0,3,-1,0,0,0,0,-1,0,0,0,0,-1,-1,-1,-1,-1,0,1,1,0,0,1,0,0,0,0,0,0,-1,1,-1,-1,100,100,0,1,-1,-1,-1,-1,-1,-1,-1
19880,Euporia_1_1_1_1_1_1,-1,-1,0,0,1,1,1,1,1,1,1,1,1,1,1,1,1,1,1,1,1,1,0,0,0,0,1,1,1,1,1,1,1,1,1,1,1,0,-1,0,0,0,0,0,0,0,0,0,1,1,1,0,0,0,0,1,1,1,1,0,-1,1,0,1,1,-1,1,1,1,1,-1,1,1,-1,19881,-1,1,1,-1,0,0,0,200,0,-1,0,0,0,0,0,100,0,0,0,0,0,0,0,0,0,0,0,0,254,254,0,0,0,0,0,-1,100,1,1,1,1,1,1,1,0,0,0,0,0,0,0,0,0,0,0,0,0,0,0,0,0,0,0,0,0,0,0,0,0,0,0,0,0,0,0,0,0,0,0,0,0,0,0,0,0,1,1,1,1,1,1,1,1,1,1,1,1,1,1,1,1,0,1,1,1,1,0,0,0,1,0,-1,-1,-1,-1,-1,-1,-1,0,0,0,0,-1,-1,-1,-1,-1,-1,-1,0,0,-1,0,-1,1,1,1,1,1,1,1,1,1,-1,1,1,0,1,1,-1,1,0,0,0,0,0,0,1,1,1,1,1,1,1,1,0,0,0,0,-1,-1,1,1,1,1,-1,100,0,0,0,0,0,0,0,0,0,1,-1,-1,0,0,0,-1,-1,-1,1,1,1,1,1,1,1,1,1,1,1,1,1,-1,-1,-1,1,323,0,0,-1,1,0,0,0,0,0,1,0,1,1,1,1,1,0,0,0,0,1,1,0,1,1,1,-1,0,0,0,0,0,0,0,0,0,0,0,0,0,0,1,1,1,0,0,1,1,0,0,100,0,0,0,0,0,0,0,0,0,0,0,0,0,0,0,0,0,0,0,0,1,1,1,1,1,1,1,0,0,0,0,1,1,1,1,0,0,0,3,-1,0,0,0,0,-1,0,0,0,0,-1,-1,-1,-1,-1,0,1,1,0,0,1,0,0,0,0,0,0,-1,1,-1,-1,100,100,0,1,-1,-1,-1,-1,-1,-1,-1
19881,Euporia buff,-1,-1,0.1,1,1,1,1,1,1,1,1,1,1,1,1,1,1,1,1,1,1,1,0,0,0,0,1,1,1,1,1,1,1,1,1,1,1,0,-1,0,0,0,0,0,0,0,0,0,1,1,1,0,0,0,0,1,1,1,1,0,-1,1,0,1,1,-1,1,1,1,1,-1,1,1,-1,19900,-1,1,1,-1,0,0,0,163,0,-1,0,0,0,0,0,100,0,0,0,0,0,0,0,0,0,0,0,0,254,254,28,1,0,0,0,-1,100,1,1,1,1,1,1,1,0,0,0,0,0,0,0,0,0,0,0,0,0,0,0,0,0,0,0,0,0,0,0,0,0,0,0,0,0,0,0,0,0,0,0,0,0,0,0,0,0,1,1,1,1,1,1,1,1,1,1,1,1,1,1,1,1,0,1,1,1,1,0,0,0,0,0,-1,-1,20008550,-1,-1,-1,-1,0,0,0,0,-1,-1,-1,-1,-1,-1,-1,0,0,-1,0,-1,1,1,1,1,1,1,1,1,1,-1,1,1,60,1,1,-1,1,0,0,0,0,0,0,1,1,1,1,1,1,1,1,0,0,0,0,-1,-1,1,1,1,1,-1,100,0,1,0,0,0,0,0,0,0,1,-1,-1,0,0,0,-1,-1,-1,1,1,1,1,1,1,1,1,1,1,1,1,1,-1,-1,-1,1,0,0,0,-1,1,0,0,0,0,0,1,0,1,1,1,1,1,0,0,0,0,1,1,0,1,1,1,-1,0,0,0,0,0,0,0,0,0,0,0,0,0,0,1,1,1,0,0,1,1,0,0,100,0,0,0,0,0,0,0,0,0,0,0,0,0,0,0,0,0,0,0,0,1,1,1,1,1,1,1,0,0,0,0,1,1,1,1,0,0,0,3,-1,0,0,0,0,-1,0,0,0,0,-1,-1,-1,-1,-1,0,1,1,0,0,1,0,0,0,0,0,0,-1,1,-1,-1,100,100,0,1,-1,-1,-1,-1,-1,-1,-1
19882,Euporia_1_1_1_1_1_1_1_1,-1,-1,0,0,1,1,1,1,1,1,1,1,1,1,1,1,1,1,1,1,1,1,0,0,0,0,1,1,1,1,1,1,1,1,1,1,1,0,-1,0,0,0,0,0,0,0,0,0,1,1,1,0,0,0,0,1,1,1,1,0,-1,1,0,1,1,-1,1,1,1,1,-1,1,1,-1,19883,-1,1,1,-1,0,0,0,20,0,-1,0,0,0,0,0,100,0,0,0,0,0,0,0,0,0,0,0,0,254,254,0,0,0,0,0,-1,100,1,1,1,1,1,1,1,0,0,0,0,0,0,0,0,0,0,0,0,0,0,0,0,0,0,0,0,0,0,0,0,0,0,0,0,0,0,0,0,0,0,0,0,0,0,0,0,0,1,1,1,1,1,1,1,1,1,1,1,1,1,1,1,1,0,1,1,1,1,0,0,0,1,0,-1,-1,-1,-1,-1,-1,-1,0,0,0,0,-1,-1,-1,-1,-1,-1,-1,0,0,-1,0,-1,1,1,1,1,1,1,1,1,1,-1,1,1,0,1,1,-1,1,0,0,0,0,0,0,1,1,1,1,1,1,1,1,0,0,0,0,-1,-1,1,1,1,1,-1,100,0,0,0,0,0,0,0,0,0,1,-1,-1,0,0,0,-1,-1,-1,1,1,1,1,1,1,1,1,1,1,1,1,1,-1,-1,-1,1,323,0,0,-1,1,0,0,0,0,0,1,0,1,1,1,1,1,0,0,0,0,1,1,0,1,1,1,-1,0,0,0,0,0,0,0,0,0,0,0,0,0,0,1,1,1,0,0,1,1,0,0,100,0,0,0,0,0,0,0,0,0,0,0,0,0,0,0,0,0,0,0,0,1,1,1,1,1,1,1,0,0,0,0,1,1,1,1,0,0,0,3,-1,0,0,0,0,-1,0,0,0,0,-1,-1,-1,-1,-1,0,1,1,0,0,1,0,0,0,0,0,0,-1,1,-1,-1,100,100,0,1,-1,-1,-1,-1,-1,-1,-1
19883,Euporia_1_1_1_1_1_1_1_1,-1,-1,0.1,0.8,1,1,1,1,1,1,1,1,1,1,1,1,1,1,1,1,1,1,0,0,0,0,1,1,1,1,1,1,1,1,1,1,1,0,-1,0,0,0,0,0,0,0,0,0,1,1,1,0,0,0,0,1,1,1,1,0,-1,1,0,1,1,-1,1,1,1,1,-1,1,1,-1,19902,-1,1,1,-1,0,0,0,162,0,-1,0,0,0,0,0,100,0,0,0,0,0,0,0,0,0,0,0,0,254,254,28,1,0,0,0,-1,100,1,1,1,1,1,1,1,0,0,0,0,0,0,0,0,0,0,0,0,0,0,0,0,0,0,0,0,0,0,0,0,0,0,0,0,0,0,0,0,0,0,0,0,0,0,0,0,0,1,1,1,1,1,1,1,1,1,1,1,1,1,1,1,1,0,1,1,1,1,0,0,0,0,0,-1,-1,20008552,-1,-1,-1,-1,0,0,0,0,-1,-1,-1,-1,-1,-1,-1,0,0,-1,0,-1,1,1,1,1,1,1,1,1,1,-1,1,1,80,1,1,-1,1,0,0,0,0,0,0,1,1,1,1,1,1,1,1,0,0,0,0,-1,-1,1,1,1,1,-1,100,0,1,0,0,0,0,0,0,0,1,-1,-1,0,0,0,-1,-1,-1,1,1,1,1,1,1,1,1,1,1,1,1,1,-1,-1,-1,1,0,0,0,-1,1,0,0,0,0,0,1,0,1,1,1,1,1,0,0,0,0,1,1,0,1,1,1,-1,0,0,0,0,0,0,0,0,0,0,0,0,0,0,1,1,1,0,0,1,1,0,0,100,0,0,0,0,0,0,0,0,0,0,0,0,0,0,0,0,0,0,0,0,1,1,1,1,1,1,1,0,0,0,0,1,1,1,1,0,0,0,3,-1,0,0,0,0,-1,0,0,0,0,-1,-1,-1,-1,-1,0,1,1,0,0,1,0,0,0,0,0,0,-1,1,-1,-1,100,100,0,1,-1,-1,-1,-1,-1,-1,-1
19884,Euporia_1_1_1_1_1_1_1_1_1,-1,-1,0,0,1,1,1,1,1,1,1,1,1,1,1,1,1,1,1,1,1,1,0,0,0,0,1,1,1,1,1,1,1,1,1,1,1,0,-1,0,0,0,0,0,0,0,0,0,1,1,1,0,0,0,0,1,1,1,1,0,-1,1,0,1,1,-1,1,1,1,1,-1,1,1,-1,19885,-1,1,1,-1,0,0,0,20,0,-1,0,0,0,0,0,100,0,0,0,0,0,0,0,0,0,0,0,0,254,254,0,0,0,0,0,-1,100,1,1,1,1,1,1,1,0,0,0,0,0,0,0,0,0,0,0,0,0,0,0,0,0,0,0,0,0,0,0,0,0,0,0,0,0,0,0,0,0,0,0,0,0,0,0,0,0,1,1,1,1,1,1,1,1,1,1,1,1,1,1,1,1,0,1,1,1,1,0,0,0,1,0,-1,-1,-1,-1,-1,-1,-1,0,0,0,0,-1,-1,-1,-1,-1,-1,-1,0,0,-1,0,-1,1,1,1,1,1,1,1,1,1,-1,1,1,0,1,1,-1,1,0,0,0,0,0,0,1,1,1,1,1,1,1,1,0,0,0,0,-1,-1,1,1,1,1,-1,100,0,0,0,0,0,0,0,0,0,1,-1,-1,0,0,0,-1,-1,-1,1,1,1,1,1,1,1,1,1,1,1,1,1,-1,-1,-1,1,322,0,0,-1,1,0,0,0,0,0,1,0,1,1,1,1,1,0,0,0,0,1,1,0,1,1,1,-1,0,0,0,0,0,0,0,0,0,0,0,0,0,0,1,1,1,0,0,1,1,0,0,100,0,0,0,0,0,0,0,0,0,0,0,0,0,0,0,0,0,0,0,0,1,1,1,1,1,1,1,0,0,0,0,1,1,1,1,0,0,0,3,-1,0,0,0,0,-1,0,0,0,0,-1,-1,-1,-1,-1,0,1,1,0,0,1,0,0,0,0,0,0,-1,1,-1,-1,100,100,0,1,-1,-1,-1,-1,-1,-1,-1
19885,Euporia_1_1_1_1_1_1_1_1_1,-1,-1,0.1,1,1,1,1,1,1,1,1,1,1,1,1,1,1,1,1,1,1,1,0,0,0,0,1,1,1,1,1,1,1,1,1,1,1,0,-1,0,0,0,0,0,0,0,0,0,1,1,1,0,0,0,0,1,1,1,1,0,-1,1,0,1,1,-1,1,1,1,1,-1,1,1,-1,19900,-1,1,1,-1,0,0,0,163,0,-1,0,0,0,0,0,100,0,0,0,0,0,0,0,0,0,0,0,0,254,254,28,2,0,0,0,-1,100,1,1,1,1,1,1,1,0,0,0,0,0,0,0,0,0,0,0,0,0,0,0,0,0,0,0,0,0,0,0,0,0,0,0,0,0,0,0,0,0,0,0,0,0,0,0,0,0,1,1,1,1,1,1,1,1,1,1,1,1,1,1,1,1,0,1,1,1,1,0,0,0,0,0,-1,-1,20008551,-1,-1,-1,-1,0,0,0,0,-1,-1,-1,-1,-1,-1,-1,0,0,-1,0,-1,1,1,1,1,1,1,1,1,1,-1,1,1,60,1,1,-1,1,0,0,0,0,0,0,1,1,1,1,1,1,1,1,0,0,0,0,-1,-1,1,1,1,1,-1,100,0,1,0,0,0,0,0,0,0,1,-1,-1,0,0,0,-1,-1,-1,1,1,1,1,1,1,1,1,1,1,1,1,1,-1,-1,-1,1,0,0,0,-1,1,0,0,0,0,0,1,0,1,1,1,1,1,0,0,0,0,1,1,0,1,1,1,-1,0,0,0,0,0,0,0,0,0,0,0,0,0,0,1,1,1,0,0,1,1,0,0,100,0,0,0,0,0,0,0,0,0,0,0,0,0,0,0,0,0,0,0,0,1,1,1,1,1,1,1,0,0,0,0,1,1,1,1,0,0,0,3,-1,0,0,0,0,-1,0,0,0,0,-1,-1,-1,-1,-1,0,1,1,0,0,1,0,0,0,0,0,0,-1,1,-1,-1,100,100,0,1,-1,-1,-1,-1,-1,-1,-1
19886,Euporia_1_1_1_1_1_1_1_1_1_1,-1,-1,0,0,1,1,1,1,1,1,1,1,1,1,1,1,1,1,1,1,1,1,0,0,0,0,1,1,1,1,1,1,1,1,1,1,1,0,-1,0,0,0,0,0,0,0,0,0,1,1,1,0,0,0,0,1,1,1,1,0,-1,1,0,1,1,-1,1,1,1,1,-1,1,1,-1,19887,-1,1,1,-1,0,0,0,20,0,-1,0,0,0,0,0,100,0,0,0,0,0,0,0,0,0,0,0,0,254,254,0,0,0,0,0,-1,100,1,1,1,1,1,1,1,0,0,0,0,0,0,0,0,0,0,0,0,0,0,0,0,0,0,0,0,0,0,0,0,0,0,0,0,0,0,0,0,0,0,0,0,0,0,0,0,0,1,1,1,1,1,1,1,1,1,1,1,1,1,1,1,1,0,1,1,1,1,0,0,0,1,0,-1,-1,-1,-1,-1,-1,-1,0,0,0,0,-1,-1,-1,-1,-1,-1,-1,0,0,-1,0,-1,1,1,1,1,1,1,1,1,1,-1,1,1,0,1,1,-1,1,0,0,0,0,0,0,1,1,1,1,1,1,1,1,0,0,0,0,-1,-1,1,1,1,1,-1,100,0,0,0,0,0,0,0,0,0,1,-1,-1,0,0,0,-1,-1,-1,1,1,1,1,1,1,1,1,1,1,1,1,1,-1,-1,-1,1,322,0,0,-1,1,0,0,0,0,0,1,0,1,1,1,1,1,0,0,0,0,1,1,0,1,1,1,-1,0,0,0,0,0,0,0,0,0,0,0,0,0,0,1,1,1,0,0,1,1,0,0,100,0,0,0,0,0,0,0,0,0,0,0,0,0,0,0,0,0,0,0,0,1,1,1,1,1,1,1,0,0,0,0,1,1,1,1,0,0,0,3,-1,0,0,0,0,-1,0,0,0,0,-1,-1,-1,-1,-1,0,1,1,0,0,1,0,0,0,0,0,0,-1,1,-1,-1,100,100,0,1,-1,-1,-1,-1,-1,-1,-1
19887,Euporia_1_1_1_1_1_1_1_1_1_1,-1,-1,0.1,0.8,1,1,1,1,1,1,1,1,1,1,1,1,1,1,1,1,1,1,0,0,0,0,1,1,1,1,1,1,1,1,1,1,1,0,-1,0,0,0,0,0,0,0,0,0,1,1,1,0,0,0,0,1,1,1,1,0,-1,1,0,1,1,-1,1,1,1,1,-1,1,1,-1,19902,-1,1,1,-1,0,0,0,162,0,-1,0,0,0,0,0,100,0,0,0,0,0,0,0,0,0,0,0,0,254,254,28,2,0,0,0,-1,100,1,1,1,1,1,1,1,0,0,0,0,0,0,0,0,0,0,0,0,0,0,0,0,0,0,0,0,0,0,0,0,0,0,0,0,0,0,0,0,0,0,0,0,0,0,0,0,0,1,1,1,1,1,1,1,1,1,1,1,1,1,1,1,1,0,1,1,1,1,0,0,0,0,0,-1,-1,20008553,-1,-1,-1,-1,0,0,0,0,-1,-1,-1,-1,-1,-1,-1,0,0,-1,0,-1,1,1,1,1,1,1,1,1,1,-1,1,1,80,1,1,-1,1,0,0,0,0,0,0,1,1,1,1,1,1,1,1,0,0,0,0,-1,-1,1,1,1,1,-1,100,0,1,0,0,0,0,0,0,0,1,-1,-1,0,0,0,-1,-1,-1,1,1,1,1,1,1,1,1,1,1,1,1,1,-1,-1,-1,1,0,0,0,-1,1,0,0,0,0,0,1,0,1,1,1,1,1,0,0,0,0,1,1,0,1,1,1,-1,0,0,0,0,0,0,0,0,0,0,0,0,0,0,1,1,1,0,0,1,1,0,0,100,0,0,0,0,0,0,0,0,0,0,0,0,0,0,0,0,0,0,0,0,1,1,1,1,1,1,1,0,0,0,0,1,1,1,1,0,0,0,3,-1,0,0,0,0,-1,0,0,0,0,-1,-1,-1,-1,-1,0,1,1,0,0,1,0,0,0,0,0,0,-1,1,-1,-1,100,100,0,1,-1,-1,-1,-1,-1,-1,-1
19889,Euporia_1_1_1_1_1_1_1_1_1_1_1,-1,-1,0,0,1,1,1,1,1,1,1,1,1,1,1,1,1,1,1,1,1,1,0,0,0,0,1,1,1,1,1,1,1,1,1,1,1,0,-1,0,0,0,0,0,0,0,0,0,1,1,1,0,0,0,0,1,1,1,1,0,-1,1,0,1,1,-1,1,1,1,1,-1,1,1,-1,-1,-1,1,1,-1,0,0,0,0,0,-1,0,0,0,0,0,100,0,0,0,0,0,0,0,0,0,0,0,0,254,254,311,0,0,0,0,-1,100,1,1,0,1,1,1,1,0,0,1,0,0,0,0,0,0,0,0,0,0,0,0,0,0,0,0,0,0,0,0,0,0,0,0,0,0,0,0,0,0,0,0,0,0,0,0,0,0,1,1,1,1,1,1,1,1,1,1,1,1,1,1,1,1,0,1,0,0,1,0,0,0,0,0,-1,-1,-1,-1,-1,-1,-1,-9999,0,0,0,-1,-1,-1,-1,-1,-1,-1,0,0,-1,0,-1,1,1,1,1,1,1,1,1,1,-1,1,1,0,1,1,-1,1,0,0,0,0,0,0,1,1,1,1,1,1,1,1,0,0,0,0,-1,-1,1,1,1,1,-1,100,0,0,0,0,0,0,0,0,0,1,-1,-1,0,0,0,-1,-1,-1,1,1,1,1,1,1,1,1,1,1,1,1,1,-1,-1,-1,1,0,0,0,-1,1,0,0,0,0,0,1,0,1,1,1,1,1,0,0,0,0,1,1,0,1,1,1,-1,0,0,0,0,0,0,0,0,0,0,0,0,0,0,1,1,1,0,0,1,1,0,0,100,0,0,0,0,0,0,0,1,0,0,0,0,0,0,0,0,0,0,0,0,1,1,1,1,1,1,1,0,0,0,0,1,1,1,1,0,0,0,3,-1,0,0,0,0,-1,0,0,0,0,-1,-1,-1,-1,-1,0,1,1,0,0,1,0,0,0,0,0,0,-1,1,-1,-1,100,100,0,1,-1,-1,-1,-1,-1,-1,-1
19890,Euporia_1_1_1_1_1_1_1_1_1_1_1_1,-1,-1,0,0,1,1,1,1,1,1,1,1,1,1,1,1,1,1,1,1,1,1,0,0,0,0,1,1,1,1,1,1,1,1,1,1,1,0,-1,0,0,0,0,0,0,0,0,0,1,1,1,0,0,0,0,1,1,1,1,0,-1,1,0,1,1,-1,1,1,1,1,-1,1,1,-1,-1,-1,1,1,-1,0,0,0,0,0,-1,0,0,0,0,0,100,0,0,0,0,0,0,0,0,0,0,0,0,254,254,311,0,0,0,0,-1,100,1,1,0,1,1,1,1,0,0,1,0,0,0,0,0,0,0,0,0,0,0,0,0,0,0,0,0,0,0,0,0,0,0,0,0,0,0,0,0,0,0,0,0,0,0,0,0,0,1,1,1,1,1,1,1,1,1,1,1,1,1,1,1,1,0,1,0,0,1,0,0,0,0,0,-1,-1,-1,-1,-1,-1,-1,2,0,0,0,-1,-1,-1,-1,-1,-1,-1,0,0,-1,0,-1,1,1,1,1,1,1,1,1,1,-1,1,1,0,1,1,-1,1,0,0,0,0,0,0,1,1,1,1,1,1,1,1,0,0,0,0,-1,-1,1,1,1,1,-1,100,0,0,0,0,0,0,0,0,0,1,-1,-1,0,0,0,-1,-1,-1,1,1,1,1,1,1,1,1,1,1,1,1,1,-1,-1,-1,1,0,0,0,-1,1,0,0,0,0,0,1,0,1,1,1,1,1,0,0,0,0,1,1,0,1,1,1,-1,0,0,0,0,0,0,0,0,0,0,0,0,0,0,1,1,1,0,0,1,1,0,0,100,0,0,0,0,0,0,0,1,0,0,0,0,0,0,0,0,0,0,0,0,1,1,1,1,1,1,1,0,0,0,0,1,1,1,1,0,0,0,3,-1,0,0,0,0,-1,0,0,0,0,-1,-1,-1,-1,-1,0,1,1,0,0,1,0,0,0,0,0,0,-1,1,-1,-1,100,100,0,1,-1,-1,-1,-1,-1,-1,-1
19891,Euporia_1_1_1_1_1_1_1_1_1_1_1_1_1,-1,-1,0,0,1,1,1,1,1,1,1,1,1,1,1,1,1,1,1,1,1,1,0,0,0,0,1,1,1,1,1,1,1,1,1,1,1,0,-1,0,0,0,0,0,0,0,0,0,1,1,1,0,0,0,0,1,1,1,1,0,-1,1,0,1,1,-1,1,1,1,1,-1,1,1,-1,-1,-1,1,1,-1,0,0,0,0,0,-1,0,0,0,0,0,100,0,0,0,0,0,0,0,0,0,0,0,0,254,254,311,0,0,0,0,-1,100,1,1,0,1,1,1,1,0,0,1,0,0,0,0,0,0,0,0,0,0,0,0,0,0,0,0,0,0,0,0,0,0,0,0,0,0,0,0,0,0,0,0,0,0,0,0,0,0,1,1,1,1,1,1,1,1,1,1,1,1,1,1,1,1,0,1,0,0,1,0,0,0,0,0,-1,-1,-1,-1,-1,-1,-1,4,0,0,0,-1,-1,-1,-1,-1,-1,-1,0,0,-1,0,-1,1,1,1,1,1,1,1,1,1,-1,1,1,0,1,1,-1,1,0,0,0,0,0,0,1,1,1,1,1,1,1,1,0,0,0,0,-1,-1,1,1,1,1,-1,100,0,0,0,0,0,0,0,0,0,1,-1,-1,0,0,0,-1,-1,-1,1,1,1,1,1,1,1,1,1,1,1,1,1,-1,-1,-1,1,0,0,0,-1,1,0,0,0,0,0,1,0,1,1,1,1,1,0,0,0,0,1,1,0,1,1,1,-1,0,0,0,0,0,0,0,0,0,0,0,0,0,0,1,1,1,0,0,1,1,0,0,100,0,0,0,0,0,0,0,1,0,0,0,0,0,0,0,0,0,0,0,0,1,1,1,1,1,1,1,0,0,0,0,1,1,1,1,0,0,0,3,-1,0,0,0,0,-1,0,0,0,0,-1,-1,-1,-1,-1,0,1,1,0,0,1,0,0,0,0,0,0,-1,1,-1,-1,100,100,0,1,-1,-1,-1,-1,-1,-1,-1
19892,Euporia_1_1_1_1_1_1_1_1_1_1_1_1_1_1,-1,-1,0,0,1,1,1,1,1,1,1,1,1,1,1,1,1,1,1,1,1,1,0,0,0,0,1,1,1,1,1,1,1,1,1,1,1,0,-1,0,0,0,0,0,0,0,0,0,1,1,1,0,0,0,0,1,1,1,1,0,-1,1,0,1,1,-1,1,1,1,1,-1,1,1,-1,-1,-1,1,1,-1,0,0,0,0,0,-1,0,0,0,0,0,100,0,0,0,0,0,0,0,0,0,0,0,0,254,254,311,0,0,0,0,-1,100,1,1,0,1,1,1,1,0,0,1,0,0,0,0,0,0,0,0,0,0,0,0,0,0,0,0,0,0,0,0,0,0,0,0,0,0,0,0,0,0,0,0,0,0,0,0,0,0,1,1,1,1,1,1,1,1,1,1,1,1,1,1,1,1,0,1,0,0,1,0,0,0,0,0,-1,-1,-1,-1,-1,-1,-1,6,0,0,0,-1,-1,-1,-1,-1,-1,-1,0,0,-1,0,-1,1,1,1,1,1,1,1,1,1,-1,1,1,0,1,1,-1,1,0,0,0,0,0,0,1,1,1,1,1,1,1,1,0,0,0,0,-1,-1,1,1,1,1,-1,100,0,0,0,0,0,0,0,0,0,1,-1,-1,0,0,0,-1,-1,-1,1,1,1,1,1,1,1,1,1,1,1,1,1,-1,-1,-1,1,0,0,0,-1,1,0,0,0,0,0,1,0,1,1,1,1,1,0,0,0,0,1,1,0,1,1,1,-1,0,0,0,0,0,0,0,0,0,0,0,0,0,0,1,1,1,0,0,1,1,0,0,100,0,0,0,0,0,0,0,1,0,0,0,0,0,0,0,0,0,0,0,0,1,1,1,1,1,1,1,0,0,0,0,1,1,1,1,0,0,0,3,-1,0,0,0,0,-1,0,0,0,0,-1,-1,-1,-1,-1,0,1,1,0,0,1,0,0,0,0,0,0,-1,1,-1,-1,100,100,0,1,-1,-1,-1,-1,-1,-1,-1
19893,Euporia_1_1_1_1_1_1_1_1_1_1_1_1_1_1_1,-1,-1,0,0,1,1,1,1,1,1,1,1,1,1,1,1,1,1,1,1,1,1,0,0,0,0,1,1,1,1,1,1,1,1,1,1,1,0,-1,0,0,0,0,0,0,0,0,0,1,1,1,0,0,0,0,1,1,1,1,0,-1,1,0,1,1,-1,1,1,1,1,-1,1,1,-1,-1,-1,1,1,-1,0,0,0,0,0,-1,0,0,0,0,0,100,0,0,0,0,0,0,0,0,0,0,0,0,254,254,311,0,0,0,0,-1,100,1,1,0,1,1,1,1,0,0,1,0,0,0,0,0,0,0,0,0,0,0,0,0,0,0,0,0,0,0,0,0,0,0,0,0,0,0,0,0,0,0,0,0,0,0,0,0,0,1,1,1,1,1,1,1,1,1,1,1,1,1,1,1,1,0,1,0,0,1,0,0,0,0,0,-1,-1,-1,-1,-1,-1,-1,8,0,0,0,-1,-1,-1,-1,-1,-1,-1,0,0,-1,0,-1,1,1,1,1,1,1,1,1,1,-1,1,1,0,1,1,-1,1,0,0,0,0,0,0,1,1,1,1,1,1,1,1,0,0,0,0,-1,-1,1,1,1,1,-1,100,0,0,0,0,0,0,0,0,0,1,-1,-1,0,0,0,-1,-1,-1,1,1,1,1,1,1,1,1,1,1,1,1,1,-1,-1,-1,1,0,0,0,-1,1,0,0,0,0,0,1,0,1,1,1,1,1,0,0,0,0,1,1,0,1,1,1,-1,0,0,0,0,0,0,0,0,0,0,0,0,0,0,1,1,1,0,0,1,1,0,0,100,0,0,0,0,0,0,0,1,0,0,0,0,0,0,0,0,0,0,0,0,1,1,1,1,1,1,1,0,0,0,0,1,1,1,1,0,0,0,3,-1,0,0,0,0,-1,0,0,0,0,-1,-1,-1,-1,-1,0,1,1,0,0,1,0,0,0,0,0,0,-1,1,-1,-1,100,100,0,1,-1,-1,-1,-1,-1,-1,-1
19894,Euporia_1_1_1_1_1_1_1_1_1_1_1_1_1_1_1_1,-1,-1,0,0,1,1,1,1,1,1,1,1,1,1,1,1,1,1,1,1,1,1,0,0,0,0,1,1,1,1,1,1,1,1,1,1,1,0,-1,0,0,0,0,0,0,0,0,0,1,1,1,0,0,0,0,1,1,1,1,0,-1,1,0,1,1,-1,1,1,1,1,-1,1,1,-1,-1,-1,1,1,-1,0,0,0,0,0,-1,0,0,0,0,0,100,0,0,0,0,0,0,0,0,0,0,0,0,254,254,311,0,0,0,0,-1,100,1,1,0,1,1,1,1,0,0,1,0,0,0,0,0,0,0,0,0,0,0,0,0,0,0,0,0,0,0,0,0,0,0,0,0,0,0,0,0,0,0,0,0,0,0,0,0,0,1,1,1,1,1,1,1,1,1,1,1,1,1,1,1,1,0,1,0,0,1,0,0,0,0,0,-1,-1,-1,-1,-1,-1,-1,10,0,0,0,-1,-1,-1,-1,-1,-1,-1,0,0,-1,0,-1,1,1,1,1,1,1,1,1,1,-1,1,1,0,1,1,-1,1,0,0,0,0,0,0,1,1,1,1,1,1,1,1,0,0,0,0,-1,-1,1,1,1,1,-1,100,0,0,0,0,0,0,0,0,0,1,-1,-1,0,0,0,-1,-1,-1,1,1,1,1,1,1,1,1,1,1,1,1,1,-1,-1,-1,1,0,0,0,-1,1,0,0,0,0,0,1,0,1,1,1,1,1,0,0,0,0,1,1,0,1,1,1,-1,0,0,0,0,0,0,0,0,0,0,0,0,0,0,1,1,1,0,0,1,1,0,0,100,0,0,0,0,0,0,0,1,0,0,0,0,0,0,0,0,0,0,0,0,1,1,1,1,1,1,1,0,0,0,0,1,1,1,1,0,0,0,3,-1,0,0,0,0,-1,0,0,0,0,-1,-1,-1,-1,-1,0,1,1,0,0,1,0,0,0,0,0,0,-1,1,-1,-1,100,100,0,1,-1,-1,-1,-1,-1,-1,-1
19895,Euporia_1_1_1_1_1_1_1_1_1_1_1_1_1_1_1_1_1,-1,-1,0,0,1,1,1,1,1,1,1,1,1,1,1,1,1,1,1,1,1,1,0,0,0,0,1,1,1,1,1,1,1,1,1,1,1,0,-1,0,0,0,0,0,0,0,0,0,1,1,1,0,0,0,0,1,1,1,1,0,-1,1,0,1,1,-1,1,1,1,1,-1,1,1,-1,-1,-1,1,1,-1,0,0,0,0,0,-1,0,0,0,0,0,100,0,0,0,0,0,0,0,0,0,0,0,0,254,254,311,0,0,0,0,-1,100,1,1,0,1,1,1,1,0,0,1,0,0,0,0,0,0,0,0,0,0,0,0,0,0,0,0,0,0,0,0,0,0,0,0,0,0,0,0,0,0,0,0,0,0,0,0,0,0,1,1,1,1,1,1,1,1,1,1,1,1,1,1,1,1,0,1,0,0,1,0,0,0,0,0,-1,-1,-1,-1,-1,-1,-1,12,0,0,0,-1,-1,-1,-1,-1,-1,-1,0,0,-1,0,-1,1,1,1,1,1,1,1,1,1,-1,1,1,0,1,1,-1,1,0,0,0,0,0,0,1,1,1,1,1,1,1,1,0,0,0,0,-1,-1,1,1,1,1,-1,100,0,0,0,0,0,0,0,0,0,1,-1,-1,0,0,0,-1,-1,-1,1,1,1,1,1,1,1,1,1,1,1,1,1,-1,-1,-1,1,0,0,0,-1,1,0,0,0,0,0,1,0,1,1,1,1,1,0,0,0,0,1,1,0,1,1,1,-1,0,0,0,0,0,0,0,0,0,0,0,0,0,0,1,1,1,0,0,1,1,0,0,100,0,0,0,0,0,0,0,1,0,0,0,0,0,0,0,0,0,0,0,0,1,1,1,1,1,1,1,0,0,0,0,1,1,1,1,0,0,0,3,-1,0,0,0,0,-1,0,0,0,0,-1,-1,-1,-1,-1,0,1,1,0,0,1,0,0,0,0,0,0,-1,1,-1,-1,100,100,0,1,-1,-1,-1,-1,-1,-1,-1
19896,Euporia_1_1_1_1_1_1_1_1_1_1_1_1_1_1_1_1_1_1,-1,-1,0,0,1,1,1,1,1,1,1,1,1,1,1,1,1,1,1,1,1,1,0,0,0,0,1,1,1,1,1,1,1,1,1,1,1,0,-1,0,0,0,0,0,0,0,0,0,1,1,1,0,0,0,0,1,1,1,1,0,-1,1,0,1,1,-1,1,1,1,1,-1,1,1,-1,-1,-1,1,1,-1,0,0,0,0,0,-1,0,0,0,0,0,100,0,0,0,0,0,0,0,0,0,0,0,0,254,254,311,0,0,0,0,-1,100,1,1,0,1,1,1,1,0,0,1,0,0,0,0,0,0,0,0,0,0,0,0,0,0,0,0,0,0,0,0,0,0,0,0,0,0,0,0,0,0,0,0,0,0,0,0,0,0,1,1,1,1,1,1,1,1,1,1,1,1,1,1,1,1,0,1,0,0,1,0,0,0,0,0,-1,-1,-1,-1,-1,-1,-1,14,0,0,0,-1,-1,-1,-1,-1,-1,-1,0,0,-1,0,-1,1,1,1,1,1,1,1,1,1,-1,1,1,0,1,1,-1,1,0,0,0,0,0,0,1,1,1,1,1,1,1,1,0,0,0,0,-1,-1,1,1,1,1,-1,100,0,0,0,0,0,0,0,0,0,1,-1,-1,0,0,0,-1,-1,-1,1,1,1,1,1,1,1,1,1,1,1,1,1,-1,-1,-1,1,0,0,0,-1,1,0,0,0,0,0,1,0,1,1,1,1,1,0,0,0,0,1,1,0,1,1,1,-1,0,0,0,0,0,0,0,0,0,0,0,0,0,0,1,1,1,0,0,1,1,0,0,100,0,0,0,0,0,0,0,1,0,0,0,0,0,0,0,0,0,0,0,0,1,1,1,1,1,1,1,0,0,0,0,1,1,1,1,0,0,0,3,-1,0,0,0,0,-1,0,0,0,0,-1,-1,-1,-1,-1,0,1,1,0,0,1,0,0,0,0,0,0,-1,1,-1,-1,100,100,0,1,-1,-1,-1,-1,-1,-1,-1
19897,Euporia_1_1_1_1_1_1_1_1_1_1_1_1_1_1_1_1_1_1_1,-1,-1,0,0,1,1,1,1,1,1,1,1,1,1,1,1,1,1,1,1,1,1,0,0,0,0,1,1,1,1,1,1,1,1,1,1,1,0,-1,0,0,0,0,0,0,0,0,0,1,1,1,0,0,0,0,1,1,1,1,0,-1,1,0,1,1,-1,1,1,1,1,-1,1,1,-1,-1,-1,1,1,-1,0,0,0,0,0,-1,0,0,0,0,0,100,0,0,0,0,0,0,0,0,0,0,0,0,254,254,311,0,0,0,0,-1,100,1,1,0,1,1,1,1,0,0,1,0,0,0,0,0,0,0,0,0,0,0,0,0,0,0,0,0,0,0,0,0,0,0,0,0,0,0,0,0,0,0,0,0,0,0,0,0,0,1,1,1,1,1,1,1,1,1,1,1,1,1,1,1,1,0,1,0,0,1,0,0,0,0,0,-1,-1,-1,-1,-1,-1,-1,16,0,0,0,-1,-1,-1,-1,-1,-1,-1,0,0,-1,0,-1,1,1,1,1,1,1,1,1,1,-1,1,1,0,1,1,-1,1,0,0,0,0,0,0,1,1,1,1,1,1,1,1,0,0,0,0,-1,-1,1,1,1,1,-1,100,0,0,0,0,0,0,0,0,0,1,-1,-1,0,0,0,-1,-1,-1,1,1,1,1,1,1,1,1,1,1,1,1,1,-1,-1,-1,1,0,0,0,-1,1,0,0,0,0,0,1,0,1,1,1,1,1,0,0,0,0,1,1,0,1,1,1,-1,0,0,0,0,0,0,0,0,0,0,0,0,0,0,1,1,1,0,0,1,1,0,0,100,0,0,0,0,0,0,0,1,0,0,0,0,0,0,0,0,0,0,0,0,1,1,1,1,1,1,1,0,0,0,0,1,1,1,1,0,0,0,3,-1,0,0,0,0,-1,0,0,0,0,-1,-1,-1,-1,-1,0,1,1,0,0,1,0,0,0,0,0,0,-1,1,-1,-1,100,100,0,1,-1,-1,-1,-1,-1,-1,-1
19898,Euporia_1_1_1_1_1_1_1_1_1_1_1_1_1_1_1_1_1_1_1_1,-1,-1,0,0,1,1,1,1,1,1,1,1,1,1,1,1,1,1,1,1,1,1,0,0,0,0,1,1,1,1,1,1,1,1,1,1,1,0,-1,0,0,0,0,0,0,0,0,0,1,1,1,0,0,0,0,1,1,1,1,0,-1,1,0,1,1,-1,1,1,1,1,-1,1,1,-1,-1,-1,1,1,-1,0,0,0,0,0,-1,0,0,0,0,0,100,0,0,0,0,0,0,0,0,0,0,0,0,254,254,311,0,0,0,0,-1,100,1,1,0,1,1,1,1,0,0,1,0,0,0,0,0,0,0,0,0,0,0,0,0,0,0,0,0,0,0,0,0,0,0,0,0,0,0,0,0,0,0,0,0,0,0,0,0,0,1,1,1,1,1,1,1,1,1,1,1,1,1,1,1,1,0,1,0,0,1,0,0,0,0,0,-1,-1,-1,-1,-1,-1,-1,18,0,0,0,-1,-1,-1,-1,-1,-1,-1,0,0,-1,0,-1,1,1,1,1,1,1,1,1,1,-1,1,1,0,1,1,-1,1,0,0,0,0,0,0,1,1,1,1,1,1,1,1,0,0,0,0,-1,-1,1,1,1,1,-1,100,0,0,0,0,0,0,0,0,0,1,-1,-1,0,0,0,-1,-1,-1,1,1,1,1,1,1,1,1,1,1,1,1,1,-1,-1,-1,1,0,0,0,-1,1,0,0,0,0,0,1,0,1,1,1,1,1,0,0,0,0,1,1,0,1,1,1,-1,0,0,0,0,0,0,0,0,0,0,0,0,0,0,1,1,1,0,0,1,1,0,0,100,0,0,0,0,0,0,0,1,0,0,0,0,0,0,0,0,0,0,0,0,1,1,1,1,1,1,1,0,0,0,0,1,1,1,1,0,0,0,3,-1,0,0,0,0,-1,0,0,0,0,-1,-1,-1,-1,-1,0,1,1,0,0,1,0,0,0,0,0,0,-1,1,-1,-1,100,100,0,1,-1,-1,-1,-1,-1,-1,-1
19899,Euporia_1_1_1_1_1_1_1_1_1_1_1_1_1_1_1_1_1_1_1_1_1,-1,-1,0,0,1,1,1,1,1,1,1,1,1,1,1,1,1,1,1,1,1,1,0,0,0,0,1,1,1,1,1,1,1,1,1,1,1,0,-1,0,0,0,0,0,0,0,0,0,1,1,1,0,0,0,0,1,1,1,1,0,-1,1,0,1,1,-1,1,1,1,1,-1,1,1,-1,-1,-1,1,1,-1,0,0,0,0,0,-1,0,0,0,0,0,100,0,0,0,0,0,0,0,0,0,0,0,0,254,254,311,0,0,0,0,-1,100,1,1,0,1,1,1,1,0,0,1,0,0,0,0,0,0,0,0,0,0,0,0,0,0,0,0,0,0,0,0,0,0,0,0,0,0,0,0,0,0,0,0,0,0,0,0,0,0,1,1,1,1,1,1,1,1,1,1,1,1,1,1,1,1,0,1,0,0,1,0,0,0,0,0,-1,-1,-1,-1,-1,-1,-1,20,0,0,0,-1,-1,-1,-1,-1,-1,-1,0,0,-1,0,-1,1,1,1,1,1,1,1,1,1,-1,1,1,0,1,1,-1,1,0,0,0,0,0,0,1,1,1,1,1,1,1,1,0,0,0,0,-1,-1,1,1,1,1,-1,100,0,0,0,0,0,0,0,0,0,1,-1,-1,0,0,0,-1,-1,-1,1,1,1,1,1,1,1,1,1,1,1,1,1,-1,-1,-1,1,0,0,0,-1,1,0,0,0,0,0,1,0,1,1,1,1,1,0,0,0,0,1,1,0,1,1,1,-1,0,0,0,0,0,0,0,0,0,0,0,0,0,0,1,1,1,0,0,1,1,0,0,100,0,0,0,0,0,0,0,1,0,0,0,0,0,0,0,0,0,0,0,0,1,1,1,1,1,1,1,0,0,0,0,1,1,1,1,0,0,0,3,-1,0,0,0,0,-1,0,0,0,0,-1,-1,-1,-1,-1,0,1,1,0,0,1,0,0,0,0,0,0,-1,1,-1,-1,100,100,0,1,-1,-1,-1,-1,-1,-1,-1
19900,Scorched R1,-1,-1,0,0,1,1,1,1,1,1,1,1,1,1,1,1,1,1,1,1,1,1,0,0,0,0,1,1,1,1,1,1,1,1,1,1,1,0,2102,0,0,0,0,0,0,0,0,0,1,1,1,0,0,0,0,1,1,1,1,0,-1,1,0,1,1,-1,1,1,1,1,-1,1,1,-1,-1,-1,1,1,-1,0,0,0,20,0,-1,0,0,0,0,0,100,0,0,0,0,0,0,0,0,0,0,0,0,254,254,275,0,0,0,0,-1,100,1,1,1,1,1,1,1,0,0,0,0,0,0,0,0,0,0,0,0,0,0,0,0,0,0,0,0,0,0,0,0,0,0,0,0,0,0,0,0,0,0,0,0,0,0,0,0,0,1,1,1,1,1,1,1,1,1,1,1,1,1,1,1,1,0,1,0,0,1,0,0,0,0,0,-1,90,-1,-1,-1,-1,-1,0,0,0,0,-1,-1,-1,-1,-1,-1,-1,0,0,-1,0,-1,1,1,1,1,1,1,1,1,1,-1,1,1,0,1,1,-1,1,0,0,0,0,0,0,1,1,1,1,1,1,1,1,0,0,0,0,-1,-1,1,1,1,1,-1,100,0,0,0,0,1,0,0,0,0,1,-1,1,0,0,0,-1,-1,-1,1,1,1,1,1,1,1,1,1,1,1,1,1,-1,-1,-1,1,0,0,0,-1,1,0,0,0,0,0,1,0,1,1,1,1,1,0,0,0,0,1,1,0,1,1,1,-1,0,0,0,0,0,0,0,0,0,0,0,0,0,0,1,1,1,0,0,1,1,0,0,100,0,0,0,0,0,0,0,0,0,0,0,0,0,0,0,0,0,0,0,0,1,1,1,1,1,1,1,0,0,0,0,1,1,1,1,0,0,0,3,-1,0,0,0,0,-1,0,0,0,0,-1,-1,-1,-1,-1,0,1,1,0,0,1,0,0,0,0,0,0,-1,1,-1,-1,100,100,0,1,-1,-1,-1,-1,-1,-1,-1
19902,Scorched R2,-1,-1,0,0,1,1,1,1,1,1,1,1,1,1,1,1,1,1,1,1,1,1,0,0,0,0,1,1,1,1,1,1,1,1,1,1,1,0,2103,0,0,0,0,0,0,0,0,0,1,1,1,0,0,0,0,1,1,1,1,0,-1,1,0,1,1,-1,1,1,1,1,-1,1,1,-1,-1,-1,1,1,-1,0,0,0,20,0,-1,0,0,0,0,0,100,0,0,0,0,0,0,0,0,0,0,0,0,254,254,275,0,0,0,0,-1,100,1,1,1,1,1,1,1,0,0,0,0,0,0,0,0,0,0,0,0,0,0,0,0,0,0,0,0,0,0,0,0,0,0,0,0,0,0,0,0,0,0,0,0,0,0,0,0,0,1,1,1,1,1,1,1,1,1,1,1,1,1,1,1,1,0,1,0,0,1,0,0,0,0,0,-1,90,-1,-1,-1,-1,-1,0,0,0,0,-1,-1,-1,-1,-1,-1,-1,0,0,-1,0,-1,1,1,1,1,1,1,1,1,1,-1,1,1,0,1,1,-1,1,0,0,0,0,0,0,1,1,1,1,1,1,1,1,0,0,0,0,-1,-1,1,1,1,1,-1,100,0,0,0,0,1,0,0,0,0,1,-1,1,0,0,0,-1,-1,-1,1,1,1,1,1,1,1,1,1,1,1,1,1,-1,-1,-1,1,0,0,0,-1,1,0,0,0,0,0,1,0,1,1,1,1,1,0,0,0,0,1,1,0,1,1,1,-1,0,0,0,0,0,0,0,0,0,0,0,0,0,0,1,1,1,0,0,1,1,0,0,100,0,0,0,0,0,0,0,0,0,0,0,0,0,0,0,0,0,0,0,0,1,1,1,1,1,1,1,0,0,0,0,1,1,1,1,0,0,0,3,-1,0,0,0,0,-1,0,0,0,0,-1,-1,-1,-1,-1,0,1,1,0,0,1,0,0,0,0,0,0,-1,1,-1,-1,100,100,0,1,-1,-1,-1,-1,-1,-1,-1
103730000,Lifehunt Scythe,-1,-1,0,0,1,1,1,1,1,1,1,1,1,1,1,1,1,1,1,1,1,1,0,0,0,0,1,1,1,1,1,1,1,1,1,1,1,0,13731000,0,0,0,0,0,0,0,0,0,1,1,1,0,0,0,0,1,1,1,1,0,-1,1,0,1,1,-1,1,1,1,1,-1,1,1,-1,-1,-1,1,1,-1,0,0,0,0,0,-1,0,0,0,0,0,100,0,0,0,0,0,0,0,0,0,0,0,0,254,254,275,0,0,0,0,-1,100,1,1,1,1,1,1,1,0,0,0,0,0,0,0,0,0,0,0,0,0,0,0,0,0,0,0,0,0,0,0,0,0,0,0,0,0,0,0,0,0,0,0,0,0,0,0,0,0,1,1,1,1,1,1,1,1,1,1,1,1,1,1,1,1,0,1,1,1,1,0,0,0,0,0,-1,-1,-1,-1,-1,-1,-1,0,0,0,0,-1,-1,-1,-1,-1,-1,-1,0,0,-1,0,-1,1,1,1,1,1,1,1,1,1,-1,1,1,0,1,1,-1,1,0,0,0,0,0,0,1,1,1,1,1,1,1,1,0,0,0,0,-1,-1,1,1,1,1,-1,100,0,0,0,0,1,0,0,0,0,1,-1,1,0,0,0,-1,-1,-1,1,1,1,1,1,1,1,1,1,1,1,1,1,-1,-1,-1,1,0,0,0,-1,1,0,0,0,0,0,1,0,1,1,1,1,1,0,0,0,0,1,1,0,1,1,1,-1,0,0,0,0,0,0,0,0,0,0,0,0,0,0,1,1,1,0,0,1,1,0,0,100,0,0,0,0,0,0,0,0,0,0,0,0,0,0,0,0,0,0,0,0,1,1,1,1,1,1,1,0,0,0,0,1,1,1,1,0,0,0,3,-1,0,0,0,0,-1,0,0,0,0,-1,-1,-1,-1,-1,0,1,1,0,0,1,0,0,0,0,0,0,-1,1,-1,-1,100,100,0,1,-1,-1,-1,-1,-1,-1,-1
103730100,Lifehunt Scythe,-1,-1,0,0,1,1,1,1,1,1,1,1,1,1,1,1,1,1,1,1,1,1,0,0,0,0,1,1,1,1,1,1,1,1,1,1,1,0,13731100,0,0,0,0,0,0,0,0,0,1,1,1,0,0,0,0,1,1,1,1,0,-1,1,0,1,1,-1,1,1,1,1,-1,1,1,-1,-1,-1,1,1,-1,0,0,0,0,0,-1,0,0,0,0,0,100,0,0,0,0,0,0,0,0,0,0,0,0,254,254,275,0,0,0,0,-1,100,1,1,1,1,1,1,1,0,0,0,0,0,0,0,0,0,0,0,0,0,0,0,0,0,0,0,0,0,0,0,0,0,0,0,0,0,0,0,0,0,0,0,0,0,0,0,0,0,1,1,1,1,1,1,1,1,1,1,1,1,1,1,1,1,0,1,1,1,1,0,0,0,0,0,-1,-1,-1,-1,-1,-1,-1,0,0,0,0,-1,-1,-1,-1,-1,-1,-1,0,0,-1,0,-1,1,1,1,1,1,1,1,1,1,-1,1,1,0,1,1,-1,1,0,0,0,0,0,0,1,1,1,1,1,1,1,1,0,0,0,0,-1,-1,1,1,1,1,-1,100,0,0,0,0,1,0,0,0,0,1,-1,1,0,0,0,-1,-1,-1,1,1,1,1,1,1,1,1,1,1,1,1,1,-1,-1,-1,1,0,0,0,-1,1,0,0,0,0,0,1,0,1,1,1,1,1,0,0,0,0,1,1,0,1,1,1,-1,0,0,0,0,0,0,0,0,0,0,0,0,0,0,1,1,1,0,0,1,1,0,0,100,0,0,0,0,0,0,0,0,0,0,0,0,0,0,0,0,0,0,0,0,1,1,1,1,1,1,1,0,0,0,0,1,1,1,1,0,0,0,3,-1,0,0,0,0,-1,0,0,0,0,-1,-1,-1,-1,-1,0,1,1,0,0,1,0,0,0,0,0,0,-1,1,-1,-1,100,100,0,1,-1,-1,-1,-1,-1,-1,-1
103730200,Lifehunt Scythe,-1,-1,0,0,1,1,1,1,1,1,1,1,1,1,1,1,1,1,1,1,1,1,0,0,0,0,1,1,1,1,1,1,1,1,1,1,1,0,13731200,0,0,0,0,0,0,0,0,0,1,1,1,0,0,0,0,1,1,1,1,0,-1,1,0,1,1,-1,1,1,1,1,-1,1,1,-1,-1,-1,1,1,-1,0,0,0,0,0,-1,0,0,0,0,0,100,0,0,0,0,0,0,0,0,0,0,0,0,254,254,275,0,0,0,0,-1,100,1,1,1,1,1,1,1,0,0,0,0,0,0,0,0,0,0,0,0,0,0,0,0,0,0,0,0,0,0,0,0,0,0,0,0,0,0,0,0,0,0,0,0,0,0,0,0,0,1,1,1,1,1,1,1,1,1,1,1,1,1,1,1,1,0,1,1,1,1,0,0,0,0,0,-1,-1,-1,-1,-1,-1,-1,0,0,0,0,-1,-1,-1,-1,-1,-1,-1,0,0,-1,0,-1,1,1,1,1,1,1,1,1,1,-1,1,1,0,1,1,-1,1,0,0,0,0,0,0,1,1,1,1,1,1,1,1,0,0,0,0,-1,-1,1,1,1,1,-1,100,0,0,0,0,1,0,0,0,0,1,-1,1,0,0,0,-1,-1,-1,1,1,1,1,1,1,1,1,1,1,1,1,1,-1,-1,-1,1,0,0,0,-1,1,0,0,0,0,0,1,0,1,1,1,1,1,0,0,0,0,1,1,0,1,1,1,-1,0,0,0,0,0,0,0,0,0,0,0,0,0,0,1,1,1,0,0,1,1,0,0,100,0,0,0,0,0,0,0,0,0,0,0,0,0,0,0,0,0,0,0,0,1,1,1,1,1,1,1,0,0,0,0,1,1,1,1,0,0,0,3,-1,0,0,0,0,-1,0,0,0,0,-1,-1,-1,-1,-1,0,1,1,0,0,1,0,0,0,0,0,0,-1,1,-1,-1,100,100,0,1,-1,-1,-1,-1,-1,-1,-1
103730300,Lifehunt Scythe,-1,-1,0,0,1,1,1,1,1,1,1,1,1,1,1,1,1,1,1,1,1,1,0,0,0,0,1,1,1,1,1,1,1,1,1,1,1,0,13731300,0,0,0,0,0,0,0,0,0,1,1,1,0,0,0,0,1,1,1,1,0,-1,1,0,1,1,-1,1,1,1,1,-1,1,1,-1,-1,-1,1,1,-1,0,0,0,0,0,-1,0,0,0,0,0,100,0,0,0,0,0,0,0,0,0,0,0,0,254,254,275,0,0,0,0,-1,100,1,1,1,1,1,1,1,0,0,0,0,0,0,0,0,0,0,0,0,0,0,0,0,0,0,0,0,0,0,0,0,0,0,0,0,0,0,0,0,0,0,0,0,0,0,0,0,0,1,1,1,1,1,1,1,1,1,1,1,1,1,1,1,1,0,1,1,1,1,0,0,0,0,0,-1,-1,-1,-1,-1,-1,-1,0,0,0,0,-1,-1,-1,-1,-1,-1,-1,0,0,-1,0,-1,1,1,1,1,1,1,1,1,1,-1,1,1,0,1,1,-1,1,0,0,0,0,0,0,1,1,1,1,1,1,1,1,0,0,0,0,-1,-1,1,1,1,1,-1,100,0,0,0,0,1,0,0,0,0,1,-1,1,0,0,0,-1,-1,-1,1,1,1,1,1,1,1,1,1,1,1,1,1,-1,-1,-1,1,0,0,0,-1,1,0,0,0,0,0,1,0,1,1,1,1,1,0,0,0,0,1,1,0,1,1,1,-1,0,0,0,0,0,0,0,0,0,0,0,0,0,0,1,1,1,0,0,1,1,0,0,100,0,0,0,0,0,0,0,0,0,0,0,0,0,0,0,0,0,0,0,0,1,1,1,1,1,1,1,0,0,0,0,1,1,1,1,0,0,0,3,-1,0,0,0,0,-1,0,0,0,0,-1,-1,-1,-1,-1,0,1,1,0,0,1,0,0,0,0,0,0,-1,1,-1,-1,100,100,0,1,-1,-1,-1,-1,-1,-1,-1
103730400,Lifehunt Scythe,-1,-1,0,0,1,1,1,1,1,1,1,1,1,1,1,1,1,1,1,1,1,1,0,0,0,0,1,1,1,1,1,1,1,1,1,1,1,0,13731400,0,0,0,0,0,0,0,0,0,1,1,1,0,0,0,0,1,1,1,1,0,-1,1,0,1,1,-1,1,1,1,1,-1,1,1,-1,-1,-1,1,1,-1,0,0,0,0,0,-1,0,0,0,0,0,100,0,0,0,0,0,0,0,0,0,0,0,0,254,254,275,0,0,0,0,-1,100,1,1,1,1,1,1,1,0,0,0,0,0,0,0,0,0,0,0,0,0,0,0,0,0,0,0,0,0,0,0,0,0,0,0,0,0,0,0,0,0,0,0,0,0,0,0,0,0,1,1,1,1,1,1,1,1,1,1,1,1,1,1,1,1,0,1,1,1,1,0,0,0,0,0,-1,-1,-1,-1,-1,-1,-1,0,0,0,0,-1,-1,-1,-1,-1,-1,-1,0,0,-1,0,-1,1,1,1,1,1,1,1,1,1,-1,1,1,0,1,1,-1,1,0,0,0,0,0,0,1,1,1,1,1,1,1,1,0,0,0,0,-1,-1,1,1,1,1,-1,100,0,0,0,0,1,0,0,0,0,1,-1,1,0,0,0,-1,-1,-1,1,1,1,1,1,1,1,1,1,1,1,1,1,-1,-1,-1,1,0,0,0,-1,1,0,0,0,0,0,1,0,1,1,1,1,1,0,0,0,0,1,1,0,1,1,1,-1,0,0,0,0,0,0,0,0,0,0,0,0,0,0,1,1,1,0,0,1,1,0,0,100,0,0,0,0,0,0,0,0,0,0,0,0,0,0,0,0,0,0,0,0,1,1,1,1,1,1,1,0,0,0,0,1,1,1,1,0,0,0,3,-1,0,0,0,0,-1,0,0,0,0,-1,-1,-1,-1,-1,0,1,1,0,0,1,0,0,0,0,0,0,-1,1,-1,-1,100,100,0,1,-1,-1,-1,-1,-1,-1,-1
103731000,Lifehunt Scythe Heal,-1,-1,0.03,1,1,1,1,1,1,1,1,1,1,1,1,1,1,1,1,1,1,1,0,0,0,0,1,1,1,1,1,1,1,1,1,1,1,0,-1,-0.1,-68,0,0,0,0,0,0,0,1,1,1,0,0,0,0,1,1,1,1,0,-1,1,0,1,1,-1,1,1,1,1,-1,1,1,-1,-1,-1,1,1,-1,0,0,0,0,0,-1,0,0,0,0,0,100,0,0,0,0,0,0,0,0,0,0,0,0,254,254,0,0,0,0,0,-1,100,1,1,1,1,1,1,1,0,0,1,0,0,0,0,0,0,0,0,0,0,0,0,0,0,0,0,0,0,0,0,0,0,0,0,0,0,0,0,0,0,0,0,0,0,0,0,0,0,1,1,1,1,1,1,1,1,1,1,1,1,1,1,1,1,0,1,0,0,1,0,0,0,0,0,-1,-1,350300,-1,-1,-1,-1,0,0,0,0,-1,-1,-1,-1,-1,-1,-1,0,0,-1,0,-1,1,1,1,1,1,1,1,1,1,-1,1,1,0,1,1,-1,1,0,0,0,0,0,0,1,1,1,1,1,1,1,1,0,0,0,0,-1,-1,1,1,1,1,-1,100,0,0,0,0,0,0,0,0,0,1,-1,1,0,0,0,-1,-1,-1,1,1,1,1,1,1,1,1,1,1,1,1,1,-1,-1,-1,1,0,0,0,-1,1,0,0,0,0,0,1,0,1,1,1,1,1,0,0,0,0,1,1,0,1,1,1,-1,0,0,0,0,0,0,0,0,0,0,0,0,0,0,1,1,1,0,0,1,1,0,0,100,0,0,0,0,0,0,0,1,0,0,0,0,0,0,0,0,0,0,0,0,1,1,1,1,1,1,1,0,0,0,0,1,1,1,1,0,0,0,3,-1,0,0,0,0,-1,0,0,0,0,-1,-1,-1,-1,-1,0,1,1,0,0,1,0,0,0,0,0,0,-1,1,-1,-1,100,100,0,1,-1,-1,-1,-1,-1,-1,-1
103731100,Lifehunt Scythe Heal,-1,-1,0.03,1,1,1,1,1,1,1,1,1,1,1,1,1,1,1,1,1,1,1,0,0,0,0,1,1,1,1,1,1,1,1,1,1,1,0,-1,-0.2,-73,0,0,0,0,0,0,0,1,1,1,0,0,0,0,1,1,1,1,0,-1,1,0,1,1,-1,1,1,1,1,-1,1,1,-1,-1,-1,1,1,-1,0,0,0,0,0,-1,0,0,0,0,0,100,0,0,0,0,0,0,0,0,0,0,0,0,254,254,0,0,0,0,0,-1,100,1,1,1,1,1,1,1,0,0,1,0,0,0,0,0,0,0,0,0,0,0,0,0,0,0,0,0,0,0,0,0,0,0,0,0,0,0,0,0,0,0,0,0,0,0,0,0,0,1,1,1,1,1,1,1,1,1,1,1,1,1,1,1,1,0,1,0,0,1,0,0,0,0,0,-1,-1,350300,-1,-1,-1,-1,0,0,0,0,-1,-1,-1,-1,-1,-1,-1,0,0,-1,0,-1,1,1,1,1,1,1,1,1,1,-1,1,1,0,1,1,-1,1,0,0,0,0,0,0,1,1,1,1,1,1,1,1,0,0,0,0,-1,-1,1,1,1,1,-1,100,0,0,0,0,0,0,0,0,0,1,-1,1,0,0,0,-1,-1,-1,1,1,1,1,1,1,1,1,1,1,1,1,1,-1,-1,-1,1,0,0,0,-1,1,0,0,0,0,0,1,0,1,1,1,1,1,0,0,0,0,1,1,0,1,1,1,-1,0,0,0,0,0,0,0,0,0,0,0,0,0,0,1,1,1,0,0,1,1,0,0,100,0,0,0,0,0,0,0,1,0,0,0,0,0,0,0,0,0,0,0,0,1,1,1,1,1,1,1,0,0,0,0,1,1,1,1,0,0,0,3,-1,0,0,0,0,-1,0,0,0,0,-1,-1,-1,-1,-1,0,1,1,0,0,1,0,0,0,0,0,0,-1,1,-1,-1,100,100,0,1,-1,-1,-1,-1,-1,-1,-1
103731200,Lifehunt Scythe Heal,-1,-1,0.03,1,1,1,1,1,1,1,1,1,1,1,1,1,1,1,1,1,1,1,0,0,0,0,1,1,1,1,1,1,1,1,1,1,1,0,-1,-0.3,-78,0,0,0,0,0,0,0,1,1,1,0,0,0,0,1,1,1,1,0,-1,1,0,1,1,-1,1,1,1,1,-1,1,1,-1,-1,-1,1,1,-1,0,0,0,0,0,-1,0,0,0,0,0,100,0,0,0,0,0,0,0,0,0,0,0,0,254,254,0,0,0,0,0,-1,100,1,1,1,1,1,1,1,0,0,1,0,0,0,0,0,0,0,0,0,0,0,0,0,0,0,0,0,0,0,0,0,0,0,0,0,0,0,0,0,0,0,0,0,0,0,0,0,0,1,1,1,1,1,1,1,1,1,1,1,1,1,1,1,1,0,1,0,0,1,0,0,0,0,0,-1,-1,350300,-1,-1,-1,-1,0,0,0,0,-1,-1,-1,-1,-1,-1,-1,0,0,-1,0,-1,1,1,1,1,1,1,1,1,1,-1,1,1,0,1,1,-1,1,0,0,0,0,0,0,1,1,1,1,1,1,1,1,0,0,0,0,-1,-1,1,1,1,1,-1,100,0,0,0,0,0,0,0,0,0,1,-1,1,0,0,0,-1,-1,-1,1,1,1,1,1,1,1,1,1,1,1,1,1,-1,-1,-1,1,0,0,0,-1,1,0,0,0,0,0,1,0,1,1,1,1,1,0,0,0,0,1,1,0,1,1,1,-1,0,0,0,0,0,0,0,0,0,0,0,0,0,0,1,1,1,0,0,1,1,0,0,100,0,0,0,0,0,0,0,1,0,0,0,0,0,0,0,0,0,0,0,0,1,1,1,1,1,1,1,0,0,0,0,1,1,1,1,0,0,0,3,-1,0,0,0,0,-1,0,0,0,0,-1,-1,-1,-1,-1,0,1,1,0,0,1,0,0,0,0,0,0,-1,1,-1,-1,100,100,0,1,-1,-1,-1,-1,-1,-1,-1
103731300,Lifehunt Scythe Heal,-1,-1,0.03,1,1,1,1,1,1,1,1,1,1,1,1,1,1,1,1,1,1,1,0,0,0,0,1,1,1,1,1,1,1,1,1,1,1,0,-1,-0.4,-83,0,0,0,0,0,0,0,1,1,1,0,0,0,0,1,1,1,1,0,-1,1,0,1,1,-1,1,1,1,1,-1,1,1,-1,-1,-1,1,1,-1,0,0,0,0,0,-1,0,0,0,0,0,100,0,0,0,0,0,0,0,0,0,0,0,0,254,254,0,0,0,0,0,-1,100,1,1,1,1,1,1,1,0,0,1,0,0,0,0,0,0,0,0,0,0,0,0,0,0,0,0,0,0,0,0,0,0,0,0,0,0,0,0,0,0,0,0,0,0,0,0,0,0,1,1,1,1,1,1,1,1,1,1,1,1,1,1,1,1,0,1,0,0,1,0,0,0,0,0,-1,-1,350300,-1,-1,-1,-1,0,0,0,0,-1,-1,-1,-1,-1,-1,-1,0,0,-1,0,-1,1,1,1,1,1,1,1,1,1,-1,1,1,0,1,1,-1,1,0,0,0,0,0,0,1,1,1,1,1,1,1,1,0,0,0,0,-1,-1,1,1,1,1,-1,100,0,0,0,0,0,0,0,0,0,1,-1,1,0,0,0,-1,-1,-1,1,1,1,1,1,1,1,1,1,1,1,1,1,-1,-1,-1,1,0,0,0,-1,1,0,0,0,0,0,1,0,1,1,1,1,1,0,0,0,0,1,1,0,1,1,1,-1,0,0,0,0,0,0,0,0,0,0,0,0,0,0,1,1,1,0,0,1,1,0,0,100,0,0,0,0,0,0,0,1,0,0,0,0,0,0,0,0,0,0,0,0,1,1,1,1,1,1,1,0,0,0,0,1,1,1,1,0,0,0,3,-1,0,0,0,0,-1,0,0,0,0,-1,-1,-1,-1,-1,0,1,1,0,0,1,0,0,0,0,0,0,-1,1,-1,-1,100,100,0,1,-1,-1,-1,-1,-1,-1,-1
103731400,Lifehunt Scythe Heal,-1,-1,0.03,1,1,1,1,1,1,1,1,1,1,1,1,1,1,1,1,1,1,1,0,0,0,0,1,1,1,1,1,1,1,1,1,1,1,0,-1,-0.5,-88,0,0,0,0,0,0,0,1,1,1,0,0,0,0,1,1,1,1,0,-1,1,0,1,1,-1,1,1,1,1,-1,1,1,-1,-1,-1,1,1,-1,0,0,0,0,0,-1,0,0,0,0,0,100,0,0,0,0,0,0,0,0,0,0,0,0,254,254,0,0,0,0,0,-1,100,1,1,1,1,1,1,1,0,0,1,0,0,0,0,0,0,0,0,0,0,0,0,0,0,0,0,0,0,0,0,0,0,0,0,0,0,0,0,0,0,0,0,0,0,0,0,0,0,1,1,1,1,1,1,1,1,1,1,1,1,1,1,1,1,0,1,0,0,1,0,0,0,0,0,-1,-1,350300,-1,-1,-1,-1,0,0,0,0,-1,-1,-1,-1,-1,-1,-1,0,0,-1,0,-1,1,1,1,1,1,1,1,1,1,-1,1,1,0,1,1,-1,1,0,0,0,0,0,0,1,1,1,1,1,1,1,1,0,0,0,0,-1,-1,1,1,1,1,-1,100,0,0,0,0,0,0,0,0,0,1,-1,1,0,0,0,-1,-1,-1,1,1,1,1,1,1,1,1,1,1,1,1,1,-1,-1,-1,1,0,0,0,-1,1,0,0,0,0,0,1,0,1,1,1,1,1,0,0,0,0,1,1,0,1,1,1,-1,0,0,0,0,0,0,0,0,0,0,0,0,0,0,1,1,1,0,0,1,1,0,0,100,0,0,0,0,0,0,0,1,0,0,0,0,0,0,0,0,0,0,0,0,1,1,1,1,1,1,1,0,0,0,0,1,1,1,1,0,0,0,3,-1,0,0,0,0,-1,0,0,0,0,-1,-1,-1,-1,-1,0,1,1,0,0,1,0,0,0,0,0,0,-1,1,-1,-1,100,100,0,1,-1,-1,-1,-1,-1,-1,-1
100056,White Light Charge,-1,-1,0,0.3,1,1,1,1,1,1,1,1,1,1,1,1,1,1,1,1,1,1,0,0,0,0,1,1,1,1,1,1,1,1,1,1,1,0,-1,0,0,0,20,0,0,0,0,0,1,1,1,0,0,0,0,1,1,1,1,0,-1,1,0,1,1,-1,1,1,1,1,-1,1,1,-1,-1,-1,1,1,-1,0,0,0,0,0,-1,0,0,0,0,0,100,0,0,0,0,0,0,0,0,0,0,0,0,254,254,0,0,0,0,0,-1,100,1,1,1,1,1,1,1,0,0,0,0,0,0,0,0,0,0,0,0,0,0,0,0,0,0,0,0,0,0,0,0,0,0,0,0,0,0,0,0,0,0,0,0,0,0,0,0,0,1,1,1,1,1,1,1,1,1,1,1,1,1,1,1,1,0,1,1,1,1,0,0,0,0,0,-1,-1,-1,-1,-1,-1,-1,0,0,0,0,-1,-1,-1,-1,-1,-1,-1,0,0,-1,0,-1,1,1,1,1,1,1,1,1,1,-1,1,1,0,1,1,-1,1,0,0,0,0,0,0,1,1,1,1,1,1,1,1,0,0,0,0,-1,-1,1,1,1,1,-1,100,0,0,0,0,0,0,0,0,0,1,-1,1,0,0,0,-1,-1,-1,1,1,1,1,1,1,1,1,1,1,1,1,1,-1,-1,-1,1,0,0,0,-1,1,0,0,0,0,0,1,0,1,1,1,1,1,0,0,0,0,1,1,0,1,1,1,-1,0,0,0,0,0,0,0,0,0,0,0,0,0,0,1,1,1,0,0,1,1,0,0,100,0,0,0,0,0,0,0,1,0,0,0,0,0,0,0,0,0,0,0,0,1,1,1,1,1,1,1,0,0,0,0,1,1,1,1,0,0,0,3,-1,0,0,0,0,-1,0,0,0,0,-1,-1,-1,-1,-1,0,1,1,0,0,1,0,0,0,0,0,0,-1,1,-1,-1,100,100,0,1,-1,-1,-1,-1,-1,-1,-1
100057,Crucifix 1,-1,-1,0,0.3,1,1,1,1,1,1,1,1,1,1,1,1,1,1,1,1,1,1,0,0,0,0,1,1,1,1,1,1,1,1,1,1,1,0,-1,0,20,0,0,0,0,0,0,0,1,1,1,0,0,0,0,1,1,1,1,0,-1,1,0,1,1,-1,1,1,1,1,-1,1,1,-1,-1,-1,1,1,-1,0,0,0,0,0,-1,0,0,0,0,0,100,0,0,0,0,0,0,0,0,0,0,0,0,254,254,0,0,0,0,0,-1,100,1,1,1,1,1,1,1,0,0,0,0,0,0,0,0,0,0,0,0,0,0,0,0,0,0,0,0,0,0,0,0,0,0,0,0,0,0,0,0,0,0,0,0,0,0,0,0,0,1,1,1,1,1,1,1,1,1,1,1,1,1,1,1,1,0,1,1,1,1,0,0,0,0,0,-1,-1,-1,-1,-1,-1,-1,0,0,0,0,-1,-1,-1,-1,-1,-1,-1,0,0,-1,0,-1,1,1,1,1,1,1,1,1,1,-1,1,1,0,1,1,-1,1,0,0,0,0,0,0,1,1,1,1,1,1,1,1,0,0,0,0,-1,-1,1,1,1,1,-1,100,0,0,0,0,0,0,0,0,0,1,-1,1,0,0,0,-1,-1,-1,1,1,1,1,1,1,1,1,1,1,1,1,1,-1,-1,-1,1,0,0,0,-1,1,0,0,0,0,0,1,0,1,1,1,1,1,0,0,0,0,1,1,0,1,1,1,-1,0,0,0,0,0,0,0,0,0,0,0,0,0,0,1,1,1,0,0,1,1,0,0,100,0,0,0,0,0,0,0,1,0,0,0,0,0,0,0,0,0,0,0,0,1,1,1,1,1,1,1,0,0,0,0,1,1,1,1,0,0,0,3,-1,0,0,0,0,-1,0,0,0,0,-1,-1,-1,-1,-1,0,1,1,0,0,1,0,0,0,0,0,0,-1,1,-1,-1,100,100,0,1,-1,-1,-1,-1,-1,-1,-1
100058,_1,-1,-1,0,0,1,1,1,1,1,1,1,1,1,1,1,1,1,1,1,1,1,1,0,0,0,0,1,1,1,1,1,1,1,1,1,1,1,0,-1,0,0,0,0,0,0,0,0,0,1,1,1,0,0,0,0,1,1,1,1,0,-1,1,0,1,1,-1,1,1,1,1,-1,1,1,-1,-1,-1,1,1,-1,0,0,0,20,0,-1,0,0,0,0,0,100,0,0,0,0,0,0,0,0,0,0,0,0,254,254,0,0,0,0,0,-1,100,1,1,1,1,1,1,1,0,0,0,0,0,0,0,0,0,0,0,0,0,0,0,0,0,0,0,0,0,0,0,0,0,0,0,0,0,0,0,0,0,0,0,0,0,0,0,0,0,1,1,1,1,1,1,1,1,1,1,1,1,1,1,1,1,0,1,1,1,1,0,0,0,0,0,-1,-1,-1,-1,-1,-1,-1,0,0,0,0,-1,-1,-1,-1,-1,-1,-1,0,0,-1,0,-1,1,1,1,1,1,1,1,1,1,-1,1,1,0,1,1,-1,1,0,0,0,0,0,0,1,1,1,1,1,1,1,1,0,0,0,0,-1,-1,1,1,1,1,-1,100,0,0,0,0,0,0,0,0,0,1,-1,1,0,0,0,-1,-1,-1,1,1,1,1,1,1,1,1,1,1,1,1,1,-1,-1,-1,1,0,0,0,-1,1,0,0,0,0,0,1,0,1,1,1,1,1,0,0,0,0,1,1,0,1,1,1,-1,0,0,0,0,0,0,0,0,0,0,0,0,0,0,1,1,1,0,0,1,1,0,0,100,0,0,0,0,0,0,0,1,0,0,0,0,0,0,0,0,0,0,0,0,1,1,1,1,1,1,1,0,0,0,0,1,1,1,1,0,0,0,3,-1,0,0,0,0,-1,0,0,0,0,-1,-1,-1,-1,-1,0,1,1,0,0,1,0,0,0,0,0,0,-1,1,-1,-1,100,100,0,1,-1,-1,-1,-1,-1,-1,-1
100059,_1_1,-1,-1,0,0,1,1,1,1,1,1,1,1,1,1,1,1,1,1,1,1,1,1,0,0,0,0,1,1,1,1,1,1,1,1,1,1,1,0,-1,0,0,0,0,0,0,0,0,0,1,1,1,0,0,0,0,1,1,1,1,0,-1,1,0,1,1,-1,1,1,1,1,-1,1,1,-1,-1,-1,1,1,-1,0,0,0,20,0,-1,0,0,0,0,0,100,0,0,0,0,0,0,0,0,0,0,0,0,254,254,0,0,0,0,0,-1,100,1,1,1,1,1,1,1,0,0,0,0,0,0,0,0,0,0,0,0,0,0,0,0,0,0,0,0,0,0,0,0,0,0,0,0,0,0,0,0,0,0,0,0,0,0,0,0,0,1,1,1,1,1,1,1,1,1,1,1,1,1,1,1,1,0,1,1,1,1,0,0,0,0,0,-1,-1,-1,-1,-1,-1,-1,0,0,0,0,-1,-1,-1,-1,-1,-1,-1,0,0,-1,0,-1,1,1,1,1,1,1,1,1,1,-1,1,1,0,1,1,-1,1,0,0,0,0,0,0,1,1,1,1,1,1,1,1,0,0,0,0,-1,-1,1,1,1,1,-1,100,0,0,0,0,0,0,0,0,0,1,-1,1,0,0,0,-1,-1,-1,1,1,1,1,1,1,1,1,1,1,1,1,1,-1,-1,-1,1,0,0,0,-1,1,0,0,0,0,0,1,0,1,1,1,1,1,0,0,0,0,1,1,0,1,1,1,-1,0,0,0,0,0,0,0,0,0,0,0,0,0,0,1,1,1,0,0,1,1,0,0,100,0,0,0,0,0,0,0,1,0,0,0,0,0,0,0,0,0,0,0,0,1,1,1,1,1,1,1,0,0,0,0,1,1,1,1,0,0,0,3,-1,0,0,0,0,-1,0,0,0,0,-1,-1,-1,-1,-1,0,1,1,0,0,1,0,0,0,0,0,0,-1,1,-1,-1,100,100,0,1,-1,-1,-1,-1,-1,-1,-1
100061,ds3,-1,-1,-1,0,1,1,1,1,1,1,1,1,1,1,1,1,1,1,1,1,1,1,0,0,0,0,1,1,1,1,1,1,1,1,1,1,1,0,-1,0,0,0,0,0,0,0,0,0,1,1,1,0,0,0,0,1,1,1,1,0,-1,1,0,1,1,-1,1,1,1,1,-1,1,1,-1,-1,-1,1,1,-1,0,0,0,0,0,-1,0,0,0,0,0,100,0,0,0,0,0,0,0,0,0,0,0,0,254,254,0,0,0,0,0,-1,100,1,1,1,1,1,1,1,0,0,0,0,0,0,0,0,0,0,0,0,0,0,0,0,0,0,0,0,0,0,0,0,0,0,0,0,0,0,0,0,0,0,0,0,0,0,0,0,0,1,1,1,1,1,1,1,1,1,1,1,1,1,1,1,1,0,1,0,0,1,0,0,0,0,0,-1,-1,-1,-1,-1,-1,-1,0,0,0,0,-1,-1,-1,-1,-1,-1,-1,0,0,-1,0,-1,1,1,1,1,1,1,1,1,1,-1,1,1,0,1,1,-1,1,0,0,0,0,0,0,1,1,1,1,1,1,1,1,0,0,0,0,-1,-1,1,1,1,1,-1,100,0,0,0,0,0,0,0,0,0,1,-1,1,0,0,0,-1,-1,-1,1,1,1,1,1,1,1,1,1,1,1,1,1,-1,-1,-1,1,0,0,0,-1,1,0,0,0,0,0,1,0,1,1,1,1,1,0,0,0,0,1,1,0,1,1,1,-1,0,0,0,0,0,0,0,0,0,0,0,0,0,0,1,1,1,0,0,1,1,0,0,100,0,0,0,0,0,0,0,1,0,0,0,0,0,0,0,0,0,0,0,0,1,1,1,1,1,1,1,0,0,0,0,1,1,1,1,0,0,0,3,-1,0,0,0,0,-1,0,0,0,0,-1,-1,-1,-1,-1,0,1,1,0,0,1,0,0,0,0,0,0,-1,1,-1,-1,100,100,0,1,-1,-1,-1,-1,-1,-1,-1
100062,ds3 1,-1,-1,0,0,1,1,1,1,1,1,1,1,1,1,1,1,1,1,1,1,1,1,0,0,0,0,1,1,1,1,1,1,1,1,1,1,1,0,-1,0,0,0,0,0,0,0,0,0,1,1,1,0,0,0,0,1,1,1,1,0,-1,1,0,1,1,-1,1,1,1,1,-1,1,1,-1,-1,-1,1,1,-1,0,0,0,20,0,-1,0,0,0,0,0,100,0,0,0,0,0,0,0,0,0,0,0,0,254,254,0,0,0,0,0,-1,100,1,1,1,1,1,1,1,0,0,0,0,0,0,0,0,0,0,0,0,0,0,0,0,0,0,0,0,0,0,0,0,0,0,0,0,0,0,0,0,0,0,0,0,0,0,0,0,0,1,1,1,1,1,1,1,1,1,1,1,1,1,1,1,1,0,1,1,1,1,0,0,0,0,0,-1,-1,-1,-1,-1,-1,-1,0,0,0,0,-1,-1,-1,-1,-1,-1,-1,0,0,-1,0,-1,1,1,1,1,1,1,1,1,1,-1,1,1,0,1,1,-1,1,0,0,0,0,0,0,1,1,1,1,1,1,1,1,0,0,0,0,-1,-1,1,1,1,1,-1,100,0,0,0,0,0,0,0,0,0,1,-1,1,0,0,0,-1,-1,-1,1,1,1,1,1,1,1,1,1,1,1,1,1,-1,-1,-1,1,0,0,0,-1,1,0,0,0,0,0,1,0,1,1,1,1,1,0,0,0,0,1,1,0,1,1,1,-1,0,0,0,0,0,0,0,0,0,0,0,0,0,0,1,1,1,0,0,1,1,0,0,100,0,0,0,0,0,0,0,1,0,0,0,0,0,0,0,0,0,0,0,0,1,1,1,1,1,1,1,0,0,0,0,1,1,1,1,0,0,0,3,-1,0,0,0,0,-1,0,0,0,0,-1,-1,-1,-1,-1,0,1,1,0,0,1,0,0,0,0,0,0,-1,1,-1,-1,100,100,0,1,-1,-1,-1,-1,-1,-1,-1
100063,ds3 2,-1,-1,0,0,1,1,1,1,1,1,1,1,1,1,1,1,1,1,1,1,1,1,0,0,0,0,1,1,1,1,1,1,1,1,1,1,1,0,-1,0,0,0,0,0,0,0,0,0,1,1,1,0,0,0,0,1,1,1,1,0,-1,1,0,1,1,-1,1,1,1,1,-1,1,1,-1,-1,-1,1,1,-1,0,0,0,20,0,-1,0,0,0,0,0,100,0,0,0,0,0,0,0,0,0,0,0,0,254,254,0,0,0,0,0,-1,100,1,1,1,1,1,1,1,0,0,0,0,0,0,0,0,0,0,0,0,0,0,0,0,0,0,0,0,0,0,0,0,0,0,0,0,0,0,0,0,0,0,0,0,0,0,0,0,0,1,1,1,1,1,1,1,1,1,1,1,1,1,1,1,1,0,1,1,1,1,0,0,0,0,0,-1,-1,-1,-1,-1,-1,-1,0,0,0,0,-1,-1,-1,-1,-1,-1,-1,0,0,-1,0,-1,1,1,1,1,1,1,1,1,1,-1,1,1,0,1,1,-1,1,0,0,0,0,0,0,1,1,1,1,1,1,1,1,0,0,0,0,-1,-1,1,1,1,1,-1,100,0,0,0,0,0,0,0,0,0,1,-1,1,0,0,0,-1,-1,-1,1,1,1,1,1,1,1,1,1,1,1,1,1,-1,-1,-1,1,0,0,0,-1,1,0,0,0,0,0,1,0,1,1,1,1,1,0,0,0,0,1,1,0,1,1,1,-1,0,0,0,0,0,0,0,0,0,0,0,0,0,0,1,1,1,0,0,1,1,0,0,100,0,0,0,0,0,0,0,1,0,0,0,0,0,0,0,0,0,0,0,0,1,1,1,1,1,1,1,0,0,0,0,1,1,1,1,0,0,0,3,-1,0,0,0,0,-1,0,0,0,0,-1,-1,-1,-1,-1,0,1,1,0,0,1,0,0,0,0,0,0,-1,1,-1,-1,100,100,0,1,-1,-1,-1,-1,-1,-1,-1
100064,ds3 dual,-1,-1,0,0,1,1,1,1,1,1,1,1,1,1,1,1,1,1,1,1,1,1,0,0,0,0,1,1,1,1,1,1,1,1,1,1,1,0,-1,0,0,0,0,0,0,0,0,0,1,1,1,0,0,0,0,1,1,1,1,0,-1,1,0,1,1,-1,1,1,1,1,-1,1,1,-1,-1,-1,1,1,-1,0,0,0,0,0,-1,0,0,0,0,0,100,0,0,0,0,0,0,0,0,0,0,0,0,254,254,0,0,0,0,0,-1,100,1,1,1,1,1,1,1,0,0,0,0,0,0,0,0,0,0,0,0,0,0,0,0,0,0,0,0,0,0,0,0,0,0,0,0,0,0,0,0,0,0,0,0,0,0,0,0,0,1,1,1,1,1,1,1,1,1,1,1,1,1,1,1,1,0,1,0,0,1,0,0,0,0,0,-1,-1,-1,-1,-1,-1,-1,0,0,0,0,-1,-1,-1,-1,-1,-1,-1,0,0,-1,0,-1,1,1,1,1,1,1,1,1,1,-1,1,1,0,1,1,-1,1,0,0,0,0,0,0,1,1,1,1,1,1,1,1,0,0,0,0,-1,-1,1,1,1,1,-1,100,0,0,0,0,0,0,0,0,0,1,-1,1,0,0,0,-1,-1,-1,1,1,1,1,1,1,1,1,1,1,1,1,1,-1,-1,-1,1,0,0,0,-1,1,0,0,0,0,0,1,0,1,1,1,1,1,0,0,0,0,1,1,0,1,1,1,-1,0,0,0,0,0,0,0,0,0,0,0,0,0,0,1,1,1,0,0,1,1,0,0,100,0,0,0,0,0,0,0,1,0,0,0,0,0,0,0,0,0,0,0,0,1,1,1,1,1,1,1,0,0,0,0,1,1,1,1,0,0,0,3,-1,0,0,0,0,-1,0,0,0,0,-1,-1,-1,-1,-1,0,1,1,0,0,1,0,0,0,0,0,0,-1,1,-1,-1,100,100,0,1,-1,-1,-1,-1,-1,-1,-1
100065,ds3 dual_1,-1,-1,0,0,1,1,1,1,1,1,1,1,1,1,1,1,1,1,1,1,1,1,0,0,0,0,1,1,1,1,1,1,1,1,1,1,1,0,-1,0,0,0,0,0,0,0,0,0,1,1,1,0,0,0,0,1,1,1,1,0,-1,1,0,1,1,-1,1,1,1,1,-1,1,1,-1,-1,-1,1,1,-1,0,0,0,160,0,-1,0,0,0,0,0,100,0,0,0,0,0,0,0,0,0,0,0,0,254,254,2295,0,0,0,0,-1,100,1,0,0,0,0,0,0,0,0,0,0,0,0,0,0,0,0,0,0,0,0,0,0,0,0,0,0,0,0,0,0,0,0,0,0,0,0,0,0,0,0,0,0,0,0,0,0,0,1,1,1,1,1,1,1,1,1,1,1,1,1,1,1,1,0,1,0,0,1,0,0,0,0,0,-1,-1,-1,-1,-1,-1,-1,0,0,0,0,-1,-1,-1,-1,-1,-1,-1,0,0,-1,0,-1,1,1,1,1,1,1,1,1,1,-1,1,1,0,1,1,-1,1,0,0,0,0,0,0,1,1,1,1,1,1,1,1,0,0,0,0,-1,-1,1,1,1,1,-1,100,0,0,0,0,0,0,0,0,0,1,-1,1,0,0,0,-1,-1,-1,1,1,1,1,1,1,1,1,1,1,1,1,1,-1,-1,-1,1,0,0,0,-1,1,0,0,0,0,0,1,0,1,1,1,1,1,0,0,0,0,1,1,0,1,1,1,-1,0,0,0,0,0,0,0,0,0,0,0,0,0,0,1,1,1,0,0,1,1,0,0,100,0,0,0,0,0,0,0,1,0,0,0,0,0,0,0,0,0,0,0,0,1,1,1,1,1,1,1,0,0,0,0,1,1,1,1,0,0,0,3,-1,0,0,0,0,-1,0,0,0,0,-1,-1,-1,-1,-1,0,1,1,0,0,1,0,0,0,0,0,0,-1,1,-1,-1,100,100,0,1,-1,-1,-1,-1,-1,-1,-1
100066,ds3 dual_1_1,-1,-1,0,0,1,1,1,1,1,1,1,1,1,1,1,1,1,1,1,1,1,1,0,0,0,0,1,1,1,1,1,1,1,1,1,1,1,0,-1,0,0,0,0,0,0,0,0,0,1,1,1,0,0,0,0,1,1,1,1,0,-1,1,0,1,1,-1,1,1,1,1,-1,1,1,-1,-1,-1,1,1,-1,0,0,0,161,0,-1,0,0,0,0,0,100,0,0,0,0,0,0,0,0,0,0,0,0,254,254,2296,0,0,0,0,-1,100,1,0,0,0,0,0,0,0,0,0,0,0,0,0,0,0,0,0,0,0,0,0,0,0,0,0,0,0,0,0,0,0,0,0,0,0,0,0,0,0,0,0,0,0,0,0,0,0,1,1,1,1,1,1,1,1,1,1,1,1,1,1,1,1,0,1,0,0,1,0,0,0,0,0,-1,-1,-1,-1,-1,-1,-1,0,0,0,0,-1,-1,-1,-1,-1,-1,-1,0,0,-1,0,-1,1,1,1,1,1,1,1,1,1,-1,1,1,0,1,1,-1,1,0,0,0,0,0,0,1,1,1,1,1,1,1,1,0,0,0,0,-1,-1,1,1,1,1,-1,100,0,0,0,0,0,0,0,0,0,1,-1,1,0,0,0,-1,-1,-1,1,1,1,1,1,1,1,1,1,1,1,1,1,-1,-1,-1,1,0,0,0,-1,1,0,0,0,0,0,1,0,1,1,1,1,1,0,0,0,0,1,1,0,1,1,1,-1,0,0,0,0,0,0,0,0,0,0,0,0,0,0,1,1,1,0,0,1,1,0,0,100,0,0,0,0,0,0,0,1,0,0,0,0,0,0,0,0,0,0,0,0,1,1,1,1,1,1,1,0,0,0,0,1,1,1,1,0,0,0,3,-1,0,0,0,0,-1,0,0,0,0,-1,-1,-1,-1,-1,0,1,1,0,0,1,0,0,0,0,0,0,-1,1,-1,-1,100,100,0,1,-1,-1,-1,-1,-1,-1,-1
100067,Aim,-1,-1,0,0,1,1,1,1,1,1,1,1,1,1,1,1,1,1,1,1,1,1,0,0,0,0,1,1,1,1,1,1,1,1,1,1,1,0,-1,0,0,0,0,0,0,0,0,0,1,1,1,0,0,0,0,1,1,1,1,0,-1,1,0,1,1,-1,1,1,1,1,-1,1,1,-1,-1,-1,1,1,-1,0,0,0,20,0,-1,0,0,0,0,0,100,0,0,0,0,0,0,0,0,0,0,0,0,254,254,0,0,0,0,0,-1,100,1,1,1,1,1,1,1,0,0,0,0,0,0,0,0,0,0,0,0,0,0,0,0,0,0,0,0,0,0,0,0,0,0,0,0,0,0,0,0,0,0,0,0,0,0,0,0,0,1,1,1,1,1,1,1,1,1,1,1,1,1,1,1,1,0,1,1,1,1,0,0,0,0,0,-1,-1,-1,-1,-1,-1,-1,0,0,0,0,-1,-1,-1,-1,-1,-1,-1,0,0,-1,0,-1,1,1,1,1,1,1,1,1,1,-1,1,1,0,1,1,-1,1,0,0,0,0,0,0,1,1,1,1,1,1,1,1,0,0,0,0,-1,-1,1,1,1,1,-1,100,0,0,0,0,0,0,0,0,0,1,-1,1,0,0,0,-1,-1,-1,1,1,1,1,1,1,1,1,1,1,1,1,1,-1,-1,-1,1,0,0,0,-1,1,0,0,0,0,0,1,0,1,1,1,1,1,0,0,0,0,1,1,0,1,1,1,-1,0,0,0,0,0,0,0,0,0,0,0,0,0,0,1,1,1,0,0,1,1,0,0,100,0,0,0,0,0,0,0,1,0,0,0,0,0,0,0,0,0,0,0,0,1,1,1,1,1,1,1,0,0,0,0,1,1,1,1,0,0,0,3,-1,0,0,0,0,-1,0,0,0,0,-1,-1,-1,-1,-1,0,1,1,0,0,1,0,0,0,0,0,0,-1,1,-1,-1,100,100,0,1,-1,-1,-1,-1,-1,-1,-1
100068,Harald end,-1,-1,0,0,1,1,1,1,1,1,1,1,1,1,1,1,1,1,1,1,1,1,0,0,0,0,1,1,1,1,1,1,1,1,1,1,1,0,-1,0,0,0,0,0,0,0,0,0,1,1,1,0,0,0,0,1,1,1,1,0,-1,1,0,1,1,-1,1,1,1,1,-1,1,1,-1,-1,-1,1,1,-1,0,0,0,20,0,-1,0,0,0,0,0,100,0,0,0,0,0,0,0,0,0,0,0,0,254,254,0,0,0,0,0,-1,100,1,1,1,1,1,1,1,0,0,0,0,0,0,0,0,0,0,0,0,0,0,0,0,0,0,0,0,0,0,0,0,0,0,0,0,0,0,0,0,0,0,0,0,0,0,0,0,0,1,1,1,1,1,1,1,1,1,1,1,1,1,1,1,1,0,1,1,1,1,0,0,0,0,0,-1,-1,-1,-1,-1,-1,-1,0,0,0,0,-1,-1,-1,-1,-1,-1,-1,0,0,-1,0,-1,1,1,1,1,1,1,1,1,1,-1,1,1,0,1,1,-1,1,0,0,0,0,0,0,1,1,1,1,1,1,1,1,0,0,0,0,-1,-1,1,1,1,1,-1,100,0,0,0,0,0,0,0,0,0,1,-1,1,0,0,0,-1,-1,-1,1,1,1,1,1,1,1,1,1,1,1,1,1,-1,-1,-1,1,0,0,0,-1,1,0,0,0,0,0,1,0,1,1,1,1,1,0,0,0,0,1,1,0,1,1,1,-1,0,0,0,0,0,0,0,0,0,0,0,0,0,0,1,1,1,0,0,1,1,0,0,100,0,0,0,0,0,0,0,1,0,0,0,0,0,0,0,0,0,0,0,0,1,1,1,1,1,1,1,0,0,0,0,1,1,1,1,0,0,0,3,-1,0,0,0,0,-1,0,0,0,0,-1,-1,-1,-1,-1,0,1,1,0,0,1,0,0,0,0,0,0,-1,1,-1,-1,100,100,0,1,-1,-1,-1,-1,-1,-1,-1
100069,Gundyr,-1,-1,0,0,1,1,1,1,1,1,1,1,1,1,1,1,1,1,1,1,1,1,0,0,0,0,1,1,1,1,1,1,1,1,1,1,1,0,-1,0,0,0,0,0,0,0,0,0,1,1,1,0,0,0,0,1,1,1,1,0,-1,1,0,1,1,-1,1,1,1,1,-1,1,1,-1,-1,-1,1,1,-1,0,0,0,20,0,-1,0,0,0,0,0,100,0,0,0,0,0,0,0,0,0,0,0,0,254,254,0,0,0,0,0,-1,100,1,1,1,1,1,1,1,0,0,0,0,0,0,0,0,0,0,0,0,0,0,0,0,0,0,0,0,0,0,0,0,0,0,0,0,0,0,0,0,0,0,0,0,0,0,0,0,0,1,1,1,1,1,1,1,1,1,1,1,1,1,1,1,1,0,1,1,1,1,0,0,0,0,0,-1,-1,-1,-1,-1,-1,-1,0,0,0,0,-1,-1,-1,-1,-1,-1,-1,0,0,-1,0,-1,1,1,1,1,1,1,1,1,1,-1,1,1,0,1,1,-1,1,0,0,0,0,0,0,1,1,1,1,1,1,1,1,0,0,0,0,-1,-1,1,1,1,1,-1,100,0,0,0,0,0,0,0,0,0,1,-1,1,0,0,0,-1,-1,-1,1,1,1,1,1,1,1,1,1,1,1,1,1,-1,-1,-1,1,0,0,0,-1,1,0,0,0,0,0,1,0,1,1,1,1,1,0,0,0,0,1,1,0,1,1,1,-1,0,0,0,0,0,0,0,0,0,0,0,0,0,0,1,1,1,0,0,1,1,0,0,100,0,0,0,0,0,0,0,1,0,0,0,0,0,0,0,0,0,0,0,0,1,1,1,1,1,1,1,0,0,0,0,1,1,1,1,0,0,0,3,-1,0,0,0,0,-1,0,0,0,0,-1,-1,-1,-1,-1,0,1,1,0,0,1,0,0,0,0,0,0,-1,1,-1,-1,100,100,0,1,-1,-1,-1,-1,-1,-1,-1
100360,,-1,-1,0,0,1,1,1,1,1,1,1,1,1,1,1,1,1,1,1,1,1,1,0,0,0,0,1,1,1,1,1,1,1,1,1,1,1,0,-1,0,0,0,0,0,0,0,0,0,1,1,1,0,0,0,0,1,1,1,1,0,-1,1,0,1,1,-1,1,1,1,1,-1,1,1,-1,-1,-1,1,1,-1,0,0,0,20,0,-1,0,0,0,0,0,100,0,0,0,0,0,0,0,0,0,0,0,0,254,254,0,0,0,0,0,-1,100,1,1,1,1,1,1,1,0,0,0,0,0,0,0,0,0,0,0,0,0,0,0,0,0,0,0,0,0,0,0,0,0,0,0,0,0,0,0,0,0,0,0,0,0,0,0,0,0,1,1,1,1,1,1,1,1,1,1,1,1,1,1,1,1,0,1,1,1,1,0,0,0,0,0,-1,-1,-1,-1,-1,-1,-1,0,0,0,0,-1,-1,-1,-1,-1,-1,-1,0,0,-1,0,-1,1,1,1,1,1,1,1,1,1,-1,1,1,0,1,1,-1,1,0,0,0,0,0,0,1,1,1,1,1,1,1,1,0,0,0,0,-1,-1,1,1,1,1,-1,100,0,0,0,0,0,0,0,0,0,1,-1,1,0,0,0,-1,-1,-1,1,1,1,1,1,1,1,1,1,1,1,1,1,-1,-1,-1,1,0,0,0,-1,1,0,0,0,0,0,1,0,1,1,1,1,1,0,0,0,0,1,1,0,1,1,1,-1,0,0,0,0,0,0,0,0,0,0,0,0,0,0,1,1,1,0,0,1,1,0,0,100,0,0,0,0,0,0,0,1,0,0,0,0,0,0,0,0,0,0,0,0,1,1,1,1,1,1,1,0,0,0,0,1,1,1,1,0,0,0,3,-1,0,0,0,0,-1,0,0,0,0,-1,-1,-1,-1,-1,0,1,1,0,0,1,0,0,0,0,0,0,-1,1,-1,-1,100,100,0,1,-1,-1,-1,-1,-1,-1,-1
100421,_1,-1,-1,0,0,1,1,1,1,1,1,1,1,1,1,1,1,1,1,1,1,1,1,0,0,0,0,1,1,1,1,1,1,1,1,1,1,1,0,-1,0,0,0,0,0,0,0,0,0,1,1,1,0,0,0,0,1,1,1,1,0,-1,1,0,1,1,-1,1,1,1,1,-1,1,1,-1,-1,-1,1,1,-1,0,0,0,20,0,-1,0,0,0,0,0,100,0,0,0,0,0,0,0,0,0,0,0,0,254,254,0,0,0,0,0,-1,100,1,1,1,1,1,1,1,0,0,0,0,0,0,0,0,0,0,0,0,0,0,0,0,0,0,0,0,0,0,0,0,0,0,0,0,0,0,0,0,0,0,0,0,0,0,0,0,0,1,1,1,1,1,1,1,1,1,1,1,1,1,1,1,1,0,1,1,1,1,0,0,0,0,0,-1,-1,-1,-1,-1,-1,-1,0,0,0,0,-1,-1,-1,-1,-1,-1,-1,0,0,-1,0,-1,1,1,1,1,1,1,1,1,1,-1,1,1,0,1,1,-1,1,0,0,0,0,0,0,1,1,1,1,1,1,1,1,0,0,0,0,-1,-1,1,1,1,1,-1,100,0,0,0,0,0,0,0,0,0,1,-1,1,0,0,0,-1,-1,-1,1,1,1,1,1,1,1,1,1,1,1,1,1,-1,-1,-1,1,0,0,0,-1,1,0,0,0,0,0,1,0,1,1,1,1,1,0,0,0,0,1,1,0,1,1,1,-1,0,0,0,0,0,0,0,0,0,0,0,0,0,0,1,1,1,0,0,1,1,0,0,100,0,0,0,0,0,0,0,1,0,0,0,0,0,0,0,0,0,0,0,0,1,1,1,1,1,1,1,0,0,0,0,1,1,1,1,0,0,0,3,-1,0,0,0,0,-1,0,0,0,0,-1,-1,-1,-1,-1,0,1,1,0,0,1,0,0,0,0,0,0,-1,1,-1,-1,100,100,0,1,-1,-1,-1,-1,-1,-1,-1
100422,_1_1,-1,-1,0,0,1,1,1,1,1,1,1,1,1,1,1,1,1,1,1,1,1,1,0,0,0,0,1,1,1,1,1,1,1,1,1,1,1,0,-1,0,0,0,0,0,0,0,0,0,1,1,1,0,0,0,0,1,1,1,1,0,-1,1,0,1,1,-1,1,1,1,1,-1,1,1,-1,-1,-1,1,1,-1,0,0,0,20,0,-1,0,0,0,0,0,100,0,0,0,0,0,0,0,0,0,0,0,0,254,254,0,0,0,0,0,-1,100,1,1,1,1,1,1,1,0,0,0,0,0,0,0,0,0,0,0,0,0,0,0,0,0,0,0,0,0,0,0,0,0,0,0,0,0,0,0,0,0,0,0,0,0,0,0,0,0,1,1,1,1,1,1,1,1,1,1,1,1,1,1,1,1,0,1,1,1,1,0,0,0,0,0,-1,-1,-1,-1,-1,-1,-1,0,0,0,0,-1,-1,-1,-1,-1,-1,-1,0,0,-1,0,-1,1,1,1,1,1,1,1,1,1,-1,1,1,0,1,1,-1,1,0,0,0,0,0,0,1,1,1,1,1,1,1,1,0,0,0,0,-1,-1,1,1,1,1,-1,100,0,0,0,0,0,0,0,0,0,1,-1,1,0,0,0,-1,-1,-1,1,1,1,1,1,1,1,1,1,1,1,1,1,-1,-1,-1,1,0,0,0,-1,1,0,0,0,0,0,1,0,1,1,1,1,1,0,0,0,0,1,1,0,1,1,1,-1,0,0,0,0,0,0,0,0,0,0,0,0,0,0,1,1,1,0,0,1,1,0,0,100,0,0,0,0,0,0,0,1,0,0,0,0,0,0,0,0,0,0,0,0,1,1,1,1,1,1,1,0,0,0,0,1,1,1,1,0,0,0,3,-1,0,0,0,0,-1,0,0,0,0,-1,-1,-1,-1,-1,0,1,1,0,0,1,0,0,0,0,0,0,-1,1,-1,-1,100,100,0,1,-1,-1,-1,-1,-1,-1,-1
100490,aqua,-1,-1,0,0,1,1,1,1,1,1,1,1,1,1,1,1,1,1,1,1,1,1,0,0,0,0,1,1,1,1,1,1,1,1,1,1,1,0,-1,0,0,0,0,0,0,0,0,0,1,1,1,0,0,0,0,1,1,1,1,0,-1,1,0,1,1,-1,1,1,1,1,-1,1,1,-1,-1,-1,1,1,-1,0,0,0,20,0,-1,0,0,0,0,0,100,0,0,0,0,0,0,0,0,0,0,0,0,254,254,0,0,0,0,0,-1,100,1,1,1,1,1,1,1,0,0,0,0,0,0,0,0,0,0,0,0,0,0,0,0,0,0,0,0,0,0,0,0,0,0,0,0,0,0,0,0,0,0,0,0,0,0,0,0,0,1,1,1,1,1,1,1,1,1,1,1,1,1,1,1,1,0,1,1,1,1,0,0,0,0,0,-1,-1,-1,-1,-1,-1,-1,0,0,0,0,-1,-1,-1,-1,-1,-1,-1,0,0,-1,0,-1,1,1,1,1,1,1,1,1,1,-1,1,1,0,1,1,-1,1,0,0,0,0,0,0,1,1,1,1,1,1,1,1,0,0,0,0,-1,-1,1,1,1,1,-1,100,0,0,0,0,0,0,0,0,0,1,-1,1,0,0,0,-1,-1,-1,1,1,1,1,1,1,1,1,1,1,1,1,1,-1,-1,-1,1,0,0,0,-1,1,0,0,0,0,0,1,0,1,1,1,1,1,0,0,0,0,1,1,0,1,1,1,-1,0,0,0,0,0,0,0,0,0,0,0,0,0,0,1,1,1,0,0,1,1,0,0,100,0,0,0,0,0,0,0,1,0,0,0,0,0,0,0,0,0,0,0,0,1,1,1,1,1,1,1,0,0,0,0,1,1,1,1,0,0,0,3,-1,0,0,0,0,-1,0,0,0,0,-1,-1,-1,-1,-1,0,1,1,0,0,1,0,0,0,0,0,0,-1,1,-1,-1,100,100,0,1,-1,-1,-1,-1,-1,-1,-1
100611,_1,-1,-1,0,0,1,1,1,1,1,1,1,1,1,1,1,1,1,1,1,1,1,1,0,0,0,0,1,1,1,1,1,1,1,1,1,1,1,0,-1,0,0,0,0,0,0,0,0,0,1,1,1,0,0,0,0,1,1,1,1,0,-1,1,0,1,1,-1,1,1,1,1,-1,1,1,-1,-1,-1,1,1,-1,0,0,0,20,0,-1,0,0,0,0,0,100,0,0,0,0,0,0,0,0,0,0,0,0,254,254,0,0,0,0,0,-1,100,1,1,1,1,1,1,1,0,0,0,0,0,0,0,0,0,0,0,0,0,0,0,0,0,0,0,0,0,0,0,0,0,0,0,0,0,0,0,0,0,0,0,0,0,0,0,0,0,1,1,1,1,1,1,1,1,1,1,1,1,1,1,1,1,0,1,1,1,1,0,0,0,0,0,-1,-1,-1,-1,-1,-1,-1,0,0,0,0,-1,-1,-1,-1,-1,-1,-1,0,0,-1,0,-1,1,1,1,1,1,1,1,1,1,-1,1,1,0,1,1,-1,1,0,0,0,0,0,0,1,1,1,1,1,1,1,1,0,0,0,0,-1,-1,1,1,1,1,-1,100,0,0,0,0,0,0,0,0,0,1,-1,1,0,0,0,-1,-1,-1,1,1,1,1,1,1,1,1,1,1,1,1,1,-1,-1,-1,1,0,0,0,-1,1,0,0,0,0,0,1,0,1,1,1,1,1,0,0,0,0,1,1,0,1,1,1,-1,0,0,0,0,0,0,0,0,0,0,0,0,0,0,1,1,1,0,0,1,1,0,0,100,0,0,0,0,0,0,0,1,0,0,0,0,0,0,0,0,0,0,0,0,1,1,1,1,1,1,1,0,0,0,0,1,1,1,1,0,0,0,3,-1,0,0,0,0,-1,0,0,0,0,-1,-1,-1,-1,-1,0,1,1,0,0,1,0,0,0,0,0,0,-1,1,-1,-1,100,100,0,1,-1,-1,-1,-1,-1,-1,-1
100612,_1_1,-1,-1,0,0,1,1,1,1,1,1,1,1,1,1,1,1,1,1,1,1,1,1,0,0,0,0,1,1,1,1,1,1,1,1,1,1,1,0,-1,0,0,0,0,0,0,0,0,0,1,1,1,0,0,0,0,1,1,1,1,0,-1,1,0,1,1,-1,1,1,1,1,-1,1,1,-1,-1,-1,1,1,-1,0,0,0,20,0,-1,0,0,0,0,0,100,0,0,0,0,0,0,0,0,0,0,0,0,254,254,0,0,0,0,0,-1,100,1,1,1,1,1,1,1,0,0,0,0,0,0,0,0,0,0,0,0,0,0,0,0,0,0,0,0,0,0,0,0,0,0,0,0,0,0,0,0,0,0,0,0,0,0,0,0,0,1,1,1,1,1,1,1,1,1,1,1,1,1,1,1,1,0,1,1,1,1,0,0,0,0,0,-1,-1,-1,-1,-1,-1,-1,0,0,0,0,-1,-1,-1,-1,-1,-1,-1,0,0,-1,0,-1,1,1,1,1,1,1,1,1,1,-1,1,1,0,1,1,-1,1,0,0,0,0,0,0,1,1,1,1,1,1,1,1,0,0,0,0,-1,-1,1,1,1,1,-1,100,0,0,0,0,0,0,0,0,0,1,-1,1,0,0,0,-1,-1,-1,1,1,1,1,1,1,1,1,1,1,1,1,1,-1,-1,-1,1,0,0,0,-1,1,0,0,0,0,0,1,0,1,1,1,1,1,0,0,0,0,1,1,0,1,1,1,-1,0,0,0,0,0,0,0,0,0,0,0,0,0,0,1,1,1,0,0,1,1,0,0,100,0,0,0,0,0,0,0,1,0,0,0,0,0,0,0,0,0,0,0,0,1,1,1,1,1,1,1,0,0,0,0,1,1,1,1,0,0,0,3,-1,0,0,0,0,-1,0,0,0,0,-1,-1,-1,-1,-1,0,1,1,0,0,1,0,0,0,0,0,0,-1,1,-1,-1,100,100,0,1,-1,-1,-1,-1,-1,-1,-1
107514,_1,20983,-1,30,99,1,1,1,1.08,1.08,1.08,1.08,1.08,1.08,1.08,1,1,1,1,1,1,1,1,0,0,0,0,1,1,1,1,1,1,1,1,1,1,1,0,-1,5,25,0,0,0,0,0,0,0,1,1,1,0,0,0,0,1,1,1,1,0,-1,1,0,1,1,-1,1,1,1,1,-1,1,1,-1,502,-1,1,1,-1,0,0,0,10,0,-1,0,0,0,0,0,100,0,0,0,0,0,0,0,0,0,0,0,0,254,23,260,3,0,0,0,-1,100,0,1,1,1,1,1,1,0,0,0,0,0,0,0,0,0,0,0,0,0,0,0,0,0,0,0,0,0,0,0,0,0,0,0,0,0,0,0,0,0,0,0,0,0,0,0,0,0,1,1,1,1,1,1,1,1,1,1,1,1,1,1,1,1,0,1,1,1,1,0,0,0,0,1,-1,-1,260,-1,-1,-1,-1,0,0,0,0,40260,-1,-1,-1,-1,-1,-1,45,0,-1,0,-1,1,1,1,1,1,1,1,1.08,1,-1,1,1,0,1,1,-1,1,0,0,0,0,0,0,1,1,1,1,1,1,1,1,0,0,0,0,-1,-1,1,1,1,1,-1,100,1,0,1,0,0,0,0,0,0,1,-1,1,0,0,0,-1,-1,-1,1,1,1,1,1,1,1,1,1,1,1,1,1,-1,-1,-1,1,0,0,0,-1,1,0,0,0,0,0,1,0,1,1,1,1,1,0,0,0,0,1,1,0,1,1,1,-1,0,0,0,0,0,0,0,0,0,9,0,0,0,0,1,1,1,0,0,1,1,0,0,100,0,0,0,0,0,0,0,1,0,0,0,0,0,0,0,0,0,0,0,0,1,1,1,1,1,1,1,0,0,0,0,1,1,1,1,0,0,0,3,120553,0,0,0,0,-1,0,0,0,0,-1,-1,-1,-1,-1,0,1,1,0,0,1,0,0,0,0,0,0,-1,1,-1,-1,100,100,0,1,-1,-1,-1,-1,-1,-1,-1
1083201,ledo stone right,20406,-1,40,0,1,1,1,1,1,1,1,1,1,1,1.075,1,1,1,1,1,1,1,0,0,0,0,1,1,1,1,1,1,1,1,1,1,1,0,-1,0,0,0,0,0,0,0,0,0,1,1,1,0,0,0,0,1,1,1,1,0,-1,1,0,1,1,-1,1,1,1,1,-1,1,1,130083202,-1,-1,1,1,-1,0,0,0,162,60,-1,0,0,0,0,0,100,0,0,0,0,0,0,0,0,0,0,0,0,254,0,362,1,0,0,0,-1,100,1,1,1,1,1,1,1,0,0,0,0,0,0,0,0,0,0,0,0,0,0,0,0,0,0,0,0,0,0,0,0,0,0,0,0,0,0,0,0,0,0,0,0,0,0,0,0,0,1,1,1,1,1,1,1,1,1,1,1,1,1,1,1,1,0,1,1,1,1,0,0,0,0,0,-1,-1,91083211,-1,-1,-1,-1,0,0,0,0,-1,-1,-1,-1,-1,-1,-1,0,0,-1,0,-1,1,1,1,1,1,1,1,1,1,-1,1.2,1,0,1,1,-1,1,0,0,0,0,0,0,1,1,1,1,1,1,1,1,0,0,0,0,-1,-1,1,1,1,1,-1,100,0,1,0,0,0,0,0,0,0,1,-1,1,0,0,0,-1,-1,-1,1,1,1,1,1,1,1,1,1,1,1,1,1,-1,-1,-1,1,0,0,0,-1,1,0,0,0,0,0,1,0,1,1,1,1,1,0,0,0,0,1,1,0,1,1,1,-1,0,0,0,0,0,0,0,0,0,0,0,0,0,0,1,1,1,0,0,1,1,0,0,100,0,0,0,0,0,0,0,1,0,0,0,0,0,0,0,0,0,0,0,0,1,1,1,1,1,1,1,0,0,0,0,1,1,1,1,0,0,0,3,-1,0,0,0,0,-1,0,0,0,0,-1,-1,-1,-1,-1,0,1,1,0,0,1,0,0,0,0,0,0,-1,1,-1,-1,100,100,0,1,-1,-1,-1,-1,-1,-1,-1
1083202,ledo stone left,20406,-1,40,0,1,1,1,1,1,1,1,1,1,1,1.075,1,1,1,1,1,1,1,0,0,0,0,1,1,1,1,1,1,1,1,1,1,1,0,-1,0,0,0,0,0,0,0,0,0,1,1,1,0,0,0,0,1,1,1,1,0,-1,1,0,1,1,-1,1,1,1,1,-1,1,1,130083252,-1,-1,1,1,-1,0,0,0,162,60,-1,0,0,0,0,0,100,0,0,0,0,0,0,0,0,0,0,0,0,254,0,362,2,0,0,0,-1,100,1,1,1,1,1,1,1,0,0,0,0,0,0,0,0,0,0,0,0,0,0,0,0,0,0,0,0,0,0,0,0,0,0,0,0,0,0,0,0,0,0,0,0,0,0,0,0,0,1,1,1,1,1,1,1,1,1,1,1,1,1,1,1,1,0,1,1,1,1,0,0,0,0,0,-1,-1,91083211,-1,-1,-1,-1,0,0,0,0,-1,-1,-1,-1,-1,-1,-1,0,0,-1,0,-1,1,1,1,1,1,1,1,1,1,-1,1.2,1,0,1,1,-1,1,0,0,0,0,0,0,1,1,1,1,1,1,1,1,0,0,0,0,-1,-1,1,1,1,1,-1,100,0,1,0,0,0,0,0,0,0,1,-1,1,0,0,0,-1,-1,-1,1,1,1,1,1,1,1,1,1,1,1,1,1,-1,-1,-1,1,0,0,0,-1,1,0,0,0,0,0,1,0,1,1,1,1,1,0,0,0,0,1,1,0,1,1,1,-1,0,0,0,0,0,0,0,0,0,0,0,0,0,0,1,1,1,0,0,1,1,0,0,100,0,0,0,0,0,0,0,1,0,0,0,0,0,0,0,0,0,0,0,0,1,1,1,1,1,1,1,0,0,0,0,1,1,1,1,0,0,0,3,-1,0,0,0,0,-1,0,0,0,0,-1,-1,-1,-1,-1,0,1,1,0,0,1,0,0,0,0,0,0,-1,1,-1,-1,100,100,0,1,-1,-1,-1,-1,-1,-1,-1
1092401,Weapon Art - Ringed Knight Spear - Ember - Right,-1,-1,30,1,1,1,1,1,1,1,1,1,1,1,1,1,1,1,1,1,1,1,0,0,90,0,1,1,1,1,1,1,1,1,1,1,1,0,-1,0,0,0,0,0,0,0,0,0,1,1,1,0,0,0,0,1,1,1,1,0,-1,1,0,1,1,-1,1,1,1,1,-1,1,1,-1,-1,-1,1,1,-1,0,0,0,162,0,-1,0,0,0,0,0,100,0,0,0,0,0,0,0,0,0,0,0,0,254,254,484,1,0,0,0,-1,100,1,1,1,1,1,1,1,0,0,0,0,0,0,0,0,0,0,0,0,0,0,0,0,0,0,0,0,0,0,0,0,0,0,0,0,0,0,0,0,0,0,0,0,0,0,0,0,0,1,1,1,1,1,1,1,1,1,1,1,1,1,1,1,1,0,1,1,1,1,0,0,0,0,0,-1,-1,91092411,-1,-1,-1,-1,0,0,0,0,91092412,-1,-1,-1,-1,-1,-1,0,0,-1,0,-1,1,1,1,1,1,1,1,1,1,-1,1,1,0,1,1,-1,1,0,0,0,0,0,0,1,1,1,1,1,1,1,1,0,0,0,0,-1,-1,1,1,1,1,-1,100,0,1,0,0,0,0,0,0,0,1,-1,-1,0,0,0,-1,-1,-1,1,1,1,1,1,1,1,1,1,1,1,1,1,-1,-1,-1,1,0,0,0,-1,1,0,0,0,0,0,1,0,1,1,1,1,1,0,0,0,0,1,1,0,1,1,1,-1,0,0,0,0,0,0,0,0,0,0,0,0,0,0,1,1,1,0,0,1,1,0,0,100,0,0,0,0,0,0,0,0,0,0,0,0,0,0,0,0,0,0,0,0,1,1,1,1,1,1,1,0,0,0,0,1,1,1,1,0,0,0,3,121158,0,0,0,0,-1,0,0,0,0,-1,-1,-1,-1,-1,0,1,1,0,0,1,0,0,0,0,0,0,-1,1,-1,-1,100,100,0,1,-1,-1,-1,-1,-1,-1,-1
1092451,Weapon Art - Ringed Knight Spear - Ember - Left,-1,-1,30,1,1,1,1,1,1,1,1,1,1,1,1,1,1,1,1,1,1,1,0,0,90,0,1,1,1,1,1,1,1,1,1,1,1,0,-1,0,0,0,0,0,0,0,0,0,1,1,1,0,0,0,0,1,1,1,1,0,-1,1,0,1,1,-1,1,1,1,1,-1,1,1,-1,-1,-1,1,1,-1,0,0,0,162,0,-1,0,0,0,0,0,100,0,0,0,0,0,0,0,0,0,0,0,0,254,254,484,2,0,0,0,-1,100,1,1,1,1,1,1,1,0,0,0,0,0,0,0,0,0,0,0,0,0,0,0,0,0,0,0,0,0,0,0,0,0,0,0,0,0,0,0,0,0,0,0,0,0,0,0,0,0,1,1,1,1,1,1,1,1,1,1,1,1,1,1,1,1,0,1,1,1,1,0,0,0,0,0,-1,-1,91092411,-1,-1,-1,-1,0,0,0,0,91092412,-1,-1,-1,-1,-1,-1,0,0,-1,0,-1,1,1,1,1,1,1,1,1,1,-1,1,1,0,1,1,-1,1,0,0,0,0,0,0,1,1,1,1,1,1,1,1,0,0,0,0,-1,-1,1,1,1,1,-1,100,0,1,0,0,0,0,0,0,0,1,-1,-1,0,0,0,-1,-1,-1,1,1,1,1,1,1,1,1,1,1,1,1,1,-1,-1,-1,1,0,0,0,-1,1,0,0,0,0,0,1,0,1,1,1,1,1,0,0,0,0,1,1,0,1,1,1,-1,0,0,0,0,0,0,0,0,0,0,0,0,0,0,1,1,1,0,0,1,1,0,0,100,0,0,0,0,0,0,0,0,0,0,0,0,0,0,0,0,0,0,0,0,1,1,1,1,1,1,1,0,0,0,0,1,1,1,1,0,0,0,3,121158,0,0,0,0,-1,0,0,0,0,-1,-1,-1,-1,-1,0,1,1,0,0,1,0,0,0,0,0,0,-1,1,-1,-1,100,100,0,1,-1,-1,-1,-1,-1,-1,-1
1092460,Twin Princes,-1,-1,-1,1,1,1,1,1,1,1,1,1,1,1,1,1,1,1,1,1,1,1,0,0,0,0,1,1,1,1,1,1,1,1,1,1,1,0,-1,0,0,0,0,0,0,0,0,0,1,1,1,0,0,0,0,1,1,1,1,0,-1,1,0,1,1,-1,1,1,1,1,-1,1,1,-1,-1,-1,1,1,-1,0,0,0,20,0,-1,0,0,0,0,0,100,0,0,0,0,0,0,0,0,0,0,0,0,254,254,310,0,0,0,0,-1,100,1,1,0,1,1,1,0,0,0,0,0,0,0,0,0,0,0,0,0,0,0,0,0,0,0,0,0,0,0,0,0,0,0,0,0,0,0,0,0,0,0,0,0,0,0,0,0,0,1,1,1,1,1,1,1,1,1,1,1,1,1,1,1,1,0,1,0,0,1,0,0,0,0,0,-1,-1,-1,1092461,60,-1,-1,-2,0,0,0,-1,-1,-1,-1,-1,-1,-1,0,0,-1,0,-1,1,1,1,1,1,1,1,1,1,-1,1,1,0,1,1,-1,1,0,0,0,0,0,0,1,1,1,1,1,1,1,1,0,0,0,0,-1,-1,1,1,1,1,-1,100,0,0,0,0,0,0,0,0,0,1,-1,-1,0,0,0,-1,-1,-1,1,1,1,1,1,1,1,1,1,1,1,1,1,-1,-1,-1,1,0,0,0,-1,1,0,0,0,0,0,1,0,1,1,1,1,1,0,0,0,0,1,1,0,1,1,1,-1,0,0,0,0,0,0,0,0,0,0,0,0,0,0,1,1,1,0,0,1,1,0,0,100,0,0,0,0,0,0,0,1,0,0,0,0,0,0,0,0,0,0,0,0,1,1,1,1,1,1,1,0,0,0,0,1,1,1,1,0,0,0,3,-1,0,0,0,0,-1,0,0,0,0,-1,-1,-1,-1,-1,0,1,1,0,0,1,0,0,0,0,0,0,-1,1,-1,-1,100,100,0,1,-1,-1,-1,-1,-1,-1,-1
1092461,Twin Princes_1,-1,-1,1.5,5,1,1,1,1,1,1,1,1,1,1,1,1,1,1,1,1,1,1,0,0,0,0,1,1,1,1,1,1,1,1,1,1,1,0,890000902,0,0,0,0,0,0,0,0,0,1,1,1,0,0,0,0,1,1,1,1,0,-1,1,0,1,1,-1,1,1,1,1,-1,1,1,-1,-1,-1,1,1,-1,0,0,0,20,0,-1,0,0,0,0,0,100,0,0,0,0,0,0,0,0,0,0,0,0,254,254,275,0,0,0,0,-1,100,1,1,1,1,1,1,1,0,0,0,0,0,0,0,0,0,0,0,0,0,0,0,0,0,0,0,0,0,0,0,0,0,0,0,0,0,0,0,0,0,0,0,0,0,0,0,0,0,1,1,1,1,1,1,1,1,1,1,1,1,1,1,1,1,0,1,0,0,1,0,0,0,0,0,-1,90,-1,-1,-1,-1,-1,-10,0,0,0,-1,-1,-1,-1,-1,-1,-1,0,0,-1,0,-1,1,1,1,1,1,1,1,1,1,-1,1,1,0,1,1,-1,1,0,0,0,0,0,0,1,1,1,1,1,1,1,1,0,0,0,0,-1,-1,1,1,1,1,-1,100,0,0,0,0,1,0,0,0,0,1,-1,-1,0,0,0,-1,-1,-1,1,1,1,1,1,1,1,1,1,1,1,1,1,-1,-1,-1,1,0,0,0,-1,1,0,0,0,0,0,1,0,1,1,1,1,1,0,0,0,0,1,1,0,1,1,1,-1,0,0,0,0,0,0,0,0,0,0,0,0,0,0,1,1,1,0,0,1,1,0,0,100,0,0,0,0,0,0,0,0,1,0,0,0,0,0,0,0,0,0,0,0,1,1,1,1,1,1,1,0,0,0,0,1,1,1,1,0,0,0,3,-1,0,0,0,0,-1,0,0,0,0,-1,-1,-1,-1,-1,0,1,1,0,0,1,0,0,0,0,0,0,-1,1,-1,-1,100,100,0,1,-1,-1,-1,-1,-1,-1,-1
1623001,scorching radiance 1,-1,-1,0,0,1,1,1,1,1,1,1,1,1,1,1,1,1,1,1,1,1,1,0,0,0,0,1,1,1,1,1,1,1,1,1,1,1,0,-1,0.05,5,0,0,0,0,0,0,0,1,1,1,0,0,0,0,1,1,1,1,0,-1,1,0,1,1,-1,1,1,1,1,-1,1,1,-1,-1,-1,1,1,-1,0,0,0,20,0,-1,0,0,0,0,0,100,0,0,0,0,0,0,0,0,0,0,0,0,254,13,0,3,0,0,0,-1,100,1,1,1,1,1,1,1,0,0,0,0,0,0,0,0,0,0,0,0,0,0,0,0,0,0,0,0,0,0,0,0,0,0,0,0,0,0,0,0,0,0,0,0,0,0,0,0,0,1,1,1,1,1,1,1,1,1,1,1,1,1,1,1,1,0,1,1,0,0,0,0,0,0,1,-1,-1,-1,-1,-1,-1,-1,0,0,0,0,-1,-1,-1,-1,-1,-1,-1,0,0,-1,0,-1,1,1,1,1,1,1,1,1,1,-1,1,1,0,1,1,-1,1,0,0,0,0,0,0,1,1,1,1,1,1,1,1,0,0,0,0,-1,-1,1,1,1,1,-1,100,0,0,0,0,0,0,0,0,0,1,-1,1,0,0,0,-1,-1,-1,1,1,1,1,1,1,1,1,1,1,1,1,1,-1,-1,-1,1,0,0,0,-1,1,0,0,0,0,0,1,0,1,1,1,1,1,0,0,0,0,1,1,0,1,1,1,-1,0,0,0,0,0,0,0,0,0,0,0,0,0,0,1,1,1,0,0,1,1,0,0,100,0,0,0,0,0,0,0,1,0,0,0,0,0,0,0,0,0,0,0,0,1,1,1,1,1,1,1,0,0,0,0,1,1,1,1,0,0,0,3,-1,0,0,0,0,-1,0,0,0,0,-1,-1,-1,-1,-1,0,1,1,0,0,1,0,0,0,0,0,0,-1,1,-1,-1,100,100,0,1,-1,-1,-1,-1,-1,-1,-1
1623002,scorching radiance 2,-1,-1,0,0,1,1,1,1,1,1,1,1,1,1,1,1,1,1,1,1,1,1,0,0,0,0,1,1,1,1,1,1,1,1,1,1,1,0,-1,0.07,10,0,0,0,0,0,0,0,1,1,1,0,0,0,0,1,1,1,1,0,-1,1,0,1,1,-1,1,1,1,1,-1,1,1,-1,-1,-1,1,1,-1,0,0,0,20,0,-1,0,0,0,0,0,100,0,0,0,0,0,0,0,0,0,0,0,0,254,13,0,3,0,0,0,-1,100,1,1,1,1,1,1,1,0,0,0,0,0,0,0,0,0,0,0,0,0,0,0,0,0,0,0,0,0,0,0,0,0,0,0,0,0,0,0,0,0,0,0,0,0,0,0,0,0,1,1,1,1,1,1,1,1,1,1,1,1,1,1,1,1,0,1,1,0,0,0,0,0,0,1,-1,-1,-1,-1,-1,-1,-1,0,0,0,0,-1,-1,-1,-1,-1,-1,-1,0,0,-1,0,-1,1,1,1,1,1,1,1,1,1,-1,1,1,0,1,1,-1,1,0,0,0,0,0,0,1,1,1,1,1,1,1,1,0,0,0,0,-1,-1,1,1,1,1,-1,100,0,0,0,0,0,0,0,0,0,1,-1,1,0,0,0,-1,-1,-1,1,1,1,1,1,1,1,1,1,1,1,1,1,-1,-1,-1,1,0,0,0,-1,1,0,0,0,0,0,1,0,1,1,1,1,1,0,0,0,0,1,1,0,1,1,1,-1,0,0,0,0,0,0,0,0,0,0,0,0,0,0,1,1,1,0,0,1,1,0,0,100,0,0,0,0,0,0,0,1,0,0,0,0,0,0,0,0,0,0,0,0,1,1,1,1,1,1,1,0,0,0,0,1,1,1,1,0,0,0,3,-1,0,0,0,0,-1,0,0,0,0,-1,-1,-1,-1,-1,0,1,1,0,0,1,0,0,0,0,0,0,-1,1,-1,-1,100,100,0,1,-1,-1,-1,-1,-1,-1,-1
5025300,,-1,-1,0,0,1,1,1,1,1,1,1,1,1,1,1,1,1,1,1,1,1,1,0,0,0,0,1,1,1,1,1,1,1,1,1,1,1,0,-1,0,0,0,0,0,0,0,0,0,1,1,1,0,0,0,0,1,1,1,1,0,-1,1,0,1,1,-1,1,1,1,1,-1,1,1,-1,-1,-1,1,1,-1,0,0,0,10,0,-1,0,0,0,0,0,100,0,0,0,0,0,0,0,0,0,0,0,0,254,254,0,0,0,0,0,-1,100,1,1,1,1,1,1,1,0,0,0,0,0,0,0,0,0,0,0,0,0,0,0,0,0,0,0,0,0,0,0,0,0,0,0,0,0,0,0,0,0,0,0,0,0,0,0,0,0,1,1,1,1,1,1,1,1,1,1,1,1,1,1,1,1,0,1,0,0,1,0,0,0,0,0,-1,-1,-1,-1,-1,-1,-1,0,0,0,0,-1,-1,-1,-1,-1,-1,-1,0,0,-1,0,-1,1,1,1,1,1,1,1,1,1,-1,1,1,0,1,1,-1,1,0,0,0,0,0,0,1,1,1,1,1,1,1,1,0,0,0,0,-1,-1,1,1,1,1,-1,100,0,0,0,0,0,0,0,0,0,1,-1,1,0,0,0,-1,-1,-1,1,1,1,1,1,1,1,1,1,1,1,1,1,-1,-1,-1,1,0,0,0,-1,1,0,0,0,0,0,1,0,1,1,1,1,1,0,0,0,0,1,1,0,1,1,1,-1,0,0,0,0,0,0,0,0,0,0,0,0,0,0,1,1,1,0,0,1,1,0,0,100,0,0,0,0,0,0,0,1,0,0,0,0,0,0,0,0,0,0,0,0,1,1,1,1,1,1,1,45,15,5,5,1,1,1,1,0,0,0,3,-1,0,0,0,0,-1,0,0,0,0,-1,-1,-1,-1,-1,0,1,1,0,0,1,0,0,0,0,0,0,-1,1,-1,-1,100,100,0,1,-1,-1,-1,-1,-1,-1,-1
5665201,[Weapon] Rakshasa's Great Katana,20031,-1,0,0,1,1,1,1,1,1,1,1,1,1,1,1,1,1,1,1,1,1,0,0,0,0,1,1,1,1,1,1,1,1,1,1,1,0,-1,0,0,0,0,0,0,0,0,0,1,1,1,0,0,0,0,1,1,1,1,0,-1,1,0,1,1,-1,1,1,1,1,-1,1,1,-1,-1,-1,1,1,-1,0,0,0,20,0,-1,0,0,0,0,0,100,0,0,0,0,0,0,0,0,0,0,0,0,254,254,0,0,0,0,0,-1,100,0,0,0,0,0,0,0,0,0,0,0,0,0,0,0,0,0,0,0,0,0,0,0,0,0,0,0,0,0,0,0,0,0,0,0,0,0,0,0,0,0,0,0,0,0,0,0,0,1,1,1,1,1,1,1,1,1,1,1,1,1,1,1,1,0,1,1,1,1,0,0,0,0,0,-1,-1,-1,-1,-1,-1,-1,0,0,0,0,-1,-1,-1,-1,-1,-1,-1,0,0,-1,0,-1,1,1,1,1,1,1,1,1,1,-1,1,1,0,1,1,-1,1,0,0,0,0,0,0,1,1,1,1,1,1,1,1,0,0,0,0,-1,-1,1,1,1,1,-1,100,0,0,0,0,1,0,0,0,0,1,-1,1,0,0,0,-1,-1,-1,1,1,1,1,1,1,1,1,1,1,1,1,1,-1,-1,-1,1,0,0,0,-1,1,0,0,0,0,0,1,0,1,1,1,1,1,0,0,0,0,1,1,0,1,1,1,-1,0,0,0,0,0,0,0,0,0,0,0,0,0,0,1,1,1,0,0,1,1,0,0,100,0,0,0,0,0,0,0,1,0,0,0,0,0,0,0,0,0,0,0,0,1,1,1,1,1,1,1,0,0,0,0,1,1,1,1,0,0,0,3,-1,0,0,0,0,-1,0,0,0,0,-1,-1,-1,-1,-1,0,1,1,0,0,1,0,0,0,0,0,0,-1,1,-1,-1,100,100,0,1,-1,-1,-1,-1,-1,-1,-1
6750000,,-1,-1,-1,0,1,1,1,1,1,1,1,1,1,1,1,1,1,1,1,1,1,1,0,0,0,0,1,1,1,1,1,1,1,1,1,1,1,0,-1,0,0,0,0,0,0,0,0,0,1,1,1,0,0,0,0,1,1,1,1,0,-1,1,0,1,1,-1,1,1,1,1,-1,1,1,-1,-1,-1,1,1,-1,0,0,0,0,0,-1,0,0,0,0,0,100,0,0,0,0,0,0,0,0,0,0,0,0,254,254,456,0,0,0,0,-1,100,1,1,1,1,1,1,1,0,0,0,0,0,0,0,0,0,0,0,0,0,0,0,0,0,0,0,0,0,0,0,0,0,0,0,0,0,0,0,0,0,0,0,0,0,0,0,0,0,1,1,1,1,1,1,1,1,1,1,1,1,1,1,1,1,0,1,0,0,1,0,0,0,0,0,-1,-1,-1,-1,-1,-1,-1,0,0,0,0,-1,-1,-1,-1,-1,-1,-1,0,0,-1,0,-1,1,1,1,1,1,1,1,1,1,-1,1,1,0,1,1,-1,1,0,0,0,0,0,0,1,1,1,1,1,1,1,1,0,0,0,0,-1,-1,1,1,1,1,-1,100,0,0,0,0,0,0,0,0,0,1,-1,1,0,0,0,-1,-1,-1,1,1,1,1,1,1,1,1,1,1,1,1,1,-1,-1,-1,1,0,0,0,-1,1,0,0,0,0,0,1,0,1,1,1,1,1,0,0,0,0,1,1,0,1,1,1,-1,0,0,0,0,0,0,0,0,0,0,0,0,0,0,1,1,1,0,0,1,1,0,0,100,0,0,0,0,0,0,0,1,0,0,0,0,0,0,0,0,0,0,0,0,1,1,1,1,1,1,1,45,15,5,5,1,1,1,1,0,0,0,3,-1,0,0,0,0,-1,0,0,0,0,-1,-1,-1,-1,-1,0,1,1,0,0,1,0,0,0,0,0,0,-1,1,-1,-1,100,100,0,1,-1,-1,-1,-1,-1,-1,-1
6750001,,-1,-1,0,0,1,1,1,1,1,1,1,1,1,1,1,1,1,1,1,1,1,1,0,0,0,0,1,1,1,1,1,1,1,1,1,1,1,0,-1,0,0,0,0,0,0,0,0,0,1,1,1,0,0,0,0,1,1,1,1,0,-1,1,0,1,1,-1,1,1,1,1,-1,1,1,-1,-1,-1,1,1,-1,0,0,0,0,0,-1,0,0,0,0,0,100,0,0,0,0,0,0,0,0,0,0,0,0,254,254,456,0,0,0,0,-1,100,1,1,1,1,1,1,1,0,0,0,0,0,0,0,0,0,0,0,0,0,0,0,0,0,0,0,0,0,0,0,0,0,0,0,0,0,0,0,0,0,0,0,0,0,0,0,0,0,1,1,1,1,1,1,1,1,1,1,1,1,1,1,1,1,0,1,0,0,1,0,0,0,0,0,-1,-1,-1,-1,-1,-1,-1,0,0,0,0,-1,-1,-1,-1,-1,-1,-1,0,0,-1,0,-1,1,1,1,1,1,1,1,1,1,-1,1,1,0,1,1,-1,1,0,0,0,0,0,0,1,1,1,1,1,1,1,1,0,0,0,0,-1,-1,1,1,1,1,-1,100,0,0,0,0,0,0,0,0,0,1,-1,1,0,0,0,-1,-1,-1,1,1,1,1,1,1,1,1,1,1,1,1,1,-1,-1,-1,1,0,0,0,-1,1,0,0,0,0,0,1,0,1,1,1,1,1,0,0,0,0,1,1,0,1,1,1,-1,0,0,0,0,0,0,0,0,0,0,0,0,0,0,1,1,1,0,0,1,1,0,0,100,0,0,0,0,0,0,0,1,0,0,0,0,0,0,0,0,0,0,0,0,1,1,1,1,1,1,1,45,15,5,5,1,1,1,1,0,0,0,3,-1,0,0,0,0,-1,0,0,0,0,-1,-1,-1,-1,-1,0,1,1,0,0,1,0,0,0,0,0,0,-1,1,-1,-1,100,100,0,1,-1,-1,-1,-1,-1,-1,-1
6750002,,-1,-1,0,0,1,1,1,1,1,1,1,1,1,1,1,1,1,1,1,1,1,1,0,0,0,0,1,1,1,1,1,1,1,1,1,1,1,0,-1,0,0,0,0,0,0,0,0,0,1,1,1,0,0,0,0,1,1,1,1,0,-1,1,0,1,1,-1,1,1,1,1,-1,1,1,-1,-1,-1,1,1,-1,0,0,0,0,0,-1,0,0,0,0,0,100,0,0,0,0,0,0,0,0,0,0,0,0,254,254,0,0,0,0,0,-1,100,1,1,1,1,1,1,1,0,0,0,0,0,0,0,0,0,0,0,0,0,0,0,0,0,0,0,0,0,0,0,0,0,0,0,0,0,0,0,0,0,0,0,0,0,0,0,0,0,1,1,1,1,1,1,1,1,1,1,1,1,1,1,1,1,0,1,0,0,1,0,0,0,0,0,-1,-1,-1,-1,-1,-1,-1,0,0,0,0,-1,-1,-1,-1,-1,-1,-1,0,0,-1,0,-1,1,1,1,1,1,1,1,1,1,-1,1,1,0,1,1,-1,1,0,0,0,0,0,0,1,1,1,1,1,1,1,1,0,0,0,0,-1,-1,1,1,1,1,-1,100,0,0,0,0,0,0,0,0,0,1,-1,1,0,0,0,-1,-1,-1,1,1,1,1,1,1,1,1,1,1,1,1,1,-1,-1,-1,1,0,0,0,-1,1,0,0,0,0,0,1,0,1,1,1,1,1,0,0,0,0,1,1,0,1,1,1,-1,0,0,0,0,0,0,0,0,0,0,0,0,0,0,1,1,1,0,0,1,1,0,0,100,0,0,0,0,0,0,0,1,0,0,0,0,0,0,0,0,0,0,0,0,1,1,1,1,1,1,1,45,15,5,5,1,1,1,1,0,0,0,3,-1,0,0,0,0,-1,0,0,0,0,-1,-1,-1,-1,-1,0,1,1,0,0,1,0,0,0,0,0,0,-1,1,-1,-1,100,100,0,1,-1,-1,-1,-1,-1,-1,-1
6750010,Carian combo,-1,-1,0,0,1,1,1,1,1,1,1,1,1,1,1,1,1,1,1,1,1,1,0,0,0,0,1,1,1,1,1,1,1,1,1,1,1,0,-1,0,0,0,0,0,0,0,0,0,1,1,1,0,0,0,0,1,1,1,1,0,-1,1,0,1,1,-1,1,1,1,1,-1,1,1,-1,-1,-1,1,1,-1,0,0,0,0,0,-1,0,0,0,0,0,100,0,0,0,0,0,0,0,0,0,0,0,0,254,254,0,0,0,0,0,-1,100,1,1,1,1,1,1,1,0,0,0,0,0,0,0,0,0,0,0,0,0,0,0,0,0,0,0,0,0,0,0,0,0,0,0,0,0,0,0,0,0,0,0,0,0,0,0,0,0,1,1,1,1,1,1,1,1,1,1,1,1,1,1,1,1,0,1,0,0,1,0,0,0,0,0,-1,-1,-1,-1,-1,-1,-1,0,0,0,0,-1,-1,-1,-1,-1,-1,-1,0,0,-1,0,-1,1,1,1,1,1,1,1,1,1,-1,1,1,0,1,1,-1,1,0,0,0,0,0,0,1,1,1,1,1,1,1,1,0,0,0,0,-1,-1,1,1,1,1,-1,100,0,0,0,0,0,0,0,0,0,1,-1,1,0,0,0,-1,-1,-1,1,1,1,1,1,1,1,1,1,1,1,1,1,-1,-1,-1,1,0,0,0,-1,1,0,0,0,0,0,1,0,1,1,1,1,1,0,0,0,0,1,1,0,1,1,1,-1,0,0,0,0,0,0,0,0,0,0,0,0,0,0,1,1,1,0,0,1,1,0,0,100,0,0,0,0,0,0,0,1,0,0,0,0,0,0,0,0,0,0,0,0,1,1,1,1,1,1,1,45,15,5,5,1,1,1,1,0,0,0,3,-1,0,0,0,0,-1,0,0,0,0,-1,-1,-1,-1,-1,0,1,1,0,0,1,0,0,0,0,0,0,-1,1,-1,-1,100,100,0,1,-1,-1,-1,-1,-1,-1,-1
6750011,Carian combo,-1,-1,0,0,1,1,1,1,1,1,1,1,1,1,1,1,1,1,1,1,1,1,0,0,0,0,1,1,1,1,1,1,1,1,1,1,1,0,-1,0,0,0,0,0,0,0,0,0,1,1,1,0,0,0,0,1,1,1,1,0,-1,1,0,1,1,-1,1,1,1,1,-1,1,1,-1,-1,-1,1,1,-1,0,0,0,0,0,-1,0,0,0,0,0,100,0,0,0,0,0,0,0,0,0,0,0,0,254,254,0,0,0,0,0,-1,100,1,1,1,1,1,1,1,0,0,0,0,0,0,0,0,0,0,0,0,0,0,0,0,0,0,0,0,0,0,0,0,0,0,0,0,0,0,0,0,0,0,0,0,0,0,0,0,0,1,1,1,1,1,1,1,1,1,1,1,1,1,1,1,1,0,1,0,0,1,0,0,0,0,0,-1,-1,-1,-1,-1,-1,-1,0,0,0,0,-1,-1,-1,-1,-1,-1,-1,0,0,-1,0,-1,1,1,1,1,1,1,1,1,1,-1,1,1,0,1,1,-1,1,0,0,0,0,0,0,1,1,1,1,1,1,1,1,0,0,0,0,-1,-1,1,1,1,1,-1,100,0,0,0,0,0,0,0,0,0,1,-1,1,0,0,0,-1,-1,-1,1,1,1,1,1,1,1,1,1,1,1,1,1,-1,-1,-1,1,0,0,0,-1,1,0,0,0,0,0,1,0,1,1,1,1,1,0,0,0,0,1,1,0,1,1,1,-1,0,0,0,0,0,0,0,0,0,0,0,0,0,0,1,1,1,0,0,1,1,0,0,100,0,0,0,0,0,0,0,1,0,0,0,0,0,0,0,0,0,0,0,0,1,1,1,1,1,1,1,45,15,5,5,1,1,1,1,0,0,0,3,-1,0,0,0,0,-1,0,0,0,0,-1,-1,-1,-1,-1,0,1,1,0,0,1,0,0,0,0,0,0,-1,1,-1,-1,100,100,0,1,-1,-1,-1,-1,-1,-1,-1
6750012,Carian combo,-1,-1,0,0,1,1,1,1,1,1,1,1,1,1,1,1,1,1,1,1,1,1,0,0,0,0,1,1,1,1,1,1,1,1,1,1,1,0,-1,0,0,0,0,0,0,0,0,0,1,1,1,0,0,0,0,1,1,1,1,0,-1,1,0,1,1,-1,1,1,1,1,-1,1,1,-1,-1,-1,1,1,-1,0,0,0,0,0,-1,0,0,0,0,0,100,0,0,0,0,0,0,0,0,0,0,0,0,254,254,0,0,0,0,0,-1,100,1,1,1,1,1,1,1,0,0,0,0,0,0,0,0,0,0,0,0,0,0,0,0,0,0,0,0,0,0,0,0,0,0,0,0,0,0,0,0,0,0,0,0,0,0,0,0,0,1,1,1,1,1,1,1,1,1,1,1,1,1,1,1,1,0,1,0,0,1,0,0,0,0,0,-1,-1,-1,-1,-1,-1,-1,0,0,0,0,-1,-1,-1,-1,-1,-1,-1,0,0,-1,0,-1,1,1,1,1,1,1,1,1,1,-1,1,1,0,1,1,-1,1,0,0,0,0,0,0,1,1,1,1,1,1,1,1,0,0,0,0,-1,-1,1,1,1,1,-1,100,0,0,0,0,0,0,0,0,0,1,-1,1,0,0,0,-1,-1,-1,1,1,1,1,1,1,1,1,1,1,1,1,1,-1,-1,-1,1,0,0,0,-1,1,0,0,0,0,0,1,0,1,1,1,1,1,0,0,0,0,1,1,0,1,1,1,-1,0,0,0,0,0,0,0,0,0,0,0,0,0,0,1,1,1,0,0,1,1,0,0,100,0,0,0,0,0,0,0,1,0,0,0,0,0,0,0,0,0,0,0,0,1,1,1,1,1,1,1,45,15,5,5,1,1,1,1,0,0,0,3,-1,0,0,0,0,-1,0,0,0,0,-1,-1,-1,-1,-1,0,1,1,0,0,1,0,0,0,0,0,0,-1,1,-1,-1,100,100,0,1,-1,-1,-1,-1,-1,-1,-1
6750013,Carian combo,-1,-1,0,0,1,1,1,1,1,1,1,1,1,1,1,1,1,1,1,1,1,1,0,0,0,0,1,1,1,1,1,1,1,1,1,1,1,0,-1,0,0,0,0,0,0,0,0,0,1,1,1,0,0,0,0,1,1,1,1,0,-1,1,0,1,1,-1,1,1,1,1,-1,1,1,-1,-1,-1,1,1,-1,0,0,0,0,0,-1,0,0,0,0,0,100,0,0,0,0,0,0,0,0,0,0,0,0,254,254,0,0,0,0,0,-1,100,1,1,1,1,1,1,1,0,0,0,0,0,0,0,0,0,0,0,0,0,0,0,0,0,0,0,0,0,0,0,0,0,0,0,0,0,0,0,0,0,0,0,0,0,0,0,0,0,1,1,1,1,1,1,1,1,1,1,1,1,1,1,1,1,0,1,0,0,1,0,0,0,0,0,-1,-1,-1,-1,-1,-1,-1,0,0,0,0,-1,-1,-1,-1,-1,-1,-1,0,0,-1,0,-1,1,1,1,1,1,1,1,1,1,-1,1,1,0,1,1,-1,1,0,0,0,0,0,0,1,1,1,1,1,1,1,1,0,0,0,0,-1,-1,1,1,1,1,-1,100,0,0,0,0,0,0,0,0,0,1,-1,1,0,0,0,-1,-1,-1,1,1,1,1,1,1,1,1,1,1,1,1,1,-1,-1,-1,1,0,0,0,-1,1,0,0,0,0,0,1,0,1,1,1,1,1,0,0,0,0,1,1,0,1,1,1,-1,0,0,0,0,0,0,0,0,0,0,0,0,0,0,1,1,1,0,0,1,1,0,0,100,0,0,0,0,0,0,0,1,0,0,0,0,0,0,0,0,0,0,0,0,1,1,1,1,1,1,1,45,15,5,5,1,1,1,1,0,0,0,3,-1,0,0,0,0,-1,0,0,0,0,-1,-1,-1,-1,-1,0,1,1,0,0,1,0,0,0,0,0,0,-1,1,-1,-1,100,100,0,1,-1,-1,-1,-1,-1,-1,-1
6750014,Carian combo,-1,-1,0,0,1,1,1,1,1,1,1,1,1,1,1,1,1,1,1,1,1,1,0,0,0,0,1,1,1,1,1,1,1,1,1,1,1,0,-1,0,0,0,0,0,0,0,0,0,1,1,1,0,0,0,0,1,1,1,1,0,-1,1,0,1,1,-1,1,1,1,1,-1,1,1,-1,-1,-1,1,1,-1,0,0,0,0,0,-1,0,0,0,0,0,100,0,0,0,0,0,0,0,0,0,0,0,0,254,254,0,0,0,0,0,-1,100,1,1,1,1,1,1,1,0,0,0,0,0,0,0,0,0,0,0,0,0,0,0,0,0,0,0,0,0,0,0,0,0,0,0,0,0,0,0,0,0,0,0,0,0,0,0,0,0,1,1,1,1,1,1,1,1,1,1,1,1,1,1,1,1,0,1,0,0,1,0,0,0,0,0,-1,-1,-1,-1,-1,-1,-1,0,0,0,0,-1,-1,-1,-1,-1,-1,-1,0,0,-1,0,-1,1,1,1,1,1,1,1,1,1,-1,1,1,0,1,1,-1,1,0,0,0,0,0,0,1,1,1,1,1,1,1,1,0,0,0,0,-1,-1,1,1,1,1,-1,100,0,0,0,0,0,0,0,0,0,1,-1,1,0,0,0,-1,-1,-1,1,1,1,1,1,1,1,1,1,1,1,1,1,-1,-1,-1,1,0,0,0,-1,1,0,0,0,0,0,1,0,1,1,1,1,1,0,0,0,0,1,1,0,1,1,1,-1,0,0,0,0,0,0,0,0,0,0,0,0,0,0,1,1,1,0,0,1,1,0,0,100,0,0,0,0,0,0,0,1,0,0,0,0,0,0,0,0,0,0,0,0,1,1,1,1,1,1,1,45,15,5,5,1,1,1,1,0,0,0,3,-1,0,0,0,0,-1,0,0,0,0,-1,-1,-1,-1,-1,0,1,1,0,0,1,0,0,0,0,0,0,-1,1,-1,-1,100,100,0,1,-1,-1,-1,-1,-1,-1,-1
6750015,Carian combo,-1,-1,0,0,1,1,1,1,1,1,1,1,1,1,1,1,1,1,1,1,1,1,0,0,0,0,1,1,1,1,1,1,1,1,1,1,1,0,-1,0,0,0,0,0,0,0,0,0,1,1,1,0,0,0,0,1,1,1,1,0,-1,1,0,1,1,-1,1,1,1,1,-1,1,1,-1,-1,-1,1,1,-1,0,0,0,0,0,-1,0,0,0,0,0,100,0,0,0,0,0,0,0,0,0,0,0,0,254,254,0,0,0,0,0,-1,100,1,1,1,1,1,1,1,0,0,0,0,0,0,0,0,0,0,0,0,0,0,0,0,0,0,0,0,0,0,0,0,0,0,0,0,0,0,0,0,0,0,0,0,0,0,0,0,0,1,1,1,1,1,1,1,1,1,1,1,1,1,1,1,1,0,1,0,0,1,0,0,0,0,0,-1,-1,-1,-1,-1,-1,-1,0,0,0,0,-1,-1,-1,-1,-1,-1,-1,0,0,-1,0,-1,1,1,1,1,1,1,1,1,1,-1,1,1,0,1,1,-1,1,0,0,0,0,0,0,1,1,1,1,1,1,1,1,0,0,0,0,-1,-1,1,1,1,1,-1,100,0,0,0,0,0,0,0,0,0,1,-1,1,0,0,0,-1,-1,-1,1,1,1,1,1,1,1,1,1,1,1,1,1,-1,-1,-1,1,0,0,0,-1,1,0,0,0,0,0,1,0,1,1,1,1,1,0,0,0,0,1,1,0,1,1,1,-1,0,0,0,0,0,0,0,0,0,0,0,0,0,0,1,1,1,0,0,1,1,0,0,100,0,0,0,0,0,0,0,1,0,0,0,0,0,0,0,0,0,0,0,0,1,1,1,1,1,1,1,45,15,5,5,1,1,1,1,0,0,0,3,-1,0,0,0,0,-1,0,0,0,0,-1,-1,-1,-1,-1,0,1,1,0,0,1,0,0,0,0,0,0,-1,1,-1,-1,100,100,0,1,-1,-1,-1,-1,-1,-1,-1
7370901,[Relic Effect] Changes compatible armament's incantation to Lightning Stake at start of expedition,-1,-1,-1,0,1,1,1,1,1,1,1,1,1,1,1,1,1,1,1,1,1,1,0,0,0,0,1,1,1,1,1,1,1,1,1,1,1,0,-1,0,0,0,0,0,0,0,0,0,1,1,1,0,0,0,0,1,1,1,1,0,-1,1,0,1,1,-1,1,1,1,1,-1,1,1,-1,-1,-1,1,1,-1,0,0,0,0,0,-1,0,0,0,0,0,100,0,0,0,0,0,0,0,0,0,0,0,0,254,254,2128,0,0,0,0,-1,100,1,1,0,1,1,1,1,0,0,0,0,0,0,0,0,0,0,0,0,0,0,0,0,0,0,1,0,0,0,0,0,0,0,0,0,0,0,0,0,0,0,0,0,0,0,0,0,0,1,1,1,1,1,1,1,1,1,1,1,1,1,1,1,1,0,1,0,0,1,0,0,0,0,0,-1,-1,-1,-1,-1,-1,-1,0,0,0,0,-1,-1,-1,-1,-1,-1,-1,0,0,-1,0,-1,1,1,1,1,1,1,1,1,1,-1,1,1,0,1,1,-1,1,0,0,0,0,0,0,1,1,1,1,1,1,1,1,0,0,0,0,-1,-1,1,1,1,1,-1,100,0,0,0,0,0,0,0,0,0,1,-1,1,0,0,0,-1,-1,-1,1,1,1,1,1,1,1,1,1,1,1,1,1,-1,-1,-1,1,0,0,0,-1,1,0,0,0,0,0,1,0,1,1,1,1,1,0,0,0,0,1,1,0,1,1,1,-1,0,0,0,0,0,0,0,0,0,0,0,0,0,0,1,1,1,0,0,1,1,0,0,100,0,0,0,0,0,0,0,1,0,0,0,0,0,0,0,0,0,0,0,0,1,1,1,1,1,1,1,0,0,0,0,1,1,1,1,0,0,0,3,-1,0,0,0,0,-1,0,0,0,0,-1,-1,-1,-1,-1,0,1,1,0,0,1,0,0,0,0,0,0,-1,1,-1,-1,100,100,0,1,-1,-1,-1,-1,-1,-1,6905
8330903,thorn,-1,-1,0.8,0,1,1,1,1,1,1,1,1,1,1,1.15,1.15,1.15,1.15,1,1,1,1,0,0,0,0,1,1,1,1,1,1,1,1,1,1,1,0,-1,0,0,0,0,0,0,0,0,0,1,1,1,0,0,0,0,1,1,1,1,0,-1,1,0,1,1,-1,1,1,1,1,-1,1,1,-1,-1,-1,1,1,-1,38,0,0,20,0,-1,0,0,0,0,0,100,0,0,0,0,0,0,0,0,0,0,0,0,254,254,0,0,0,0,0,-1,100,1,1,0,1,1,1,1,0,0,0,0,0,0,0,0,1,1,0,0,0,0,0,0,0,0,1,0,0,0,0,0,0,0,0,0,0,0,0,0,0,0,0,0,0,0,0,0,0,1,1,1,1,1,1,1,1,1,1,1,1,1,1,1,1,0,1,0,0,1,0,0,0,1,0,-1,-1,-1,-1,-1,-1,-1,0,0,0,0,-1,-1,-1,-1,-1,-1,-1,0,0,-1,0,-1,1,1,1,1,1,1,1,1,1,-1,1.15,1,0,1,1,-1,1,0,0,0,0,0,0,1,1,1,1,1,1,1,1,0,0,0,0,-1,-1,1,1,1,1,-1,100,0,0,0,0,1,1,0,0,0,1,-1,1,0,0,0,-1,-1,-1,1,1,1,1,1,1,1,1,1,1,1,1,1,-1,-1,-1,1,497,0,0,-1,1,0,0,0,0,0,1,0,1,1,1,1,1,0,0,0,0,1,1,0,1,1,1,-1,0,0,0,0,0,0,0,0,0,0,0,0,0,0,1,1,1,0,0,1,1,0,0,100,0,0,0,0,0,0,0,1,0,0,0,0,0,0,0,0,0,0,0,0,1,1,1,1,1,1,1,0,0,0,0,1,1,1,1,0,0,0,3,-1,0,0,0,0,-1,0,0,0,0,-1,-1,-1,-1,-1,0,1,1,0,0,1,0,0,0,0,0,0,-1,1,-1,-1,100,100,0,1,-1,-1,-1,-1,-1,-1,-1
8460303,[Weapon Effect] Wraiths While Walking_1,-1,-1,-1,0,1,1,1,1,1,1,1,1,1,1,1,1,1,1,1,1,1,1,0,0,0,0,1,1,1,1,1,1,1,1,1,1,1,0,-1,0,0,0,0,0,0,0,0,0,1,1,1,0,0,0,0,1,1,1,1,0,-1,1,0,1,1,-1,1,1,1,1,-1,1,1,-1,-1,-1,1,1,-1,0,0,0,0,0,-1,0,0,0,0,0,100,0,0,0,0,0,0,0,0,0,0,0,0,254,254,2056,0,0,0,0,-1,100,1,1,1,1,1,1,1,0,0,0,0,0,0,0,0,0,0,0,0,0,0,0,0,0,0,0,0,0,0,0,0,0,0,0,0,0,0,0,0,0,0,0,0,0,0,0,0,0,1,1,1,1,1,1,1,1,1,1,1,1,1,1,1,1,0,1,0,0,1,0,0,0,0,0,-1,-1,-1,-1,-1,-1,-1,0,0,0,0,-1,-1,-1,-1,-1,-1,-1,0,0,-1,0,-1,1,1,1,1,1,1,1,1,1,-1,1,1,0,1,1,-1,1,0,0,0,0,0,0,1,1,1,1,1,1,1,1,0,0,0,0,-1,-1,1,1,1,1,-1,100,0,0,0,0,0,0,0,0,0,1,-1,1,0,0,0,-1,-1,-1,1,1,1,1,1,1,1,1,1,1,1,1,1,-1,-1,-1,1,0,0,0,-1,1,0,0,0,0,0,1,0,1,1,1,1,1,0,0,0,0,1,1,0,1,1,1,-1,0,0,0,0,0,0,0,0,0,0,0,0,0,0,1,1,1,0,0,1,1,0,0,100,0,0,0,0,0,0,0,1,0,0,0,0,0,0,0,0,0,0,0,0,1,1,1,1,1,1,1,0,0,0,0,1,1,1,1,0,0,0,3,-1,0,0,0,0,-1,0,0,0,0,-1,-1,-1,-1,-1,0,1,1,0,0,1,0,0,0,0,0,0,-1,1,-1,-1,100,100,0,1,-1,-1,-1,-1,-1,-1,-1
8460304,[Weapon Effect] Wraiths While Walking_1,-1,-1,0,1,1,1,1,1,1,1,1,1,1,1,1,1,1,1,1,1,1,1,0,0,0,0,1,1,1,1,1,1,1,1,1,1,1,0,-1,0,0,0,0,0,0,0,0,0,1,1,1,0,0,0,0,1,1,1,1,0,-1,1,0,1,1,-1,1,1,1,1,-1,1,1,-1,8460305,-1,1,1,-1,0,0,0,0,0,-1,0,0,0,0,0,100,0,0,0,0,0,0,0,0,0,0,0,0,254,254,0,0,0,0,0,-1,100,1,1,1,1,1,1,1,0,0,0,0,0,0,0,0,0,0,0,0,0,0,0,0,0,0,0,0,0,0,0,0,0,0,0,0,0,0,0,0,0,0,0,0,0,0,0,0,0,1,1,1,1,1,1,1,1,1,1,1,1,1,1,1,1,0,1,0,0,1,0,0,0,1,0,-1,-1,-1,-1,-1,-1,-1,0,0,0,0,-1,-1,-1,-1,-1,-1,-1,0,0,-1,0,-1,1,1,1,1,1,1,1,1,1,-1,1,1,0,1,1,-1,1,0,0,0,0,0,0,1,1,1,1,1,1,1,1,0,0,0,0,-1,-1,1,1,1,1,-1,100,0,0,0,0,0,0,0,0,0,1,-1,1,0,0,0,-1,-1,-1,1,1,1,1,1,1,1,1,1,1,1,1,1,-1,-1,-1,1,0,0,0,-1,1,0,0,0,0,0,1,0,1,1,1,1,1,0,0,0,0,1,1,0,1,1,1,-1,0,0,0,0,0,0,0,0,0,0,0,0,0,0,1,1,1,0,0,1,1,0,0,100,0,0,0,0,0,0,0,1,0,0,0,0,0,0,0,0,0,0,0,0,1,1,1,1,1,1,1,0,0,0,0,1,1,1,1,0,0,0,3,-1,0,0,0,0,-1,0,0,0,0,-1,-1,-1,-1,-1,0,1,1,0,0,1,0,0,0,0,0,0,-1,1,-1,-1,100,100,0,1,-1,-1,-1,-1,-1,-1,-1
8460305,[Weapon Effect] Wraiths While Walking - Apply Behavior Change_1,-1,-1,2.5,3.5,1,1,1,1,1,1,1,1,1,1,1,1,1,1,1,1,1,1,0,0,0,0,1,1,1,1,1,1,1,1,1,1,1,0,846030000,0,0,0,0,0,0,0,0,0,1,1,1,0,0,0,0,1,1,1,1,0,-1,1,0,1,1,-1,1,1,1,1,-1,1,1,-1,-1,-1,1,1,-1,0,0,0,0,0,-1,0,0,0,0,0,100,0,0,0,0,0,0,0,0,0,0,0,0,254,254,275,0,0,0,0,-1,100,1,1,1,1,1,1,1,0,0,0,0,0,0,0,0,0,0,0,0,0,0,0,0,0,0,0,0,0,0,0,0,0,0,0,0,0,0,0,0,0,0,0,0,0,0,0,0,0,1,1,1,1,1,1,1,1,1,1,1,1,1,1,1,1,0,1,0,0,1,0,0,0,0,0,-1,80,-1,-1,-1,-1,-1,0,0,0,0,-1,-1,-1,-1,-1,-1,-1,0,0,-1,0,-1,1,1,1,1,1,1,1,1,1,-1,1,1,0,1,1,-1,1,0,0,0,0,0,0,1,1,1,1,1,1,1,1,0,0,0,0,-1,-1,1,1,1,1,-1,100,0,0,0,0,0,0,0,0,0,1,-1,1,0,0,0,-1,-1,-1,1,1,1,1,1,1,1,1,1,1,1,1,1,-1,-1,-1,1,0,0,0,-1,1,0,0,0,0,0,1,0,1,1,1,1,1,0,0,0,0,1,1,0,1,1,1,-1,0,0,0,0,0,0,0,0,0,0,0,0,0,0,1,1,1,0,0,1,1,0,0,100,0,0,0,0,0,0,0,1,0,0,0,0,0,0,0,0,0,0,0,0,1,1,1,1,1,1,1,0,0,0,0,1,1,1,1,0,0,0,3,-1,0,0,0,0,-1,0,0,0,0,-1,-1,-1,-1,-1,0,1,1,0,0,1,0,0,0,0,0,0,-1,1,-1,-1,100,100,0,1,-1,-1,-1,-1,-1,-1,-1
8980009,[Weapon Effect] Power of Night and Flame_1,-1,-1,0,0,1,1,1,1,1,1,1,1,1,1,1,1,1,1,1,1,1,1,0,0,0,0,1,1,1,1,1,1,1,1,1,1,1,0,-1,0,0,0,0,0,0,0,0,0,1,1,1,0,0,0,0,1,1,1,1,0,-1,1,0,1,1,-1,1,1,1,1,-1,1,1,-1,8980010,-1,1,1,-1,0,0,0,10000,0,-1,0,0,0,0,0,100,0,0,0,0,0,0,0,0,0,0,0,0,254,254,0,0,0,0,0,-1,100,1,1,1,1,1,1,1,0,0,0,0,0,0,0,0,0,0,0,0,0,0,0,0,0,0,0,0,0,0,0,0,0,0,0,0,0,0,0,0,0,0,0,0,0,0,0,0,0,1,1,1,1,1,1,1,1,1,1,1,1,1,1,1,1,0,1,0,0,1,0,0,0,1,0,-1,-1,-1,-1,-1,-1,-1,0,0,0,0,-1,-1,-1,-1,-1,-1,-1,0,0,-1,0,-1,1,1,1,1,1,1,1,1,1,-1,1,1,0,1,1,-1,1,0,0,0,0,0,0,1,1,1,1,1,1,1,1,0,0,0,0,-1,-1,1,1,1,1,-1,100,0,0,0,0,0,0,0,0,0,1,-1,1,0,0,0,-1,-1,-1,1,1,1,1,1,1,1,1,1,1,1,1,1,-1,-1,-1,1,323,0,0,-1,1,0,0,0,0,0,1,0,1,1,1,1,1,0,0,0,0,1,1,0,1,1,1,-1,0,0,0,0,0,0,0,0,0,0,0,0,0,0,1,1,1,0,0,1,1,0,0,100,0,0,0,0,0,0,0,1,0,0,0,0,0,0,0,0,0,0,0,0,1,1,1,1,1,1,1,0,0,0,0,1,1,1,1,0,0,0,3,-1,0,0,0,0,-1,0,0,0,0,-1,-1,-1,-1,-1,0,1,1,0,0,1,0,0,0,0,0,0,-1,1,-1,-1,100,100,0,1,-1,-1,-1,-1,-1,-1,-1
8980010,[Weapon Effect] Power of Night and Flame: Fire Damage Buff (Right)_1,20504,-1,30,0,1,1,1,1,1,1,1,1,1,1,1,1,1,1,1,1,1,1,0,30,30,0,1,1,1,1,1,1,1,1,1,1,1,0,-1,0,0,0,0,0,0,0,0,0,1,1,1,0,0,0,0,1,1,1,1,0,-1,1,0,1,1,-1,1,1,1,1,20505,1,1,-1,-1,-1,1,1,-1,0,0,0,162,0,-1,0,0,0,0,0,100,0,0,0,0,0,0,0,0,0,0,0,0,254,11,62,1,0,0,0,-1,100,1,1,1,1,1,1,1,0,0,0,0,0,0,0,0,0,0,0,0,0,0,0,0,0,0,0,0,0,0,0,0,0,0,0,0,0,0,0,0,0,0,0,0,0,0,0,0,0,1,1,1,1,1,1,1,1,1,1,1,1,1,1,1,1,0,1,1,1,1,0,0,0,0,0,-1,-1,81,-1,-1,-1,-1,0,0,0,0,82,-1,-1,-1,-1,-1,-1,0,0,-1,0,-1,1,1,1,1,1,1,1,1,1,-1,1,1,0,1,1,-1,1,0,0,0,0,0,0,1,1,1,1,1,1,1,1,0,0,0,0,-1,-1,1,1,1,1,-1,100,0,1,0,0,0,0,0,0,0,1,-1,1,0,0,0,-1,-1,-1,1,1,1,1,1,1,1,1,1,1,1,1,1,-1,-1,-1,1,0,0,0,-1,1,0,0,0,0,0,1,0,1,1,1,1,1,0,0,0,0,1,1,0,1,1,1,-1,0,0,0,0,0,0,0,0,0,0,0,0,0,0,1,1,1,0,0,1,1,0,0,100,0,0,0,0,0,0,0,1,0,0,0,0,0,0,0,0,0,0,0,0,1,1,1,1,1,1,1,0,0,0,0,1,1,1,1,0,0,0,3,121158,0,0,0,0,-1,0,0,0,0,-1,-1,-1,-1,-1,0,1,1,0,0,1,0,0,0,0,0,0,-1,1,-1,-1,100,100,0,1,-1,-1,-1,-1,-1,-1,-1
8980100,Twin Moon Knight fth,20504,-1,15,0,1,1,1,1,1,1,1,1,1,1,1,1,1,1,1,1,1,1,0,0,0,0,1,1,1,1,1,1,1,1,1,1,1,0,-1,0,0,0,0,0,0,0,0,0,1,1,1,0,0,0,0,1,1,1,1,0,-1,1,0,1,1,-1,1,1,1,1,-1,1,1,-1,-1,-1,1,1,-1,0,0,0,162,0,-1,0,0,0,0,0,100,0,0,0,0,0,0,0,0,0,0,0,0,254,254,0,0,0,0,0,-1,100,1,1,1,1,1,1,1,0,0,0,0,0,0,0,0,0,0,0,0,0,0,0,0,0,0,0,0,0,0,0,0,0,0,0,0,0,0,0,0,0,0,0,0,0,0,0,0,0,1,1,1,1,1,1,1,1,1,1,1,1,1,1,1,1,0,1,1,1,1,0,0,0,0,0,-1,-1,-1,-1,-1,-1,-1,0,0,0,0,-1,-1,-1,-1,-1,-1,-1,0,0,-1,0,-1,1,1,1,1,1,1,1,1,1,-1,1,1,0,1,1,-1,1,0,0,0,0,0,0,1,1,1,1,1,1,1,1,0,0,0,0,-1,-1,1,1,1,1,-1,100,0,0,0,0,0,0,0,0,0,1,-1,1,0,0,0,-1,-1,-1,1,1,1,1,1,1,1,1,1,1,1,1,1,-1,-1,-1,1,0,0,0,-1,1,0,0,0,0,0,1,0,1,1,1,1,1,0,0,0,0,1,1,0,1,1,1,-1,0,0,0,0,0,0,0,10,0,0,0,0,0,0,1,1,1,0,0,1,1,0,0,100,0,0,0,0,0,0,0,1,0,0,0,0,0,0,0,0,0,0,0,0,1,1,1,1,1,1,1,0,0,0,0,1,1,1,1,0,0,0,3,9990061,0,0,0,0,-1,0,0,0,0,-1,-1,-1,-1,-1,0,1,1,0,0,1,0,0,0,0,0,0,-1,1,-1,-1,100,100,0,1,-1,-1,-1,-1,-1,-1,-1
8980101,Twin Moon Knight int,20505,-1,15,0,1,1,1,1,1,1,1,1,1,1,1,1,1,1,1,1,1,1,0,0,0,0,1,1,1,1,1,1,1,1,1,1,1,0,-1,0,0,0,0,0,0,0,0,0,1,1,1,0,0,0,0,1,1,1,1,0,-1,1,0,1,1,-1,1,1,1,1,-1,1,1,-1,-1,-1,1,1,-1,0,0,0,162,0,-1,0,0,0,0,0,100,0,0,0,0,0,0,0,0,0,0,0,0,254,254,0,0,0,0,0,-1,100,1,1,1,1,1,1,1,0,0,0,0,0,0,0,0,0,0,0,0,0,0,0,0,0,0,0,0,0,0,0,0,0,0,0,0,0,0,0,0,0,0,0,0,0,0,0,0,0,1,1,1,1,1,1,1,1,1,1,1,1,1,1,1,1,0,1,1,1,1,0,0,0,0,0,-1,-1,-1,-1,-1,-1,-1,0,0,0,0,-1,-1,-1,-1,-1,-1,-1,0,0,-1,0,-1,1,1,1,1,1,1,1,1,1,-1,1,1,0,1,1,-1,1,0,0,0,0,0,0,1,1,1,1,1,1,1,1,0,0,0,0,-1,-1,1,1,1,1,-1,100,0,0,0,0,0,0,0,0,0,1,-1,1,0,0,0,-1,-1,-1,1,1,1,1,1,1,1,1,1,1,1,1,1,-1,-1,-1,1,0,0,0,-1,1,0,0,0,0,0,1,0,1,1,1,1,1,0,0,0,0,1,1,0,1,1,1,-1,0,0,0,0,0,0,10,0,0,0,0,0,0,0,1,1,1,0,0,1,1,0,0,100,0,0,0,0,0,0,0,1,0,0,0,0,0,0,0,0,0,0,0,0,1,1,1,1,1,1,1,0,0,0,0,1,1,1,1,0,0,0,3,9990062,0,0,0,0,-1,0,0,0,0,-1,-1,-1,-1,-1,0,1,1,0,0,1,0,0,0,0,0,0,-1,1,-1,-1,100,100,0,1,-1,-1,-1,-1,-1,-1,-1
8981005,[Weapon Effect] Power of The Old Gods,-1,-1,-1,0,1,1,1,1,1,1,1,1,1,1,1,1,1,1,1,1,1,1,0,0,0,0,1,1,1,1,1,1,1,1,1,1,1,0,-1,0,0,0,0,0,0,0,0,0,1,1,1,0,0,0,0,1,1,1,1,0,-1,1,0,1,1,-1,1,1,1,1,-1,1,1,-1,-1,-1,1,1,-1,0,0,0,10,0,-1,0,0,0,0,0,100,0,0,0,0,0,0,0,0,0,0,0,0,254,254,0,0,0,0,0,-1,100,1,1,0,1,1,1,1,0,0,0,0,0,0,0,0,0,0,0,0,0,0,0,0,0,0,1,0,0,0,0,0,0,0,0,0,0,0,0,0,0,0,0,0,0,0,0,0,0,1,1,1,1,1,1,1,1,1,1,1,1,1,1,1,1,0,1,0,0,1,0,0,0,0,0,-1,-1,-1,-1,-1,-1,-1,0,0,0,0,-1,-1,-1,-1,-1,-1,-1,0,0,-1,0,-1,1,1,1,1,1,1,1,1,1,-1,1,1,0,1,1,-1,1,0,0,0,0,0,0,1,1,1,1,1,1,1,1,0,0,0,0,-1,-1,1,1,1,1,-1,100,0,0,0,0,0,0,0,0,0,1,-1,1,0,0,0,-1,-1,-1,1,1,1,1,1,1,1,1,1,1,1,1,1,-1,-1,-1,1,0,0,0,-1,1,0,0,0,0,0,1,0,1,1,1,1,1,0,0,0,0,1,1,0,1,1,1,-1,0,0,0,0,0,0,0,0,0,0,0,0,0,0,1,1,1,0,0,1,1,0,0,100,0,0,0,0,0,0,0,1,0,0,0,0,0,0,0,0,0,0,0,0,1,1,1,1,1,1,1,0,0,0,0,1,1,1,1,0,0,0,3,-1,0,0,0,0,-1,0,0,0,0,-1,-1,-1,-1,-1,0,1,1,0,0,1,0,0,0,0,0,0,-1,1,-1,-1,100,100,0,1,-1,-1,-1,-1,-1,-1,-1
8981010,[Weapon Effect] Power of The Pureblood Knights,-1,-1,-1,0,1,1,1,1,1,1,1,1,1,1,1,1,1,1,1,1,1,1,0,0,0,0,1,1,1,1,1,1,1,1,1,1,1,0,-1,0,0,0,0,0,0,0,0,0,1,1,1,0,0,0,0,1,1,1,1,0,-1,1,0,1,1,-1,1,1,1,1,-1,1,1,-1,-1,-1,1,1,-1,0,0,0,10,0,-1,0,0,0,0,0,100,0,0,0,0,0,0,0,0,0,0,0,0,254,254,0,0,0,0,0,-1,100,1,1,0,1,1,1,1,0,0,0,0,0,0,0,0,0,0,0,0,0,0,0,0,0,0,1,0,0,0,0,0,0,0,0,0,0,0,0,0,0,0,0,0,0,0,0,0,0,1,1,1,1,1,1,1,1,1,1,1,1,1,1,1,1,0,1,0,0,1,0,0,0,0,0,-1,-1,-1,-1,-1,-1,-1,0,0,0,0,-1,-1,-1,-1,-1,-1,-1,0,0,-1,0,-1,1,1,1,1,1,1,1,1,1,-1,1,1,0,1,1,-1,1,0,0,0,0,0,0,1,1,1,1,1,1,1,1,0,0,0,0,-1,-1,1,1,1,1,-1,100,0,0,0,0,0,0,0,0,0,1,-1,1,0,0,0,-1,-1,-1,1,1,1,1,1,1,1,1,1,1,1,1,1,-1,-1,-1,1,0,0,0,-1,1,0,0,0,0,0,1,0,1,1,1,1,1,0,0,0,0,1,1,0,1,1,1,-1,0,0,0,0,0,0,0,0,0,0,0,0,0,0,1,1,1,0,0,1,1,0,0,100,0,0,0,0,0,0,0,1,0,0,0,0,0,0,0,0,0,0,0,0,1,1,1,1,1,1,1,0,0,0,0,1,1,1,1,0,0,0,3,-1,0,0,0,0,-1,0,0,0,0,-1,-1,-1,-1,-1,0,1,1,0,0,1,0,0,0,0,0,0,-1,1,-1,-1,100,100,0,1,-1,-1,-1,-1,-1,-1,-1
8981011,_1,20504,-1,0,0,1,1,1,1,1,1,1,1,1,1,1,1,1,1,1,1,1,1,0,0,0,0,1,1,1,1,1,1,1,1,1,1,1,0,-1,0,0,0,0,0,0,0,0,0,1,1,1,0,0,0,0,1,1,1,1,0,-1,1,0,1,1,-1,1,1,1,1,-1,1,1,-1,8981013,-1,1,1,-1,0,0,0,10000,0,-1,0,0,0,0,0,100,0,0,0,0,0,0,0,0,0,0,0,0,254,254,0,0,0,0,0,-1,100,1,1,1,1,1,1,1,0,0,0,0,0,0,0,0,0,0,0,0,0,0,0,0,0,0,0,0,0,0,0,0,0,0,0,0,0,0,0,0,0,0,0,0,0,0,0,0,0,1,1,1,1,1,1,1,1,1,1,1,1,1,1,1,1,0,1,0,0,1,0,0,0,1,0,-1,-1,-1,-1,-1,-1,-1,0,0,0,0,-1,-1,-1,-1,-1,-1,-1,0,0,-1,0,-1,1,1,1,1,1,1,1,1,1,-1,1,1,0,1,1,-1,1,0,0,0,0,0,0,1,1,1,1,1,1,1,1,0,0,0,0,-1,-1,1,1,1,1,-1,100,0,0,0,0,0,0,0,0,0,1,-1,1,0,0,0,-1,-1,-1,1,1,1,1,1,1,1,1,1,1,1,1,1,-1,-1,-1,1,323,0,0,-1,1,0,0,0,0,0,1,0,1,1,1,1,1,0,0,0,0,1,1,0,1,1,1,-1,0,0,0,0,0,0,0,0,0,0,0,0,0,0,1,1,1,0,0,1,1,0,0,100,0,0,0,0,0,0,0,1,0,0,0,0,0,0,0,0,0,0,0,0,1,1,1,1,1,1,1,0,0,0,0,1,1,1,1,0,0,0,3,-1,0,0,0,0,-1,0,0,0,0,-1,-1,-1,-1,-1,0,1,1,0,0,1,0,0,0,0,0,0,-1,1,-1,-1,100,100,0,1,-1,-1,-1,-1,-1,-1,-1
8981012,_1_1,20504,-1,0,0,1,1,1,1,1,1,1,1,1,1,1,1,1,1,1,1,1,1,0,0,0,0,1,1,1,1,1,1,1,1,1,1,1,0,-1,0,0,0,0,0,0,0,0,0,1,1,1,0,0,0,0,1,1,1,1,0,-1,1,0,1,1,-1,1,1,1,1,-1,1,1,-1,8981014,-1,1,1,-1,0,0,0,10006,0,-1,0,0,0,0,0,100,0,0,0,0,0,0,0,0,0,0,0,0,254,254,0,0,0,0,0,-1,100,1,1,1,1,1,1,1,0,0,0,0,0,0,0,0,0,0,0,0,0,0,0,0,0,0,0,0,0,0,0,0,0,0,0,0,0,0,0,0,0,0,0,0,0,0,0,0,0,1,1,1,1,1,1,1,1,1,1,1,1,1,1,1,1,0,1,0,0,1,0,0,0,1,0,-1,-1,-1,-1,-1,-1,-1,0,0,0,0,-1,-1,-1,-1,-1,-1,-1,0,0,-1,0,-1,1,1,1,1,1,1,1,1,1,-1,1,1,0,1,1,-1,1,0,0,0,0,0,0,1,1,1,1,1,1,1,1,0,0,0,0,-1,-1,1,1,1,1,-1,100,0,0,0,0,0,0,0,0,0,1,-1,1,0,0,0,-1,-1,-1,1,1,1,1,1,1,1,1,1,1,1,1,1,-1,-1,-1,1,322,0,0,-1,1,0,0,0,0,0,1,0,1,1,1,1,1,0,0,0,0,1,1,0,1,1,1,-1,0,0,0,0,0,0,0,0,0,0,0,0,0,0,1,1,1,0,0,1,1,0,0,100,0,0,0,0,0,0,0,1,0,0,0,0,0,0,0,0,0,0,0,0,1,1,1,1,1,1,1,0,0,0,0,1,1,1,1,0,0,0,3,-1,0,0,0,0,-1,0,0,0,0,-1,-1,-1,-1,-1,0,1,1,0,0,1,0,0,0,0,0,0,-1,1,-1,-1,100,100,0,1,-1,-1,-1,-1,-1,-1,-1
8981013,_1_1,20504,-1,60,0,1,1,1,1,1,1,1,1,1,1,1,1,1,1,1,1,1,1,0,0,18,0,1,1,1,1,1,1,1,1,1,1,1,0,-1,0,0,0,0,0,0,0,0,0,1,1,1,0,0,0,0,1,1,1,1,0,-1,1,0,1,1,-1,1,1,1,1,20510,1,1,-1,-1,1632001,1,1,-1,0,0,0,162,0,-1,0,0,0,0,0,100,0,0,0,0,0,0,0,0,0,0,0,0,254,11,152,1,0,0,0,-1,100,1,1,1,1,1,1,1,0,0,0,0,0,0,1,0,0,0,0,0,0,0,0,0,0,0,0,0,0,0,0,0,0,0,0,0,0,0,0,0,0,0,0,0,0,0,1,0,0,1,1,1,1,1,1,1,1,1,1,1,1,1,1,1,1,0,1,1,1,1,0,0,1,0,0,-1,-1,1632000,-1,-1,-1,-1,0,0,0,0,-1,-1,-1,-1,-1,-1,-1,0,0,-1,0,-1,1,1,1,1,1,1,1,1,1,-1,1,1,0,1,1,-1,1,0,0,0,0,0,0,1,1,1,1,1,1,1,1,0,0,0,0,-1,-1,1,1,1,1,-1,100,0,1,0,0,0,0,0,0,0,1,-1,1,0,0,0,-1,-1,-1,1,1,1,1,1,1,1,1,1,1,1,1,1,121014,-1,-1,1,323,0,0,-1,1,0,0,0,0,0,1,0,1,1,1,1,1,0,0,0,0,1,1,0,1,1,1,-1,0,0,0,0,0,0,0,0,0,0,0,3,0,0,1,1,1,0,0,1,1,0,0,100,0,0,0,0,0,0,0,1,0,0,0,0,0,0,0,0,0,0,0,0,1,1,1,1,1,1,1,0,0,0,0,1,1,1,1,0,0,29,1,121013,0,0,0,0,-1,0,0,0,0,-1,-1,-1,-1,-1,0,1,1,0,0,1,0,0,0,0,0,0,-1,1,-1,-1,100,100,0,1,-1,-1,-1,-1,-1,-1,-1
8981014,_1_1_1,20504,-1,60,0,1,1,1,1,1,1,1,1,1,1,1,1,1,1,1,1,1,1,0,0,18,0,1,1,1,1,1,1,1,1,1,1,1,0,-1,0,0,0,0,0,0,0,0,0,1,1,1,0,0,0,0,1,1,1,1,0,-1,1,0,1,1,-1,1,1,1,1,20510,1,1,-1,-1,1632001,1,1,-1,0,0,0,162,0,-1,0,0,0,0,0,100,0,0,0,0,0,0,0,0,0,0,0,0,254,11,152,2,0,0,0,-1,100,1,1,1,1,1,1,1,0,0,0,0,0,0,1,0,0,0,0,0,0,0,0,0,0,0,0,0,0,0,0,0,0,0,0,0,0,0,0,0,0,0,0,0,0,0,1,0,0,1,1,1,1,1,1,1,1,1,1,1,1,1,1,1,1,0,1,1,1,1,0,0,1,0,0,-1,-1,1632000,-1,-1,-1,-1,0,0,0,0,-1,-1,-1,-1,-1,-1,-1,0,0,-1,0,-1,1,1,1,1,1,1,1,1,1,-1,1,1,0,1,1,-1,1,0,0,0,0,0,0,1,1,1,1,1,1,1,1,0,0,0,0,-1,-1,1,1,1,1,-1,100,0,1,0,0,0,0,0,0,0,1,-1,1,0,0,0,-1,-1,-1,1,1,1,1,1,1,1,1,1,1,1,1,1,121014,-1,-1,1,322,0,0,-1,1,0,0,0,0,0,1,0,1,1,1,1,1,0,0,0,0,1,1,0,1,1,1,-1,0,0,0,0,0,0,0,0,0,0,0,3,0,0,1,1,1,0,0,1,1,0,0,100,0,0,0,0,0,0,0,1,0,0,0,0,0,0,0,0,0,0,0,0,1,1,1,1,1,1,1,0,0,0,0,1,1,1,1,0,0,29,2,121013,0,0,0,0,-1,0,0,0,0,-1,-1,-1,-1,-1,0,1,1,0,0,1,0,0,0,0,0,0,-1,1,-1,-1,100,100,0,1,-1,-1,-1,-1,-1,-1,-1
8981015,[Weapon Effect] Power of The Champion,-1,-1,0,0,1,1,1,1,1,1,1,1,1,1,1,1,1,1,1,1,1,1,0,0,0,0,1,1,1,1,1,1,1,1,1,1,1,0,-1,0,0,0,0,0,0,0,0,0,1,1,1,0,0,0,0,1,1,1,1,0,-1,1,0,1,1,-1,1,1,1,1,-1,1,1,-1,-1,-1,1,1,-1,0,0,0,10,0,-1,0,0,0,0,0,100,0,0,0,0,0,0,0,0,0,0,0,0,254,254,492,0,0,0,0,-1,100,1,1,0,1,1,1,1,0,0,0,0,0,0,0,0,0,0,0,0,0,0,0,0,0,0,1,0,0,0,0,0,0,0,0,0,0,0,0,0,0,0,0,0,0,0,0,0,0,1,1,1,1,1,1,1,1,1,1,1,1,1,1,1,1,0,1,0,0,1,0,0,0,0,0,-1,-1,-1,-1,-1,-1,-1,0,0,0,0,-1,-1,-1,-1,-1,-1,-1,0,0,-1,0,-1,1,1,1,1,1,1,1,1,1,-1,1,1,0,1,1,-1,1,0,0,0,0,0,0,1,1,1,1,1,1,1,1,0,0,0,0,-1,-1,1,1,1,1,-1,100,0,0,0,0,0,0,0,0,0,1,-1,1,0,0,0,-1,-1,-1,1,1,1,1,1,1,1,1,1,1,1,1,1,-1,-1,-1,1,0,0,0,-1,1,0,0,0,0,0,1,0,1,1,1,1,1,0,0,0,0,1,1,0,1,1,1,-1,0,0,0,0,0,0,0,0,0,0,0,0,0,0,1,1,1,0,0,1,1,0,0,100,0,0,0,0,0,0,0,1,0,0,0,0,0,0,0,0,0,0,0,0,1,1,1,1,1,1,1,0,0,0,0,1,1,1,1,0,0,0,3,-1,0,0,0,0,-1,0,0,0,0,-1,-1,-1,-1,-1,0,1,1,0,0,1,0,0,0,0,0,0,-1,1,-1,-1,100,100,0,1,-1,-1,-1,-1,-1,-1,-1
8981904,[Weapon Effect] Power of the Pureblood Knight's,-1,-1,0,0,1,1,1,1,1,1,1,1,1,1,1,1,1,1,1,1,1,1,0,0,0,0,1,1,1,1,1,1,1,1,1,1,1,0,8100,0,0,0,0,0,0,0,0,0,1,1,1,0,0,0,0,1,1,1,1,0,-1,1,0,1,1,-1,1,1,1,1,-1,1,1,-1,-1,-1,1,1,-1,0,0,0,0,0,-1,0,0,0,0,0,100,0,0,0,0,0,0,0,0,0,0,0,0,254,254,467,0,0,0,0,-1,100,1,1,0,1,1,1,1,0,0,0,0,0,0,0,0,0,0,0,0,0,0,0,0,0,0,1,0,0,0,0,0,0,0,0,0,0,0,0,0,0,0,0,0,0,0,0,0,0,1,1,1,1,1,1,1,1,1,1,1,1,1,1,1,1,0,1,0,0,1,0,0,0,0,0,-1,220,-1,-1,-1,-1,-1,0,0,0,0,-1,-1,-1,-1,-1,-1,-1,0,0,-1,0,-1,1,1,1,1,1,1,1,1,1,-1,1,1,0,1,1,-1,1,0,0,0,0,0,0,1,1,1,1,1,1,1,1,0,0,0,0,-1,-1,1,1,1,1,-1,100,0,0,0,0,0,0,0,0,0,1,-1,1,0,0,0,-1,-1,-1,1,1,1,1,1,1,1,1,1,1,1,1,1,-1,-1,-1,1,0,0,0,-1,1,0,0,0,0,0,1,0,1,1,1,1,1,0,0,0,0,1,1,0,1,1,1,-1,0,0,0,0,0,0,0,0,0,0,0,0,0,0,1,1,1,0,0,1,1,0,0,100,0,0,0,0,0,0,0,1,0,0,0,0,0,0,0,0,1,0,0,0,1,1,1,1,1,1,1,0,0,0,0,1,1,1,1,0,0,0,3,-1,0,0,0,0,-1,0,0,0,0,-1,-1,-1,-1,-1,0,1,1,0,0,1,0,0,0,0,0,0,-1,1,-1,-1,100,100,0,1,-1,-1,-1,-1,-1,-1,-1
8981905,[Weapon Effect] Power of the Pureblood Knight's,-1,-1,0,0,1,1,1,1,1,1,1,1,1,1,1,1,1,1,1,1,1,1,0,0,0,0,1,1,1,1,1,1,1,1,1,1,1,0,-1,0,0,0,0,0,0,0,0,0,1,1,1,0,0,0,0,1,1,1,1,0,-1,1,0,1,1,-1,1,1,1,1,-1,1,1,-1,-1,-1,1,1,-1,0,0,0,0,0,-1,0,0,0,0,0,100,0,0,0,0,0,0,0,0,0,0,0,0,254,254,379,0,0,0,0,-1,100,1,1,0,1,1,1,1,0,0,0,0,0,0,0,0,0,0,0,0,0,0,0,0,0,0,1,0,0,0,0,0,0,0,0,0,0,0,0,0,0,0,0,0,0,0,0,0,0,1,1,1,1,1,1,1,1,1,1,1,1,1,1,1,1,0,1,1,0,1,0,0,0,0,0,-1,-1,-1,-1,-1,-1,-1,0,0,0,0,-1,-1,-1,-1,-1,-1,-1,0,0,-1,0,-1,1,1,1,1,1,1,1,1,1,-1,1,1,0,1,1,-1,1,0,0,0,0,0,0,1,1,1,1,1,1,1,1,0,0,0,0,-1,-1,1,1,1,1,-1,100,0,0,0,0,0,0,0,0,0,1,-1,1,0,0,0,-1,-1,-1,1,1,1,1,1,1,1,1,1,1,1,1,1,-1,-1,-1,1,0,0,0,-1,1,0,0,0,0,0,1,0,1,1,1,1,1,0,0,0,0,1,1,0,1,1,1,-1,0,0,0,0,0,0,0,0,0,0,0,0,0,0,1,1,1,0,0,1,1,0,0,100,0,0,0,0,0,0,0,1,0,0,0,0,0,0,0,0,1,0,0,0,1,1,1,1,1,1,1,0,0,0,0,1,1,1,1,0,0,0,3,-1,0,0,0,0,-1,0,0,0,0,-1,-1,-1,-1,-1,0,1,1,0,0,1,0,0,0,0,0,0,-1,1,-1,-1,100,100,0,1,-1,-1,-1,-1,-1,-1,-1
8981906,[Weapon Effect] Power of the Pureblood Knight's,-1,-1,-1,0,1,1,1,1,1,1,1,1,1,1,1,1,1,1,1,1,1,1,0,0,0,0,1,1,1,1,1,1,1,1,1,1,1,0,-1,0,0,0,0,0,0,0,0,0,1,1,1,0,0,0,0,1,1,1,1,0,-1,1,0,1,1,-1,1,1,1,1,-1,1,1,-1,8981907,-1,1,1,-1,0,0,0,20,0,-1,0,0,0,0,0,100,0,0,0,0,0,0,0,0,0,0,0,0,254,254,0,0,0,0,0,-1,100,1,1,0,1,1,1,1,0,0,0,0,0,0,0,0,0,0,0,0,0,0,0,0,0,0,1,0,0,0,0,0,0,0,0,0,0,0,0,0,0,0,0,0,0,0,0,0,0,1,1,1,1,1,1,1,1,1,1,1,1,1,1,1,1,0,1,0,0,1,0,0,0,0,0,-1,-1,-1,-1,-1,-1,-1,0,0,0,0,-1,-1,-1,-1,-1,-1,-1,0,0,-1,0,-1,1,1,1,1,1,1,1,1,1,-1,1,1,0,1,1,-1,1,0,0,0,0,0,0,1,1,1,1,1,1,1,1,0,0,0,0,-1,-1,1,1,1,1,-1,100,0,0,0,0,0,0,0,0,0,1,-1,1,0,0,0,-1,-1,-1,1,1,1,1,1,1,1,1,1,1,1,1,1,-1,-1,-1,1,379,0,0,-1,1,0,0,0,0,0,1,0,1,1,1,1,1,0,0,0,0,1,1,0,1,1,1,-1,0,0,0,0,0,0,0,0,0,0,0,0,0,0,1,1,1,0,0,1,1,0,0,100,0,0,0,0,0,0,0,1,0,0,0,0,0,0,0,0,1,0,0,0,1,1,1,1,1,1,1,0,0,0,0,1,1,1,1,0,0,0,3,-1,0,0,0,0,-1,0,0,0,0,-1,-1,-1,-1,-1,0,1,1,0,0,1,0,0,0,0,0,0,-1,1,-1,-1,100,100,0,1,-1,-1,-1,-1,-1,-1,-1
8981907,[Weapon Effect] Power of the Pureblood Knight's,20406,-1,30,0,1,1,1,1,1,1,1,1,1,1,1.15,1.15,1.15,1.15,1,1,1,1,0,0,0,0,1,1,1,1,1,1,1,1,1,1,1,0,-1,0,0,0,0,0,0,0,0,0,1,1,1,0,0,0,0,1,1,1,1,0,-1,1,0,1,1,-1,1,1,1,1,-1,1,1,-1,-1,-1,1,1,-1,0,0,0,10,0,-1,0,0,0,0,0,100,0,0,0,0,0,0,0,0,0,0,0,0,254,254,0,0,0,0,0,-1,100,1,1,0,1,1,1,1,0,0,0,0,0,0,0,0,1,1,0,0,0,0,0,0,0,0,1,0,0,0,0,0,0,0,0,0,0,0,0,0,0,0,0,0,0,0,0,0,0,1,1,1,1,1,1,1,1,1,1,1,1,1,1,1,1,0,1,0,0,1,0,0,0,0,0,-1,-1,321600,-1,-1,-1,-1,0,0,0,0,-1,-1,-1,-1,-1,-1,-1,0,0,-1,0,-1,1,1,1,1,1,1,1,1,1,-1,1.15,1,0,1,1,-1,1,0,0,0,0,0,0,1,1,1,1,1,1,1,1,0,0,0,0,-1,-1,1,1,1,1,-1,100,0,0,0,0,0,1,0,0,0,1,-1,1,0,0,0,-1,-1,-1,1,1,1,1,1,1,1,1,1,1,1,1,1,-1,-1,-1,1,0,0,0,-1,1,0,0,0,0,0,1,0,1,1,1,1,1,0,0,0,0,1,1,0,1,1,1,-1,0,0,0,0,0,0,0,0,0,0,0,0,0,0,1,1,1,0,0,1,1,0,0,100,0,0,0,0,0,0,0,1,0,0,0,0,0,0,0,0,1,0,0,0,1,1,1,1,1,1,1,0,0,0,0,1,1,1,1,0,0,0,3,121157,0,0,0,0,-1,0,0,0,0,-1,-1,-1,-1,-1,0,1,1,0,0,1,0,0,0,0,0,0,-1,1,-1,-1,100,100,0,1,-1,-1,-1,-1,-1,-1,-1
8981908,[Weapon Effect] Power of the Pureblood Knight's_1,-1,-1,0,0,1,1,1,1,1,1,1,1,1,1,1,1,1,1,1,1,1,1,0,0,0,0,1,1,1,1,1,1,1,1,1,1,1,0,2101,0,0,0,0,0,0,0,0,0,1,1,1,0,0,0,0,1,1,1,1,0,-1,1,0,1,1,-1,1,1,1,1,-1,1,1,-1,-1,-1,1,1,-1,0,0,0,0,0,-1,0,0,0,0,0,100,0,0,0,0,0,0,0,0,0,0,0,0,254,254,467,0,0,0,0,-1,100,1,1,0,1,1,1,1,0,0,0,0,0,0,0,0,0,0,0,0,0,0,0,0,0,0,1,0,0,0,0,0,0,0,0,0,0,0,0,0,0,0,0,0,0,0,0,0,0,1,1,1,1,1,1,1,1,1,1,1,1,1,1,1,1,0,1,0,0,1,0,0,0,0,0,-1,220,-1,-1,-1,-1,-1,0,0,0,0,-1,-1,-1,-1,-1,-1,-1,0,0,-1,0,-1,1,1,1,1,1,1,1,1,1,-1,1,1,0,1,1,-1,1,0,0,0,0,0,0,1,1,1,1,1,1,1,1,0,0,0,0,-1,-1,1,1,1,1,-1,100,0,0,0,0,0,0,0,0,0,1,-1,1,0,0,0,-1,-1,-1,1,1,1,1,1,1,1,1,1,1,1,1,1,-1,-1,-1,1,2280,0,0,-1,1,0,0,0,0,0,1,0,1,1,1,1,1,0,0,0,0,1,1,0,1,1,1,-1,0,0,0,0,0,0,0,0,0,0,0,0,0,0,1,1,1,0,0,1,1,0,0,100,0,0,0,0,0,0,0,1,0,0,0,0,0,0,0,0,1,0,0,0,1,1,1,1,1,1,1,0,0,0,0,1,1,1,1,0,0,0,3,-1,0,0,0,0,-1,0,0,0,0,-1,-1,-1,-1,-1,0,1,1,0,0,1,0,0,0,0,0,0,-1,1,-1,-1,100,100,0,1,-1,-1,-1,-1,-1,-1,-1
8981909,[Weapon Effect] Power of the Pureblood Knight's_1,-1,-1,0,0,1,1,1,1,1,1,1,1,1,1,1,1,1,1,1,1,1,1,0,0,0,0,1,1,1,1,1,1,1,1,1,1,1,0,-1,0,0,0,0,0,0,0,0,0,1,1,1,0,0,0,0,1,1,1,1,0,-1,1,0,1,1,-1,1,1,1,1,-1,1,1,-1,-1,-1,1,1,-1,0,0,0,0,0,-1,0,0,0,0,0,100,0,0,0,0,0,0,0,0,0,0,0,0,254,254,2280,0,0,0,0,-1,100,1,1,0,1,1,1,1,0,0,0,0,0,0,0,0,0,0,0,0,0,0,0,0,0,0,1,0,0,0,0,0,0,0,0,0,0,0,0,0,0,0,0,0,0,0,0,0,0,1,1,1,1,1,1,1,1,1,1,1,1,1,1,1,1,0,1,1,0,1,0,0,0,0,0,-1,-1,-1,-1,-1,-1,-1,0,0,0,0,-1,-1,-1,-1,-1,-1,-1,0,0,-1,0,-1,1,1,1,1,1,1,1,1,1,-1,1,1,0,1,1,-1,1,0,0,0,0,0,0,1,1,1,1,1,1,1,1,0,0,0,0,-1,-1,1,1,1,1,-1,100,0,0,0,0,0,0,0,0,0,1,-1,1,0,0,0,-1,-1,-1,1,1,1,1,1,1,1,1,1,1,1,1,1,-1,-1,-1,1,0,0,0,-1,1,0,0,0,0,0,1,0,1,1,1,1,1,0,0,0,0,1,1,0,1,1,1,-1,0,0,0,0,0,0,0,0,0,0,0,0,0,0,1,1,1,0,0,1,1,0,0,100,0,0,0,0,0,0,0,1,0,0,0,0,0,0,0,0,1,0,0,0,1,1,1,1,1,1,1,0,0,0,0,1,1,1,1,0,0,0,3,-1,0,0,0,0,-1,0,0,0,0,-1,-1,-1,-1,-1,0,1,1,0,0,1,0,0,0,0,0,0,-1,1,-1,-1,100,100,0,1,-1,-1,-1,-1,-1,-1,-1
8981910,[Weapon Effect] Power of the Pureblood Knight's_1,-1,-1,-1,0,1,1,1,1,1,1,1,1,1,1,1,1,1,1,1,1,1,1,0,0,0,0,1,1,1,1,1,1,1,1,1,1,1,0,-1,0,0,0,0,0,0,0,0,0,1,1,1,0,0,0,0,1,1,1,1,0,-1,1,0,1,1,-1,1,1,1,1,-1,1,1,-1,8981911,-1,1,1,-1,0,0,0,20,0,-1,0,0,0,0,0,100,0,0,0,0,0,0,0,0,0,0,0,0,254,254,0,0,0,0,0,-1,100,1,1,0,1,1,1,1,0,0,0,0,0,0,0,0,0,0,0,0,0,0,0,0,0,0,1,0,0,0,0,0,0,0,0,0,0,0,0,0,0,0,0,0,0,0,0,0,0,1,1,1,1,1,1,1,1,1,1,1,1,1,1,1,1,0,1,0,0,1,0,0,0,0,0,-1,-1,-1,-1,-1,-1,-1,0,0,0,0,-1,-1,-1,-1,-1,-1,-1,0,0,-1,0,-1,1,1,1,1,1,1,1,1,1,-1,1,1,0,1,1,-1,1,0,0,0,0,0,0,1,1,1,1,1,1,1,1,0,0,0,0,-1,-1,1,1,1,1,-1,100,0,0,0,0,0,0,0,0,0,1,-1,1,0,0,0,-1,-1,-1,1,1,1,1,1,1,1,1,1,1,1,1,1,-1,-1,-1,1,2280,0,0,-1,1,0,0,0,0,0,1,0,1,1,1,1,1,0,0,0,0,1,1,0,1,1,1,-1,0,0,0,0,0,0,0,0,0,0,0,0,0,0,1,1,1,0,0,1,1,0,0,100,0,0,0,0,0,0,0,1,0,0,0,0,0,0,0,0,1,0,0,0,1,1,1,1,1,1,1,0,0,0,0,1,1,1,1,0,0,0,3,-1,0,0,0,0,-1,0,0,0,0,-1,-1,-1,-1,-1,0,1,1,0,0,1,0,0,0,0,0,0,-1,1,-1,-1,100,100,0,1,-1,-1,-1,-1,-1,-1,-1
8981911,[Weapon Effect] Power of the Pureblood Knight's_1,20406,-1,30,0,1,1,1,1,1,1,1,1,1,1,1.05,1.05,1.05,1.05,1,1,1,1,0,0,0,0,1,1,1,1,1,1,1,1,1,1,1,0,-1,0,0,0,0,0,0,0,0,0,1,1,1,0,0,0,0,1,1,1,1,0,-1,1,0,1,1,-1,1,1,1,1,-1,1,1,-1,-1,-1,1,1,-1,0,0,0,10,0,-1,0,0,0,0,0,100,0,0,0,0,0,0,0,0,0,0,0,0,254,254,0,0,0,0,0,-1,100,1,1,0,1,1,1,1,0,0,0,0,0,0,0,0,1,1,0,0,0,0,0,0,0,0,1,0,0,0,0,0,0,0,0,0,0,0,0,0,0,0,0,0,0,0,0,0,0,1,1,1,1,1,1,1,1,1,1,1,1,1,1,1,1,0,1,0,0,1,0,0,0,1,0,-1,-1,321600,-1,-1,-1,-1,0,0,0,0,-1,-1,-1,-1,-1,-1,-1,0,0,-1,0,-1,1,1,1,1,1,1,1,1,1,-1,1.05,1,0,1,1,-1,1,0,0,0,0,0,0,1,1,1,1,1,1,1,1,0,0,0,0,-1,-1,1,1,1,1,-1,100,0,0,0,0,0,1,0,0,0,1,-1,1,0,0,0,-1,-1,-1,1,1,1,1,1,1,1,1,1,1,1,1,1,-1,-1,-1,1,0,0,0,-1,1,0,0,0,0,0,1,0,1,1,1,1,1,0,0,0,0,1,1,0,1,1,1,-1,0,0,0,0,0,0,0,0,0,0,0,0,0,0,1,1,1,0,0,1,1,0,0,100,0,0,0,0,0,0,0,1,0,0,0,0,0,0,0,0,1,0,0,0,1,1,1,1,1,1,1,0,0,0,0,1,1,1,1,0,0,0,3,121153,0,0,0,0,-1,0,0,0,0,-1,-1,-1,-1,-1,0,1,1,0,0,1,0,0,0,0,0,0,-1,1,-1,-1,100,100,0,1,-1,-1,-1,-1,-1,-1,-1
8981912,[Weapon Effect] Power of the Pureblood Knight's_1_1,-1,-1,0,0,1,1,1,1,1,1,1,1,1,1,1,1,1,1,1,1,1,1,0,0,0,0,1,1,1,1,1,1,1,1,1,1,1,0,-1,0,0,0,0,0,0,0,0,0,1,1,1,0,0,0,0,1,1,1,1,0,-1,1,0,1,1,-1,1,1,1,1,-1,1,1,-1,-1,8981913,1,1,-1,0,0,0,162,0,-1,0,0,0,0,0,100,0,0,0,0,0,0,0,0,0,0,0,0,254,254,152,1,0,0,0,-1,100,1,1,1,1,1,1,1,0,0,0,0,0,0,0,0,0,0,0,0,0,0,0,0,0,0,0,0,0,0,0,0,0,0,0,0,0,0,0,0,0,0,0,0,0,0,0,0,0,1,1,1,1,1,1,1,1,1,1,1,1,1,1,1,1,0,1,1,1,1,0,0,1,0,0,-1,-1,-1,-1,-1,-1,-1,0,0,0,0,-1,-1,-1,-1,-1,-1,-1,0,0,-1,0,-1,1,1,1,1,1,1,1,1,1,-1,1,1,0,1,1,-1,1,0,0,0,0,0,0,1,1,1,1,1,1,1,1,0,0,0,0,-1,-1,1,1,1,1,-1,100,0,1,0,0,0,0,0,0,0,1,-1,1,0,0,0,-1,-1,-1,1,1,1,1,1,1,1,1,1,1,1,1,1,-1,-1,-1,1,0,0,0,-1,1,0,0,0,0,0,1,0,1,1,1,1,1,0,0,0,0,1,1,0,1,1,1,-1,0,0,0,0,0,0,0,0,0,0,0,0,0,0,1,1,1,0,0,1,1,0,0,100,0,0,0,0,0,0,0,1,0,0,0,0,0,0,0,0,0,0,0,0,1,1,1,1,1,1,1,0,0,0,0,1,1,1,1,0,0,0,3,-1,0,0,0,0,-1,0,0,0,0,-1,-1,-1,-1,-1,0,1,1,0,0,1,0,0,0,0,0,0,-1,1,-1,-1,100,100,0,1,-1,-1,-1,-1,-1,-1,-1
8981913,[Weapon Effect] Power of the Pureblood Knight's_1_1,20984,-1,0.1,1,1,1,1,1,1,1,1,1,1,1,1,1,1,1,1,1,1,1,0,0,0,0,1,1,1,1,1,1,1,1,1,1,1,0,-1,12.5,100,0,0,0,0,0,0,0,1,1,1,0,0,0,0,1,1,1,1,0,-1,1,0,1,1,-1,1,1,1,1,-1,1,1,-1,502,-1,1,1,-1,0,0,0,10007,0,-1,0,0,0,0,0,100,0,0,0,0,0,0,0,0,0,0,0,0,254,23,260,3,0,0,0,-1,100,1,1,1,1,1,1,1,0,0,0,0,0,0,0,0,0,0,0,0,0,0,0,0,0,0,0,0,0,0,0,0,0,0,0,0,0,0,0,0,0,0,0,0,0,0,0,0,0,1,1,1,1,1,1,1,1,1,1,1,1,1,1,1,1,0,1,1,0,1,0,0,0,0,1,-1,-1,260,-1,-1,-1,-1,0,0,0,0,-1,-1,-1,-1,-1,-1,-1,50,0,-1,0,-1,1,1,1,1,1,1,1,1,1,-1,1,1,0,1,1,-1,1,0,0,0,0,0,0,1,1,1,1,1,1,1,1,0,0,0,0,-1,-1,1,1,1,1,-1,100,1,0,0,0,0,0,0,0,0,1,-1,1,0,0,0,-1,-1,-1,1,1,1,1,1,1,1,1,1,1,1,1,1,-1,-1,-1,1,0,0,0,-1,1,0,0,0,0,0,1,0,1,1,1,1,1,0,0,0,0,1,1,0,1,1,1,-1,0,0,0,0,0,0,0,0,0,0,0,0,0,0,1,1,1,0,0,1,1,0,0,100,0,0,0,0,0,0,0,1,0,0,0,0,0,0,0,0,0,0,0,0,1,1,1,1,1,1,1,0,0,0,0,1,1,1,1,0,0,0,3,120553,0,0,0,0,-1,0,0,0,0,-1,-1,-1,-1,-1,0,1,1,0,0,1,0,0,0,0,0,0,-1,1,-1,-1,100,100,0,1,-1,-1,-1,-1,-1,-1,-1
8981914,Farron test,-1,-1,-1,0,1,1,1,1,1,1,1,1,1,1,1.02,1.02,1.02,1.02,1,1,1,1,0,0,0,0,1,1,1,1,1,1,1,1,1,1,1,0,-1,0,0,0,0,0,0,0,0,0,1,1,1,0,0,0,0,1,1,1,1,0,-1,1,0,1,1,-1,1,1,1,1,-1,1,1,-1,-1,-1,1,1,-1,0,0,0,10,6,12,0,0,0,0,0,100,0,0,0,0,0,0,0,0,0,0,0,0,254,254,0,0,0,0,0,-1,100,1,1,0,1,1,1,1,0,0,0,0,0,0,0,0,1,1,0,0,0,0,0,0,0,0,1,0,0,0,0,0,0,0,0,0,0,0,0,0,0,0,0,0,0,0,0,0,0,1,1,1,1,1,1,1,1,1,1,1,1,1,1,1,1,0,1,0,1,1,0,0,0,0,0,-1,-1,-1,-1,-1,-1,-1,0,0,0,0,-1,-1,-1,-1,-1,-1,-1,0,0,-1,0,-1,1,1,1,1,1,1,1,1,1,-1,1.02,1,0,1,1,-1,1,0,0,0,0,0,0,1,1,1,1,1,1,1,1,0,0,0,0,-1,-1,1,1,1,1,-1,100,0,0,0,0,0,1,0,0,0,1,-1,1,0,0,0,-1,-1,-1,1,1,1,1,1,1,1,1,1,1,1,1,1,-1,-1,-1,1,0,0,0,-1,1,0,0,0,0,0,1,0,1,1,1,1,1,0,0,0,0,1,1,0,1,1,1,-1,0,0,0,0,0,0,0,0,0,0,0,0,0,0,1,1,1,0,0,1,1,0,0,100,0,0,0,0,0,0,0,1,0,0,0,0,0,0,0,0,0,0,0,0,1,1,1,1,1,1,1,0,0,0,0,1,1,1,1,0,0,0,3,-1,0,0,0,0,-1,0,0,0,0,-1,-1,-1,-1,-1,0,1,1,0,0,1,0,0,0,0,0,0,-1,1,-1,-1,100,100,0,1,-1,-1,-1,-1,-1,-1,-1
8981915,Farron test_1,-1,-1,0.2,0,1,1,1,1,1,1,1,1,1,1,1,1,1,1,1,1,1,1,0,0,0,0,1,1,1,1,1,1,1,1,1,1,1,0,-1,0,0,0,0,0,0,0,0,0,1,1,1,0,0,0,0,1,1,1,1,0,-1,1,0,1,1,-1,1,1,1,1,-1,1,1,8981914,-1,-1,1,1,-1,0,0,0,0,0,-1,0,0,0,0,0,100,0,0,0,0,0,0,0,0,0,0,0,0,254,254,0,0,0,0,0,-1,100,1,1,0,1,1,1,1,0,0,0,0,0,0,0,0,0,0,0,0,0,0,0,0,0,0,1,0,0,0,0,0,0,0,0,0,0,0,0,0,0,0,0,0,0,0,0,0,0,1,1,1,1,1,1,1,1,1,1,1,1,1,1,1,1,0,1,0,1,1,0,0,0,1,0,-1,-1,350300,-1,-1,-1,-1,0,0,0,0,-1,-1,-1,-1,-1,-1,-1,0,0,-1,0,-1,1,1,1,1,1,1,1,1,1,-1,1,1,0,1,1,-1,1,0,0,0,0,0,0,1,1,1,1,1,1,1,1,0,0,0,0,-1,-1,1,1,1,1,-1,100,0,0,0,0,0,0,0,0,0,1,-1,1,0,0,0,-1,-1,-1,1,1,1,1,1,1,1,1,1,1,1,1,1,-1,-1,-1,1,510,0,0,-1,1,0,0,0,0,0,1,0,1,1,1,1,1,0,0,0,0,1,1,0,1,1,1,-1,0,0,0,0,0,0,0,0,0,0,0,0,0,0,1,1,1,0,0,1,1,0,0,100,0,0,0,0,0,0,0,1,0,0,0,0,0,0,0,0,0,0,0,0,1,1,1,1,1,1,1,0,0,0,0,1,1,1,1,0,0,0,3,-1,0,0,0,0,-1,0,0,0,0,-1,-1,-1,-1,-1,0,1,1,0,0,1,0,0,0,0,0,0,-1,1,-1,-1,100,100,0,1,-1,-1,-1,-1,-1,-1,-1
8981916,Farron test_1,-1,-1,-1,0,1,1,1,1,1,1,1,1,1,1,1,1,1,1,1,1,1,1,0,0,0,0,1,1,1,1,1,1,1,1,1,1,1,0,-1,0,0,0,0,0,0,0,0,0,1,1,1,0,0,0,0,1,1,1,1,0,-1,1,0,1,1,-1,1,1,1,1,-1,1,1,-1,-1,-1,1,1,-1,0,0,0,0,0,-1,0,0,0,0,0,100,0,0,0,0,0,0,0,0,0,0,0,0,254,254,510,0,0,0,0,-1,100,1,1,0,1,1,1,1,0,0,0,0,0,0,0,0,0,0,0,0,0,0,0,0,0,0,1,0,0,0,0,0,0,0,0,0,0,0,0,0,0,0,0,0,0,0,0,0,0,1,1,1,1,1,1,1,1,1,1,1,1,1,1,1,1,0,1,0,0,1,0,0,0,0,1,-1,-1,-1,-1,-1,-1,-1,0,0,0,0,-1,-1,-1,-1,-1,-1,-1,0,0,-1,0,-1,1,1,1,1,1,1,1,1,1,-1,1,1,0,1,1,-1,1,0,0,0,0,0,0,1,1,1,1,1,1,1,1,0,0,0,0,-1,-1,1,1,1,1,-1,100,0,0,0,0,0,0,0,0,0,1,-1,1,0,0,0,-1,-1,-1,1,1,1,1,1,1,1,1,1,1,1,1,1,-1,-1,-1,1,0,0,0,-1,1,0,0,0,0,0,1,0,1,1,1,1,1,0,0,0,0,1,1,0,1,1,1,-1,0,0,0,0,0,0,0,0,0,0,0,0,0,0,1,1,1,0,0,1,1,0,0,100,0,0,0,0,0,0,0,1,0,0,0,0,0,0,0,0,0,0,0,0,1,1,1,1,1,1,1,0,0,0,0,1,1,1,1,0,0,0,3,-1,0,0,0,0,-1,0,0,0,0,-1,-1,-1,-1,-1,0,1,1,0,0,1,0,0,0,0,0,0,-1,1,-1,-1,100,100,0,1,-1,-1,-1,-1,-1,-1,-1
8981920,Ancient ore,20406,-1,30,0,1,1,1,1,1,1,1,1,1,1,1,1,1,1,1,1,1,1,0,0,0,0,1,1,1,1,1,1,1,1,1,1,1,0,-1,0,0,0,0,0,0,0,0,0,1,1,1,0,0,0,0,1,1,1,1,0,-1,1,0,1,1,-1,1,1,1,1,-1,1,1,-1,-1,-1,1,1,-1,0,0,0,10,0,-1,0,0,0,0,0,100,0,0,0,0,0,0,0,0,0,0,0,0,254,254,0,0,0,0,0,-1,100,1,1,0,1,1,1,1,0,0,1,0,0,0,0,0,0,0,0,0,0,0,0,0,0,0,0,0,0,0,0,0,0,0,0,0,0,0,0,0,0,0,0,0,0,0,0,0,0,1,1,1,1,1,1,1,1,1,1,1,1,1,1,1,1,0,1,0,0,1,0,0,1,0,0,-1,-1,-1,-1,-1,-1,-1,0,0,0,0,-1,-1,-1,-1,-1,-1,-1,0,0,-1,0,-1,1,1,1,1,1,1,1,1,1,-1,1,1,0,1,1,-1,1,0,0,0,0,0,0,1,1,1,1,1,1,1,1,0,0,0,0,-1,-1,1,1,1,1,-1,100,0,0,0,0,0,0,0,0,0,1,-1,1,0,0,0,-1,-1,-1,1,1,1,1,1,1,1,1,1,1,1,1,1,-1,-1,-1,1,0,0,0,-1,1,0,0,0,0,0,1,0,1,1,1,1,1,0,0,0,0,1,1,0,1,1,1,-1,0,0,0,0,0,0,0,0,0,0,0,0,0,0,1,1,1,0,0,1,1,0,0,100,0,0,0,0,0,0,0,1,0,0,0,0,0,0,0,0,0,0,0,0,1,1,1,1,1,1,1,0,0,0,0,1,1,1,1,0,0,0,3,-1,0,0,0,0,-1,0,0,0,0,-1,-1,-1,-1,-1,0,1,1,0,0,1,0,0,0,0,0,0,-1,1,-1,-1,100,100,0,1,-1,-1,-1,-1,-1,-1,-1
8981925,Frayed,-1,-1,0.1,1,1,1,1,1,1,1,1,1,1,1,1,1,1,1,1,1,1,1,0,0,0,0,1,1,1,1,1,1,1,1,1,1,1,0,-1,0,0,0,0,0,0,0,0,0,1,1,1,0,0,0,0,1,1,1,1,0,-1,1,0,1,1,-1,1,1,1,1,-1,1,1,-1,8981926,-1,1,1,-1,0,0,0,0,0,-1,0,0,0,0,0,100,0,0,0,0,0,0,0,0,0,0,0,0,254,254,0,0,0,0,0,-1,100,1,1,0,1,1,1,1,0,0,1,0,0,0,0,0,0,0,0,0,0,0,0,0,0,0,0,0,0,0,0,0,0,0,0,0,0,0,0,0,0,0,0,0,0,0,0,0,0,1,1,1,1,1,1,1,1,1,1,1,1,1,1,1,1,0,1,0,0,1,0,0,0,0,0,-1,-1,-1,-1,-1,-1,-1,0,0,0,0,-1,-1,-1,-1,-1,-1,-1,0,0,-1,0,-1,1,1,1,1,1,1,1,1,1,-1,1,1,0,1,1,-1,1,0,0,0,0,0,0,1,1,1,1,1,1,1,1,0,0,0,0,-1,-1,1,1,1,1,-1,100,0,0,0,0,0,0,0,0,0,1,-1,1,0,0,0,-1,-1,-1,1,1,1,1,1,1,1,1,1,1,1,1,1,-1,-1,-1,1,0,0,0,-1,1,0,0,0,0,0,1,0,1,1,1,1,1,0,0,0,0,1,1,0,1,1,1,-1,0,0,0,0,0,0,0,0,0,0,0,0,0,0,1,1,1,0,0,1,1,0,0,100,0,0,0,0,0,0,0,1,0,0,0,0,0,0,0,0,0,0,0,0,1,1,1,1,1,1,1,0,0,0,0,1,1,1,1,0,0,0,3,-1,0,0,0,0,-1,0,0,0,0,-1,-1,-1,-1,-1,0,1,1,0,0,1,0,0,0,0,0,0,-1,1,-1,-1,100,100,0,1,-1,-1,-1,-1,-1,-1,-1
8981926,Frayed_1,20406,-1,25,1,1,1,1,1.06,1.06,1.06,1.06,1.06,1.06,1.06,1.02,1.02,1.02,1.02,1,1,1,1,0,0,0,0,1,1,1,1,1,1,1,1,1,1,1,0,-1,0,0,0,0,0,0,0,0,0,1,1,1.02,0,0,0,0,1,1,1,1,0,-1,1,0,1,1,-1,1,1,1,1,20469,1,1,-1,-1,-1,1,1,-1,0,0,0,10,0,-1,0,0,0,0,0,100,0,0,0,0,0,0,0,0,0,0,0,0,254,254,0,0,0,0,0,-1,100,1,0,0,0,0,0,0,0,0,0,0,0,0,0,0,0,0,0,0,0,0,0,0,0,0,0,0,0,0,0,0,0,0,0,0,0,0,0,0,0,0,0,0,0,0,0,0,0,1,1,1,1,1,1,1,1,1,1,1,1,1,1,1,1,0,1,0,0,1,0,0,0,1,0,-1,-1,70403,-1,-1,-1,-1,0,0,0,0,-1,-1,-1,-1,-1,-1,-1,0,0,-1,0,-1,1,1,1,1,1,1,1,1.04,1,-1,1.02,1,0,1,1,-1,1,0,0,0,0,0,0,1,1,1,1,1,1,1,1,0,0,0,0,-1,-1,1,1,1,1,-1,100,0,0,0,0,0,0,0,0,0,1,-1,1,0,0,0,-1,-1,-1,1,1,1,1,1,1,1,1,1,1,1,1,1,123421,-1,-1,1,0,0,0,-1,1,0,0,0,0,0,1,0,1,1,1,1,1,0,0,0,0,1,1,0,1,1,1,-1,0,0,0,0,0,0,0,0,0,0,0,0,0,0,1,1,1,0,0,1,1,0,0,100,0,0,0,0,0,0,0,1,0,0,0,0,1,0,0,0,0,0,0,0,1,1,1,1,1,1,1,0,0,0,0,1,1,1,1,0,0,0,3,123420,0,0,0,0,-1,0,0,0,0,-1,-1,-1,-1,-1,0,1,1,0,0,1,0,0,0,0,0,0,-1,1,-1,-1,100,100,0,1,-1,-1,-1,-1,-1,-1,-1
8989000,[Weapon Effect] Power of the Old wolf fire buff,-1,-1,0,0,1,1,1,1,1,1,1,1,1,1,1,1,1,1,1,1,1,1,0,0,0,0,1,1,1,1,1,1,1,1,1,1,1,0,-1,0,0,0,0,0,0,0,0,0,1,1,1,0,0,0,0,1,1,1,1,0,-1,1,0,1,1,-1,1,1,1,1,-1,1,1,-1,8989001,-1,1,1,-1,0,0,0,10000,0,-1,0,0,0,0,0,100,0,0,0,0,0,0,0,0,0,0,0,0,254,254,0,0,0,0,0,-1,100,1,1,1,1,1,1,1,0,0,0,0,0,0,0,0,0,0,0,0,0,0,0,0,0,0,0,0,0,0,0,0,0,0,0,0,0,0,0,0,0,0,0,0,0,0,0,0,0,1,1,1,1,1,1,1,1,1,1,1,1,1,1,1,1,0,1,0,0,1,0,0,0,1,0,-1,-1,-1,-1,-1,-1,-1,0,0,0,0,-1,-1,-1,-1,-1,-1,-1,0,0,-1,0,-1,1,1,1,1,1,1,1,1,1,-1,1,1,0,1,1,-1,1,0,0,0,0,0,0,1,1,1,1,1,1,1,1,0,0,0,0,-1,-1,1,1,1,1,-1,100,0,0,0,0,0,0,0,0,0,1,-1,1,0,0,0,-1,-1,-1,1,1,1,1,1,1,1,1,1,1,1,1,1,-1,-1,-1,1,323,0,0,-1,1,0,0,0,0,0,1,0,1,1,1,1,1,0,0,0,0,1,1,0,1,1,1,-1,0,0,0,0,0,0,0,0,0,0,0,0,0,0,1,1,1,0,0,1,1,0,0,100,0,0,0,0,0,0,0,1,0,0,0,0,0,0,0,0,0,0,0,0,1,1,1,1,1,1,1,0,0,0,0,1,1,1,1,0,0,0,3,-1,0,0,0,0,-1,0,0,0,0,-1,-1,-1,-1,-1,0,1,1,0,0,1,0,0,0,0,0,0,-1,1,-1,-1,100,100,0,1,-1,-1,-1,-1,-1,-1,-1
8989001,[Weapon Effect] Power of Night and Flame: Fire Damage Buff (Right)_1,20504,-1,30,0,1,1,1,1,1,1,1,1,1,1,1,1,1,1,1,1,1,1,0,0,30,0,1,1,1,1,1,1,1,1,1,1,1,0,-1,0,0,0,0,0,0,0,0,0,1,1,1,0,0,0,0,1,1,1,1,0,-1,1,0,1,1,-1,1,1,1,1,-1,1,1,-1,-1,-1,1,1,-1,0,0,0,162,0,-1,0,0,0,0,0,100,0,0,0,0,0,0,0,0,0,0,0,0,254,11,511,1,0,0,0,-1,100,1,1,1,1,1,1,1,0,0,0,0,0,0,0,0,0,0,0,0,0,0,0,0,0,0,0,0,0,0,0,0,0,0,0,0,0,0,0,0,0,0,0,0,0,0,0,0,0,1,1,1,1,1,1,1,1,1,1,1,1,1,1,1,1,0,1,1,1,1,0,0,0,0,0,-1,-1,20008595,-1,-1,-1,-1,0,0,0,0,-1,-1,-1,-1,-1,-1,-1,0,0,-1,0,-1,1,1,1,1,1,1,1,1,1,-1,1,1,0,1,1,-1,1,0,0,0,0,0,0,1,1,1,1,1,1,1,1,0,0,0,0,-1,-1,1,1,1,1,-1,100,0,1,0,0,0,0,0,0,0,1,-1,1,0,0,0,-1,-1,-1,1,1,1,1,1,1,1,1,1,1,1,1,1,-1,-1,-1,1,0,0,0,-1,1,0,0,0,0,0,1,0,1,1,1,1,1,0,0,0,0,1,1,0,1,1,1,-1,0,0,0,0,0,0,0,0,0,0,0,0,0,0,1,1,1,0,0,1,1,0,0,100,0,0,0,0,0,0,0,1,0,0,0,0,0,0,0,0,0,0,0,0,1,1,1,1,1,1,1,0,0,0,0,1,1,1,1,0,0,0,3,121158,0,0,0,0,-1,0,0,0,0,-1,-1,-1,-1,-1,0,1,1,0,0,1,0,0,0,0,0,0,-1,1,-1,-1,100,100,0,1,-1,-1,-1,-1,-1,-1,-1
8989010,[Weapon Effect] Power of the Wolf's Blood,-1,-1,-1,0,1,1,1,1,1,1,1,1,1,1,1,1,1,1,1,1,1,1,0,0,0,0,1,1,1,1,1,1,1,1,1,1,1,0,-1,0,0,0,0,0,0,0,0,0,1,1,1,0,0,0,0,1,1,1,1,0,-1,1,0,1,1,-1,1,1,1,1,-1,1,1,-1,-1,-1,1,1,-1,0,0,0,20,0,-1,0,0,0,0,0,100,0,0,0,0,0,0,0,0,0,0,0,0,254,254,0,0,0,0,0,-1,100,1,1,0,1,1,1,1,0,0,0,0,0,0,0,0,0,0,0,0,0,0,0,0,0,0,1,0,0,0,0,0,0,0,0,0,0,0,0,0,0,0,0,0,0,0,0,0,0,1,1,1,1,1,1,1,1,1,1,1,1,1,1,1,1,0,1,0,0,1,0,0,0,0,0,-1,-1,-1,-1,-1,-1,-1,0,0,0,0,-1,-1,-1,-1,-1,-1,-1,0,0,-1,0,-1,1,1,1,1,1,1,1,1,1,-1,1,1,0,1,1,-1,1,0,0,0,0,0,0,1,1,1,1,1,1,1,1,0,0,0,0,-1,-1,1,1,1,1,-1,100,0,0,0,0,0,0,0,0,0,1,-1,1,0,0,0,-1,-1,-1,1,1,1,1,1,1,1,1,1,1,1,1,1,-1,-1,-1,1,0,0,0,-1,1,0,0,0,0,0,1,0,1,1,1,1,1,0,0,0,0,1,1,0,1,1,1,-1,0,0,0,0,0,0,0,0,0,0,0,0,0,0,1,1,1,0,0,1,1,0,0,100,0,0,0,0,0,0,0,1,0,0,0,0,0,0,0,0,0,0,0,0,1,1,1,1,1,1,1,0,0,0,0,1,1,1,1,0,0,0,3,-1,0,0,0,0,-1,0,0,0,0,-1,-1,-1,-1,-1,0,1,1,0,0,1,0,0,0,0,0,0,-1,1,-1,-1,100,100,0,1,-1,-1,-1,-1,-1,-1,-1
8989011,[Weapon Effect] Power of the Wolf's Blood,-1,-1,0.1,0,1,1,1,1,1,1,1,1,1,1,1,1,1,1,1,1,1,1,0,0,0,0,1,1,1,1,1,1,1,1,1,1,1,0,-1,0,0,0,0,0,0,0,0,0,1,1,1,0,0,0,0,1,1,1,1,0,-1,1,0,1,1,-1,1,1,1,1,-1,1,1,-1,-1,-1,1,1,-1,0,0,0,10,0,-1,0,0,0,0,0,100,0,0,0,0,0,0,0,0,0,0,0,0,254,254,0,0,0,0,0,-1,100,1,1,0,1,1,1,1,0,0,0,0,0,0,0,0,0,0,0,0,0,0,0,0,0,0,1,0,0,0,0,0,0,0,0,0,0,0,0,0,0,0,0,0,0,0,0,0,0,1,1,1,1,1,1,1,1,1,1,1,1,1,1,1,1,0,1,0,0,1,0,0,0,0,0,-1,-1,350300,-1,-1,-1,-1,0,0,0,0,-1,-1,-1,-1,-1,-1,-1,0,0,-1,0,-1,1,1,1,1,1,1,1,1,1,-1,1,1,0,1,1,-1,1,0,0,0,0,0,0,1,1,1,1,1,1,1,1,0,0,0,0,-1,-1,1,1,1,1,-1,100,0,0,0,0,0,0,0,0,0,1,-1,1,0,0,0,-1,-1,-1,1,1,1,1,1,1,1,1,1,1,1,1,1,-1,-1,-1,1,0,0,0,-1,1,0,0,0,0,0,1,0,1,1,1,1,1,0,0,0,0,1,1,0,1,1,1,-1,0,0,0,0,0,0,0,0,0,0,0,0,0,0,1,1,1,0,0,1,1,0,0,100,0,0,0,0,0,0,0,1,0,0,0,0,0,0,0,0,0,0,0,0,1,1,1,1,1,1,1,0,0,0,0,1,1,1,1,0,0,0,3,-1,0,0,0,0,-1,0,0,0,0,-1,-1,-1,-1,-1,0,1,1,0,0,1,0,0,0,0,0,0,-1,1,-1,-1,100,100,0,1,-1,-1,-1,-1,-1,-1,-1
8989020,[Weapon Effect] Attack boost 1,-1,-1,-1,0,1,1,1,1,1,1,1,1,1,1,1.04,1.04,1.04,1.04,1,1,1,1,0,0,0,0,1,1,1,1,1,1,1,1,1,1,1,0,-1,0,0,0,0,0,0,0,0,0,1,1,1,0,0,0,0,1,1,1,1,0,-1,1,0,1,1,-1,1,1,1,1,-1,1,1,-1,-1,-1,1,1,-1,0,0,0,204,5,10,0,0,0,0,0,100,0,0,0,0,0,0,0,0,0,0,0,0,254,254,0,0,0,0,0,-1,100,1,1,0,1,1,1,1,0,0,0,0,0,0,0,0,1,1,0,0,0,0,0,0,0,0,1,0,0,0,0,0,0,0,0,0,0,0,0,0,0,0,0,0,0,0,0,0,0,1,1,1,1,1,1,1,1,1,1,1,1,1,1,1,1,0,1,0,0,1,0,0,0,0,0,-1,-1,350300,-1,-1,-1,-1,0,0,0,0,-1,-1,-1,-1,-1,-1,-1,0,0,-1,0,-1,1,1,1,1,1,1,1,1,1,-1,1.04,1,0,1,1,-1,1,0,1,1,1,1,1,1,1,1,1,1,1,1,1,0,0,0,0,-1,-1,1,1,1,1,-1,100,0,0,0,0,0,1,0,0,0,1,-1,1,0,0,0,-1,-1,-1,1,1,1,1,1,1,1,1,1,1,1,1,1,-1,-1,-1,1,0,0,0,-1,1,0,0,0,0,0,1,0,1,1,1,1,1,0,0,0,0,1,1,0,1,1,1,-1,0,0,0,0,0,0,0,0,0,0,0,0,0,0,1,1,1,0,0,1,1,1,1,100,0,0,0,0,0,0,0,1,0,0,0,0,0,0,0,0,0,0,0,0,1,1,1,1,1,1,1,0,0,0,0,1,1,1,1,0,0,0,3,-1,0,0,0,0,-1,0,0,0,0,-1,-1,-1,-1,-1,0,1,1,0,0,1,0,0,0,0,0,0,-1,1,-1,-1,100,100,0,1,-1,-1,-1,-1,-1,-1,-1
8989021,[Weapon Effect] Attack boost 2,-1,-1,-1,0,1,1,1,1,1,1,1,1,1,1,1.04,1.04,1.04,1.04,1,1,1,1,0,0,0,0,1,1,1,1,1,1,1,1,1,1,1,0,-1,0,0,0,0,0,0,0,0,0,1,1,1,0,0,0,0,1,1,1,1,0,-1,1,0,1,1,-1,1,1,1,1,-1,1,1,-1,-1,-1,1,1,-1,0,0,0,204,5,10,0,0,0,0,0,100,0,0,0,0,0,0,0,0,0,0,0,0,254,254,0,0,0,0,0,-1,100,1,1,0,1,1,1,1,0,0,0,0,0,0,0,0,1,1,0,0,0,0,0,0,0,0,1,0,0,0,0,0,0,0,0,0,0,0,0,0,0,0,0,0,0,0,0,0,0,1,1,1,1,1,1,1,1,1,1,1,1,1,1,1,1,0,1,0,0,1,0,0,0,0,0,-1,-1,350300,-1,-1,-1,-1,0,0,0,0,-1,-1,-1,-1,-1,-1,-1,0,0,-1,0,-1,1,1,1,1,1,1,1,1,1,-1,1.04,1,0,1,1,-1,1,0,1,1,1,1,1,1,1,1,1,1,1,1,1,0,0,0,0,-1,-1,1,1,1,1,-1,100,0,0,0,0,0,1,0,0,0,1,-1,1,0,0,0,-1,-1,-1,1,1,1,1,1,1,1,1,1,1,1,1,1,-1,-1,-1,1,0,0,0,-1,1,0,0,0,0,0,1,0,1,1,1,1,1,0,0,0,0,1,1,0,1,1,1,-1,0,0,0,0,0,0,0,0,0,0,0,0,0,0,1,1,1,0,0,1,1,1,1,100,0,0,0,0,0,0,0,1,0,0,0,0,0,0,0,0,0,0,0,0,1,1,1,1,1,1,1,0,0,0,0,1,1,1,1,0,0,0,3,-1,0,0,0,0,-1,0,0,0,0,-1,-1,-1,-1,-1,0,1,1,0,0,1,0,0,0,0,0,0,-1,1,-1,-1,100,100,0,1,-1,-1,-1,-1,-1,-1,-1
8989050,[Weapon Effect] Power of the Old wolf fire buff lefthand,-1,-1,0,0,1,1,1,1,1,1,1,1,1,1,1,1,1,1,1,1,1,1,0,0,0,0,1,1,1,1,1,1,1,1,1,1,1,0,-1,0,0,0,0,0,0,0,0,0,1,1,1,0,0,0,0,1,1,1,1,0,-1,1,0,1,1,-1,1,1,1,1,-1,1,1,-1,8989051,-1,1,1,-1,0,0,0,10000,0,-1,0,0,0,0,0,100,0,0,0,0,0,0,0,0,0,0,0,0,254,254,0,0,0,0,0,-1,100,1,1,1,1,1,1,1,0,0,0,0,0,0,0,0,0,0,0,0,0,0,0,0,0,0,0,0,0,0,0,0,0,0,0,0,0,0,0,0,0,0,0,0,0,0,0,0,0,1,1,1,1,1,1,1,1,1,1,1,1,1,1,1,1,0,1,0,0,1,0,0,0,1,0,-1,-1,-1,-1,-1,-1,-1,0,0,0,0,-1,-1,-1,-1,-1,-1,-1,0,0,-1,0,-1,1,1,1,1,1,1,1,1,1,-1,1,1,0,1,1,-1,1,0,0,0,0,0,0,1,1,1,1,1,1,1,1,0,0,0,0,-1,-1,1,1,1,1,-1,100,0,0,0,0,0,0,0,0,0,1,-1,1,0,0,0,-1,-1,-1,1,1,1,1,1,1,1,1,1,1,1,1,1,-1,-1,-1,1,322,0,0,-1,1,0,0,0,0,0,1,0,1,1,1,1,1,0,0,0,0,1,1,0,1,1,1,-1,0,0,0,0,0,0,0,0,0,0,0,0,0,0,1,1,1,0,0,1,1,0,0,100,0,0,0,0,0,0,0,1,0,0,0,0,0,0,0,0,0,0,0,0,1,1,1,1,1,1,1,0,0,0,0,1,1,1,1,0,0,0,3,-1,0,0,0,0,-1,0,0,0,0,-1,-1,-1,-1,-1,0,1,1,0,0,1,0,0,0,0,0,0,-1,1,-1,-1,100,100,0,1,-1,-1,-1,-1,-1,-1,-1
8989051,[Weapon Effect] Power of Night and Flame: Fire Damage Buff (Right)_1_1,20504,-1,30,0,1,1,1,1,1,1,1,1,1,1,1,1,1,1,1,1,1,1,0,0,30,0,1,1,1,1,1,1,1,1,1,1,1,0,-1,0,0,0,0,0,0,0,0,0,1,1,1,0,0,0,0,1,1,1,1,0,-1,1,0,1,1,-1,1,1,1,1,-1,1,1,-1,-1,-1,1,1,-1,0,0,0,163,0,-1,0,0,0,0,0,100,0,0,0,0,0,0,0,0,0,0,0,0,254,11,511,2,0,0,0,-1,100,1,1,1,1,1,1,1,0,0,0,0,0,0,0,0,0,0,0,0,0,0,0,0,0,0,0,0,0,0,0,0,0,0,0,0,0,0,0,0,0,0,0,0,0,0,0,0,0,1,1,1,1,1,1,1,1,1,1,1,1,1,1,1,1,0,1,1,1,1,0,0,0,0,0,-1,-1,20008595,-1,-1,-1,-1,0,0,0,0,-1,-1,-1,-1,-1,-1,-1,0,0,-1,0,-1,1,1,1,1,1,1,1,1,1,-1,1,1,0,1,1,-1,1,0,0,0,0,0,0,1,1,1,1,1,1,1,1,0,0,0,0,-1,-1,1,1,1,1,-1,100,0,1,0,0,0,0,0,0,0,1,-1,1,0,0,0,-1,-1,-1,1,1,1,1,1,1,1,1,1,1,1,1,1,-1,-1,-1,1,0,0,0,-1,1,0,0,0,0,0,1,0,1,1,1,1,1,0,0,0,0,1,1,0,1,1,1,-1,0,0,0,0,0,0,0,0,0,0,0,0,0,0,1,1,1,0,0,1,1,0,0,100,0,0,0,0,0,0,0,1,0,0,0,0,0,0,0,0,0,0,0,0,1,1,1,1,1,1,1,0,0,0,0,1,1,1,1,0,0,0,3,121158,0,0,0,0,-1,0,0,0,0,-1,-1,-1,-1,-1,0,1,1,0,0,1,0,0,0,0,0,0,-1,1,-1,-1,100,100,0,1,-1,-1,-1,-1,-1,-1,-1
20000980,Sword of Light,20406,-1,60,0,1,1,1,1,1,1,1,1,1,1,1,1,1,1,1,1,1,1,0,0,0,0,1,1,1,1,1,1,1,1,1,1,1,0,-1,0,0,0,0,0,0,0,0,0,1,1,1,0,0,0,0,1,1,1,1,0,-1,1,0,1,1,-1,1,1,1,1,-1,1,1,-1,-1,-1,1,1,-1,0,0,0,151,60,-1,0,0,0,0,0,100,0,0,0,0,0,0,0,0,0,0,0,0,254,0,0,0,0,0,0,-1,100,1,1,1,1,1,1,1,0,0,0,0,0,0,0,0,0,0,0,0,0,0,0,0,0,0,0,0,0,0,0,0,0,0,0,0,0,0,0,0,0,0,0,0,0,0,0,0,0,1,1,1,1,1,1,1,1,1,1,1,1,1,1,1,1,0,1,1,1,1,0,0,0,0,0,-1,-1,5804,-1,-1,-1,-1,0,0,0,0,-1,-1,-1,-1,-1,-1,-1,0,0,-1,0,-1,1,1,1,1,1,1,1,1,1,-1,1.2,1,0,1,1,-1,1,0,0,0,0,0,0,1,1,1,1,1,1,1,1,0,0,0,0,-1,-1,1,1,1,1,-1,100,0,1,0,0,0,0,0,0,0,1,-1,1,0,0,0,-1,-1,-1,1,1,1,1,1,1,1,1,1,1,1,1,1,-1,-1,-1,1,0,0,0,-1,1,0,0,0,0,0,1,0,1,1,1,1,1,0,0,0,0,1,1,0,1,1,1,-1,0,0,0,0,0,0,0,0,0,0,0,0,0,0,1,1,1,0,0,1,1,0,0,100,0,0,0,0,0,0,0,1,0,0,0,0,0,0,0,0,0,0,0,0,1,1,1,1,1,1,1,0,0,0,0,1,1,1,1,0,0,0,3,-1,0,0,0,0,-1,0,0,0,0,-1,-1,-1,-1,-1,0,1,1,0,0,1,0,0,0,0,0,0,-1,1,-1,-1,100,100,0,1,-1,-1,-1,-1,-1,-1,-1
20000990,_1,20469,-1,60,0,1,1,1,1,1,1,1,1,1,1,1,1,1,1,1,1,1,1,0,0,0,0,1,1,1,1,1,1,1,1,1,1,1,0,-1,0,0,0,0,0,0,0,0,0,1,1,1,0,0,0,0,1,1,1,1,0,-1,1,0,1,1,-1,1,1,1,1,-1,1,1,-1,-1,-1,1,1,-1,0,0,0,157,0,-1,0,0,0,0,0,100,0,0,0,0,0,0,0,0,0,0,0,0,254,254,0,0,0,0,0,-1,100,1,1,1,1,1,1,1,0,0,0,0,0,0,0,0,0,0,0,0,0,0,0,0,0,0,0,0,0,0,0,0,0,0,0,0,0,0,0,0,0,0,0,0,0,0,0,0,0,1,1,1,1,1,1,1,1,1,1,1,1,1,1,1,1,0,1,1,0,0,0,0,0,0,1,-1,-1,20008560,-1,-1,-1,-1,0,0,0,0,-1,-1,-1,-1,-1,-1,-1,0,0,-1,0,-1,1,1,1,1,1,1,1,1.2,1,-1,1,1,0,1,1,-1,1,0,0,0,0,0,0,1,1,1,1,1,1,1,1,0,0,0,0,-1,-1,1,1,1,1,-1,100,0,0,0,0,0,0,0,0,0,1,-1,1,0,0,0,-1,-1,-1,1,1,1,1,1.2,1,1,1,1,1,1,1,1,-1,-1,-1,1,0,0,0,-1,1,0,0,0,0,0,1,0,1,1,1,1,1,0,0,0,0,1,1,0,1,1,1,-1,0,0,0,0,0,0,0,0,0,0,0,0,0,0,1,1,1,0,0,1,1,0,0,100,0,0,0,0,0,0,0,1,0,0,0,0,0,0,0,0,0,0,0,0,1,1,1,1,1,1,1,0,0,0,0,1,1,1,1,0,0,0,3,120550,0,0,0,0,-1,0,0,0,0,-1,-1,-1,-1,-1,0,1,1,0,0,1,0,0,0,0,0,0,-1,1,-1,-1,100,100,0,1,-1,-1,-1,-1,-1,-1,-1
20001910,_1_1,-1,-1,0,0,1,1,1,1,1,1,1,1,1,1,1,1,1,1,1,1,1,1,0,0,0,0,1,1,1,1,1,1,1,1,1,1,1,0,-1,0,0,0,0,0,0,0,0,0,1,1,1,0,0,0,0,1,1,1,1,0,-1,1,0,1,1,-1,1,1,1,1,-1,1,1,-1,-1,-1,1,1,-1,0,0,0,0,0,-1,0,0,0,0,0,100,0,0,0,0,0,0,0,0,0,0,0,0,254,0,0,0,0,0,0,-1,100,0,0,0,0,0,0,0,0,0,0,0,0,0,0,0,0,0,0,0,0,0,0,0,0,0,0,0,0,0,0,0,0,0,0,0,0,0,0,0,0,0,0,0,0,0,0,0,0,1,1,1,1,1,1,1,1,1,1,1,1,1,1,1,1,0,1,0,0,1,0,0,0,0,1,-1,-1,20006101,-1,-1,-1,-1,0,0,0,0,-1,-1,-1,-1,-1,-1,-1,0,0,-1,0,-1,1,1,1,1,1,1,1,1,1,-1,1,1,0,1,1,-1,1,0,0,0,0,0,0,1,1,1,1,1,1,1,1,0,0,0,0,-1,-1,1,1,1,1,-1,100,0,0,0,0,0,0,0,0,0,1,-1,1,0,0,0,-1,-1,-1,1,1,1,1,1,1,1,1,1,1,1,1,1,-1,-1,-1,1,0,0,0,-1,1,0,0,0,0,0,1,0,1,1,1,1,1,0,0,0,0,1,1,0,1,1,1,-1,0,0,0,0,0,0,0,0,0,0,0,0,0,0,1,1,1,0,0,1,1,0,0,100,0,0,0,0,0,0,0,1,0,0,0,0,0,0,0,0,0,0,0,0,1,1,1,1,1,1,1,0,0,0,0,1,1,1,1,0,0,0,3,-1,0,0,0,0,-1,0,0,0,0,-1,-1,-1,-1,-1,0,1,1,0,0,1,0,0,0,0,0,0,-1,1,-1,-1,100,100,0,1,-1,-1,-1,-1,-1,-1,-1
20001911,_1,-1,-1,0,0,1,1,1,1,1,1,1,1,1,1,1,1,1,1,1,1,1,1,0,0,0,0,1,1,1,1,1,1,1,1,1,1,1,0,-1,0,0,0,0,0,0,0,0,0,1,1,1,0,0,0,0,1,1,1,1,0,-1,1,0,1,1,-1,1,1,1,1,-1,1,1,-1,-1,-1,1,1,-1,0,0,0,0,0,-1,0,0,0,0,0,100,0,0,0,0,0,0,0,0,0,0,0,0,254,0,0,0,0,0,0,-1,100,0,0,0,0,0,0,0,0,0,0,0,0,0,0,0,0,0,0,0,0,0,0,0,0,0,0,0,0,0,0,0,0,0,0,0,0,0,0,0,0,0,0,0,0,0,0,0,0,1,1,1,1,1,1,1,1,1,1,1,1,1,1,1,1,0,1,0,0,1,0,0,0,0,1,-1,-1,20006105,-1,-1,-1,-1,0,0,0,0,-1,-1,-1,-1,-1,-1,-1,0,0,-1,0,-1,1,1,1,1,1,1,1,1,1,-1,1,1,0,1,1,-1,1,0,0,0,0,0,0,1,1,1,1,1,1,1,1,0,0,0,0,-1,-1,1,1,1,1,-1,100,0,0,0,0,0,0,0,0,0,1,-1,1,0,0,0,-1,-1,-1,1,1,1,1,1,1,1,1,1,1,1,1,1,-1,-1,-1,1,0,0,0,-1,1,0,0,0,0,0,1,0,1,1,1,1,1,0,0,0,0,1,1,0,1,1,1,-1,0,0,0,0,0,0,0,0,0,0,0,0,0,0,1,1,1,0,0,1,1,0,0,100,0,0,0,0,0,0,0,1,0,0,0,0,0,0,0,0,0,0,0,0,1,1,1,1,1,1,1,0,0,0,0,1,1,1,1,0,0,0,3,-1,0,0,0,0,-1,0,0,0,0,-1,-1,-1,-1,-1,0,1,1,0,0,1,0,0,0,0,0,0,-1,1,-1,-1,100,100,0,1,-1,-1,-1,-1,-1,-1,-1
20018694,,-1,-1,0,0,1,1,1,1,1,1,1,1,1,1,1,1,1,1,1,1,1,1,0,0,0,0,1,1,1,1,1,1,1,1,1,1,1,0,-1,0,0,0,0,0,0,0,0,0,1,1,1,0,0,0,0,1,1,1,1,0,-1,1,0,1,1,-1,1,1,1,1,-1,1,1,-1,-1,-1,1,1,-1,0,0,0,0,0,-1,0,0,0,0,0,100,0,0,0,0,0,0,0,0,0,0,0,0,254,254,0,0,0,0,0,-1,100,1,1,1,1,1,1,1,0,0,0,0,0,0,0,0,0,0,0,0,0,0,0,0,0,0,0,0,0,0,0,0,0,0,0,0,0,0,0,0,0,0,0,0,0,0,0,0,0,1,1,1,1,1,1,1,1,1,1,1,1,1,1,1,1,0,1,0,0,1,0,0,0,0,0,-1,-1,-1,-1,-1,-1,-1,0,0,0,0,-1,-1,-1,-1,-1,-1,-1,0,0,-1,0,-1,1,1,1,1,1,1,1,1,1,-1,1,1,0,1,1,-1,1,0,0,0,0,0,0,1,1,1,1,1,1,1,1,0,0,0,0,-1,-1,1,1,1,1,-1,100,0,0,0,0,0,0,0,0,0,1,-1,1,0,0,0,-1,-1,-1,1,1,1,1,1,1,1,1,1,1,1,1,1,-1,-1,-1,1,0,0,0,-1,1,0,0,0,0,0,1,0,1,1,1,1,1,0,0,0,0,1,1,0,1,1,1,-1,0,0,0,0,0,0,0,0,0,0,0,0,0,0,1,1,1,0,0,1,1,0,0,100,0,0,0,0,0,0,0,1,0,0,0,0,0,0,0,0,0,0,0,0,1,1,1,1,1,1,1,45,15,5,5,1,1,1,1,0,0,0,3,-1,0,0,0,0,-1,0,0,0,0,-1,-1,-1,-1,-1,0,1,1,0,0,1,0,0,0,0,0,0,-1,1,-1,-1,100,100,0,1,-1,-1,-1,-1,-1,-1,-1
130069500,Flame of Lorian Right,-1,-1,0,0,1,1,1,1,1,1,1,1,1,1,1,1,1,1,1,1,1,1,0,0,0,0,1,1,1,1,1,1,1,1,1,1,1,0,-1,0,0,0,0,0,0,0,0,0,1,1,1,0,0,0,0,1,1,1,1,0,-1,1,0,1,1,-1,1,1,1,1,-1,1,1,-1,130069501,-1,1,1,-1,0,0,0,200,0,-1,0,0,0,0,0,100,0,0,0,0,0,0,0,0,0,0,0,0,254,254,0,0,0,0,0,-1,100,1,1,1,1,1,1,1,0,0,0,0,0,0,0,0,0,0,0,0,0,0,0,0,0,0,0,0,0,0,0,0,0,0,0,0,0,0,0,0,0,0,0,0,0,0,0,0,0,1,1,1,1,1,1,1,1,1,1,1,1,1,1,1,1,0,1,1,1,1,0,0,0,1,0,-1,-1,-1,-1,-1,-1,-1,0,0,0,0,-1,-1,-1,-1,-1,-1,-1,0,0,-1,0,-1,1,1,1,1,1,1,1,1,1,-1,1,1,0,1,1,-1,1,0,0,0,0,0,0,1,1,1,1,1,1,1,1,0,0,0,0,-1,-1,1,1,1,1,-1,100,0,0,0,0,0,0,0,0,0,1,-1,1,0,0,0,-1,-1,-1,1,1,1,1,1,1,1,1,1,1,1,1,1,-1,-1,-1,1,323,0,0,-1,1,0,0,0,0,0,1,0,1,1,1,1,1,0,0,0,0,1,1,0,1,1,1,-1,0,0,0,0,0,0,0,0,0,0,0,0,0,0,1,1,1,0,0,1,1,0,0,100,0,0,0,0,0,0,0,0,0,0,0,0,0,0,0,0,0,0,0,0,1,1,1,1,1,1,1,0,0,0,0,1,1,1,1,0,0,0,3,-1,0,0,0,0,-1,0,0,0,0,-1,-1,-1,-1,-1,0,1,1,0,0,1,0,0,0,0,0,0,-1,1,-1,-1,100,100,0,1,-1,-1,-1,-1,-1,-1,-1
130069501,Flame of Lorian Right Cycle/buff,20504,-1,45,1,1,1,1,1,1,1,1,1,1,1,1,1,1,1,1,1,1,1,0,0,80,0,1,1,1,1,1,1,1,1,1,1,1,0,-1,0,0,0,0,0,0,0,0,0,1,1,1,0,0,0,0,1,1,1,1,0,-1,1,0,1,1,-1,1,1,1,1,-1,1,1,-1,-1,-1,1,1,-1,0,0,0,162,0,-1,0,0,0,0,0,100,0,0,0,0,0,0,0,0,0,0,0,0,254,254,28,1,0,0,0,-1,100,1,1,1,1,1,1,1,0,0,0,0,0,0,0,0,0,0,0,0,0,0,0,0,0,0,0,0,0,0,0,0,0,0,0,0,0,0,0,0,0,0,0,0,0,0,0,0,0,1,1,1,1,1,1,1,1,1,1,1,1,1,1,1,1,0,1,1,1,1,0,0,0,0,0,-1,-1,91069501,-1,-1,-1,-1,0,0,0,0,-1,-1,-1,-1,-1,-1,-1,0,0,-1,0,-1,1,1,1,1,1,1,1,1,1,-1,1,1,0,1,1,-1,1,0,0,0,0,0,0,1,1,1,1,1,1,1,1,0,0,0,0,-1,-1,1,1,1,1,-1,100,0,1,0,0,0,0,0,0,0,1,-1,1,0,0,0,-1,-1,-1,1,1,1,1,1,1,1,1,1,1,1,1,1,-1,-1,-1,1,0,0,0,-1,1,0,0,0,0,0,1,0,1,1,1,1,1,0,0,0,0,1,1,0,1,1,1,-1,0,0,0,0,0,0,0,0,0,0,0,0,0,0,1,1,1,0,0,1,1,0,0,100,0,0,0,0,0,0,0,0,0,0,0,0,0,0,0,0,0,0,0,0,1,1,1,1,1,1,1,0,0,0,0,1,1,1,1,0,0,0,3,121158,0,0,0,0,-1,0,0,0,0,-1,-1,-1,-1,-1,0,1,1,0,0,1,0,0,0,0,0,0,-1,1,-1,-1,100,100,0,1,-1,-1,-1,-1,-1,-1,-1
130069502,Flame of Lorian Left,-1,-1,0,0,1,1,1,1,1,1,1,1,1,1,1,1,1,1,1,1,1,1,0,0,0,0,1,1,1,1,1,1,1,1,1,1,1,0,-1,0,0,0,0,0,0,0,0,0,1,1,1,0,0,0,0,1,1,1,1,0,-1,1,0,1,1,-1,1,1,1,1,-1,1,1,-1,130069503,-1,1,1,-1,0,0,0,20,0,-1,0,0,0,0,0,100,0,0,0,0,0,0,0,0,0,0,0,0,254,254,0,0,0,0,0,-1,100,1,1,1,1,1,1,1,0,0,0,0,0,0,0,0,0,0,0,0,0,0,0,0,0,0,0,0,0,0,0,0,0,0,0,0,0,0,0,0,0,0,0,0,0,0,0,0,0,1,1,1,1,1,1,1,1,1,1,1,1,1,1,1,1,0,1,1,1,1,0,0,0,1,0,-1,-1,-1,-1,-1,-1,-1,0,0,0,0,-1,-1,-1,-1,-1,-1,-1,0,0,-1,0,-1,1,1,1,1,1,1,1,1,1,-1,1,1,0,1,1,-1,1,0,0,0,0,0,0,1,1,1,1,1,1,1,1,0,0,0,0,-1,-1,1,1,1,1,-1,100,0,0,0,0,0,0,0,0,0,1,-1,1,0,0,0,-1,-1,-1,1,1,1,1,1,1,1,1,1,1,1,1,1,-1,-1,-1,1,322,0,0,-1,1,0,0,0,0,0,1,0,1,1,1,1,1,0,0,0,0,1,1,0,1,1,1,-1,0,0,0,0,0,0,0,0,0,0,0,0,0,0,1,1,1,0,0,1,1,0,0,100,0,0,0,0,0,0,0,0,0,0,0,0,0,0,0,0,0,0,0,0,1,1,1,1,1,1,1,0,0,0,0,1,1,1,1,0,0,0,3,-1,0,0,0,0,-1,0,0,0,0,-1,-1,-1,-1,-1,0,1,1,0,0,1,0,0,0,0,0,0,-1,1,-1,-1,100,100,0,1,-1,-1,-1,-1,-1,-1,-1
130069503,Flame of Lorian Left Cycle/buff,20504,-1,45,1,1,1,1,1,1,1,1,1,1,1,1,1,1,1,1,1,1,1,0,0,80,0,1,1,1,1,1,1,1,1,1,1,1,0,-1,0,0,0,0,0,0,0,0,0,1,1,1,0,0,0,0,1,1,1,1,0,-1,1,0,1,1,-1,1,1,1,1,-1,1,1,-1,-1,-1,1,1,-1,0,0,0,163,0,-1,0,0,0,0,0,100,0,0,0,0,0,0,0,0,0,0,0,0,254,254,158,2,0,0,0,-1,100,1,1,1,1,1,1,1,0,0,0,0,0,0,0,0,0,0,0,0,0,0,0,0,0,0,0,0,0,0,0,0,0,0,0,0,0,0,0,0,0,0,0,0,0,0,0,0,0,1,1,1,1,1,1,1,1,1,1,1,1,1,1,1,1,0,1,1,1,1,0,0,0,0,1,-1,-1,91069502,-1,-1,-1,-1,0,0,0,0,-1,-1,-1,-1,-1,-1,-1,0,0,-1,0,-1,1,1,1,1,1,1,1,1,1,-1,1,1,0,1,1,-1,1,0,0,0,0,0,0,1,1,1,1,1,1,1,1,0,0,0,0,-1,-1,1,1,1,1,-1,100,0,1,0,0,0,0,0,0,0,1,-1,1,0,0,0,-1,-1,-1,1,1,1,1,1,1,1,1,1,1,1,1,1,-1,-1,-1,1,0,0,0,-1,1,0,0,0,0,0,1,0,1,1,1,1,1,0,0,0,0,1,1,0,1,1,1,-1,0,0,0,0,0,0,0,0,0,0,0,0,0,0,1,1,1,0,0,1,1,0,0,100,0,0,0,0,0,0,0,0,0,0,0,0,0,0,0,0,0,0,0,0,1,1,1,1,1,1,1,0,0,0,0,1,1,1,1,0,0,0,3,121158,0,0,0,0,-1,0,0,0,0,-1,-1,-1,-1,-1,0,1,1,0,0,1,0,0,0,0,0,0,-1,1,-1,-1,100,100,0,1,-1,-1,-1,-1,-1,-1,-1
130083200,ledo stone right,20406,-1,0,0,1,1,1,1,1,1,1,1,1,1,1,1,1,1,1,1,1,1,0,0,0,0,1,1,1,1,1,1,1,1,1,1,1,0,-1,0,0,0,0,0,0,0,0,0,1,1,1,0,0,0,0,1,1,1,1,0,-1,1,0,1,1,-1,1,1,1,1,-1,1,1,1083201,-1,-1,1,1,-1,0,0,0,20,60,-1,0,0,0,0,0,100,0,0,0,0,0,0,0,0,0,0,0,0,254,0,0,1,0,0,0,-1,100,1,1,1,1,1,1,1,0,0,0,0,0,0,0,0,0,0,0,0,0,0,0,0,0,0,0,0,0,0,0,0,0,0,0,0,0,0,0,0,0,0,0,0,0,0,0,0,0,1,1,1,1,1,1,1,1,1,1,1,1,1,1,1,1,0,1,1,1,1,0,0,0,0,0,-1,-1,-1,-1,-1,-1,-1,0,0,0,0,-1,-1,-1,-1,-1,-1,-1,0,0,-1,0,-1,1,1,1,1,1,1,1,1,1,-1,1.2,1,0,1,1,-1,1,0,0,0,0,0,0,1,1,1,1,1,1,1,1,0,0,0,0,-1,-1,1,1,1,1,-1,100,0,1,0,0,0,0,0,0,0,1,-1,1,0,0,0,-1,-1,-1,1,1,1,1,1,1,1,1,1,1,1,1,1,-1,-1,-1,1,323,0,0,-1,1,0,0,0,0,0,1,0,1,1,1,1,1,0,0,0,0,1,1,0,1,1,1,-1,0,0,0,0,0,0,0,0,0,0,0,0,0,0,1,1,1,0,0,1,1,0,0,100,0,0,0,0,0,0,0,1,0,0,0,0,0,0,0,0,0,0,0,0,1,1,1,1,1,1,1,0,0,0,0,1,1,1,1,0,0,0,3,-1,0,0,0,0,-1,0,0,0,0,-1,-1,-1,-1,-1,0,1,1,0,0,1,0,0,0,0,0,0,-1,1,-1,-1,100,100,0,1,-1,-1,-1,-1,-1,-1,-1
130083202,ledo stone right,20406,-1,0.1,0,1,1,1,1,1,1,1,1,1,1,1,1,1,1,1,1,1,1,0,0,0,0,1,1,1,1,1,1,1,1,1,1,1,0,-1,0,0,0,0,0,0,0,0,0,1,1,1,0,0,0,0,1,1,1,1,0,-1,1,0,1,1,-1,1,1,1,1,-1,1,1,-1,-1,-1,1,1,-1,0,0,0,20,60,-1,0,0,0,0,0,100,0,0,0,0,0,0,0,0,0,0,0,0,254,0,0,1,0,0,0,-1,100,1,1,1,1,1,1,1,0,0,0,0,0,0,0,0,0,0,0,0,0,0,0,0,0,0,0,0,0,0,0,0,0,0,0,0,0,0,0,0,0,0,0,0,0,0,0,0,0,1,1,1,1,1,1,1,1,1,1,1,1,1,1,1,1,0,1,1,1,1,0,0,0,0,0,-1,-1,91083212,-1,-1,-1,-1,0,0,0,0,-1,-1,-1,-1,-1,-1,-1,0,0,-1,0,-1,1,1,1,1,1,1,1,1,1,-1,1.2,1,0,1,1,-1,1,0,0,0,0,0,0,1,1,1,1,1,1,1,1,0,0,0,0,-1,-1,1,1,1,1,-1,100,0,1,0,0,0,0,0,0,0,1,-1,1,0,0,0,-1,-1,-1,1,1,1,1,1,1,1,1,1,1,1,1,1,-1,-1,-1,1,0,0,0,-1,1,0,0,0,0,0,1,0,1,1,1,1,1,0,0,0,0,1,1,0,1,1,1,-1,0,0,0,0,0,0,0,0,0,0,0,0,0,0,1,1,1,0,0,1,1,0,0,100,0,0,0,0,0,0,0,1,0,0,0,0,0,0,0,0,0,0,0,0,1,1,1,1,1,1,1,0,0,0,0,1,1,1,1,0,0,0,3,-1,0,0,0,0,-1,0,0,0,0,-1,-1,-1,-1,-1,0,1,1,0,0,1,0,0,0,0,0,0,-1,1,-1,-1,100,100,0,1,-1,-1,-1,-1,-1,-1,-1
130083210,ledo stone right,20406,-1,0,0,1,1,1,1,1,1,1,1,1,1,1,1,1,1,1,1,1,1,0,0,0,0,1,1,1,1,1,1,1,1,1,1,1,0,-1,0,0,0,0,0,0,0,0,0,1,1,1,0,0,0,0,1,1,1,1,0,-1,1,0,1,1,-1,1,1,1,1,-1,1,1,-1,130083211,-1,1,1,-1,0,0,0,20,0,-1,0,0,0,0,0,100,0,0,0,0,0,0,0,0,0,0,0,0,254,0,0,0,0,0,0,-1,100,1,1,1,1,1,1,1,0,0,0,0,0,0,0,0,0,0,0,0,0,0,0,0,0,0,0,0,0,0,0,0,0,0,0,0,0,0,0,0,0,0,0,0,0,0,0,0,0,1,1,1,1,1,1,1,1,1,1,1,1,1,1,1,1,0,1,1,1,1,0,0,0,0,0,-1,-1,91083212,-1,-1,-1,-1,0,0,0,0,-1,-1,-1,-1,-1,-1,-1,0,0,-1,0,-1,1,1,1,1,1,1,1,1,1,-1,1.2,1,0,1,1,-1,1,0,0,0,0,0,0,1,1,1,1,1,1,1,1,0,0,0,0,-1,-1,1,1,1,1,-1,100,0,1,0,0,0,0,0,0,0,1,-1,1,0,0,0,-1,-1,-1,1,1,1,1,1,1,1,1,1,1,1,1,1,-1,-1,-1,1,323,0,0,-1,1,0,0,0,0,0,1,0,1,1,1,1,1,0,0,0,0,1,1,0,1,1,1,-1,0,0,0,0,0,0,0,0,0,0,0,0,0,0,1,1,1,0,0,1,1,0,0,100,0,0,0,0,0,0,0,1,0,0,0,0,0,0,0,0,0,0,0,0,1,1,1,1,1,1,1,0,0,0,0,1,1,1,1,0,0,0,3,-1,0,0,0,0,-1,0,0,0,0,-1,-1,-1,-1,-1,0,1,1,0,0,1,0,0,0,0,0,0,-1,1,-1,-1,100,100,0,1,-1,-1,-1,-1,-1,-1,-1
130083211,ledo stone right,20406,-1,0.1,0,1,1,1,1,1,1,1,1,1,1,1.075,1,1,1,1,1,1,1,0,0,0,0,1,1,1,1,1,1,1,1,1,1,1,0,-1,0,0,0,0,0,0,0,0,0,1,1,1,0,0,0,0,1,1,1,1,0,-1,1,0,1,1,-1,1,1,1,1,-1,1,1,-1,-1,-1,1,1,-1,0,0,0,162,0,-1,0,0,0,0,0,100,0,0,0,0,0,0,0,0,0,0,0,0,254,0,28,1,0,0,0,-1,100,1,1,1,1,1,1,1,0,0,0,0,0,0,0,0,0,0,0,0,0,0,0,0,0,0,0,0,0,0,0,0,0,0,0,0,0,0,0,0,0,0,0,0,0,0,0,0,0,1,1,1,1,1,1,1,1,1,1,1,1,1,1,1,1,0,1,1,1,1,0,0,0,0,0,-1,-1,91083212,-1,-1,-1,-1,0,0,0,0,-1,-1,-1,-1,-1,-1,-1,0,0,-1,0,-1,1,1,1,1,1,1,1,1,1,-1,1.2,1,0,1,1,-1,1,0,0,0,0,0,0,1,1,1,1,1,1,1,1,0,0,0,0,-1,-1,1,1,1,1,-1,100,0,1,0,0,0,0,0,0,0,1,-1,1,0,0,0,-1,-1,-1,1,1,1,1,1,1,1,1,1,1,1,1,1,-1,-1,-1,1,0,0,0,-1,1,0,0,0,0,0,1,0,1,1,1,1,1,0,0,0,0,1,1,0,1,1,1,-1,0,0,0,0,0,0,0,0,0,0,0,0,0,0,1,1,1,0,0,1,1,0,0,100,0,0,0,0,0,0,0,1,0,0,0,0,0,0,0,0,0,0,0,0,1,1,1,1,1,1,1,0,0,0,0,1,1,1,1,0,0,0,3,-1,0,0,0,0,-1,0,0,0,0,-1,-1,-1,-1,-1,0,1,1,0,0,1,0,0,0,0,0,0,-1,1,-1,-1,100,100,0,1,-1,-1,-1,-1,-1,-1,-1
130083250,ledo stone left,20406,-1,0,0,1,1,1,1,1,1,1,1,1,1,1,1,1,1,1,1,1,1,0,0,0,0,1,1,1,1,1,1,1,1,1,1,1,0,-1,0,0,0,0,0,0,0,0,0,1,1,1,0,0,0,0,1,1,1,1,0,-1,1,0,1,1,-1,1,1,1,1,-1,1,1,1083202,-1,-1,1,1,-1,0,0,0,20,60,-1,0,0,0,0,0,100,0,0,0,0,0,0,0,0,0,0,0,0,254,0,0,2,0,0,0,-1,100,1,1,1,1,1,1,1,0,0,0,0,0,0,0,0,0,0,0,0,0,0,0,0,0,0,0,0,0,0,0,0,0,0,0,0,0,0,0,0,0,0,0,0,0,0,0,0,0,1,1,1,1,1,1,1,1,1,1,1,1,1,1,1,1,0,1,1,1,1,0,0,0,0,0,-1,-1,-1,-1,-1,-1,-1,0,0,0,0,-1,-1,-1,-1,-1,-1,-1,0,0,-1,0,-1,1,1,1,1,1,1,1,1,1,-1,1.2,1,0,1,1,-1,1,0,0,0,0,0,0,1,1,1,1,1,1,1,1,0,0,0,0,-1,-1,1,1,1,1,-1,100,0,1,0,0,0,0,0,0,0,1,-1,1,0,0,0,-1,-1,-1,1,1,1,1,1,1,1,1,1,1,1,1,1,-1,-1,-1,1,322,0,0,-1,1,0,0,0,0,0,1,0,1,1,1,1,1,0,0,0,0,1,1,0,1,1,1,-1,0,0,0,0,0,0,0,0,0,0,0,0,0,0,1,1,1,0,0,1,1,0,0,100,0,0,0,0,0,0,0,1,0,0,0,0,0,0,0,0,0,0,0,0,1,1,1,1,1,1,1,0,0,0,0,1,1,1,1,0,0,0,3,-1,0,0,0,0,-1,0,0,0,0,-1,-1,-1,-1,-1,0,1,1,0,0,1,0,0,0,0,0,0,-1,1,-1,-1,100,100,0,1,-1,-1,-1,-1,-1,-1,-1
130083252,ledo stone left,20406,-1,0.1,0,1,1,1,1,1,1,1,1,1,1,1,1,1,1,1,1,1,1,0,0,0,0,1,1,1,1,1,1,1,1,1,1,1,0,-1,0,0,0,0,0,0,0,0,0,1,1,1,0,0,0,0,1,1,1,1,0,-1,1,0,1,1,-1,1,1,1,1,-1,1,1,-1,-1,-1,1,1,-1,0,0,0,20,60,-1,0,0,0,0,0,100,0,0,0,0,0,0,0,0,0,0,0,0,254,0,0,2,0,0,0,-1,100,1,1,1,1,1,1,1,0,0,0,0,0,0,0,0,0,0,0,0,0,0,0,0,0,0,0,0,0,0,0,0,0,0,0,0,0,0,0,0,0,0,0,0,0,0,0,0,0,1,1,1,1,1,1,1,1,1,1,1,1,1,1,1,1,0,1,1,1,1,0,0,0,0,0,-1,-1,91083212,-1,-1,-1,-1,0,0,0,0,-1,-1,-1,-1,-1,-1,-1,0,0,-1,0,-1,1,1,1,1,1,1,1,1,1,-1,1.2,1,0,1,1,-1,1,0,0,0,0,0,0,1,1,1,1,1,1,1,1,0,0,0,0,-1,-1,1,1,1,1,-1,100,0,1,0,0,0,0,0,0,0,1,-1,1,0,0,0,-1,-1,-1,1,1,1,1,1,1,1,1,1,1,1,1,1,-1,-1,-1,1,0,0,0,-1,1,0,0,0,0,0,1,0,1,1,1,1,1,0,0,0,0,1,1,0,1,1,1,-1,0,0,0,0,0,0,0,0,0,0,0,0,0,0,1,1,1,0,0,1,1,0,0,100,0,0,0,0,0,0,0,1,0,0,0,0,0,0,0,0,0,0,0,0,1,1,1,1,1,1,1,0,0,0,0,1,1,1,1,0,0,0,3,-1,0,0,0,0,-1,0,0,0,0,-1,-1,-1,-1,-1,0,1,1,0,0,1,0,0,0,0,0,0,-1,1,-1,-1,100,100,0,1,-1,-1,-1,-1,-1,-1,-1
130083260,ledo stone left,20406,-1,0,0,1,1,1,1,1,1,1,1,1,1,1,1,1,1,1,1,1,1,0,0,0,0,1,1,1,1,1,1,1,1,1,1,1,0,-1,0,0,0,0,0,0,0,0,0,1,1,1,0,0,0,0,1,1,1,1,0,-1,1,0,1,1,-1,1,1,1,1,-1,1,1,-1,130083261,-1,1,1,-1,0,0,0,20,0,-1,0,0,0,0,0,100,0,0,0,0,0,0,0,0,0,0,0,0,254,0,0,0,0,0,0,-1,100,1,1,1,1,1,1,1,0,0,0,0,0,0,0,0,0,0,0,0,0,0,0,0,0,0,0,0,0,0,0,0,0,0,0,0,0,0,0,0,0,0,0,0,0,0,0,0,0,1,1,1,1,1,1,1,1,1,1,1,1,1,1,1,1,0,1,1,1,1,0,0,0,0,0,-1,-1,91083212,-1,-1,-1,-1,0,0,0,0,-1,-1,-1,-1,-1,-1,-1,0,0,-1,0,-1,1,1,1,1,1,1,1,1,1,-1,1.2,1,0,1,1,-1,1,0,0,0,0,0,0,1,1,1,1,1,1,1,1,0,0,0,0,-1,-1,1,1,1,1,-1,100,0,1,0,0,0,0,0,0,0,1,-1,1,0,0,0,-1,-1,-1,1,1,1,1,1,1,1,1,1,1,1,1,1,-1,-1,-1,1,322,0,0,-1,1,0,0,0,0,0,1,0,1,1,1,1,1,0,0,0,0,1,1,0,1,1,1,-1,0,0,0,0,0,0,0,0,0,0,0,0,0,0,1,1,1,0,0,1,1,0,0,100,0,0,0,0,0,0,0,1,0,0,0,0,0,0,0,0,0,0,0,0,1,1,1,1,1,1,1,0,0,0,0,1,1,1,1,0,0,0,3,-1,0,0,0,0,-1,0,0,0,0,-1,-1,-1,-1,-1,0,1,1,0,0,1,0,0,0,0,0,0,-1,1,-1,-1,100,100,0,1,-1,-1,-1,-1,-1,-1,-1
130083261,ledo stone left,20406,-1,0.1,0,1,1,1,1,1,1,1,1,1,1,1.075,1,1,1,1,1,1,1,0,0,0,0,1,1,1,1,1,1,1,1,1,1,1,0,-1,0,0,0,0,0,0,0,0,0,1,1,1,0,0,0,0,1,1,1,1,0,-1,1,0,1,1,-1,1,1,1,1,-1,1,1,-1,-1,-1,1,1,-1,0,0,0,162,0,-1,0,0,0,0,0,100,0,0,0,0,0,0,0,0,0,0,0,0,254,0,158,1,0,0,0,-1,100,1,1,1,1,1,1,1,0,0,0,0,0,0,0,0,0,0,0,0,0,0,0,0,0,0,0,0,0,0,0,0,0,0,0,0,0,0,0,0,0,0,0,0,0,0,0,0,0,1,1,1,1,1,1,1,1,1,1,1,1,1,1,1,1,0,1,1,1,1,0,0,0,0,0,-1,-1,91083212,-1,-1,-1,-1,0,0,0,0,-1,-1,-1,-1,-1,-1,-1,0,0,-1,0,-1,1,1,1,1,1,1,1,1,1,-1,1.2,1,0,1,1,-1,1,0,0,0,0,0,0,1,1,1,1,1,1,1,1,0,0,0,0,-1,-1,1,1,1,1,-1,100,0,1,0,0,0,0,0,0,0,1,-1,1,0,0,0,-1,-1,-1,1,1,1,1,1,1,1,1,1,1,1,1,1,-1,-1,-1,1,0,0,0,-1,1,0,0,0,0,0,1,0,1,1,1,1,1,0,0,0,0,1,1,0,1,1,1,-1,0,0,0,0,0,0,0,0,0,0,0,0,0,0,1,1,1,0,0,1,1,0,0,100,0,0,0,0,0,0,0,1,0,0,0,0,0,0,0,0,0,0,0,0,1,1,1,1,1,1,1,0,0,0,0,1,1,1,1,0,0,0,3,-1,0,0,0,0,-1,0,0,0,0,-1,-1,-1,-1,-1,0,1,1,0,0,1,0,0,0,0,0,0,-1,1,-1,-1,100,100,0,1,-1,-1,-1,-1,-1,-1,-1
130092400,Ringed Knight Spear - Ember - Right,-1,-1,0,0,1,1,1,1,1,1,1,1,1,1,1,1,1,1,1,1,1,1,0,0,0,0,1,1,1,1,1,1,1,1,1,1,1,0,-1,0,0,0,0,0,0,0,0,0,1,1,1,0,0,0,0,1,1,1,1,0,-1,1,0,1,1,-1,1,1,1,1,-1,1,1,-1,1092401,-1,1,1,-1,0,0,0,200,0,-1,0,0,0,0,0,100,0,0,0,0,0,0,0,0,0,0,0,0,254,254,0,0,0,0,0,-1,100,1,1,1,1,1,1,1,0,0,0,0,0,0,0,0,0,0,0,0,0,0,0,0,0,0,0,0,0,0,0,0,0,0,0,0,0,0,0,0,0,0,0,0,0,0,0,0,0,1,1,1,1,1,1,1,1,1,1,1,1,1,1,1,1,0,1,1,1,1,0,0,0,1,0,-1,-1,-1,-1,-1,-1,-1,0,0,0,0,-1,-1,-1,-1,-1,-1,-1,0,0,-1,0,-1,1,1,1,1,1,1,1,1,1,-1,1,1,0,1,1,-1,1,0,0,0,0,0,0,1,1,1,1,1,1,1,1,0,0,0,0,-1,-1,1,1,1,1,-1,100,0,0,0,0,0,0,0,0,0,1,-1,1,0,0,0,-1,-1,-1,1,1,1,1,1,1,1,1,1,1,1,1,1,-1,-1,-1,1,323,0,0,-1,1,0,0,0,0,0,1,0,1,1,1,1,1,0,0,0,0,1,1,0,1,1,1,-1,0,0,0,0,0,0,0,0,0,0,0,0,0,0,1,1,1,0,0,1,1,0,0,100,0,0,0,0,0,0,0,0,0,0,0,0,0,0,0,0,0,0,0,0,1,1,1,1,1,1,1,0,0,0,0,1,1,1,1,0,0,0,3,-1,0,0,0,0,-1,0,0,0,0,-1,-1,-1,-1,-1,0,1,1,0,0,1,0,0,0,0,0,0,-1,1,-1,-1,100,100,0,1,-1,-1,-1,-1,-1,-1,-1
130092401,RKS SI,-1,-1,0,0,1,1,1,1,1,1,1,1,1,1,1,1,1,1,1,1,1,1,0,0,0,0,1,1,1,1,1,1,1,1,1,1,1,0,-1,0,0,0,0,0,0,0,0,0,1,1,1,0,0,0,0,1,1,1,1,0,-1,1,0,1,1,-1,1,1,1,1,-1,1,1,-1,130092401,-1,1,1,-1,0,0,0,-1,0,-1,0,0,0,0,0,100,0,0,0,0,0,0,0,0,0,0,0,0,254,254,0,0,0,0,0,-1,100,1,1,1,1,1,1,1,0,0,0,0,0,0,0,0,0,0,0,0,0,0,0,0,0,0,0,0,0,0,0,0,0,0,0,0,0,0,0,0,0,0,0,0,0,0,0,0,0,1,1,1,1,1,1,1,1,1,1,1,1,1,1,1,1,0,1,1,1,1,0,0,0,0,0,-1,-1,-1,-1,-1,-1,-1,0,0,0,0,-1,-1,-1,-1,-1,-1,-1,0,0,-1,0,-1,1,1,1,1,1,1,1,1,1,-1,1,1,0,1,1,-1,1,0,0,0,0,0,0,1,1,1,1,1,1,1,1,0,0,0,0,-1,-1,1,1,1,1,-1,100,0,0,0,0,0,0,0,0,0,1,-1,1,0,0,0,-1,-1,-1,1,1,1,1,1,1,1,1,1,1,1,1,1,-1,-1,-1,1,0,0,0,-1,1,0,0,0,0,0,1,0,1,1,1,1,1,0,0,0,0,1,1,0,1,1,1,-1,0,0,0,0,0,0,0,0,0,0,0,0,0,0,1,1,1,0,0,1,1,0,0,100,0,0,0,0,0,0,0,1,0,0,0,0,0,0,0,0,0,0,0,0,1,1,1,1,1,1,1,0,0,0,0,1,1,1,1,0,0,0,3,-1,0,0,0,0,-1,0,0,0,0,-1,-1,-1,-1,-1,0,1,1,0,0,1,0,0,0,0,0,0,-1,1,-1,-1,100,100,0,1,-1,-1,-1,-1,-1,-1,-1
130092450,Ringed Knight Spear - Ember - Left,-1,-1,0,0,1,1,1,1,1,1,1,1,1,1,1,1,1,1,1,1,1,1,0,0,0,0,1,1,1,1,1,1,1,1,1,1,1,0,-1,0,0,0,0,0,0,0,0,0,1,1,1,0,0,0,0,1,1,1,1,0,-1,1,0,1,1,-1,1,1,1,1,-1,1,1,-1,1092451,-1,1,1,-1,0,0,0,20,0,-1,0,0,0,0,0,100,0,0,0,0,0,0,0,0,0,0,0,0,254,254,0,0,0,0,0,-1,100,1,1,1,1,1,1,1,0,0,0,0,0,0,0,0,0,0,0,0,0,0,0,0,0,0,0,0,0,0,0,0,0,0,0,0,0,0,0,0,0,0,0,0,0,0,0,0,0,1,1,1,1,1,1,1,1,1,1,1,1,1,1,1,1,0,1,1,1,1,0,0,0,1,0,-1,-1,-1,-1,-1,-1,-1,0,0,0,0,-1,-1,-1,-1,-1,-1,-1,0,0,-1,0,-1,1,1,1,1,1,1,1,1,1,-1,1,1,0,1,1,-1,1,0,0,0,0,0,0,1,1,1,1,1,1,1,1,0,0,0,0,-1,-1,1,1,1,1,-1,100,0,0,0,0,0,0,0,0,0,1,-1,1,0,0,0,-1,-1,-1,1,1,1,1,1,1,1,1,1,1,1,1,1,-1,-1,-1,1,322,0,0,-1,1,0,0,0,0,0,1,0,1,1,1,1,1,0,0,0,0,1,1,0,1,1,1,-1,0,0,0,0,0,0,0,0,0,0,0,0,0,0,1,1,1,0,0,1,1,0,0,100,0,0,0,0,0,0,0,0,0,0,0,0,0,0,0,0,0,0,0,0,1,1,1,1,1,1,1,0,0,0,0,1,1,1,1,0,0,0,3,-1,0,0,0,0,-1,0,0,0,0,-1,-1,-1,-1,-1,0,1,1,0,0,1,0,0,0,0,0,0,-1,1,-1,-1,100,100,0,1,-1,-1,-1,-1,-1,-1,-1
130092600,CotMK,-1,-1,7,0,1,1,1,0.65,0.65,0.65,0.65,0.65,0.65,0.65,1,1,1,1,1,1,1,1,0,0,0,0,1,1,1,1,1,1,1,1,1,1,1,0,-1,0,0,0,0,0,0,0,0,0,1,1,1,0,0,0,0,1,1,1,1,0,-1,1,0,1,1,-1,1,1,1,1,20408,0,0,-1,-1,-1,1,1,-1,0,0,0,1001,1,-1,0,0,0,35,0,100,0,1,1,1,1,1,1,1,1,1,1,1,254,254,0,0,0,0,0,-1,100,1,1,1,1,1,1,1,0,0,0,0,0,0,0,0,0,0,0,0,0,0,0,0,0,0,0,0,0,0,0,0,0,0,0,0,0,0,0,0,0,0,0,0,0,0,0,0,0,1,1,1,1,1,1,1,1,1,1,1,1,1,1,1,1,0,1,1,1,1,0,0,1,1,0,-1,-1,8570,-1,-1,-1,-1,0,0,0,0,-1,-1,-1,-1,-1,-1,-1,0,0,-1,0,-1,1,1,1,1,1,1,1,0.65,1,-1,1,1,0,1,1,-1,1,0,0,0,0,0,0,1,1,1,1,1,1,1,1,0,0,0,0,-1,-1,1,1,1,1,-1,100,0,0,0,0,0,0,0,0,0,1,-1,1,0,0,0,-1,-1,-1,1,1,1,1,1,1,1,1,1,1,1,1,1,-1,-1,-1,1,0,0,0,-1,1,0,0,0,0,0,1,0,1,1,1,1,1,0,0,0,0,1,1,0,1,1,1,-1,0,0,0,0,0,0,0,0,0,0,0,0,0,0,1,1,1,0,0,1,1,0,0,100,0,0,0,0,0,0,0,1,0,0,0,0,0,0,0,0,0,0,0,0,1,1,1,1,1,1,1,0,0,0,0,1,1,1,1,0,0,0,3,121169,0,0,0,0,-1,0,0,0,0,-1,-1,-1,-1,-1,0,1,1,0,0,1,0,0,0,0,0,0,-1,1,-1,-1,100,100,0,1,-1,-1,-1,-1,-1,-1,-1
130092630,_1_1,-1,-1,7,0,1,1,1,1,1,1,1,1,1,1,1,1,1,1,1,1,1,1,0,0,0,0,1,1,1,1,1,1,1,1,1,1,1,0,-1,0,0,0,0,0,0,0,0,0,1,1,1,0,0,0,0,0,1,1,1,0,-1,1,0,1,1,-1,1,1,1,1,-1,0,0,-1,-1,-1,1,1,-1,0,0,0,20,0,-1,0,0,0,0,0,100,0,0,0,0,0,0,0,0,0,0,0,0,254,254,0,0,0,0,0,-1,100,1,1,1,1,1,1,1,0,0,0,0,0,0,0,0,0,0,0,0,0,0,0,0,0,0,0,0,0,0,0,0,0,0,0,0,0,0,0,0,0,0,0,0,0,0,0,0,0,1,1,1,1,1,1,1,1,1,1,1,1,1,1,1,1,0,1,1,1,1,0,0,0,0,0,-1,-1,-1,-1,-1,-1,-1,0,0,0,0,-1,-1,-1,-1,-1,-1,-1,0,0,-1,0,-1,1,1,1,1,1,1,1,1,1,-1,1,1,0,1,1,-1,1,0,0,0,0,0,0,1,1,1,1,1,1,1,1,0,0,0,0,-1,-1,1,1,1,1,-1,100,0,0,0,0,1,0,0,0,0,1,-1,1,0,0,0,-1,-1,-1,1,1,1,1,1,1,1,1,1,1,1,1,1,-1,-1,-1,1,0,0,0,-1,1,0,0,0,0,0,1,0,1,1,1,1,1,0,0,0,0,1,1,0,1,1,1,-1,0,0,0,0,0,0,0,0,0,0,0,0,0,0,1,1,1,0,0,1,1,0,0,100,0,0,0,0,0,0,0,1,0,0,0,0,0,0,0,0,0,0,0,0,1,1,1,1,1,1,1,0,0,0,0,1,1,1,1,0,0,0,3,-1,0,0,0,0,-1,0,0,0,0,-1,-1,-1,-1,-1,0,1,1,0,0,1,0,0,0,0,0,0,-1,1,-1,-1,100,100,0,1,-1,-1,-1,-1,-1,-1,-1
130092650,_1_1_1,-1,-1,0.1,1,1,1,1,1,1,1,1,1,1,1,1,1,1,1,1,1,1,1,0,0,0,0,1,1,1,1,1,1,1,1,1,1,1,0,13814750,0,0,0,0,0,0,0,0,0,1,1,1,0,0,0,0,0,1,1,1,0,-1,1,0,1,1,-1,1,1,1,1,-1,0,0,-1,-1,-1,1,1,-1,0,0,0,20,0,-1,0,0,0,0,0,100,0,0,0,0,0,0,0,0,0,0,0,0,254,254,275,0,0,0,0,-1,100,1,1,1,1,1,1,1,0,0,0,0,0,0,0,0,0,0,0,0,0,0,0,0,0,0,0,0,0,0,0,0,0,0,0,0,0,0,0,0,0,0,0,0,0,0,0,0,0,1,1,1,1,1,1,1,1,1,1,1,1,1,1,1,1,0,1,1,1,1,0,0,0,0,0,-1,220,-1,-1,-1,-1,-1,0,0,0,0,-1,-1,-1,-1,-1,-1,-1,0,0,-1,0,-1,1,1,1,1,1,1,1,1,1,-1,1,1,0,1,1,-1,1,0,0,0,0,0,0,1,1,1,1,1,1,1,1,0,0,0,0,-1,-1,1,1,1,1,-1,100,0,0,0,0,0,0,0,0,0,1,-1,1,0,0,0,-1,-1,-1,1,1,1,1,1,1,1,1,1,1,1,1,1,-1,-1,-1,1,0,0,0,-1,1,0,0,0,0,0,1,0,1,1,1,1,1,0,0,0,0,1,1,0,1,1,1,-1,0,0,0,0,0,0,0,0,0,0,0,0,0,0,1,1,1,0,0,1,1,0,0,100,0,0,0,0,0,0,0,1,0,0,0,0,0,0,0,0,0,0,0,0,1,1,1,1,1,1,1,0,0,0,0,1,1,1,1,0,0,0,3,-1,0,0,0,0,-1,0,0,0,0,-1,-1,-1,-1,-1,0,1,1,0,0,1,0,0,0,0,0,0,-1,1,-1,-1,100,100,0,1,-1,-1,-1,-1,-1,-1,-1
